,date,Plate temp,scene temp,foreTotalRadiation,powerA,powerB,powerC,average power,foreWindSpeed,foreWindDirection,OT
0,2019/1/1 0:00,-19.14,-17.4,34,976.86,155.98,1087.5,740.11,0.6,272,1.437751581
1,2019/1/1 1:00,-18.73,-17.3,30,1128.4,172.08,1132.56,811.01,0.8,275,1.692574814
2,2019/1/1 2:00,-17.54,-17,41,1279.25,166.06,1310.4,918.57,1.1,283,1.975787459
3,2019/1/1 3:00,-15.43,-16.6,53,1474.6,225.37,1517.34,1072.44,0.9,280,2.370655595
4,2019/1/1 4:00,-14.6,-16.3,65,1548.51,233.28,1674.4,1152.06,1.1,280,2.532091305
5,2019/1/1 5:00,-14.1,-16.2,76,1619.93,538.72,1723.12,1293.92,0.9,278,2.779719016
6,2019/1/1 6:00,-11.25,-15.9,96,1865.82,1865.82,1979.25,1903.63,1.5,277,3.832377845
7,2019/1/1 7:00,-10.77,-15.8,100,1923.9,1900.8,2011.59,1945.43,1.5,281,3.956691872
8,2019/1/1 8:00,-10.77,-15.8,100,470096.58,4517.73,294.25,158302.85,1.5,281,5.440740511
9,2019/1/1 9:00,-8.33,-14.7,122,2134.16,2151,2272.89,2186.02,0.7,278,4.501339205
10,2019/1/1 10:00,-5.52,-13.9,142,2402.81,2402.81,2495.68,2433.77,0,265,5.135805356
11,2019/1/1 11:00,-4.6,-13.9,159,2633.38,2644.18,2675.2,2650.92,1.2,276,5.632253547
12,2019/1/1 12:00,-3.7,-13.4,187,2903.39,2938.54,3042.34,2961.42,1.8,282,6.240379858
13,2019/1/1 13:00,-3.79,-13.1,189,2970.88,2958.22,3059,2996.03,1.8,283,6.32529002
14,2019/1/1 14:00,-2.85,-12,213,3243.24,3257.34,3329.05,3276.54,1.2,279,6.893458775
15,2019/1/1 15:00,-1.23,-11.4,229,3354.12,3408.6,3491.4,3418.04,0.5,268,7.194232037
16,2019/1/1 16:00,0.02,-11.5,233,3471.93,3503.7,3508.8,3494.81,1.5,281,7.409266423
17,2019/1/1 17:00,0.12,-11,243,3501.52,3526.04,3617.25,3548.27,1.1,278,7.486756185
18,2019/1/1 18:00,0.14,-10.8,245,3519,3555.15,3654.84,3576.33,1.4,279,7.524506052
19,2019/1/1 19:00,0.49,-10.7,250,3632.64,3654.05,3716.67,3667.79,1.4,273,7.727475919
20,2019/1/1 20:00,0.95,-10.5,262,3690.68,3715.52,3823.56,3743.25,1.6,275,7.859372553
21,2019/1/1 21:00,1.47,-9.7,272,3809.88,3819.2,3934.08,3854.39,1.8,265,8.072623771
22,2019/1/1 22:00,3.18,-9.9,292,4016.98,3993.42,4115.46,4041.95,1.9,275,8.499591852
23,2019/1/1 23:00,3.47,-10.1,296,4057.9,4102.62,4111.4,4090.64,1.5,268,8.61579488
24,2019/1/2 0:00,4.43,-9.2,309,4162.27,4151.25,4233.17,4182.23,1.4,262,8.814133488
25,2019/1/2 1:00,4.55,-9.4,310,4149.36,4206.25,4247.04,4200.88,1.9,265,8.825954978
26,2019/1/2 2:00,5.45,-9.4,313,4193.28,4233.17,4267.56,4231.34,1.8,271,8.927323562
27,2019/1/2 3:00,5.14,-8.5,320,4239.9,4241.1,4288.81,4256.6,0.9,264,8.993092311
28,2019/1/2 4:00,5.6,-8,326,4314.53,4328.64,4382.19,4341.79,0.6,281,9.174610886
29,2019/1/2 5:00,6.41,-8,331,4308.36,4309.2,4408.96,4342.17,1.2,276,9.166628462
30,2019/1/2 6:00,6.74,-8.1,334,4321.96,4375.62,4422.24,4373.27,1.2,269,9.22637093
31,2019/1/2 7:00,6.95,-7.5,334,4335.5,4382.4,4442.16,4386.69,0.9,275,9.26106829
32,2019/1/2 8:00,8.58,-7.9,346,4369.12,4428.84,4534.92,4444.29,2.8,282,9.363345862
33,2019/1/2 9:00,8.39,-8,352,4448.8,4488.51,4574.96,4504.09,2,278,9.500436634
34,2019/1/2 10:00,8.28,-7.4,351,4468.86,4488.51,4587.96,4515.11,1.2,287,9.53812862
35,2019/1/2 11:00,8.97,-7.2,353,4488.64,4494.98,4547.4,4510.34,1.3,281,9.567061807
36,2019/1/2 12:00,8.95,-7,360,4515.2,4554.81,4627,4565.67,2,280,9.632616198
37,2019/1/2 13:00,9.1,-6.7,361,4521.84,4567.51,4600.2,4563.18,2,276,9.638795743
38,2019/1/2 14:00,8.89,-6.4,362,4548.78,4566.87,4626.18,4580.61,2.3,277,9.666952386
39,2019/1/2 15:00,8.58,-6.4,364,4534.7,4600.9,4667.1,4600.9,2.3,277,9.67283446
40,2019/1/2 16:00,8.68,-6.4,365,4568.07,4607.52,4639.36,4604.98,3.2,278,9.696061157
41,2019/1/2 17:00,8.16,-5.7,372,4607.85,4627,4719.54,4651.46,1.7,282,9.780475125
42,2019/1/2 18:00,8.64,-6.2,374,4634.72,4667.52,4726.15,4676.13,2.8,277,9.834537337
43,2019/1/2 19:00,9.09,-5.8,374,4607.85,4647.63,4740.45,4665.31,3.6,264,9.806275566
44,2019/1/2 20:00,9.81,-5.2,376,4655,4679.4,4711.28,4681.89,1.7,276,9.896070605
45,2019/1/2 21:00,9.93,-5.4,376,4600.56,4659.13,4732.2,4663.96,2.6,268,9.820113595
46,2019/1/2 22:00,9.93,-5.3,376,4621.11,4653,4711.28,4661.8,2.1,282,9.838550081
47,2019/1/2 23:00,10.33,-5.4,374,4633.61,4618.24,4711.28,4654.38,1.7,270,9.854280031
48,2019/1/3 0:00,10.31,-4.9,375,4620.76,4645.95,4725.03,4663.91,3.1,280,9.837433323
49,2019/1/3 1:00,10.05,-5,374,4601.22,4633.2,4699.2,4644.54,2.2,278,9.801534641
50,2019/1/3 2:00,9.74,-5,373,4587.96,4633.61,4706.32,4642.63,3.3,243,9.775180263
51,2019/1/3 3:00,9.95,-4.7,370,4634.37,4633.61,4693.1,4653.69,2.7,270,9.831032516
52,2019/1/3 4:00,9.64,-4.5,362,4541.55,4581.6,4620.39,4581.18,2.5,253,9.665020988
53,2019/1/3 5:00,10.01,-4.7,358,4501.77,4541.76,4560.6,4534.71,2.2,268,9.595369521
54,2019/1/3 6:00,9.35,-4,341,4315.28,4335.92,4422.24,4357.81,3.8,268,9.202731194
55,2019/1/3 7:00,9.3,-4,339,4328.83,4342.56,4415.6,4362.33,2.2,258,9.223527059
56,2019/1/3 8:00,8.93,-4.3,336,4294.98,4295.9,4395.6,4328.83,3,277,9.145244612
57,2019/1/3 9:00,8.26,-3.5,330,4268.8,4315.28,4381.8,4321.96,4.2,277,9.101057397
58,2019/1/3 10:00,7.68,-4.1,324,4253.36,4280.28,4294.4,4276.01,4.6,274,9.016137292
59,2019/1/3 11:00,7.03,-3.9,316,4125.49,4158.58,4226.44,4170.17,5.9,288,8.799822703
60,2019/1/3 12:00,6.76,-3.9,309,4110.75,4158,4219.24,4162.66,5.8,275,8.772716236
61,2019/1/3 13:00,6.76,-3.7,300,4110.08,4091.18,4145.1,4115.45,3.1,283,8.686780694
62,2019/1/3 14:00,6.78,-4.1,298,4006.98,4003.56,4064.92,4025.15,4.9,277,8.500604594
63,2019/1/3 15:00,6.57,-3.7,290,3881.25,3933.37,4023.78,3946.13,3.9,271,8.305984672
64,2019/1/3 16:00,6.5,-3.7,287,3939.18,3968.12,3989.25,3965.52,5.6,258,8.369689493
65,2019/1/3 17:00,5.81,-3.5,274,3822.77,3856.72,3881.25,3853.58,5,281,8.129785602
66,2019/1/3 18:00,5.56,-3.8,267,3770.16,3780.8,3838.59,3796.52,5.1,279,8.014506561
67,2019/1/3 19:00,5.56,-3.8,267,3770.16,3780.8,3838.59,3796.52,5.1,279,8.014506561
68,2019/1/3 20:00,5.78,-3.3,254,3697.83,3693.76,3709.96,3700.52,4.4,266,7.823631161
69,2019/1/3 21:00,5.29,-3.3,236,3469.64,3473.1,3585.12,3509.29,3.8,267,7.408896095
70,2019/1/3 22:00,4.83,-3.4,203,3262.68,3255.18,3303.72,3273.86,5,281,6.968055445
71,2019/1/3 23:00,4.56,-3.2,195,3162.29,3178.12,3223.76,3188.06,3.3,278,6.769756624
72,2019/1/4 0:00,4.53,-3.2,180,3078,3078,3098.52,3084.84,3.7,274,6.569853306
73,2019/1/4 1:00,4.45,-3.2,177,3027.7,3016.83,3075.82,3040.12,2.8,280,6.47683247
74,2019/1/4 2:00,2.7,-3.4,133,2600.64,2620.52,2655.68,2625.61,3.6,277,5.563532672
75,2019/1/4 3:00,2.31,-3.4,126,2532.3,2542.41,2580,2551.57,4.7,259,5.403954544
76,2019/1/4 4:00,1.85,-3.4,124,2439.45,2446.29,2556.7,2480.81,3.8,250,5.20086023
77,2019/1/4 5:00,1.47,-3.4,100,2293.5,2279.97,2310.38,2294.62,3.8,275,4.828878312
78,2019/1/4 6:00,1.91,-3.4,20,1861.48,1925.15,2009.7,1932.11,2.7,263,3.943035918
79,2019/1/4 7:00,1.56,-3.4,16,1741.32,1748.23,1773.3,1754.28,2.5,243,3.581687917
80,2019/1/4 8:00,0.74,-3.5,14,1577.76,1570.84,1568.57,1572.39,3.3,264,3.186497178
81,2019/1/4 9:00,0.37,-3.5,12,1511.1,1473.96,1492.56,1492.54,2.4,282,2.981897919
82,2019/1/4 10:00,-0.43,-3.6,11,1302.21,1290.3,1397.84,1330.12,3.1,279,2.570408936
83,2019/1/4 11:00,-1.02,-3.8,9,1243.47,1236.6,1226.42,1235.5,2.8,285,2.373424966
84,2019/1/4 12:00,-1.56,-3.9,8,1171.3,1186.8,1197.16,1185.09,2.9,271,2.239783042
85,2019/1/4 13:00,-2.31,-4,7,1107.68,1083.88,1077.02,1089.53,2,266,2.049708452
86,2019/1/4 14:00,-3.47,-4,6,870.66,923.26,1024.5,939.47,2.4,266,1.603676461
87,2019/1/4 15:00,-4.77,-4.1,3,213.28,855.6,860.58,643.15,2.9,266,0.625154066
88,2019/1/4 16:00,-6.41,-4.4,1,133.6,133,186.2,150.93,2.1,262,0.146529193
89,2019/1/4 17:00,0.01,0.1,1,0,0,0,0,0.1,1,0.379993053
90,2019/1/4 18:00,-6.1,-4.6,15,364.5,174.98,769.53,436.34,4.5,275,0.564661106
91,2019/1/4 19:00,-5.46,-4.4,27,811.84,254.19,946.68,670.9,3.9,265,1.268156273
92,2019/1/4 20:00,-4.52,-3.9,57,1268.54,333.6,1283.9,962.01,5,279,2.060996794
93,2019/1/4 21:00,-3.83,-3.9,57,1312.74,413,1348.3,1024.68,4.8,273,2.195669396
94,2019/1/4 22:00,-3.45,-3.7,60,1061.82,427.18,1074.15,854.38,4.2,274,1.768850243
95,2019/1/4 23:00,-2.95,-3.5,62,1157.02,611.6,1004.85,924.49,5.1,281,1.97850552
96,2019/1/5 0:00,-3.02,-2.9,75,781.96,841.2,961.86,861.67,4.3,280,1.483913814
97,2019/1/5 1:00,-2.85,-2.9,81,913.07,936.66,1009.44,953.06,5.4,266,1.781251607
98,2019/1/5 2:00,-2.48,-2.8,81,932.64,943.36,995.28,957.09,5.7,270,1.828329805
99,2019/1/5 3:00,-2.21,-2.6,97,1047,1057,1132.38,1078.79,5,280,2.039709824
100,2019/1/5 4:00,-2.02,-2.6,100,1094.29,1017.62,1092.72,1068.21,7.4,281,2.219470904
101,2019/1/5 5:00,-1.77,-2.4,111,1035.55,1082.64,1081.73,1066.64,5.2,277,2.042072444
102,2019/1/5 6:00,-1.62,-2.4,118,1162,1141.8,1133.24,1145.68,2.9,276,2.198234446
103,2019/1/5 7:00,-1.52,-2.4,121,1105.6,1127.96,1121.44,1118.33,4.4,277,2.148645083
104,2019/1/5 8:00,-1.29,-2.4,124,1086.44,1093.36,1106.07,1095.29,4.6,280,2.11960019
105,2019/1/5 9:00,-1.27,-2.4,125,1112.51,1116.18,1153.97,1127.55,2.4,285,2.131764344
106,2019/1/5 10:00,-1.21,-2.4,120,1032,1004.48,1022.14,1019.54,3.3,271,1.962651553
107,2019/1/5 11:00,-1.16,-2.4,120,983.84,979.55,996.15,986.51,2.8,280,1.863616882
108,2019/1/5 12:00,-1.1,-2.3,123,964.44,965.85,1004.92,978.4,2.5,281,1.834492721
109,2019/1/5 13:00,-1.04,-2.3,128,990.72,1006.95,1039.68,1012.45,2.4,272,1.914724975
110,2019/1/5 14:00,-0.96,-2.2,133,1096,1039.68,1101.24,1078.97,3.7,279,2.09345169
111,2019/1/5 15:00,-0.75,-2.1,133,1085.46,1083.88,1075.98,1081.77,4,274,2.103890489
112,2019/1/5 16:00,-0.83,-2.1,133,1009.89,1018.24,1041.93,1023.35,2.7,276,1.942338044
113,2019/1/5 17:00,-0.87,-2,133,978.12,983.52,1019.16,993.6,2.4,299,1.839847502
114,2019/1/5 18:00,-0.87,-2.1,135,1016.76,1026,1027.5,1023.42,3.8,274,1.963589185
115,2019/1/5 19:00,-0.81,-2,138,1027.5,1044.24,1070.16,1047.3,3,293,1.959526617
116,2019/1/5 20:00,0.22,-1.8,155,1321.72,1272.8,1272.24,1288.92,2.5,276,2.580647791
117,2019/1/5 21:00,0.47,-1.9,154,1166.2,1195.38,1210.68,1190.75,3.6,276,2.342432564
118,2019/1/5 22:00,0.51,-2,154,1178.2,1195.25,1179.86,1184.44,3.6,276,2.352521395
119,2019/1/5 23:00,0.66,-2,158,1207.36,1238.4,1219.3,1221.69,3.7,274,2.43542457
120,2019/1/6 0:00,0.93,-1.9,159,1224.64,1229.73,1262.24,1238.87,3,279,2.46100996
121,2019/1/6 1:00,0.87,-1.9,159,1197,1195.25,1262.24,1218.16,4.3,286,2.435644058
122,2019/1/6 2:00,1.26,-1.8,177,1382.88,1342.6,1356.3,1360.59,3.4,269,2.787519269
123,2019/1/6 3:00,1.32,-1.8,177,1342.6,1330.84,1388.52,1353.99,4.3,268,2.772492838
124,2019/1/6 4:00,1.49,-1.7,175,1356.3,1367.13,1356.3,1359.91,2.3,278,2.74614762
125,2019/1/6 5:00,1.49,-1.7,161,1135.44,1174.76,1167.93,1159.38,2.7,288,2.286346109
126,2019/1/6 6:00,1.18,-1.7,156,1113.29,1106.46,1108.4,1109.38,1.9,278,2.217032043
127,2019/1/6 7:00,1.12,-1.7,164,1101.24,1106.46,1145.76,1117.82,3.6,279,2.218041134
128,2019/1/6 8:00,1.12,-1.7,165,1138.94,1149.12,1174.76,1154.27,3.7,280,2.296775906
129,2019/1/6 9:00,1.18,-1.7,166,1142.28,1161.1,1171.32,1158.23,3.3,281,2.297075524
130,2019/1/6 10:00,1.41,-1.4,160,1130.25,1126.95,1169.64,1142.28,2.7,266,2.280330009
131,2019/1/6 11:00,1.39,-1.5,162,1125.3,1126.95,1184.94,1145.73,4.3,269,2.308676116
132,2019/1/6 12:00,1.39,-1.5,166,1164.5,1159.4,1229.4,1184.43,3.1,273,2.358522803
133,2019/1/6 13:00,1.83,-1.2,179,1401.48,1380.87,1402.2,1394.85,3.6,277,2.842669293
134,2019/1/6 14:00,2.06,-1.1,175,1361.16,1397.4,1415.88,1391.48,3.4,264,2.814183724
135,2019/1/6 15:00,2.45,-1.1,196,1900.25,1703.76,1668.96,1757.66,2.7,267,3.753436741
136,2019/1/6 16:00,3.47,-0.9,218,1566.3,1602.44,1708.56,1625.77,3.6,283,3.343475255
137,2019/1/6 17:00,3.62,-0.9,238,1643.62,1652.86,1791.03,1695.84,2.8,273,3.499100809
138,2019/1/6 18:00,3.93,-0.7,249,2027.6,1926.06,2066.46,2006.71,3.7,276,4.238051043
139,2019/1/6 19:00,4.26,-0.8,233,1780.02,1768,1827.9,1791.97,2.4,275,3.755238119
140,2019/1/6 20:00,4.29,-0.8,193,1271.97,1211.83,1403.46,1295.75,2.6,284,2.684298894
141,2019/1/6 21:00,3.06,-0.7,167,1139.04,1152.6,1174.5,1155.38,2.6,283,2.327772399
142,2019/1/6 22:00,2.74,-0.7,167,1135.6,1101.6,1154.25,1130.48,2.6,283,2.28500095
143,2019/1/6 23:00,2.35,-0.9,159,1052.45,1079.61,1078.4,1070.15,3,272,2.139682224
144,2019/1/7 0:00,2.04,-0.8,152,1047.2,1040.4,1059.75,1049.12,3.1,279,2.084514869
145,2019/1/7 1:00,1.93,-0.7,151,1016.18,1055.55,1035.81,1035.85,2.3,273,2.040797197
146,2019/1/7 2:00,1.8,-0.8,162,1074.4,1094.8,1118.7,1095.97,2.6,275,2.15940374
147,2019/1/7 3:00,2.33,-0.4,164,1374.84,1266.66,1235.78,1292.43,2.9,275,2.678284633
148,2019/1/7 4:00,2.41,-0.3,171,1193.5,1174.67,1233.96,1200.71,2.2,280,2.401444516
149,2019/1/7 5:00,2.58,-0.1,199,1756.95,1582.35,1432.2,1590.5,2.8,281,3.379270563
150,2019/1/7 6:00,9.58,0.7,457,4829.64,4968.36,5170.59,4989.53,2.9,274,10.34433944
151,2019/1/7 7:00,13.1,0.8,419,4888.94,4853.55,4850.88,4864.46,2.9,278,10.31931677
152,2019/1/7 8:00,15.41,1.3,348,4316.24,4315.68,4355,4328.97,1.7,267,9.272403463
153,2019/1/7 9:00,15.64,1.1,238,4205.5,4205.32,4095.84,4168.89,1.6,255,9.031615327
154,2019/1/7 10:00,15.68,1.1,283,3919.96,3385.04,2916,3407,2.7,272,7.797603572
155,2019/1/7 11:00,15.43,1.1,255,3494.72,4049.22,4037.04,3860.33,2.1,258,8.223106862
156,2019/1/7 12:00,14.76,0.9,230,2809.95,3074.5,1903.84,2596.1,2.5,272,5.952094067
157,2019/1/7 13:00,13.81,1,300,4047.52,4067.55,4107.37,4074.15,2.9,276,8.726891468
158,2019/1/7 14:00,13.83,1,299,3982.4,3983.3,4061.66,4009.12,2.7,284,8.597113221
159,2019/1/7 15:00,13.95,1.3,284,3936,3727.8,3727.8,3797.2,3.9,251,8.225596788
160,2019/1/7 16:00,12.37,1,220,3807.36,3938.9,3202.92,3649.73,3,272,7.997281907
161,2019/1/7 17:00,12.95,1.5,279,3842.72,3850.72,3897.84,3863.76,2.8,249,8.258570776
162,2019/1/7 18:00,12.33,1.6,242,2101.71,3019.68,2613.6,2578.33,3.1,277,5.470961699
163,2019/1/7 19:00,11.89,1.3,248,3638.72,3635.5,3671.64,3648.62,2.8,276,7.83269302
164,2019/1/7 20:00,12.12,1.5,225,3509.91,3125.5,3341.94,3325.78,2,279,7.257299287
165,2019/1/7 21:00,12.1,1.3,207,3351.27,3232.29,2976.21,3186.59,3.1,274,7.021068336
166,2019/1/7 22:00,11.06,1.1,190,2652,3240.32,3129.12,3007.15,3.2,262,6.415327901
167,2019/1/7 23:00,9.89,1,195,3217.89,3196.8,3293.24,3235.98,3.9,274,6.937479301
168,2019/1/8 0:00,9.95,1.3,184,3134.9,3139.6,3181.59,3152.03,2.9,278,6.765234211
169,2019/1/8 1:00,9.24,1.1,166,2892.01,2948,2866.15,2902.05,3.4,280,6.254970693
170,2019/1/8 2:00,7.91,1,127,2504.9,2584.32,2576.64,2555.29,2.9,272,5.435165576
171,2019/1/8 3:00,7.43,1,115,2383.29,2400.12,2464.77,2416.06,3.9,273,5.138194905
172,2019/1/8 4:00,6.95,0.8,23,2047.56,2020.44,2067.2,2045.07,2.2,273,4.286981762
173,2019/1/8 5:00,6.87,0.8,22,2003.05,1996.26,2041.52,2013.61,2,262,4.202429878
174,2019/1/8 6:00,6.74,0.8,22,1972,1985.6,2022.57,1993.39,2.1,271,4.148989044
175,2019/1/8 7:00,6.07,0.6,21,1820.94,1788.4,1815.6,1808.31,2.3,270,3.754171529
176,2019/1/8 8:00,4.62,0.3,16,1511.82,1520.86,1527.68,1520.12,2.9,276,3.060922861
177,2019/1/8 9:00,4.05,0.1,14,1441.13,1416.48,1432.2,1429.94,3.4,270,2.876168116
178,2019/1/8 10:00,0.31,-0.2,5,842.55,1032.08,1017.74,964.12,1.8,265,1.634785382
179,2019/1/8 11:00,-0.95,-0.3,4,202.2,414.16,972,529.45,1.8,275,0.504410158
180,2019/1/8 12:00,0.01,0.1,1,0,0,0,0,0.1,1,0.379993053
181,2019/1/8 13:00,-16.45,-13.8,6,285.04,116.28,271.6,224.31,0,242,0.283301636
182,2019/1/8 14:00,-15.17,-12.9,15,788.14,132.62,1181.4,700.72,0,257,1.157370511
183,2019/1/8 15:00,-14.66,-12.7,22,1239,140.4,1233.24,870.88,0,265,1.888241572
184,2019/1/8 16:00,-13.37,-12.5,30,1346.4,141.8,1372.23,953.48,0,266,2.09326096
185,2019/1/8 17:00,-11.35,-12.2,47,1485.26,191.97,1505.2,1060.81,0,279,2.364728112
186,2019/1/8 18:00,-9.87,-12,61,1665.76,220.1,1807.2,1231.02,0.7,281,2.687923703
187,2019/1/8 19:00,-8.93,-12.2,66,1759.1,1506.54,1844.08,1703.24,1.1,278,3.44818394
188,2019/1/8 20:00,-6.29,-10.9,82,1976.58,2005.04,2107.52,2029.71,0.6,280,4.122086666
189,2019/1/8 21:00,-4.48,-10.7,87,2118,2146.24,2172.27,2145.5,0,274,4.476084394
190,2019/1/8 22:00,-3.35,-10.2,95,2196.99,2197.9,2281.5,2225.46,0,277,4.677102229
191,2019/1/8 23:00,-2.52,-10,101,2230.2,2277.15,2365.74,2291.03,0.6,275,4.809004009
192,2019/1/9 0:00,-0.87,-9.2,117,2449.98,2453.44,2551.64,2485.02,1,276,5.287250875
193,2019/1/9 1:00,-0.64,-8.9,122,2495.56,2530.11,2595.56,2540.41,0.6,278,5.40474419
194,2019/1/9 2:00,1.16,-7.4,145,2715.63,2742.22,2819.46,2759.1,0,279,5.899155688
195,2019/1/9 3:00,2.14,-7.2,155,2841.44,2854.94,2956.66,2884.35,0,276,6.181797718
196,2019/1/9 4:00,2.08,-7.1,159,2892.27,2879.64,2953.06,2908.32,0,264,6.243951222
197,2019/1/9 5:00,1.83,-6.9,164,3007.15,2982.24,3039.35,3009.58,0,281,6.466505779
198,2019/1/9 6:00,2.01,-6.7,177,3038.98,3064.5,3175.95,3093.14,0.7,265,6.56259628
199,2019/1/9 7:00,4.16,-4,222,3423.9,3444.14,3561.02,3476.35,1.3,283,7.336673119
200,2019/1/9 8:00,4.26,-3.9,227,3451.02,3464.36,3608.41,3507.93,1.1,289,7.395290814
201,2019/1/9 9:00,4.78,-3.7,230,3555.76,3604.6,3643.64,3601.33,1,267,7.610949615
202,2019/1/9 10:00,5.01,-3,240,3631.5,3618,3727.22,3658.91,0.7,274,7.719875309
203,2019/1/9 11:00,5.14,-2.8,248,3677.44,3690.5,3757.6,3708.51,1.8,284,7.818196116
204,2019/1/9 12:00,5.14,-2.7,248,3728.42,3730.76,3803.52,3754.23,1.8,284,7.909750917
205,2019/1/9 13:00,5.83,-2.6,261,3808.1,3794.24,3904.32,3835.55,2.1,286,8.080550005
206,2019/1/9 14:00,6.51,-2.6,278,3969.86,3935.3,4034.72,3979.96,2,287,8.401158243
207,2019/1/9 15:00,6.51,-2.5,281,3984.96,3968.65,4068.12,4007.24,1.5,278,8.446221914
208,2019/1/9 16:00,6.7,-2.6,286,3999.16,4002.66,4082.04,4027.95,2.8,282,8.483728493
209,2019/1/9 17:00,6.45,-2.4,286,4031.27,4042.02,4148.28,4073.86,3,285,8.553397502
210,2019/1/9 18:00,6.62,-2.2,302,4133.36,4109.7,4241.46,4161.51,3.4,287,8.731875169
211,2019/1/9 19:00,6.62,-1.7,307,4172.6,4188.76,4262.4,4207.92,3,288,8.820484868
212,2019/1/9 20:00,7.07,-1.3,328,4315.28,4322.64,4428.9,4355.61,1.8,270,9.114595403
213,2019/1/9 21:00,6.66,-1.1,329,4395.2,4362.58,4435.56,4397.78,1.2,336,9.226962163
214,2019/1/9 22:00,7.6,-0.7,340,4389,4408.92,4488.19,4428.7,2,277,9.270611382
215,2019/1/9 23:00,7.53,-0.3,348,4488.91,4474.61,4547.68,4503.73,1,287,9.446661961
216,2019/1/10 0:00,6.91,-0.5,352,4522.44,4528.48,4588.24,4546.39,2.6,328,9.491427293
217,2019/1/10 1:00,6.85,-0.5,356,4542.4,4561.68,4628.4,4577.49,3,285,9.55294102
218,2019/1/10 2:00,6.93,-0.5,358,4555.76,4541.55,4648.68,4582,3.9,312,9.564394447
219,2019/1/10 3:00,7.76,0.2,363,4561.9,4574.12,4612.58,4582.87,1.7,273,9.598276261
220,2019/1/10 4:00,8.39,0.5,365,4568.07,4573.1,4659.6,4600.26,1.3,296,9.626131986
221,2019/1/10 5:00,8.91,0.5,365,4527.6,4586.64,4645.48,4586.57,2.9,274,9.596904517
222,2019/1/10 6:00,8.43,0.6,370,4614.8,4573.1,4665.72,4617.87,2,297,9.680810361
223,2019/1/10 7:00,8.08,0.5,369,4601.22,4599.42,4672.8,4624.48,3,286,9.674792886
224,2019/1/10 8:00,8.12,0.6,367,4595.15,4606,4639.8,4613.65,2,285,9.663497837
225,2019/1/10 9:00,9.29,1.5,369,4560.28,4551.41,4651.04,4587.58,2.8,290,9.608355128
226,2019/1/10 10:00,10.1,2.3,365,4553.69,4512.6,4565.35,4543.88,2,300,9.563027462
227,2019/1/10 11:00,9.83,2.1,364,4513.88,4545.3,4591.55,4550.24,1.6,296,9.53703402
228,2019/1/10 12:00,9.72,2.4,353,4474.61,4480.2,4539.52,4498.11,1.3,283,9.436871853
229,2019/1/10 13:00,10.2,2.4,346,4388.94,4408.15,4447.45,4414.85,2.5,293,9.27801703
230,2019/1/10 14:00,10.35,2.6,343,4349.4,4401.6,4408.15,4386.38,2.1,276,9.218867562
231,2019/1/10 15:00,10.37,2.6,340,4329.63,4349.28,4401.76,4360.22,1.8,264,9.161993616
232,2019/1/10 16:00,9.64,2.6,329,4243.62,4237.65,4316.49,4265.92,2.3,285,8.951435225
233,2019/1/10 17:00,9.91,2.6,325,4223.79,4211.37,4283.64,4239.6,2.2,351,8.911025579
234,2019/1/10 18:00,9.85,2.6,319,4111.42,4159.04,4257.26,4175.91,1.8,283,8.740558284
235,2019/1/10 19:00,9.76,2.6,311,4104.4,4119.39,4164.6,4129.46,3.1,283,8.687701371
236,2019/1/10 20:00,8.99,2.3,307,4089.75,4111.8,4144.12,4115.22,2.9,296,8.648090494
237,2019/1/10 21:00,8.37,2.3,302,4056.5,4012.8,4136.72,4068.67,2.4,303,8.52274092
238,2019/1/10 22:00,8.31,2.2,300,4035.96,4017.78,4111.02,4054.92,1.8,278,8.491842024
239,2019/1/10 23:00,8.01,2.5,293,3975.32,3964.08,4058.06,3999.15,2.7,282,8.361668884
240,2019/1/11 0:00,7.85,2.3,285,3921.96,3924.24,3984,3943.4,3.7,324,8.285000782
241,2019/1/11 1:00,7.68,2,278,3906.96,3851.2,3930.15,3896.1,2.5,355,8.204380458
242,2019/1/11 2:00,7.81,2.3,277,3827.64,3804.72,3917.6,3849.99,3.2,312,8.074787754
243,2019/1/11 3:00,7.76,2.2,266,3745.3,3810.45,3816.18,3790.64,3.3,285,7.953761401
244,2019/1/11 4:00,7.91,2.3,260,3717.34,3687.34,3730.65,3711.78,1.5,269,7.807098102
245,2019/1/11 5:00,7.91,2.3,260,3717.34,3687.34,3730.65,3711.78,1.5,269,7.807098102
246,2019/1/11 6:00,0.48,77.2,260,3711.8,3738.32,153.41,2534.51,3.8,257,7.807098102
247,2019/1/11 7:00,7.97,2.3,246,3613.88,3610.95,3644.2,3623.01,1.5,306,7.640785799
248,2019/1/11 8:00,8.37,2.5,241,3535.1,3551.1,3604.3,3563.5,2.5,278,7.496528387
249,2019/1/11 9:00,8.47,2.6,227,3400.12,3406.32,3477.95,3428.13,2.4,323,7.249446838
250,2019/1/11 10:00,8.01,2.1,224,3411.9,3409.92,3431.4,3417.74,2.3,328,7.256057925
251,2019/1/11 11:00,7.28,1.8,213,3341.58,3351.69,3388.36,3360.54,3.7,327,7.129758453
252,2019/1/11 12:00,6.95,1.8,208,3306.24,3288.31,3340,3311.52,1.1,306,6.988674346
253,2019/1/11 13:00,6.85,2,200,3171.84,3173.83,3259.84,3201.84,2,309,6.732806111
254,2019/1/11 14:00,6.87,2.1,190,3147.58,3146.99,3182.5,3159.02,2.7,296,6.657207002
255,2019/1/11 15:00,6.12,1.8,182,3086.92,3089.07,3118.08,3098.02,1.6,311,6.525520424
256,2019/1/11 16:00,6.03,1.8,182,2999.3,2981.39,3097.92,3026.2,1.1,311,6.342893317
257,2019/1/11 17:00,5.87,1.8,165,2917.87,2941.01,2967.93,2942.27,1.3,319,6.192124538
258,2019/1/11 18:00,5.89,2,138,2670.2,2669.04,2716.22,2685.15,1.8,329,5.650648719
259,2019/1/11 19:00,5.72,1.8,131,2523.4,2578.5,2648.82,2583.57,2,330,5.402910347
260,2019/1/11 20:00,5.04,1.8,112,2445.14,2441.2,2453.88,2446.74,0,275,5.161963318
261,2019/1/11 21:00,5.1,1.8,108,2359.72,2383.5,2393.82,2379.01,1,296,4.967320354
262,2019/1/11 22:00,5.33,1.6,88,2185.15,2161.94,2179.94,2175.68,0,306,4.621465317
263,2019/1/11 23:00,5.33,1.6,88,691.68,333.69,2098.11,1041.16,0,306,1.777304182
264,2019/1/12 0:00,5.08,1.3,13,1747.6,1713.6,1830.6,1763.93,1.1,283,3.590830366
265,2019/1/12 1:00,4.66,1.1,11,1652.86,1684.54,1691.36,1676.25,2.1,294,3.354946503
266,2019/1/12 2:00,4.01,1.1,10,1589.06,1554.91,1561.78,1568.58,0.9,316,3.173637135
267,2019/1/12 3:00,3.35,0.8,7,1394,1371.58,1367.54,1377.71,0.9,278,2.749658606
268,2019/1/12 4:00,3.1,0.7,6,1334.76,1324.96,1342.44,1334.05,1.6,295,2.591865796
269,2019/1/12 5:00,0.01,0.1,1,0,0,0,0,0.1,1,0.379993053
270,2019/1/12 6:00,-15.62,-13.5,16,166.75,179.28,183.96,176.66,0,180,0.186003722
271,2019/1/12 7:00,-15.47,-13.4,17,175.24,181.71,188.72,181.89,0,191,0.197194494
272,2019/1/12 8:00,-15.33,-13.4,17,174.98,181.71,189.56,182.08,0,186,0.202493372
273,2019/1/12 9:00,-15.18,-13.4,25,177.06,180.09,192.27,183.14,0,146,0.242498471
274,2019/1/12 10:00,-15.18,-13.4,25,181.71,188.16,201,190.29,0,146,0.251164677
275,2019/1/12 11:00,-14.94,-13.5,22,189.56,202.2,204.6,198.79,0,146,0.268110103
276,2019/1/12 12:00,-14.75,-13.4,34,209.25,217.92,230.52,219.23,0,104,0.350967696
277,2019/1/12 13:00,0.36,12.7,34,56.16,439501.44,0,146519.2,0,104,0.426488851
278,2019/1/12 14:00,-14.12,-12.9,42,253.45,259.54,270.8,261.26,0,138,0.425028893
279,2019/1/12 15:00,-13.6,-12.5,42,276,277.57,292.83,282.13,0,178,0.445574884
280,2019/1/12 16:00,-13.33,-12.4,49,306.9,312.34,339.5,319.58,0,144,0.540193358
281,2019/1/12 17:00,-11.31,-10.9,78,500.4,512.08,517.5,509.99,0,242,0.881776322
282,2019/1/12 18:00,-10.94,-10.7,78,500.4,497.52,518.25,505.39,0,289,0.840965659
283,2019/1/12 19:00,-10.72,-10.5,79,503.7,501.51,522.12,509.11,0.2,192,0.93812462
284,2019/1/12 20:00,-9.99,-10,82,519,523.64,543.66,528.77,0.3,252,0.921025345
285,2019/1/12 21:00,-9.58,-9.6,84,526.68,535.86,550.4,537.65,0,261,0.946784472
286,2019/1/12 22:00,-9.12,-9.5,87,564.98,592.54,579.6,579.04,0,256,1.040278773
287,2019/1/12 23:00,-8.54,-9.1,98,603.78,615.88,637.56,619.07,0,227,1.163949923
288,2019/1/13 0:00,-8.39,-9,97,615.88,633.36,645.42,631.55,0,248,1.165889827
289,2019/1/13 1:00,-7.5,-8.5,102,622.8,633.88,649.8,635.49,0,271,1.172153053
290,2019/1/13 2:00,-7.08,-8.1,108,648.6,660.48,679.14,662.74,0,251,1.257601319
291,2019/1/13 3:00,-6.77,-7.8,114,672.21,690,714.48,692.23,0,208,1.366950594
292,2019/1/13 4:00,-6.23,-7.4,120,712.76,724.5,751.01,729.42,0,236,1.425034072
293,2019/1/13 5:00,-5.43,-6.7,130,773.92,792.35,828,798.09,0,266,1.529275212
294,2019/1/13 6:00,-5.08,-6.6,138,810.81,841.8,869.95,840.85,0,257,1.631887098
295,2019/1/13 7:00,-3.98,-6.1,153,938.4,978.38,1005.94,974.24,1.1,192,1.961832961
296,2019/1/13 8:00,-3.87,-6.1,154,972.9,1001.95,1021.2,998.68,0.4,218,2.020648295
297,2019/1/13 9:00,-3.39,-5.8,165,1041.9,1050.32,1083.3,1058.51,0,192,2.216467927
298,2019/1/13 10:00,-2.81,-5.3,178,1211.04,1190.24,1280.2,1227.16,1.3,192,2.523817561
299,2019/1/13 11:00,-1.6,-4.5,177,1179.9,1179.9,1240.2,1200,1.1,196,2.48718797
300,2019/1/13 12:00,-1.58,-4.2,178,1174.77,1178.2,1224.36,1192.44,1,279,2.368588725
301,2019/1/13 13:00,-0.69,-3.7,234,1524.6,1688.48,1782.78,1665.29,3.3,178,3.340646765
302,2019/1/13 14:00,-0.54,-3.6,229,1729.39,1814.7,1903,1815.7,1.8,216,3.671405887
303,2019/1/13 15:00,1.2,-3.1,253,2096.76,2030.56,2038.32,2055.21,1.9,210,4.335901011
304,2019/1/13 16:00,2.07,-2.9,270,2414.72,2257.2,2472.85,2381.59,1.5,187,5.00411089
305,2019/1/13 17:00,3.2,-2.8,250,2181.96,2325.62,2209.32,2238.97,2.2,263,4.686468194
306,2019/1/13 18:00,2.95,-2.6,248,2141.48,2130.96,2151.45,2141.3,1.4,208,4.522995664
307,2019/1/13 19:00,3.06,-2.4,257,2185.15,2093.04,2236.96,2171.72,1.5,183,4.591982613
308,2019/1/13 20:00,3.43,-2.5,236,2311.82,2169.2,2001.19,2160.74,1.8,234,4.703904772
309,2019/1/13 21:00,3.37,-2.5,227,1794.7,1977.8,2005.08,1925.86,2.1,281,3.958677989
310,2019/1/13 22:00,2.24,-2.5,238,1854.9,1889.14,2008.96,1917.67,2.7,201,3.985006413
311,2019/1/13 23:00,2.08,-2.6,238,1948.24,2115.96,1994.36,2019.52,1.8,236,4.165748217
312,2019/1/14 0:00,2.68,-2.3,285,2144.05,2380.48,2692.05,2405.53,2.5,202,4.843369985
313,2019/1/14 1:00,3.43,-2,254,2373.48,2244,2145.15,2254.21,2.5,264,4.838521488
314,2019/1/14 2:00,3.26,-1.9,249,2058.84,2099.88,2171.45,2110.06,2.9,226,4.405681682
315,2019/1/14 3:00,4.33,-1.3,271,2783.88,3130.19,2553.04,2822.37,3.6,211,5.86571781
316,2019/1/14 4:00,5.81,-0.9,346,2983.5,3145.5,3672,3267,1.6,226,6.620184402
317,2019/1/14 5:00,6.24,-0.9,328,3678.8,3557.25,3479.41,3571.82,2.4,227,7.554612761
318,2019/1/14 6:00,5.41,-1,216,2079,2061.12,2109.12,2083.08,1.7,207,4.435928788
319,2019/1/14 7:00,5.2,-0.8,252,2082.66,2237.2,2701.23,2340.36,1.6,201,4.740045571
320,2019/1/14 8:00,4.97,-1.2,176,1875.29,1810.37,1761.75,1815.8,2.6,206,3.931207098
321,2019/1/14 9:00,4.05,-1.3,165,1651.3,1431.36,1362.13,1481.6,2,187,3.360134393
322,2019/1/14 10:00,3.62,-1.2,193,1367.54,1582.07,1645.6,1531.74,2.1,186,3.089789934
323,2019/1/14 11:00,2.53,-1.2,179,1394.62,1403.46,1638.8,1478.96,1.4,206,3.020054099
324,2019/1/14 12:00,2.39,-1.4,167,1491.6,1550.33,1636.8,1559.58,2.3,255,3.154043454
325,2019/1/14 13:00,1.87,-1.3,126,1206.84,1053.47,1021.44,1093.92,2.4,257,2.327123444
326,2019/1/14 14:00,1.7,-1.3,124,988.42,976.32,955.66,973.47,3.1,245,1.987839394
327,2019/1/14 15:00,1.14,-1.3,118,908.52,891,930.12,909.88,1.8,228,1.85714494
328,2019/1/14 16:00,0.14,-1.5,103,742.5,743.7,764.94,750.38,2.8,270,1.41570469
329,2019/1/14 17:00,-0.31,-1.6,94,769.5,774.06,778.55,774.04,1.8,270,1.462767263
330,2019/1/14 18:00,-0.71,-1.7,93,811.2,747.03,840,799.41,2.8,253,1.528343243
331,2019/1/14 19:00,-0.62,-1.7,94,813.6,840.72,934.26,862.86,2,240,1.615872802
332,2019/1/14 20:00,-0.58,-1.7,88,853.75,855.54,850,853.1,1.7,237,1.668500577
333,2019/1/14 21:00,-1.1,-1.9,73,566.16,555.27,563.64,561.69,2.4,270,1.026245036
334,2019/1/14 22:00,-1.22,-1.9,70,536,541.89,541.89,539.93,1.5,258,1.014595298
335,2019/1/14 23:00,-1.62,-1.9,65,489.83,480.24,505.4,491.82,1.7,248,0.922214215
336,2019/1/15 0:00,-1.97,-2,55,459,472.5,515.28,482.26,1.1,282,0.830232978
337,2019/1/15 1:00,-2.16,-2,48,440.7,429.03,488.16,452.63,1.3,263,0.801665874
338,2019/1/15 2:00,-2.29,-2,38,412.97,404.4,397.66,405.01,1.3,254,0.750280183
339,2019/1/15 3:00,-2.35,-2,36,378.56,383.61,387.44,383.2,1.8,248,0.68532028
340,2019/1/15 4:00,-2.75,-2.1,33,276.36,266.09,301.76,281.4,1.3,234,0.531277606
341,2019/1/15 5:00,-3,-2.1,30,248.9,259.6,266.5,258.33,1.4,240,0.468457309
342,2019/1/15 6:00,-3.12,-2.1,29,241.61,247.38,246.62,245.2,1.1,258,0.435716075
343,2019/1/15 7:00,-3.35,-2.2,20,207.04,207.04,198.71,204.26,1.6,267,0.33237699
344,2019/1/15 8:00,-3.87,-2.4,8,106.42,112.68,112.32,110.47,2.4,254,0.144805089
345,2019/1/15 9:00,-3.96,-2.4,7,98.08,104.89,104.55,102.51,1.9,272,0.11846249
346,2019/1/15 10:00,-4.02,-2.4,7,87.36,92.7,98.08,92.71,2.1,230,0.144876822
347,2019/1/15 11:00,-4.08,-2.4,4,80.86,86.66,85.68,84.4,1.9,258,0.1027488
348,2019/1/15 12:00,-4.35,-2.5,1,60.9,67.32,71.4,66.54,2.3,245,0.067675512
349,2019/1/15 13:00,0.01,0.1,1,0,0,0,0,0.1,1,0.379993053
350,2019/1/15 14:00,-17.54,-14.7,13,134.4,158.88,174.72,156,0,278,0.05431409
351,2019/1/15 15:00,-11.41,-14.5,23,202.2,213.28,230.86,215.45,0,293,0.281528102
352,2019/1/15 16:00,-16.89,-14.4,26,223.04,232.9,258.4,238.11,0,284,0.219280968
353,2019/1/15 17:00,-16.81,-14.3,21,234.94,246.96,267.93,249.94,0,312,0.231466304
354,2019/1/15 18:00,-16.66,-14.3,23,279.2,286.59,276.8,280.86,0,326,0.308721218
355,2019/1/15 19:00,-16.18,-15,39,367.12,384.48,379.62,377.07,0,73,0.642268171
356,2019/1/15 20:00,-15.99,-14.9,34,394.24,411.8,446.04,417.36,0.3,76,0.680356663
357,2019/1/15 21:00,-15.85,-14.6,40,413.54,424.8,460.2,432.85,0.2,76,0.725996795
358,2019/1/15 22:00,-15.6,-14.1,40,453.76,448.56,461.5,454.61,0.2,76,0.800750052
359,2019/1/15 23:00,-15.12,-13.7,42,458.9,474.36,493.5,475.59,0,76,0.831778687
360,2019/1/16 0:00,-15.04,-13.7,43,470.34,475.7,519.76,488.6,0,76,0.854129414
361,2019/1/16 1:00,-13.75,-12.9,53,746.72,689.28,756.84,730.95,0,76,1.410599662
362,2019/1/16 2:00,-12.91,-12.7,59,945.12,934.03,892.5,923.88,0,76,1.836320868
363,2019/1/16 3:00,-12.23,-12,75,1079.65,1094.4,1285.22,1153.09,0,76,2.157928677
364,2019/1/16 4:00,-10.06,-11.5,63,971.52,1013.87,1025.15,1003.51,0,76,1.981844793
365,2019/1/16 5:00,-9.87,-11.2,81,1299.48,1054.12,1354.7,1236.1,0,76,2.595227172
366,2019/1/16 6:00,-8.56,-10.6,85,1378.02,1623.05,1427.1,1476.06,0,76,2.898695936
367,2019/1/16 7:00,-6.12,-10.1,154,2064.44,1921.39,2368.06,2117.96,0,41,4.336661011
368,2019/1/16 8:00,-2.56,-8.9,171,2646.54,2630.88,2718.3,2665.24,0.3,263,5.611869034
369,2019/1/16 9:00,-1.77,-8.6,192,2802.99,2662.54,2938.32,2801.28,0.4,313,5.923932633
370,2019/1/16 10:00,-0.97,-8.2,172,2934.08,2714.4,3134.76,2927.75,0,256,6.151566243
371,2019/1/16 11:00,2.39,-7.9,228,3273.16,3100.72,3438.7,3270.86,0.6,101,6.862619651
372,2019/1/16 12:00,1.74,-8.2,228,3638,3287.25,3114.4,3346.55,0.9,347,7.463937386
373,2019/1/16 13:00,1.53,-7.9,240,3433.68,3491.84,3457.74,3461.09,0,44,7.21138448
374,2019/1/16 14:00,0.3,-8.2,113,2609.06,1638.34,1588.28,1945.23,1.4,34,5.04061457
375,2019/1/16 15:00,-0.75,-8.3,120,1516.4,1532.25,1668.45,1572.37,1,24,3.408691075
376,2019/1/16 16:00,-1.46,-8,165,3020.64,2564.55,1907.16,2497.45,0,51,5.983404941
377,2019/1/16 17:00,2.02,-6.6,242,3331.95,3493.5,3348.62,3391.36,0,93,7.059104064
378,2019/1/16 18:00,2.26,-5.8,307,4114,4097.25,4285.84,4165.7,1.3,300,8.651436266
379,2019/1/16 19:00,3.12,-5.4,313,4175.85,4224.48,4292.18,4230.84,3,347,8.802546445
380,2019/1/16 20:00,3.03,-5.5,316,4217.16,4272.75,4345.98,4278.63,1.4,348,8.90299475
381,2019/1/16 21:00,2.58,-5.2,323,4326.03,4306.5,4373.42,4335.32,2.5,333,9.025487966
382,2019/1/16 22:00,2.76,-5.3,329,4325.64,4333.16,4400.76,4353.19,1.4,332,9.06684322
383,2019/1/16 23:00,2.53,-5.2,345,4508.4,4468.36,4515.8,4497.52,0.3,286,9.420956151
384,2019/1/17 0:00,3.27,-4.5,347,4481.58,4542.72,4522.56,4515.62,1.4,243,9.400716996
385,2019/1/17 1:00,2.76,-5,352,4495.4,4529.25,4610.25,4544.97,2.6,25,9.471052601
386,2019/1/17 2:00,2.7,-4.7,354,4502.05,4535.9,4542.75,4526.9,3.1,358,9.373216232
387,2019/1/17 3:00,2.54,-4.7,354,4535.72,4576.5,4657.64,4589.95,3.9,311,9.483977094
388,2019/1/17 4:00,2.57,-4.8,358,4549.5,4596.59,4663.68,4603.26,1.8,354,9.50826154
389,2019/1/17 5:00,2.41,-5.1,363,4569.72,4644.22,4718,4643.98,2.9,23,9.67638829
390,2019/1/17 6:00,2.74,-5.2,365,4556.24,4596.68,4664.25,4605.72,1.6,341,9.532831887
391,2019/1/17 7:00,2.89,-4.3,369,4583.28,4596.75,4737.92,4639.32,0.6,325,9.593000988
392,2019/1/17 8:00,3.47,-4,371,4657.64,4644,4710.72,4670.79,4.1,341,9.676302906
393,2019/1/17 9:00,3.51,-4.4,372,4664.4,4711.72,4771.92,4716.01,1.9,295,9.78038087
394,2019/1/17 10:00,3.14,-4.5,371,4691.89,4698.38,4744.65,4711.64,3.7,308,9.771346232
395,2019/1/17 11:00,2.51,-4.7,371,4637.45,4664.08,4751.38,4684.3,1.3,118,9.749407287
396,2019/1/17 12:00,2.87,-4.4,372,4678.31,4677.56,4764.48,4706.78,2.8,359,9.720832011
397,2019/1/17 13:00,2.7,-4.4,370,4685.1,4670.82,4758.44,4704.79,1.7,332,9.753126254
398,2019/1/17 14:00,2.49,-4.2,369,4664.73,4671,4765.5,4700.41,2.5,286,9.72965719
399,2019/1/17 15:00,2.51,-4.1,368,4664.64,4623.75,4738.5,4675.63,1.1,279,9.720903913
400,2019/1/17 16:00,2.59,-4.1,364,4590.06,4644,4677.75,4637.27,3.6,310,9.582843458
401,2019/1/17 17:00,2.2,-4.4,353,4515.35,4488.75,4610.37,4538.16,1.7,349,9.386169555
402,2019/1/17 18:00,2.24,-4.4,349,4501.6,4461.75,4536,4499.78,2,312,9.348002068
403,2019/1/17 19:00,2.43,-4,343,4433,4454.66,4488.75,4458.8,1.5,288,9.258579932
404,2019/1/17 20:00,2.74,-3.9,332,4365.21,4359.88,4407.52,4377.54,2,6,9.114887787
405,2019/1/17 21:00,2.76,-4,333,4292.6,4353.11,4407.52,4351.08,1.2,340,9.015928295
406,2019/1/17 22:00,2.62,-3.8,327,4345.6,4339.57,4347,4344.06,1.4,330,9.06120717
407,2019/1/17 23:00,2.83,-4.2,322,4258.33,4258.33,4312.49,4276.38,2.8,356,8.891621583
408,2019/1/18 0:00,2.95,-3.8,308,4107.95,4104,4204.72,4138.89,1.6,317,8.615018693
409,2019/1/18 1:00,2.85,-3.5,301,4046.84,4063.5,4131.62,4080.65,1.9,347,8.497508016
410,2019/1/18 2:00,3.01,-4.2,293,4005.2,3962.25,4048.46,4005.3,1.5,308,8.388783175
411,2019/1/18 3:00,2.06,-4,279,3879.44,3863.51,3926.6,3889.85,1.6,332,8.13402301
412,2019/1/18 4:00,2.07,-3.9,277,3846.48,3844.26,3916.8,3869.18,1.4,309,8.075541912
413,2019/1/18 5:00,2.22,-4,270,3852.12,3868.08,3910,3876.73,3.1,353,8.106115587
414,2019/1/18 6:00,2.45,-3.8,250,3588.87,3570,3701.88,3620.25,1.5,350,7.595425744
415,2019/1/18 7:00,2.35,-3.6,212,3313.38,3360.36,3362.26,3345.33,2.8,334,7.070710426
416,2019/1/18 8:00,1.05,-4,205,3222.03,3265.36,3303.72,3263.7,1.4,284,6.82925539
417,2019/1/18 9:00,0.95,-3.8,195,3215.4,3201.42,3198.95,3205.26,1.3,307,6.764372877
418,2019/1/18 10:00,0.97,-3.7,186,2979.04,3029.67,3105.36,3038.02,2.8,296,6.346365465
419,2019/1/18 11:00,1.08,-3.9,171,2935.14,2924.95,2956.66,2938.92,1.6,340,6.228555444
420,2019/1/18 12:00,0.68,-4.4,166,2874.34,2874.34,2922.36,2890.35,0.8,323,6.111830811
421,2019/1/18 13:00,0.64,-4.5,162,2793.28,2807.04,2874.34,2824.89,1.3,283,5.930090623
422,2019/1/18 14:00,0.36,-4.2,153,2773.8,2779.52,2820.8,2791.37,1.7,23,5.767795071
423,2019/1/18 15:00,-1.35,-4.6,100,2194.13,2237.37,2240.58,2224.03,1,333,4.588895697
424,2019/1/18 16:00,-0.77,-4.4,86,2007.72,1954.4,2080.04,2014.05,1.7,283,4.130150372
425,2019/1/18 17:00,-0.69,-4.5,19,1855.65,1823.52,1865.28,1848.15,0.7,350,3.780560799
426,2019/1/18 18:00,-1.04,-4.9,15,1684.32,1666,1670.4,1673.57,1.6,22,3.498387145
427,2019/1/18 19:00,-4.12,-5.4,6,1032,954.8,769.53,918.78,0.4,5,2.124873544
428,2019/1/18 20:00,-4.58,-5.5,4,769.53,780.85,762.72,771.03,0.1,358,1.328461514
429,2019/1/18 21:00,-6.94,-5.8,1,163.68,360.93,435.2,319.94,2.1,18,0.425205954
430,2019/1/18 22:00,-16.96,-14.2,4,117.54,123.69,151.34,130.86,1,253,0.009322331
431,2019/1/18 23:00,-16.75,-14.3,9,145.42,155.71,198.65,166.59,0.7,248,0.071447664
432,2019/1/19 0:00,-15.85,-13.7,22,314.16,257.89,609.74,393.93,0.5,261,0.371082087
433,2019/1/19 1:00,-14.5,-13.4,24,992.22,319.05,999.41,770.23,0.6,262,1.526723595
434,2019/1/19 2:00,-13.56,-13.3,43,1191.88,318.6,1233.24,914.57,1,248,1.925003077
435,2019/1/19 3:00,-12.64,-13,53,1233.24,345.6,1356.6,978.48,1.3,267,2.02102928
436,2019/1/19 4:00,-11.6,-12.9,57,1369.47,410.64,1392.79,1057.63,0.7,271,2.27972652
437,2019/1/19 5:00,-10.47,-12.5,77,1419.66,445.41,1546.56,1137.21,0.7,244,2.459701207
438,2019/1/19 6:00,-9.72,-12.4,79,1512.87,484.41,1561.47,1186.25,0.8,253,2.619098196
439,2019/1/19 7:00,-7.79,-12,66,1201.59,844.9,887.5,978,0.8,254,2.186734506
440,2019/1/19 8:00,-7.75,-11.8,75,1179.02,1126.54,1222.65,1176.07,1.3,262,2.301272581
441,2019/1/19 9:00,-5.62,-10.9,126,1891.26,1904.52,2076.4,1957.39,1.3,263,3.989388677
442,2019/1/19 10:00,-4.17,-10,130,1840.05,1959.9,2017.61,1939.19,1,268,3.942602254
443,2019/1/19 11:00,-4,-10,111,1710.1,1366.95,1421.88,1499.64,0.6,229,3.379115143
444,2019/1/19 12:00,-4.27,-9.7,147,1661.37,1769.04,1885.69,1772.03,1.1,250,3.562727698
445,2019/1/19 13:00,-3.21,-9.5,184,2291.78,2372.48,2783.88,2482.71,1.3,256,5.044884845
446,2019/1/19 14:00,-2.33,-9.3,206,2732.22,2993.27,3180.45,2968.65,2,262,6.076184469
447,2019/1/19 15:00,-0.66,-9.2,192,2809.98,2685.78,2967.65,2821.14,1.8,267,5.975396004
448,2019/1/19 16:00,-0.14,-9,186,2696.6,2845.4,2768,2770,2.7,284,5.876353209
449,2019/1/19 17:00,-0.08,-9.1,200,2884.25,2678.84,2814.75,2792.61,2.6,256,6.007589831
450,2019/1/19 18:00,1.24,-8.2,230,3354.12,3387.9,3298.2,3346.74,4.3,277,7.073586163
451,2019/1/19 19:00,-2.17,-8.5,201,2208.15,2114,2010.24,2110.8,4.3,276,4.569799333
452,2019/1/19 20:00,-4.16,-8.2,146,1453.92,1205.81,1526,1395.24,4,274,2.946932117
453,2019/1/19 21:00,-4.54,-8.2,104,1080.16,1013.55,953.52,1015.74,3.1,275,2.076233473
454,2019/1/19 22:00,-4.96,-8.3,102,899.13,892.16,874.44,888.58,3.8,281,1.759016254
455,2019/1/19 23:00,-5.52,-8.2,113,806.2,802.72,829.2,812.71,2.4,287,1.516665968
456,2019/1/20 0:00,-5.79,-8,122,853.62,960.48,852.39,888.83,1.7,272,1.646420081
457,2019/1/20 1:00,-5.75,-8.2,150,1043,1017.62,1087.32,1049.31,4.3,279,2.080757309
458,2019/1/20 2:00,-5.39,-7.8,176,1175.68,1253,1370.04,1266.24,4.5,283,2.463921423
459,2019/1/20 3:00,-5.08,-7.8,185,1361.88,1352.93,1396.98,1370.6,4.3,273,2.78510339
460,2019/1/20 4:00,-4.23,-7.6,264,2043.23,2264.23,2499.2,2268.89,2.7,271,4.484463378
461,2019/1/20 5:00,-2.79,-7.3,143,2306.29,1607.76,1510.74,1808.26,3.7,284,4.199248898
462,2019/1/20 6:00,-3.98,-7.5,110,1039.5,1003.4,974.31,1005.74,4.4,293,2.051794692
463,2019/1/20 7:00,-5.58,-7.9,99,712.76,680.13,678.15,690.35,3.9,276,1.339826003
464,2019/1/20 8:00,-5.93,-8,112,659.52,686,730.81,692.11,2.9,274,1.250319112
465,2019/1/20 9:00,-6.58,-7.9,104,674.24,666.39,728.22,689.62,3.7,287,1.237321639
466,2019/1/20 10:00,-7.02,-8.4,117,654.55,671.3,707.2,677.68,3.1,281,1.203141189
467,2019/1/20 11:00,-7.31,-8.5,111,713.44,786.48,788.88,762.93,3.4,272,1.352266238
468,2019/1/20 12:00,-7.41,-8.5,111,781.76,786.48,837.6,801.95,2.4,249,1.470661779
469,2019/1/20 13:00,-7.5,-8.5,146,944.3,939.84,985.32,956.49,2.4,275,1.771652556
470,2019/1/20 14:00,-7.66,-8.3,122,744.12,778.8,852,791.64,1.9,277,1.370452041
471,2019/1/20 15:00,-7.66,-8.2,125,829.53,800.04,840.14,823.24,3,286,1.490883802
472,2019/1/20 16:00,-7.39,-8,122,937.2,939.84,962.88,946.64,2.1,286,1.715403219
473,2019/1/20 17:00,-7.29,-7.9,121,940.31,966.96,991.2,966.16,2.4,279,1.746694029
474,2019/1/20 18:00,-6.64,-7.5,163,1708.84,1537.86,2196.04,1814.25,1.3,312,3.474596249
475,2019/1/20 19:00,-3.95,-7,273,2509.76,2677.5,2780.01,2655.76,2.5,281,5.348769718
476,2019/1/20 20:00,-3.48,-6.9,296,2961.92,2952.95,4157.16,3357.34,1.6,294,6.465161833
477,2019/1/20 21:00,-2.87,-6.8,340,3465,1784.16,3681.92,2977.03,2.9,294,6.405416632
478,2019/1/20 22:00,-2.19,-6.7,285,3185.29,3280.4,3652.28,3372.66,2,282,6.819389332
479,2019/1/20 23:00,-1.18,-6.2,324,3565.35,3337.53,3719.1,3540.66,2.9,290,7.292906173
480,2019/1/21 0:00,-1.87,-6.5,169,1859.34,1774.08,2215.36,1949.59,1.7,338,3.953759299
481,2019/1/21 1:00,-2.67,-6.5,369,2559.15,4247.1,4795.54,3867.26,1.7,274,7.174110277
482,2019/1/21 2:00,-0.89,-6.4,333,4181.4,4071,4370.3,4207.57,3.3,295,8.635238669
483,2019/1/21 3:00,-0.58,-6.5,231,3877.8,3416.82,2762.89,3352.5,1.9,312,7.524397964
484,2019/1/21 4:00,-0.06,-6.2,342,4347,4452.5,4493.3,4430.93,3.2,284,9.092593243
485,2019/1/21 5:00,-0.12,-6.2,338,4271.1,4222.8,4382.04,4291.98,3.6,275,8.836474703
486,2019/1/21 6:00,-0.21,-6.2,337,4260.7,4363.92,4390.4,4338.34,1.8,314,8.924202171
487,2019/1/21 7:00,-0.54,-6.1,327,4319.4,4260.06,4287.5,4288.99,2.2,284,8.895722713
488,2019/1/21 8:00,-0.93,-6.5,328,4221.2,4265.6,4306.88,4264.56,3.6,297,8.758658991
489,2019/1/21 9:00,-1.02,-6.4,323,4175.34,4189.92,4287.5,4217.59,2.9,336,8.666443953
490,2019/1/21 10:00,-0.83,-6.3,321,4168.45,4157.16,4259.4,4195,2.5,279,8.638947978
491,2019/1/21 11:00,-0.31,-6,308,4039.56,4020.95,4102.28,4054.26,2.2,282,8.383238276
492,2019/1/21 12:00,0.24,-5.8,301,3958.22,3992.52,4068.9,4006.55,2.4,299,8.281801917
493,2019/1/21 13:00,-0.12,-5.4,293,3959.43,3947.97,4046.43,3984.61,4.7,296,8.221998275
494,2019/1/21 14:00,-0.7,-5.8,284,3966.34,3935.36,3968.64,3956.78,2.5,303,8.210281589
495,2019/1/21 15:00,-1.06,-5.5,280,3912.85,3890.33,3945.61,3916.26,2.5,282,8.094715989
496,2019/1/21 16:00,-1.69,-6,248,3570.48,3615.74,3672.9,3619.71,4.7,353,7.489959166
497,2019/1/21 17:00,-1.9,-6.1,244,3566.78,3560.22,3657.38,3594.79,0.5,200,7.416084499
498,2019/1/21 18:00,-2.21,-6.3,239,3490,3542.64,3593.15,3541.93,4.1,11,7.279926222
499,2019/1/21 19:00,-2.25,-6.1,206,3210.8,3159.84,3231.75,3200.8,2.4,336,6.693839499
500,2019/1/21 20:00,-3.02,-6.7,183,2970.75,2934.37,2980.46,2961.86,2.2,341,6.205292375
501,2019/1/21 21:00,-3.31,-6.7,176,2815.02,2764.08,2914.83,2831.31,4.1,21,5.894342796
502,2019/1/21 22:00,-4.16,-6.8,152,2632.5,2632.5,2657.34,2640.78,2.3,316,5.467827611
503,2019/1/21 23:00,-5.1,-7,120,2088.6,2112,2337.66,2179.42,1.2,2,4.39859314
504,2019/1/22 0:00,-5.96,-7.7,94,1463,1413.03,1675.59,1517.21,2.4,9,3.104991826
505,2019/1/22 1:00,-6.25,-7.7,88,1798.83,1786.68,1966.7,1850.74,4.4,18,3.854076636
506,2019/1/22 2:00,-6.75,-8,77,1410.91,1395.52,1468.48,1424.97,1,23,2.929092035
507,2019/1/22 3:00,-6.77,-8,26,1277.86,1390.35,1524.35,1397.52,0.3,285,2.516083071
508,2019/1/22 4:00,-6.81,-8,25,1449.42,1468.78,1377.4,1431.87,1.2,315,2.718926058
509,2019/1/22 5:00,-6.77,-8.1,22,1139.88,1199.9,1258.46,1199.41,1.2,343,2.112763325
510,2019/1/22 6:00,-7.08,-8.4,20,1207,1194.83,1226.57,1209.47,0.9,14,2.466587866
511,2019/1/22 7:00,-7.54,-9,17,1039.29,940.68,905.58,961.85,3.2,67,2.038625382
512,2019/1/22 8:00,-9.33,-9.5,13,528.96,549.84,381.92,486.91,2.5,88,0.98938524
513,2019/1/22 9:00,-9.94,-9.7,9,328.8,230.86,213.76,257.81,4.7,89,0.54532499
514,2019/1/22 10:00,-11.1,-9.9,5,157.92,165.25,170.3,164.49,3.7,78,0.236781304
515,2019/1/22 11:00,-11.29,-9.9,5,158.88,165,157.44,160.44,3,85,0.237153633
516,2019/1/22 12:00,-11.64,-10,2,110.67,111.18,124.07,115.31,3.8,68,0.127979445
517,2019/1/22 13:00,0.01,0.1,1,0,0,0,0,0.1,1,0.379993053
518,2019/1/22 14:00,-20.02,-18.4,12,405.6,131.86,952.28,496.58,2.4,273,0.522717801
519,2019/1/22 15:00,-19.75,-18.2,7,975.46,157.08,1054.12,728.89,2,275,1.422737547
520,2019/1/22 16:00,-19.31,-18,34,1206.2,161.69,1251.2,873.03,3,312,1.862942238
521,2019/1/22 17:00,-18.79,-17.7,34,1265.92,174.48,1409.58,949.99,3.1,312,2.002948969
522,2019/1/22 18:00,-15.04,-17.3,57,1467.18,209.38,1604.48,1093.68,2.6,276,2.468468875
523,2019/1/22 19:00,-16.43,-17.2,66,1613.2,248.54,1746.69,1202.81,2.7,276,2.697443821
524,2019/1/22 20:00,-15.98,-17.1,78,1746.4,612.36,1788.38,1382.38,3.6,301,3.071462151
525,2019/1/22 21:00,-15.18,-16.9,88,1817.94,1800.63,1945.68,1854.75,2.5,282,3.626886607
526,2019/1/22 22:00,-14.91,-16.9,84,1891.84,1825.28,1981.8,1899.64,3,284,3.779864854
527,2019/1/22 23:00,-14.12,-16.8,97,1985.22,1964.44,2070.97,2006.88,3.4,287,4.029634013
528,2019/1/23 0:00,-13.62,-16.7,105,2064.6,2021.25,2188.89,2091.58,3.4,278,4.221923283
529,2019/1/23 1:00,-12.06,-16.5,117,2299.44,2260.97,2341.46,2300.62,3.3,279,4.730358771
530,2019/1/23 2:00,-11.5,-16.2,135,2407.52,2409,2540.04,2452.19,3.1,279,5.007052672
531,2019/1/23 3:00,-11.35,-16.2,137,2463.47,2467.4,2598.6,2509.82,3.9,276,5.135982518
532,2019/1/23 4:00,-9.83,-15.8,158,2707.98,2748.06,2852.56,2769.53,3.3,279,5.680907264
533,2019/1/23 5:00,-9.37,-15.8,161,2801.88,2840.74,2884.77,2842.46,3.2,281,5.859976385
534,2019/1/23 6:00,-8.56,-15.5,170,2902.44,2927.26,3022.78,2950.83,3.1,265,6.083927126
535,2019/1/23 7:00,-6.66,-15,195,3167.45,3161.28,3258.41,3195.71,3.4,286,6.63225317
536,2019/1/23 8:00,-6.39,-14.7,197,3208.5,3230.5,3291.93,3243.64,2.5,280,6.735879138
537,2019/1/23 9:00,-6,-14.5,205,3249.27,3279.8,3384.36,3304.48,3.6,280,6.831011887
538,2019/1/23 10:00,-5.7,-14.5,210,3322.58,3327.48,3436.4,3362.15,3.3,276,6.963054451
539,2019/1/23 11:00,-5.56,-13.5,227,3503.04,3542.9,3639.12,3561.69,2.1,297,7.360153854
540,2019/1/23 12:00,-5.37,-13.7,230,3547.89,3549.14,3693.89,3596.97,4.2,273,7.394698798
541,2019/1/23 13:00,-5.83,-13.2,233,3748.86,3768.08,3775.38,3764.11,3.1,286,7.753473996
542,2019/1/23 14:00,-5.83,-13.2,233,460472.32,14294.5,687.5,158484.77,3.1,286,7.753473996
543,2019/1/23 15:00,-5.46,-12.4,264,3897.12,3911.24,4010.08,3939.48,3,271,8.061256516
544,2019/1/23 16:00,-5.25,-12.4,277,4032.6,4028.19,4141.8,4067.53,3.6,280,8.314127819
545,2019/1/23 17:00,-5,-12.2,279,4021.16,4069.12,4175.82,4088.7,3,282,8.351833707
546,2019/1/23 18:00,-4.46,-12.2,290,4111.36,4100.85,4248.06,4153.42,4,282,8.489223928
547,2019/1/23 19:00,-4.16,-12,292,4166.55,4142.91,4222.9,4177.45,3,272,8.584105589
548,2019/1/23 20:00,-4.46,-12,295,4172,4188.97,4256,4205.66,1.3,247,8.652900165
549,2019/1/23 21:00,-3.77,-11.3,318,4334.58,4296.6,4440.48,4357.22,2.5,304,8.955558092
550,2019/1/23 22:00,-4.18,-11.2,323,4430.32,4468.32,4502.1,4466.91,2.9,286,9.153339388
551,2019/1/23 23:00,-3.98,-10.7,322,4424.67,4391.76,4524,4446.81,2.5,6,9.169018866
552,2019/1/24 0:00,-5.04,-11,334,4548.96,4577.53,4620.39,4582.29,3.2,304,9.36853796
553,2019/1/24 1:00,-4.44,-10.6,350,4627.38,4607.52,4739.6,4658.17,3.1,280,9.539611302
554,2019/1/24 2:00,-4.25,-10.7,356,4613,4684.08,4781.52,4692.87,4.3,302,9.556695522
555,2019/1/24 3:00,-4.06,-10.5,359,4641.7,4663.68,4809.22,4704.87,3.1,310,9.617418668
556,2019/1/24 4:00,-4.39,-10.5,358,4711,4677.56,4774.32,4720.96,4.1,262,9.671683273
557,2019/1/24 5:00,-4.87,-10.7,365,4752.78,4788.55,4795.54,4778.96,3.7,324,9.771804978
558,2019/1/24 6:00,-4.48,-10.6,369,4795.14,4767.78,4865,4809.31,2.8,283,9.88692636
559,2019/1/24 7:00,-4.18,-10.3,375,4802.13,4802.49,4920.46,4841.69,2.8,292,9.939164922
560,2019/1/24 8:00,-4.35,-10.3,374,4725.24,4774.8,4871.95,4790.66,3.8,281,9.784839541
561,2019/1/24 9:00,-3.42,-10,375,4774.17,4754.04,4844,4790.74,3.6,299,9.837778409
562,2019/1/24 10:00,-3.71,-10.2,376,4739.6,4754.04,4878.6,4790.75,4.5,298,9.791691913
563,2019/1/24 11:00,-3.56,-9.8,367,4697,4691.76,4788.6,4725.79,4.3,298,9.670876751
564,2019/1/24 12:00,-3.27,-9.9,369,4704.27,4684.98,4760.91,4716.72,1.8,307,9.730244936
565,2019/1/24 13:00,-3.87,-10.2,372,4795.36,4781.7,4878.82,4818.63,1.6,318,9.933224578
566,2019/1/24 14:00,-3.79,-10,366,4739.42,4740.2,4837.18,4772.27,2.3,324,9.804662945
567,2019/1/24 15:00,-3.22,-9.8,364,4643.1,4664.25,4753.98,4687.11,3.4,314,9.598257645
568,2019/1/24 16:00,-3.62,-9.9,355,4662.64,4650.43,4705.47,4672.85,1.3,274,9.648174929
569,2019/1/24 17:00,-3.16,-9.7,352,4613.78,4615.64,4698.68,4642.7,3.3,284,9.52549121
570,2019/1/24 18:00,-3.25,-9.7,349,4566.52,4567.2,4670.82,4601.51,2.5,278,9.44738626
571,2019/1/24 19:00,-3,-9.5,337,4510.08,4476.3,4491.08,4492.49,2.4,272,9.27296031
572,2019/1/24 20:00,-3.31,-9.5,331,4391.1,4442.13,4484.16,4439.13,2.5,7,9.117019218
573,2019/1/24 21:00,-3.35,-9.8,329,4412.01,4401.12,4477.24,4430.12,3.8,310,9.075358337
574,2019/1/24 22:00,-3.12,-9.4,323,4377.16,4372.83,4414.41,4388.13,2.6,298,9.030110319
575,2019/1/24 23:00,-3.25,-9.6,318,4278.74,4268.88,4371.55,4306.39,1.7,278,8.861375189
576,2019/1/25 0:00,-3.89,-9.6,310,4234.04,4216.85,4327.6,4259.5,4.4,292,8.703484832
577,2019/1/25 1:00,-3.56,-9.2,305,4137,4209.88,4254.22,4200.37,1.6,308,8.623145628
578,2019/1/25 2:00,-3.64,-9.2,297,4117.11,4106.4,4127.28,4116.93,3.1,277,8.458777971
579,2019/1/25 3:00,-3.18,-9.1,292,4035.63,4054.05,4188.97,4092.88,2.3,281,8.392955191
580,2019/1/25 4:00,-3.08,-9.3,290,4026.24,3997.44,4143.18,4055.62,3.6,299,8.325450686
581,2019/1/25 5:00,-2.52,-9.2,277,3950.68,3957.03,4026.33,3978.01,2.4,281,8.213397636
582,2019/1/25 6:00,-3.66,-9.2,237,3650.4,3645.31,3680.16,3658.62,2.3,270,7.570930933
583,2019/1/25 7:00,-5.33,-9.6,218,3454.5,3463.68,3498.88,3472.35,2,349,7.206339199
584,2019/1/25 8:00,-5.5,-9.8,212,3339.39,3322.88,3468.6,3376.96,1.2,264,6.9489535
585,2019/1/25 9:00,-5.02,-9.2,200,3252.2,3257.28,3329.92,3279.8,3.3,307,6.775451381
586,2019/1/25 10:00,-5.41,-9.5,192,3230.99,3205.68,3271.2,3235.96,2.7,286,6.6922046
587,2019/1/25 11:00,-5.69,-9.4,164,2899.81,2873.42,2990.61,2921.28,2.8,277,6.02943139
588,2019/1/25 12:00,-5.89,-9.5,164,2843.09,2835.07,2877.49,2851.88,3.2,277,5.895363422
589,2019/1/25 13:00,-6.08,-9.5,140,2662.5,2725.16,2768.28,2718.65,2.6,293,5.592184057
590,2019/1/25 14:00,-6.48,-9.6,127,2534.7,2531.16,2556,2540.62,2.9,288,5.244568832
591,2019/1/25 15:00,-6.75,-9.6,116,2412.92,2391.9,2477.9,2427.57,2.1,295,4.982342524
592,2019/1/25 16:00,-6.69,-9.5,100,2294.4,2258.55,2300.8,2284.58,2.3,287,4.694385141
593,2019/1/25 17:00,0.44,-68.3,100,2225.8,2198.12,469844.84,158089.59,5.3,92,4.694385141
594,2019/1/25 18:00,-6.93,-9.7,20,1787.5,1775.37,1901.04,1821.3,3,272,3.631136153
595,2019/1/25 19:00,-7.46,-9.9,16,1625.64,1618.16,1642.41,1628.74,2.2,323,3.17668958
596,2019/1/25 20:00,-8.39,-10,9,1222.65,1285.1,1295.84,1267.86,2.1,275,2.320344742
597,2019/1/25 21:00,-9.1,-10.1,7,1141.49,1125.72,1128,1131.74,2.2,285,2.064450255
598,2019/1/25 22:00,-9.58,-10.2,6,1084.77,1085.7,1112.32,1094.26,3.2,276,1.987622543
599,2019/1/25 23:00,0.01,0.1,1,0,0,0,0,0.1,1,0.379993053
600,2019/1/26 0:00,-24.79,-21.4,3,94.35,108.96,143.85,115.72,0.5,165,-0.125143562
601,2019/1/26 1:00,-23.77,-21.5,3,424.13,133,936.9,498.01,0.5,120,0.49648257
602,2019/1/26 2:00,-20.73,-21.4,7,663,137.37,1150.81,650.39,0,118,0.991335029
603,2019/1/26 3:00,-23.22,-21.2,10,825.24,144.6,1217.7,729.18,0,118,1.215309264
604,2019/1/26 4:00,-22.96,-20.7,8,1263.24,157.52,1259.04,893.27,0,146,1.944289162
605,2019/1/26 5:00,-20.68,-19.7,34,1461.24,174.24,1590.61,1075.36,0,239,2.29809712
606,2019/1/26 6:00,-19.39,-19.7,36,1587.04,204.68,1627.26,1139.66,0,183,2.587400609
607,2019/1/26 7:00,-18,-19.8,57,1658.25,211.41,1771.47,1213.71,0.1,239,2.730737998
608,2019/1/26 8:00,-17.17,-19.8,50,1709.84,227.54,1810.4,1249.26,0,239,2.829632478
609,2019/1/26 9:00,-15.94,-19.9,57,1754.4,850.28,1894.09,1499.59,0.6,167,3.232438261
610,2019/1/26 10:00,-13.6,-19.6,71,1956.4,2021.25,2095.1,2024.25,0.3,249,4.047742485
611,2019/1/26 11:00,-11.06,-19.4,100,2230.74,2269.2,2322.32,2274.09,1.5,236,4.715447036
612,2019/1/26 12:00,-10.14,-18,142,2754.22,2758.8,2844.68,2785.9,1.5,239,5.767372258
613,2019/1/26 13:00,-9.52,-17.7,149,2811.9,2837.46,2906.46,2851.94,2.5,266,5.909806331
614,2019/1/26 14:00,-9.14,-17.7,151,2888,2898.42,2940.71,2909.04,2.8,272,6.052055419
615,2019/1/26 15:00,-8.69,-17.3,163,2939.7,2961.21,3081.6,2994.17,2.5,233,6.183195142
616,2019/1/26 16:00,-8.21,-17.2,174,3111.78,3083.1,3197.82,3130.9,2.4,231,6.490780373
617,2019/1/26 17:00,-7.43,-16.7,187,3207.68,3234.42,3331.9,3258,2.9,237,6.72299161
618,2019/1/26 18:00,-7.21,-16.7,191,3237.02,3256.38,3372.49,3288.63,2.5,234,6.789287267
619,2019/1/26 19:00,-6.12,-15.9,207,3384.36,3419.91,3537.91,3447.39,3.3,264,7.110981127
620,2019/1/26 20:00,-4.35,-15.2,231,3605.7,3632.64,3699.54,3645.96,2.5,275,7.570846019
621,2019/1/26 21:00,-3.7,-15.1,233,3667.84,3706.56,3739.96,3704.79,2,277,7.72355331
622,2019/1/26 22:00,-3.7,-15.1,233,457702,14996.46,680.76,157793.07,2,277,7.806384231
623,2019/1/26 23:00,-2.87,-14.3,250,3741.66,3756.83,3845.98,3781.49,3,274,7.847311748
624,2019/1/27 0:00,-2.31,-14.4,252,3815,3832.02,3883.68,3843.57,2.7,277,8.00320073
625,2019/1/27 1:00,-1.87,-14.4,265,3866.92,3868.28,3984.75,3906.65,1.8,276,8.145170363
626,2019/1/27 2:00,-1.54,-13.9,269,3885.05,3944.4,4028.53,3952.66,1.8,277,8.221184678
627,2019/1/27 3:00,-1.29,-13.7,271,3937.48,3938.7,4056.17,3977.45,2.6,281,8.272508049
628,2019/1/27 4:00,-0.6,-13.4,279,3997.44,4022.7,4106.44,4042.19,2.2,279,8.420349828
629,2019/1/27 5:00,-0.37,-12,302,4218.18,4248.26,4302.9,4256.45,1.8,274,8.849861847
630,2019/1/27 6:00,-0.16,-11.7,309,4246.34,4275.58,4365.21,4295.71,0.8,285,8.950732919
631,2019/1/27 7:00,0.62,-11.5,313,4287.5,4290.8,4392.45,4323.58,1.9,276,8.996927693
632,2019/1/27 8:00,2.01,-11.2,325,4378.44,4366.96,4474.97,4406.79,0.5,276,9.238199787
633,2019/1/27 9:00,2.83,-11.8,331,4373.1,4387.96,4502.16,4421.07,1.3,279,9.245233753
634,2019/1/27 10:00,3.76,-10.7,340,4461.88,4475.52,4556.09,4497.83,1,290,9.436483607
635,2019/1/27 11:00,5.12,-10.1,348,4448.73,4495.7,4575.8,4506.74,0.7,263,9.458941549
636,2019/1/27 12:00,5.74,-10.9,352,4488.99,4502.25,4588.96,4526.73,1.2,266,9.523766268
637,2019/1/27 13:00,6.1,-10.3,353,4495.68,4495.58,4575.42,4522.23,1.3,287,9.534802717
638,2019/1/27 14:00,7.64,-10.2,360,4535.3,4541.07,4627.38,4567.92,0.9,277,9.660913646
639,2019/1/27 15:00,8.01,-10.2,362,4521.84,4561.44,4620,4567.76,1.3,286,9.651103414
640,2019/1/27 16:00,9.24,-9.5,365,4514.4,4539.87,4605.57,4553.28,0.7,239,9.651819015
641,2019/1/27 17:00,9.34,-9.2,371,4579.68,4585.86,4643.4,4602.98,0.3,266,9.784148344
642,2019/1/27 18:00,10.39,-9.4,373,4592.84,4585,4676.1,4617.98,2.1,273,9.79031954
643,2019/1/27 19:00,10.2,-9,377,4625.28,4657.05,4735.65,4672.66,1.6,263,9.883215178
644,2019/1/27 20:00,9.76,-9.2,382,4698.12,4710.69,4768.4,4725.74,1.7,195,9.977232134
645,2019/1/27 21:00,9.62,-9.1,380,4672.31,4710.08,4743.54,4708.64,1.3,273,9.962788625
646,2019/1/27 22:00,9.2,-9,385,4672.31,4705.26,4787.28,4721.62,1.1,200,9.950643109
647,2019/1/27 23:00,9.68,-9,386,4659.13,4690.98,4768.4,4706.17,1.3,262,9.940529666
648,2019/1/28 0:00,9.84,-8.5,386,4652.54,4690.4,4781.5,4708.15,1,266,9.943850215
649,2019/1/28 1:00,10.12,-8.5,383,4684.96,4716,4782.96,4727.97,1.5,257,9.993841741
650,2019/1/28 2:00,10.26,-8.4,382,4704.7,4716,4742.2,4720.97,0.7,264,10.03070199
651,2019/1/28 3:00,10.18,-8.4,383,4665.72,4637.4,4748.75,4683.96,1.6,268,9.92438013
652,2019/1/28 4:00,9.81,-8.7,382,4659.13,4678.38,4765.2,4700.9,3.7,267,9.903899435
653,2019/1/28 5:00,9.33,-8.5,382,4667.1,4704.7,4752,4707.93,3,280,9.916501552
654,2019/1/28 6:00,8.78,-8.2,380,4665.72,4678.9,4758.6,4701.07,0.4,203,9.933581972
655,2019/1/28 7:00,8.85,-8.4,376,4640.62,4666.66,4745.98,4684.42,1.7,236,9.871098652
656,2019/1/28 8:00,8.35,-8.2,375,4648.68,4660.05,4739.92,4682.88,1.4,244,9.872898534
657,2019/1/28 9:00,8.83,-7.8,373,4653.86,4660.05,4720.06,4677.99,0.7,255,9.902612395
658,2019/1/28 10:00,8.43,-8,370,4642.02,4647.63,4701.12,4663.59,2.1,243,9.834015112
659,2019/1/28 11:00,8.26,-8.2,363,4575.42,4601.52,4627.38,4601.44,2.3,235,9.697030163
660,2019/1/28 12:00,7.7,-7.9,358,4529.04,4522.26,4608.45,4553.25,1.1,261,9.619223645
661,2019/1/28 13:00,7.43,-8,354,4502.37,4521.84,4601.8,4542,1.5,244,9.565673851
662,2019/1/28 14:00,6.74,-8.1,343,4388.5,4402.2,4509.06,4433.25,3.4,255,9.302355613
663,2019/1/28 15:00,6.33,-8.2,339,4361.5,4388.64,4468.86,4406.33,2.5,265,9.2546102
664,2019/1/28 16:00,5.6,-7.9,328,4360.2,4367.52,4428,4385.24,0.8,257,9.248254147
665,2019/1/28 17:00,5.8,-7.9,326,4313.25,4327.68,4388.16,4343.03,1.9,276,9.14566203
666,2019/1/28 18:00,5.7,-7.8,314,4238.02,4239.9,4293.38,4257.1,1,237,8.988547651
667,2019/1/28 19:00,5.12,-8,287,3953.68,3947.84,4036.5,3979.34,2.5,247,8.391677391
668,2019/1/28 20:00,4.78,-8.2,281,3880.24,3946.91,3987.53,3938.23,3.1,241,8.276066732
669,2019/1/28 21:00,4.26,-8.1,275,3854.46,3882.8,3958.57,3898.61,2,248,8.209920588
670,2019/1/28 22:00,3.87,-7.9,262,3798.74,3827.22,3880.58,3835.51,2.6,267,8.086854772
671,2019/1/28 23:00,3.87,-7.9,262,3711.26,3827.22,3880.58,3806.35,2.6,267,7.996870133
672,2019/1/29 0:00,2.56,27.9,262,3830.4,446396.28,84.24,150103.64,2.6,267,7.996870133
673,2019/1/29 1:00,2.97,-8.1,241,3622.08,3638.88,3689.62,3650.19,2.4,269,7.716363783
674,2019/1/29 2:00,3.01,-8.2,238,3582.55,3587.32,3681.37,3617.08,2.7,272,7.645747797
675,2019/1/29 3:00,2.72,-8.1,230,3560.34,3551.6,3615.22,3575.72,3.2,262,7.555503541
676,2019/1/29 4:00,2.41,-8,218,3424.33,3409.42,3500.35,3444.7,2.1,281,7.317367334
677,2019/1/29 5:00,2.28,-8,195,3217.63,3189.9,3308.55,3238.69,2.9,263,6.885925895
678,2019/1/29 6:00,1.45,-8.2,169,2983.37,3015.3,3082.24,3026.97,2.9,249,6.426954695
679,2019/1/29 7:00,0.64,-8.1,147,2769.06,2795.68,2877.3,2814.01,2.6,244,5.967173024
680,2019/1/29 8:00,-0.7,-8.4,121,2569.32,2544.36,2634.05,2582.58,1.4,274,5.492605248
681,2019/1/29 9:00,-0.96,-8.5,105,2464,2432.38,2464.02,2453.47,2.6,277,5.237664227
682,2019/1/29 10:00,-0.95,-8.5,31,2241.9,2238.02,2239.38,2239.77,3.4,280,4.777761381
683,2019/1/29 11:00,-1,-8.6,17,2173.1,2176.2,2205,2184.77,2.3,281,4.622942892
684,2019/1/29 12:00,-1.12,-8.6,16,2097,2083.84,2124.03,2101.62,1.7,249,4.422903359
685,2019/1/29 13:00,-2.33,-8.8,12,1790.1,1764.53,1778.59,1777.74,2.6,281,3.704244058
686,2019/1/29 14:00,-3.21,-8.9,10,1663.8,1616.9,1724.46,1668.39,2.5,278,3.410921341
687,2019/1/29 15:00,-3.71,-9,9,1598.28,1584,1579.5,1587.26,1.9,271,3.219214826
688,2019/1/29 16:00,-3.98,-9.1,8,1530.36,1534.19,1530.36,1531.64,2.3,281,3.080566986
689,2019/1/29 17:00,-5.5,-9.2,7,1335.7,1372,1398,1368.57,1.9,280,2.622961333
690,2019/1/29 18:00,-6.62,-9.4,4,1283.1,1253,1245.84,1260.65,1.5,278,2.41192831
691,2019/1/29 19:00,-7.37,-9.5,4,1182.72,1195.29,1197.12,1191.71,1.5,282,2.201012237
692,2019/1/29 20:00,0.01,0.1,1,0,0,0,0,0.1,1,0.379993053
693,2019/1/29 21:00,0.01,0.1,1,0,0,0,0,0.1,1,0.379993053
694,2019/1/29 22:00,-16.93,-14.9,2,180.88,171.25,216.07,189.4,1.5,73,0.198337213
695,2019/1/29 23:00,-16.87,-14.9,5,195.03,178.36,268.28,213.89,0.9,358,0.127523219
696,2019/1/30 0:00,-16.6,-14.8,9,466.62,232.65,459.36,386.21,1.6,64,0.696897822
697,2019/1/30 1:00,0.25,6.5,9,542.08,464247.7,8946.56,157912.11,1.6,64,0.839478087
698,2019/1/30 2:00,-16.02,-14.7,32,583.02,295.2,590.13,489.45,1.1,81,0.95099635
699,2019/1/30 3:00,-13.5,-14.3,60,1216.32,631.62,1108.8,985.58,1.2,67,2.256984475
700,2019/1/30 4:00,-12.94,-14.2,77,1458,1071.63,1411.2,1313.61,1,69,2.830939942
701,2019/1/30 5:00,-11.66,-13.9,80,1521.52,1495.32,1495.56,1504.13,0.7,82,3.083293661
702,2019/1/30 6:00,-10.14,-13.7,94,1720.62,1682,1793.04,1731.89,1.2,77,3.575571876
703,2019/1/30 7:00,-10.79,-13.8,64,922.35,1075.5,1000.5,999.45,1.7,84,1.939480177
704,2019/1/30 8:00,-11.06,-13.8,77,1145.6,1242.14,1283.25,1223.66,1.2,94,2.377757189
705,2019/1/30 9:00,-11.5,-13.8,70,1042.55,1041.1,1232.91,1105.52,1.2,33,2.183844123
706,2019/1/30 10:00,-11.6,-13.6,96,1435.5,1260,1511.07,1402.19,1.2,87,2.89009124
707,2019/1/30 11:00,-10.85,-13.4,135,1759.34,2069.1,2422.56,2083.67,1,38,3.910017685
708,2019/1/30 12:00,-9.7,-13.2,139,2397.04,2520.18,2440.8,2452.67,2,73,5.009433922
709,2019/1/30 13:00,-8.69,-13,128,2527.36,2230.8,2399.44,2385.87,0.6,19,5.127910728
710,2019/1/30 14:00,-8.14,-13.1,145,2288.73,2043.23,2203.17,2178.38,1.4,77,4.682336038
711,2019/1/30 15:00,-7.83,-12.9,174,2380.95,2655.76,2884.56,2640.42,1.7,97,5.216595351
712,2019/1/30 16:00,-7.08,-12.9,184,2937.56,2705.1,2909.88,2850.85,1.4,73,5.987878958
713,2019/1/30 17:00,-5.91,-12.5,210,3134.64,3132.8,3175.04,3147.49,1.7,74,6.485942167
714,2019/1/30 18:00,-5.04,-12.5,186,2983.54,2299.71,2653,2645.42,2,53,5.918629721
715,2019/1/30 19:00,-5.39,-12.5,160,2492.18,2777.7,2551.64,2607.17,1.5,84,5.358016284
716,2019/1/30 20:00,-6.16,-12.7,183,2839.08,3035.8,2888.64,2921.17,3.9,84,6.015966328
717,2019/1/30 21:00,-6.25,-12.4,209,2797.4,2689.28,3111.68,2866.12,1.4,91,5.860040077
718,2019/1/30 22:00,-5.08,-12.2,218,3247.86,3367.37,3292.35,3302.53,1.7,85,6.761916115
719,2019/1/30 23:00,-4.06,-12.2,246,3481.92,3561.08,3622.62,3555.21,3.7,97,7.280433102
720,2019/1/31 0:00,-3.04,-12,245,3493,3573.76,3530.6,3532.45,2.5,93,7.263603202
721,2019/1/31 1:00,-2.79,-12.2,248,3474.9,3476.94,3565.35,3505.73,2.5,61,7.235615823
722,2019/1/31 2:00,-2.62,-12.2,254,3542,3593.15,3676.55,3603.9,2.6,67,7.403969797
723,2019/1/31 3:00,-2.46,-11.9,264,3664.5,3694.1,3815.55,3724.72,2.2,101,7.642820595
724,2019/1/31 4:00,-2.46,-11.9,264,3701.07,3615.74,3815.55,3710.79,2.2,101,7.660862829
725,2019/1/31 5:00,-1.52,-11.3,280,3596.52,3732.9,3864,3731.14,0.8,37,7.596480397
726,2019/1/31 6:00,0.08,-11.3,284,3895.96,3952.45,3870.9,3906.44,1.4,33,8.079519737
727,2019/1/31 7:00,2.64,-10.7,316,4208.58,4236.4,4305.72,4250.23,1.2,62,8.827160293
728,2019/1/31 8:00,2.99,-10.5,277,4067.21,3914.04,3914.04,3965.1,1,118,8.406544237
729,2019/1/31 9:00,5.14,-10,322,4077,4119.36,4160.2,4118.85,0.8,46,8.600997835
730,2019/1/31 10:00,5.3,-10.2,322,4191.2,4153.49,4220.59,4188.43,0.8,83,8.806259591
731,2019/1/31 11:00,6.1,-9.7,320,4124.25,4040.1,4147.8,4104.05,0.5,326,8.78928914
732,2019/1/31 12:00,6.31,-10.2,308,3889.94,3960.48,4013.3,3954.57,1.5,86,8.278561937
733,2019/1/31 13:00,6.95,-9.5,322,4032,4073.6,4088.16,4064.59,0.9,86,8.545144534
734,2019/1/31 14:00,6.81,-9.8,326,4040.1,4081.48,4175.82,4099.13,1.6,101,8.587069911
735,2019/1/31 15:00,6.01,-9.7,341,4302.36,4302.36,4368.72,4324.48,2.7,83,9.042890701
736,2019/1/31 16:00,6.72,-9.4,351,4401.9,4402.3,4528.65,4444.28,0.6,30,9.333763422
737,2019/1/31 17:00,7.47,-9.2,349,4355.36,4316.13,4455.5,4375.66,0.6,345,9.289393519
738,2019/1/31 18:00,7.56,-9.2,349,4288.29,4309.02,4428.78,4342.03,1.9,88,9.099502056
739,2019/1/31 19:00,6.87,-9.4,360,4361.88,4448.88,4515.03,4441.93,0.8,106,9.288048484
740,2019/1/31 20:00,8.7,-9.1,366,4468.36,4507.8,4573.46,4516.54,0,62,9.531566088
741,2019/1/31 21:00,9.6,-8.6,365,4428.78,4461.43,4573.46,4487.89,0.6,118,9.472340406
742,2019/1/31 22:00,8.99,-8.6,365,4428.78,4441.8,4520.46,4463.68,0.9,329,9.475808696
743,2019/1/31 23:00,7.28,-8.4,367,4468.5,4494.98,4546.78,4503.42,1.9,73,9.440288603
744,2019/2/1 0:00,10.32,-8.2,367,4428.48,4454.24,4526.05,4469.59,1.1,132,9.452598778
745,2019/2/1 1:00,10.47,-8.2,366,4422,4448.25,4512.95,4461.07,0.7,190,9.47092697
746,2019/2/1 2:00,11.1,-8,363,4408.71,4375.52,4486.44,4423.56,1.1,142,9.403242136
747,2019/2/1 3:00,11.1,-8.2,366,4415.3,4434.92,4485.76,4445.33,0.9,78,9.417685685
748,2019/2/1 4:00,10.93,-8.4,350,4408.32,4303.2,4407.52,4373.01,1.3,87,9.320981006
749,2019/2/1 5:00,10.93,-8.1,356,4329.55,4355.64,4387.74,4357.64,0.2,139,9.280614241
750,2019/2/1 6:00,11.97,-7.1,362,4316.45,4348.98,4465.5,4376.98,0.6,209,9.32434063
751,2019/2/1 7:00,11.7,-7.2,356,4362.18,4335.66,4453.46,4383.77,0,121,9.359690633
752,2019/2/1 8:00,11.72,-7.2,337,4107.12,4008.6,4231.48,4115.73,0,56,8.792044813
753,2019/2/1 9:00,11.22,-7.4,331,4053.28,4204.62,4127.16,4128.35,0.5,63,8.72374394
754,2019/2/1 10:00,11.16,-7.7,319,4283.68,4237.76,4002.48,4174.64,0.6,55,8.956845351
755,2019/2/1 11:00,10.14,-7.4,334,4007.22,3948,3889.44,3948.22,0,127,8.496665222
756,2019/2/1 12:00,10.39,-7.5,344,3789.25,4040.55,4316.49,4048.76,0.5,153,8.460529135
757,2019/2/1 13:00,10.68,-7.5,328,4104.81,4086.54,4138.82,4110.06,0,82,8.769900731
758,2019/2/1 14:00,11.14,-6.9,330,4065.6,4086.54,4159.25,4103.8,0,307,8.855868605
759,2019/2/1 15:00,8.47,-8,301,3748.54,3794.14,3817.1,3786.59,1.3,90,8.002191936
760,2019/2/1 16:00,8.6,-7.1,296,3796.2,3753.54,3799.88,3783.21,0,233,8.176670373
761,2019/2/1 17:00,8.06,-6.5,284,3689.64,3671.92,3707.2,3689.59,0,352,8.031544884
762,2019/2/1 18:00,7.87,-6.7,274,3580.2,3645.36,3674.1,3633.22,0.6,257,7.817815554
763,2019/2/1 19:00,7.39,-6.9,245,3361.68,3355.01,3438.05,3384.91,0.7,283,7.358219259
764,2019/2/1 20:00,8.14,-7.4,238,3221.61,3052.35,3167.12,3147.03,1.7,277,6.96005633
765,2019/2/1 21:00,7.76,-6.7,257,3472.11,3406.8,3446.88,3441.93,0.8,243,7.47763905
766,2019/2/1 22:00,7.26,-6.5,246,3323.2,3323.2,3348.34,3331.58,0,262,7.252310845
767,2019/2/1 23:00,7.76,-6.9,249,3274.48,3318.24,3381.69,3324.8,0,332,7.278061743
768,2019/2/2 0:00,7.74,-6.6,217,2896.77,2888.11,2934.6,2906.49,0.1,348,6.484153005
769,2019/2/2 1:00,6.64,-7.4,172,2648.82,2815.68,2674.56,2713.02,0.2,125,5.867217275
770,2019/2/2 2:00,5.81,-7.1,168,2544.75,2678.54,2160.62,2461.3,1.4,201,5.471571779
771,2019/2/2 3:00,3.18,-7.5,157,2554.42,2602.23,2714.36,2623.67,0.2,113,5.565804367
772,2019/2/2 4:00,3.43,-7.4,168,2513.95,2485.65,2684.88,2561.49,0.5,103,5.454853677
773,2019/2/2 5:00,3.51,-7.4,167,2750.86,2574.91,2832.96,2719.58,0.3,156,5.845784487
774,2019/2/2 6:00,3.66,-7.5,160,2533.32,2530.22,2658.8,2574.11,0,132,5.511218049
775,2019/2/2 7:00,3.6,-7.4,158,2577.96,2628.66,2683.14,2629.92,0,138,5.618986745
776,2019/2/2 8:00,2.95,-7.5,112,2049,2141.48,2117.3,2102.59,0.3,173,4.521972862
777,2019/2/2 9:00,0,24.7,112,2012.91,1734,445782.6,149843.17,19.3,92,4.521972862
778,2019/2/2 10:00,1.72,-7.5,102,1244.4,1319.04,1739.9,1434.45,0,101,2.94448475
779,2019/2/2 11:00,-1.5,-7.7,44,733.52,724.5,790.05,749.36,0,194,1.575097514
780,2019/2/2 12:00,-3.04,-7.9,39,725.55,709.92,677.18,704.22,0,239,1.449954338
781,2019/2/2 13:00,-3.73,-7.8,40,641.7,706.86,735.09,694.55,0.9,256,1.267512209
782,2019/2/2 14:00,-4.85,-8,41,992.64,969.96,896.55,953.05,1.2,253,1.872545271
783,2019/2/2 15:00,-5.33,-7.9,36,641.24,537.42,620.1,599.59,0.5,211,1.218216853
784,2019/2/2 16:00,-5.73,-7.9,36,609.84,701.95,863.46,725.08,0,230,1.217060428
785,2019/2/2 17:00,-5.96,-7.9,33,815.48,821.34,778.11,804.98,0,302,1.476394556
786,2019/2/2 18:00,-6.14,-8,33,821.34,785.12,841.2,815.89,0,228,1.558591449
787,2019/2/2 19:00,-7,-8.2,24,410.4,394.4,520.6,441.8,0,211,0.776136245
788,2019/2/2 20:00,-11.14,-9,5,115.38,109.82,136.5,120.57,0.3,262,0.106662005
789,2019/2/2 21:00,-16.16,-13.5,3,131,143.88,133.2,136.03,0.9,115,0.111999432
790,2019/2/2 22:00,-15.91,-13.5,14,144.76,159.12,158.16,154.01,0.4,143,0.150617696
791,2019/2/2 23:00,-15.87,-13.4,15,153.64,159.6,162.75,158.66,0.4,149,0.162606926
792,2019/2/3 0:00,-15.79,-13.5,7,145.2,154.56,152.03,150.6,0.1,149,0.147740784
793,2019/2/3 1:00,-15.87,-13.6,5,132.6,140.28,145.64,139.51,0.7,119,0.12420793
794,2019/2/3 2:00,-15.94,-13.7,5,135.2,145.64,145.42,142.09,0.7,126,0.124337469
795,2019/2/3 3:00,-15.91,-13.9,14,142.17,157.09,168.48,155.91,0.4,149,0.142459995
796,2019/2/3 4:00,-15.89,-13.9,9,160.08,166.5,182.84,169.81,0.4,141,0.169876726
797,2019/2/3 5:00,-15.81,-13.9,11,194.01,199.81,209.87,201.23,0.9,139,0.226604621
798,2019/2/3 6:00,-14.97,-13.5,44,421.2,453.05,482.31,452.19,1.2,127,0.706653327
799,2019/2/3 7:00,-14.64,-13.4,54,478.04,530.48,572.67,527.06,0.6,115,0.852733917
800,2019/2/3 8:00,-11.89,-12.3,86,994.98,1006.74,1055.24,1018.99,0.2,138,1.939829224
801,2019/2/3 9:00,-11.08,-12.2,86,953.61,1120.08,1071,1048.23,0.4,118,1.935658116
802,2019/2/3 10:00,-9.96,-12.1,127,1499.68,1497.6,1629.86,1542.38,0.9,102,3.097364533
803,2019/2/3 11:00,-9.23,-12.3,124,1563.06,1505.2,1485.12,1517.79,1.6,106,3.205613854
804,2019/2/3 12:00,-7.67,-12,138,1568.6,1615.9,1673.2,1619.23,0.6,127,3.310392023
805,2019/2/3 13:00,-5.72,-11.5,155,1853.1,1860.2,1938.75,1884.02,1.1,135,3.939038163
806,2019/2/3 14:00,-4.48,-11.4,162,1975.32,1990.92,1986.66,1984.3,1.6,137,4.217577057
807,2019/2/3 15:00,-3.91,-10.8,176,2036.16,2093.85,2127.06,2085.69,0.9,128,4.373393198
808,2019/2/3 16:00,-3.25,-10.3,180,2129.1,2162.16,2176.2,2155.82,1.5,182,4.54279646
809,2019/2/3 17:00,-2.31,-9.5,200,2348.35,2342.15,2425.53,2372.01,0.9,143,4.988345016
810,2019/2/3 18:00,-2.22,-9.4,203,2383.59,2366.22,2436.02,2395.28,0.8,121,5.047814727
811,2019/2/3 19:00,-1.04,-9,208,2383.74,2359.6,2477.58,2406.97,1.4,162,5.086945224
812,2019/2/3 20:00,-1,-9,210,2411.62,2397.78,2467.08,2425.49,0.8,149,5.132484929
813,2019/2/3 21:00,-0.44,-8.8,222,2474.2,2508.33,2608.84,2530.46,0.9,184,5.319701515
814,2019/2/3 22:00,0.41,-8.5,238,2744.28,2732.4,2848.32,2775,1.9,183,5.845262238
815,2019/2/3 23:00,0.95,-8.2,252,2760,2801.4,2878.53,2813.31,1.2,240,5.940799863
816,2019/2/4 0:00,1.37,-7.8,260,2893.8,2848.32,3011.54,2917.89,1.7,248,6.169989914
817,2019/2/4 1:00,2.85,-7.2,275,3048.25,3044.07,3157.85,3083.39,0.5,266,6.555309929
818,2019/2/4 2:00,3.45,-7,276,3064.32,3078,3128.14,3090.15,1.5,211,6.541597468
819,2019/2/4 3:00,2.95,-6.9,273,3041.4,3055.1,3119.04,3071.85,1.4,234,6.502037946
820,2019/2/4 4:00,3.04,-7,281,3087,3091.68,3180.27,3119.65,1.3,266,6.619815338
821,2019/2/4 5:00,3.7,-7,283,3096.2,3087.16,3173.46,3118.94,2.3,262,6.635015901
822,2019/2/4 6:00,4.28,-6.5,282,3132.72,3098.55,3193.89,3141.72,1.5,218,6.672301578
823,2019/2/4 7:00,4.62,-6.4,287,3080.4,3098.46,3204.24,3127.7,0.8,155,6.591783251
824,2019/2/4 8:00,4.62,-6.4,286,3019.42,3113.88,3192.75,3108.68,0.9,245,6.590193372
825,2019/2/4 9:00,5.1,-6.3,279,3057.78,3066.81,3064.5,3063.03,1,226,6.561895375
826,2019/2/4 10:00,5.37,-6.5,282,3039.73,3055.5,3136.64,3077.29,1.4,159,6.523952385
827,2019/2/4 11:00,5.43,-6.5,281,3044.22,3071.34,3148.05,3087.87,1.5,124,6.524229471
828,2019/2/4 12:00,5.24,-6.2,282,3046.5,3055.52,3118.5,3073.51,0.5,184,6.542192637
829,2019/2/4 13:00,6.24,-5.8,274,2792.95,2649.92,3028.5,2823.79,0,208,6.052140072
830,2019/2/4 14:00,7.04,-5.1,257,3057.75,3003.75,3024,3028.5,1.7,170,6.512654365
831,2019/2/4 15:00,6.45,-5.5,262,2821.5,2772.76,2945.69,2846.65,1.7,179,6.105320792
832,2019/2/4 16:00,6.22,-5.6,271,2845.01,2788.8,2893.28,2842.36,1.4,198,6.121912127
833,2019/2/4 17:00,5.7,-5.5,265,2911.1,2862,2925.56,2899.55,2,167,6.203088127
834,2019/2/4 18:00,5.62,-5.5,274,2944.95,2960.88,2999.3,2968.38,1,166,6.316909373
835,2019/2/4 19:00,6.41,-4.8,253,2755.39,2770.14,2802.24,2775.92,0.3,276,6.039918909
836,2019/2/4 20:00,6.37,-4.9,262,2671.32,2781,2835.84,2762.72,1.4,209,5.902883929
837,2019/2/4 21:00,6.29,-5.4,271,2918.42,2916,2918.85,2917.76,0.9,131,6.237029516
838,2019/2/4 22:00,6.27,-5.2,257,2833.33,2887.17,2887.17,2869.22,0.3,145,6.128742454
839,2019/2/4 23:00,6.37,-5.2,257,2747.25,2763.4,2778.88,2763.18,1.2,126,5.91669176
840,2019/2/5 0:00,6.47,-5.4,261,2770.14,2759.3,2864.5,2797.98,1.6,187,6.013610195
841,2019/2/5 1:00,5.74,-5.6,263,2766.03,2705.46,2840.06,2770.52,1.2,163,5.938934644
842,2019/2/5 2:00,5.01,-5.5,245,2661.68,2685.27,2720.25,2689.07,1,229,5.779724812
843,2019/2/5 3:00,5.3,-5.4,227,2568.8,2551.5,2571.75,2564.02,1.5,196,5.540934647
844,2019/2/5 4:00,4.08,-5.2,179,2091.32,2132.06,1984.5,2069.29,0.8,192,4.51647766
845,2019/2/5 5:00,3.08,-5.3,213,2322.06,2130.35,2162.4,2204.94,1.4,142,4.846515967
846,2019/2/5 6:00,2.41,-5.4,197,2121.02,2236.68,2101.2,2152.97,1.1,229,4.584258618
847,2019/2/5 7:00,2.26,-5.2,174,1800.48,1645.6,1857.72,1767.93,1.2,137,3.865035049
848,2019/2/5 8:00,1.64,-5.4,177,1792.08,1787.85,1817.9,1799.28,1.2,145,3.873017195
849,2019/2/5 9:00,1.22,-5.4,180,1639.2,1673.35,1757.88,1690.14,1.1,153,3.588283008
850,2019/2/5 10:00,1.47,-5.4,200,2014.8,1882.38,1905.57,1934.25,0.9,128,4.244131997
851,2019/2/5 11:00,1.43,-5.4,201,2046.33,2149.68,1980.7,2058.9,0.7,202,4.381594974
852,2019/2/5 12:00,1.45,-5.5,159,1947.04,1777.41,1572.96,1765.8,1.3,139,4.019861806
853,2019/2/5 13:00,1.01,-5.5,174,1733.05,1612.1,1680.18,1675.11,1.6,124,3.689169424
854,2019/2/5 14:00,1.01,-5.4,206,2083.8,2098.4,2111.4,2097.87,1,97,4.456681238
855,2019/2/5 15:00,2.16,-5.2,221,2342.49,2329,2431.98,2367.82,1.7,144,5.004585268
856,2019/2/5 16:00,2.41,-5.1,217,2349.49,2315.3,2376.84,2347.21,1.2,119,4.992685778
857,2019/2/5 17:00,2.95,-5.1,210,2315.04,2270.66,2342.69,2309.46,0.6,171,4.945410487
858,2019/2/5 18:00,3.33,-5,203,2212.55,2212.92,2250.6,2225.36,1.8,119,4.768788804
859,2019/2/5 19:00,1.43,-5.3,140,1648.8,1678.25,1564,1630.35,1.1,124,3.554478301
860,2019/2/5 20:00,-1.31,-5.6,113,1229.98,1057.98,1260.87,1182.94,0.6,147,2.587981894
861,2019/2/5 21:00,-1.64,-5.6,90,1011.36,969.86,924.75,968.66,1.8,151,2.112969161
862,2019/2/5 22:00,-1.64,-5.7,90,850.64,906.84,884,880.49,1.8,151,1.843454544
863,2019/2/5 23:00,-5.62,-6.2,49,431.55,437.12,548.26,472.31,1.2,139,0.903805076
864,2019/2/6 0:00,-6.91,-6.5,34,324.48,321.6,356.69,334.26,1.4,151,0.640968461
865,2019/2/6 1:00,-7.19,-6.7,32,318.19,346.29,364.5,342.99,1.1,154,0.635733021
866,2019/2/6 2:00,-7.52,-6.7,31,315.37,310.5,323.52,316.46,1.4,106,0.637911262
867,2019/2/6 3:00,-7.73,-6.8,31,303.75,309.58,320.64,311.32,1.2,130,0.60469155
868,2019/2/6 4:00,-7.91,-6.9,30,297.44,308.66,344.25,316.78,1,132,0.594256972
869,2019/2/6 5:00,-8.1,-7,28,317.72,308.66,343.74,323.37,1,111,0.633865235
870,2019/2/6 6:00,-8.62,-7.2,20,272,280.44,275.11,275.85,0.9,124,0.529355804
871,2019/2/6 7:00,-8.77,-7.4,14,244.08,215.68,220.44,226.73,0.3,129,0.481394091
872,2019/2/6 8:00,-9.25,-7.4,10,144.98,142.56,179.01,155.52,0.4,136,0.287490704
873,2019/2/6 9:00,-20.72,-19,3,183.56,149.16,256.78,196.5,2,76,0.151374716
874,2019/2/6 10:00,-20.68,-19,6,230.01,160.31,274.4,221.57,2.3,81,0.232759476
875,2019/2/6 11:00,-20.37,-18.9,15,392.7,200.97,414.7,336.12,1.9,77,0.527508879
876,2019/2/6 12:00,-20.1,-18.6,30,525.6,234.63,504.81,421.68,1.3,75,0.780916608
877,2019/2/6 13:00,0.24,6.5,30,525.4,465945.5,13983.2,160151.37,1.3,75,0.780916608
878,2019/2/6 14:00,-17.33,-17.7,60,878.4,841.8,968.88,896.36,0,19,1.71211129
879,2019/2/6 15:00,-15.75,-17.4,77,1089.19,1078.98,1146.1,1104.76,0.2,352,1.95940379
880,2019/2/6 16:00,-14,-16.8,99,1339.56,1343.1,1464.5,1382.39,0.6,55,2.767349209
881,2019/2/6 17:00,-13.44,-16.6,110,1548.51,1515.25,1607.28,1557.01,0.4,77,3.177152769
882,2019/2/6 18:00,-13.29,-16.7,117,1570.32,1571.08,1670.13,1603.84,0.7,51,3.275617955
883,2019/2/6 19:00,-13.02,-16.6,119,1645.75,1660.25,1701.4,1669.13,1,74,3.421371673
884,2019/2/6 20:00,-12.71,-16.4,132,1752.08,1756.92,1867.92,1792.31,2.3,57,3.711918617
885,2019/2/6 21:00,-12.29,-16,136,1810.23,1824.48,1915.2,1849.97,0.8,67,3.782697451
886,2019/2/6 22:00,-10.71,-15.7,158,2030.4,2034.77,2157,2074.06,0.9,53,4.287609336
887,2019/2/6 23:00,-10.67,-15.7,163,2080.8,2064.96,2192.95,2112.9,2.5,16,4.450862717
888,2019/2/7 0:00,-10.04,-15.4,177,2192.95,2232.98,2355.04,2260.32,0.5,75,4.625742435
889,2019/2/7 1:00,-9.93,-15.4,184,2290.42,2297.6,2391.44,2326.49,0.3,106,4.785641236
890,2019/2/7 2:00,-9.2,-15.4,187,2412.92,2491.46,2456.16,2453.51,1.1,8,5.099813266
891,2019/2/7 3:00,-8.19,-14.9,206,2652.65,2666.95,2709.4,2676.33,1,86,5.536682719
892,2019/2/7 4:00,-7.68,-14.9,217,2694.69,2719.3,2830.61,2748.2,2.7,85,5.685740356
893,2019/2/7 5:00,-7.96,-14.9,220,2837.74,2819.52,2854.2,2837.15,2.1,69,5.890275361
894,2019/2/7 6:00,-7.66,-14.5,229,2862.24,2854.2,2963.62,2893.35,1.1,75,5.949887855
895,2019/2/7 7:00,-7.56,-14.5,230,2865.33,2878.54,2999.07,2914.31,2.4,80,5.993158942
896,2019/2/7 8:00,-7.5,-14.7,231,2893.77,2911,2994.84,2933.2,1.4,17,6.041155561
897,2019/2/7 9:00,-7.31,-14.3,240,2946.5,2956.53,3066.75,2989.93,1,92,6.123700324
898,2019/2/7 10:00,-6.25,-14.2,246,3095.6,3082.52,3136.44,3104.85,2,93,6.409242821
899,2019/2/7 11:00,-6,-13.9,255,3147.96,3139.08,3196.56,3161.2,1.2,25,6.51506441
900,2019/2/7 12:00,-5.06,-13.7,269,3264.15,3268.95,3392.84,3308.65,1.9,49,6.788318725
901,2019/2/7 13:00,-4.48,-13.8,269,3275.98,3292.38,3392.84,3320.4,2.1,62,6.825729466
902,2019/2/7 14:00,-4.56,-13.5,274,3278.25,3332,3397.14,3335.8,2.4,31,6.84235931
903,2019/2/7 15:00,-4.71,-13.5,278,3395.86,3374.4,3427.18,3399.15,1.5,97,6.996207962
904,2019/2/7 16:00,-3.91,-13,281,3419.25,3432.78,3450.15,3434.06,1.3,71,7.064453163
905,2019/2/7 17:00,-4.02,-13.1,284,3433.35,3390.15,3496.98,3440.16,0.5,98,7.095319604
906,2019/2/7 18:00,-4.37,-13.3,284,3371.81,3371.34,3464.09,3402.41,1.2,63,6.980730134
907,2019/2/7 19:00,-4.04,-13.2,283,3378.32,3404.13,3457.12,3413.19,1.3,70,7.003449253
908,2019/2/7 20:00,-3.35,-13.1,286,3376.17,3408.33,3468.05,3417.52,1,64,7.021385635
909,2019/2/7 21:00,-2.98,-13,290,3409,3361.68,3478.86,3416.51,2.4,76,7.064114934
910,2019/2/7 22:00,-2.54,-12.8,297,3505.91,3514.8,3565.35,3528.69,2.1,68,7.26622672
911,2019/2/7 23:00,-1.73,-12.4,301,3423.42,3497.76,3556.88,3492.69,1.2,65,7.166424601
912,2019/2/8 0:00,-1.87,-12.3,302,3481.95,3494.6,3588,3521.52,1.6,78,7.247989036
913,2019/2/8 1:00,-1.6,-12.3,301,3531.01,3543.04,3593.2,3555.75,1.4,8,7.333177425
914,2019/2/8 2:00,-0.93,-11.9,308,3603.6,3600.11,3650.1,3617.94,2.8,48,7.48044512
915,2019/2/8 3:00,-1.85,-12.2,307,3548.35,3605.32,3622.5,3592.06,1.4,73,7.375029786
916,2019/2/8 4:00,-2.1,-11.9,307,3589.74,3568.95,3596.58,3585.09,1.5,62,7.397647453
917,2019/2/8 5:00,-1.64,-11.8,312,3539.4,3598.4,3689.19,3609,1.2,77,7.390963604
918,2019/2/8 6:00,-1.62,-11.7,312,3610.53,3646.84,3699.93,3652.43,1.5,85,7.499123958
919,2019/2/8 7:00,-0.41,-11.2,313,3543.2,3560.4,3701.44,3601.68,0.3,133,7.442598676
920,2019/2/8 8:00,-0.48,-11.5,313,3588,3613.62,3693.6,3631.74,1.9,99,7.483493495
921,2019/2/8 9:00,-0.62,-11.4,310,3600.11,3591.36,3707.28,3632.92,2.1,54,7.495650456
922,2019/2/8 10:00,-0.56,-11.2,311,3605.32,3617.25,3718.12,3646.9,1.6,73,7.512489894
923,2019/2/8 11:00,0.28,-10.8,303,3524.1,3574.06,3628.94,3575.7,1.6,104,7.385655197
924,2019/2/8 12:00,2.31,-10,297,3519.18,3498.66,3607.78,3541.87,0.6,62,7.390492494
925,2019/2/8 13:00,2.81,-9.8,295,3472.95,3510.62,3568.44,3517.34,0,58,7.340979063
926,2019/2/8 14:00,2.51,-9.9,299,3527.75,3568.44,3583.6,3559.93,0.9,101,7.426615037
927,2019/2/8 15:00,2.55,-10,298,3514.05,3551.6,3638,3567.88,0.8,77,7.421941543
928,2019/2/8 16:00,1.83,-9.5,296,3462.81,3524.28,3614.6,3533.9,2,81,7.312411787
929,2019/2/8 17:00,1.45,-9.8,285,3455.61,3442.32,3503.79,3467.24,2.1,81,7.22487836
930,2019/2/8 18:00,1.24,-9.9,284,3412.48,3420,3496.96,3443.15,1.6,84,7.160666339
931,2019/2/8 19:00,1.76,-9.7,273,3336.8,3362.26,3382.72,3360.59,1,103,7.028895614
932,2019/2/8 20:00,1.6,-9.7,274,3373.17,3315.4,3430.46,3373.01,1.7,59,7.057065405
933,2019/2/8 21:00,2.2,-9.4,262,3171.55,3112.2,3346.7,3210.15,0.3,69,6.723349199
934,2019/2/8 22:00,2.37,-9.3,251,3128.16,3112.2,3157.66,3132.67,2.2,100,6.610742252
935,2019/2/8 23:00,2.6,-9.5,244,3048.25,3036.96,3137.3,3074.17,1.4,142,6.507084909
936,2019/2/9 0:00,2.35,-9.5,241,2986.6,2966.05,3080.33,3010.99,1.9,97,6.366535677
937,2019/2/9 1:00,2.29,-9.5,234,2930.88,2911.25,3016.44,2952.86,2.2,89,6.259095571
938,2019/2/9 2:00,1.62,-9.5,228,2903.36,2901.78,2959.2,2921.45,2,98,6.183334544
939,2019/2/9 3:00,1.85,-9.5,226,2852.46,2846.9,2942.94,2880.77,1.7,110,6.103208059
940,2019/2/9 4:00,2.06,-9.1,218,2794.5,2770.2,2868.96,2811.22,0.6,87,5.970991058
941,2019/2/9 5:00,2.06,-9.3,196,2546.1,2517.62,2603.73,2555.82,0.6,179,5.507826804
942,2019/2/9 6:00,1.95,-9.2,184,2418.39,2390.65,2473.2,2427.41,1.3,121,5.239258832
943,2019/2/9 7:00,1.81,-9.1,178,2359.84,2328.93,2394.14,2360.97,1.2,69,5.114931043
944,2019/2/9 8:00,1.14,-9.1,174,2259.92,2246.49,2332.4,2279.6,0.8,115,4.907058553
945,2019/2/9 9:00,0.7,-9.3,162,2182.95,2170.35,2225.47,2192.92,1.5,109,4.74658393
946,2019/2/9 10:00,0.49,-9.3,156,2096.76,2060.11,2115.23,2090.7,0.6,135,4.537127688
947,2019/2/9 11:00,0.43,-9.1,151,1983.17,1962.44,2083.8,2009.8,0,138,4.327350385
948,2019/2/9 12:00,0.22,-9,142,1934.8,1962.44,2014.8,1970.68,0,141,4.228799091
949,2019/2/9 13:00,0.14,-9.2,133,1880.74,1856.1,1887.86,1874.9,0.5,104,4.095050176
950,2019/2/9 14:00,-0.29,-9.2,129,1789.69,1794,1850.72,1811.47,0.3,108,3.91700178
951,2019/2/9 15:00,-0.89,-9.4,122,1730,1727.5,1791.4,1749.63,0.6,102,3.782110453
952,2019/2/9 16:00,-1.27,-9.4,121,1700.3,1702.32,1771.52,1724.71,0.9,93,3.721522352
953,2019/2/9 17:00,-2,-9.5,117,1628.64,1663.2,1750.76,1680.87,0.9,79,3.584311773
954,2019/2/9 18:00,-2.14,-9.4,105,1589.26,1563.92,1610.03,1587.74,0,104,3.431373518
955,2019/2/9 19:00,-3.18,-9.5,83,1338.24,1291.3,1330.56,1320.03,0.7,86,2.879250003
956,2019/2/9 20:00,-3.85,-9.5,79,1181.04,1156.65,1281,1206.23,0.8,67,2.577354161
957,2019/2/9 21:00,-3.31,-9.4,66,1071,1077.12,1093.56,1080.56,0,26,2.401303396
958,2019/2/9 22:00,-4.41,-9.5,39,927.01,894.72,1010.88,944.2,0,6,2.070505584
959,2019/2/9 23:00,-5.16,-9.2,24,817.83,794.58,803.85,805.42,0,6,1.802387066
960,2019/2/10 0:00,-6.39,-9.5,19,631.54,620.33,625.5,625.79,0,6,1.40478125
961,2019/2/10 1:00,-7.16,-9.7,17,477.48,505.16,557.28,513.31,0,6,1.097430327
962,2019/2/10 2:00,-8.44,-9.8,11,405.92,395.56,420.29,407.26,0,6,0.910928188
963,2019/2/10 3:00,-8.91,-9.9,11,385.28,382.48,409.8,392.52,0,6,0.861300332
964,2019/2/10 4:00,-9.5,-9.9,10,360.4,343.74,391.59,365.24,0,96,0.708361335
965,2019/2/10 5:00,-10.15,-10,3,316.78,318.66,324.48,319.97,0,96,0.608550042
966,2019/2/10 6:00,-10.89,-10.1,6,246.6,271.6,276.34,264.85,0,90,0.479018242
967,2019/2/10 7:00,0.01,0.1,1,0,0,0,0,0.1,1,0.379993053
968,2019/2/10 8:00,-23.35,-21.4,14,265.29,171.12,442.86,293.09,0.8,281,0.168384683
969,2019/2/10 9:00,-23.22,-21.4,12,400.4,172.8,484.44,352.55,0.8,279,0.381771238
970,2019/2/10 10:00,-22.62,-21.1,13,611.71,217.2,642.4,490.44,1.1,278,0.758831516
971,2019/2/10 11:00,-20.85,-20.4,59,858.4,304.08,995.52,719.33,0.9,279,1.304572082
972,2019/2/10 12:00,-19.58,-19.9,60,1005.75,351.84,1127.61,828.4,0.8,283,1.600528732
973,2019/2/10 13:00,-18.98,-19.8,70,1120.24,451.4,1158.14,909.93,0.4,276,1.844122844
974,2019/2/10 14:00,-17.96,-19.2,73,1197.84,1167.62,1289.75,1218.4,0.4,267,2.190784151
975,2019/2/10 15:00,-17.46,-19.2,85,1252.29,1198.8,1339.4,1263.5,0.5,290,2.315200647
976,2019/2/10 16:00,-15.56,-19.1,101,1407.9,1352.4,1518.22,1426.17,1.2,273,2.750595095
977,2019/2/10 17:00,-13.56,-18.1,125,1726.92,1673.52,1822.8,1741.08,1.6,281,3.494181271
978,2019/2/10 18:00,-13.33,-18.1,131,1759.04,1717.85,1900.6,1792.5,1.5,286,3.587676414
979,2019/2/10 19:00,-13.25,-18,135,1812.98,1764.12,1931.85,1836.32,1.9,281,3.70482793
980,2019/2/10 20:00,-12.81,-17.3,148,2027.64,1959.08,2113.92,2033.55,1.5,279,4.134027976
981,2019/2/10 21:00,-11.54,-16.9,167,2208.87,2151.92,2254.75,2205.18,2.3,275,4.549479913
982,2019/2/10 22:00,-10.54,-15.8,190,2435.45,2432.64,2581.18,2483.09,1.6,296,5.073019572
983,2019/2/10 23:00,-10.5,-15.4,193,2468.84,2570.32,2591.92,2543.69,1.7,261,5.158652272
984,2019/2/11 0:00,-9.98,-15.4,204,2552.34,2613.52,2725.71,2630.52,1.9,275,5.350243948
985,2019/2/11 1:00,-8.54,-15.2,209,2645.92,2624.22,2743.2,2671.11,2.3,284,5.52780018
986,2019/2/11 2:00,-7.75,-13.8,239,2933.44,2951.82,3044.51,2976.59,1.2,257,6.111795675
987,2019/2/11 3:00,-7.22,-13.7,242,2994.6,2999.07,3099.96,3031.21,0.9,273,6.255061465
988,2019/2/11 4:00,-5.5,-12.2,275,3372.39,3435.52,3491.84,3433.25,0.5,285,7.080446563
989,2019/2/11 5:00,-5.5,-11.6,276,3426.3,3489.75,3581.4,3499.15,2.7,310,7.159374961
990,2019/2/11 6:00,-5.08,-11.7,277,3442.56,3500.94,3597.44,3513.65,1.5,334,7.23919978
991,2019/2/11 7:00,-4.73,-11.4,284,3546.15,3549,3591,3562.05,1.2,290,7.369914395
992,2019/2/11 8:00,-4.52,-11.6,285,3578.27,3634.8,3682,3631.69,2.5,343,7.484160528
993,2019/2/11 9:00,-4.35,-11,293,3573.76,3661,3809.55,3681.44,2.1,293,7.514893982
994,2019/2/11 10:00,-4.06,-11,297,3697.71,3748.26,3762.22,3736.06,1.9,284,7.689271682
995,2019/2/11 11:00,-3.56,-10.8,301,3731,3721.98,3903.2,3785.39,2,299,7.778908015
996,2019/2/11 12:00,-3.5,-10.7,308,3762.22,3783.16,3871.15,3805.51,2.3,264,7.806375115
997,2019/2/11 13:00,-3.41,-10.7,321,4012.26,3940.65,4052.96,4001.96,1.6,314,8.278955611
998,2019/2/11 14:00,-3.66,-10.4,325,4047.21,4031,4143.18,4073.8,2.8,318,8.352777599
999,2019/2/11 15:00,-2.81,-10.2,329,4040.22,4006.68,4163.05,4069.98,2,299,8.371448038
1000,2019/2/11 16:00,-2.92,-10.1,331,4039.08,4114.4,4183.9,4112.46,0.2,320,8.473786059
1001,2019/2/11 17:00,-3.31,-10.2,338,4135.25,4152,4241.16,4176.14,0.7,247,8.583310979
1002,2019/2/11 18:00,-2.77,-9.4,341,4121.35,4139.09,4242.74,4167.73,0.6,357,8.579811532
1003,2019/2/11 19:00,-2.54,-9.5,344,4154.12,4133.1,4276.56,4187.93,1.2,306,8.621512888
1004,2019/2/11 20:00,-1.89,-9.3,345,4191.76,4180.55,4271.1,4214.47,1.8,310,8.692726445
1005,2019/2/11 21:00,-1.81,-9.9,347,4192.65,4195.2,4298.7,4228.85,3.2,345,8.683103609
1006,2019/2/11 22:00,-1.87,-9.7,352,4267.3,4250.4,4375.15,4297.62,2.5,10,8.857824679
1007,2019/2/11 23:00,-1.81,-9.2,353,4235.83,4231.2,4362.96,4276.66,2,308,8.793554827
1008,2019/2/12 0:00,-1.69,-9.2,354,4251.13,4252.53,4369.82,4291.16,0.9,49,8.827354856
1009,2019/2/12 1:00,-0.95,-9.1,355,4244.24,4239.48,4376.68,4286.8,0.4,276,8.863482872
1010,2019/2/12 2:00,-0.89,-9.3,354,4251.84,4253.85,4357.54,4287.74,2.6,1,8.847847286
1011,2019/2/12 3:00,0.43,-8.7,354,4218.9,4253.85,4357.54,4276.76,0.6,276,8.858148575
1012,2019/2/12 4:00,-0.73,-9.4,346,4151.1,4157.95,4235.22,4181.42,2.3,346,8.640234549
1013,2019/2/12 5:00,-0.41,-8.8,341,4128.87,4137.4,4221.58,4162.62,0.6,75,8.584973669
1014,2019/2/12 6:00,0.03,-8.7,340,4100.48,4084.34,4207.28,4130.7,1.3,277,8.561662121
1015,2019/2/12 7:00,0.18,-8.7,339,4078.88,4104.83,4200.45,4128.05,1,5,8.500416137
1016,2019/2/12 8:00,-0.21,-9,339,4093.6,4092,4200.45,4128.68,1.2,13,8.509773817
1017,2019/2/12 9:00,1.22,-8.2,333,4049.28,4051.08,4113.24,4071.2,1.4,274,8.480393026
1018,2019/2/12 10:00,0.2,-8.5,329,4006.24,4003.34,4098.82,4036.13,1.1,285,8.389404401
1019,2019/2/12 11:00,0.53,-8.6,327,4013.1,3990.66,4072.38,4025.38,0.5,231,8.390137117
1020,2019/2/12 12:00,0.68,-8.3,323,3979.85,3975.06,4051.08,4002,1.2,288,8.342596303
1021,2019/2/12 13:00,0.99,-8.3,321,3891.96,3880.58,4004.28,3925.61,0.3,313,8.210865921
1022,2019/2/12 14:00,0.7,-8.2,315,3860.94,3873.76,3961.4,3898.7,1.2,276,8.118887618
1023,2019/2/12 15:00,0.1,-8.7,302,3723.54,3740.1,3832.84,3765.49,1.2,293,7.853288113
1024,2019/2/12 16:00,0.53,-8.1,296,3696.06,3693.6,3801.75,3730.47,1.3,273,7.781948417
1025,2019/2/12 17:00,-0.27,-8.5,289,3628.94,3654.84,3718.12,3667.3,0.4,279,7.670529246
1026,2019/2/12 18:00,-0.23,-8.3,287,3648.48,3639.52,3724.98,3670.99,1.9,348,7.685843504
1027,2019/2/12 19:00,-1.14,-8.2,272,3420.45,3419.36,3541.46,3460.42,1.6,288,7.202324502
1028,2019/2/12 20:00,-1.23,-8.4,258,3379.78,3336.8,3402.63,3373.07,1,285,7.087917513
1029,2019/2/12 21:00,-1.39,-8.3,254,3289.56,3261.12,3365.17,3305.28,1.9,313,6.925641704
1030,2019/2/12 22:00,-2.14,-8.3,238,3152.88,3146.22,3240.79,3179.96,1.3,292,6.645119653
1031,2019/2/12 23:00,-1.41,-8.4,235,3094.68,3069.36,3208.59,3124.21,1.8,300,6.55216126
1032,2019/2/13 0:00,-2.66,-8.4,224,3003,3040.65,3073.77,3039.14,1.9,316,6.356695393
1033,2019/2/13 1:00,-2.6,-8.3,219,2968,2958,3029.32,2985.11,1.3,267,6.123006558
1034,2019/2/13 2:00,-2.52,-8.3,216,2923.17,2888.4,3018.01,2943.19,2.3,271,6.138309383
1035,2019/2/13 3:00,-2.85,-8.5,207,2885.22,2878.61,2961,2908.28,2.2,284,6.073452075
1036,2019/2/13 4:00,-3.46,-8.5,200,2775.96,2802.99,2872.89,2817.28,2.8,280,5.852255874
1037,2019/2/13 5:00,-3.75,-8.4,188,2717.44,2695,2758,2723.48,2.4,289,5.679172914
1038,2019/2/13 6:00,-3.73,-8.7,183,2618,2625,2709,2650.67,1.2,265,5.51000839
1039,2019/2/13 7:00,-3.93,-8.5,176,2579.68,2597.4,2653.56,2610.21,2.2,287,5.4233131
1040,2019/2/13 8:00,-4.54,-8.6,155,2393.34,2393.82,2439.48,2408.88,2.3,349,5.012131587
1041,2019/2/13 9:00,-4.79,-8.7,149,2350.98,2351.36,2379.78,2360.71,1.4,301,4.8912228
1042,2019/2/13 10:00,-5.16,-9,142,2219.17,2195.66,2298.81,2237.88,2.2,283,4.610028018
1043,2019/2/13 11:00,-5.4,-8.9,131,2070.28,2156.35,2185.5,2137.38,0.6,299,4.336306544
1044,2019/2/13 12:00,-5.72,-8.9,120,1978.11,1944.25,2061.52,1994.63,2,297,4.051375626
1045,2019/2/13 13:00,-5.75,-8.9,96,1713.6,1755.84,1783.65,1751.03,1.6,274,3.357246897
1046,2019/2/13 14:00,-6.44,-9,85,1611.38,1616.24,1656.48,1628.03,1.5,302,3.196832447
1047,2019/2/13 15:00,-6.39,-8.9,83,1570.8,1580.64,1630.48,1593.97,1.7,306,3.110584162
1048,2019/2/13 16:00,-6.7,-9.1,49,1485.99,1485.12,1519.4,1496.84,1.4,279,2.903435571
1049,2019/2/13 17:00,-7.33,-9.2,27,1246,1226.36,1338.56,1270.31,1.8,284,2.360313412
1050,2019/2/13 18:00,-7.87,-9.4,24,1094.94,1079.2,1102.05,1092.06,0.8,263,2.02174139
1051,2019/2/13 19:00,-8.02,-9.5,24,969.96,928.79,1043.7,980.82,1.6,263,1.765853613
1052,2019/2/13 20:00,-8.33,-9.5,17,873.3,896.62,928.79,899.57,1.7,307,1.52804379
1053,2019/2/13 21:00,-10.06,-9.9,10,602.86,590.75,602.91,598.84,1,264,0.976763516
1054,2019/2/13 22:00,-12.83,-10.7,1,136.8,134.8,156.63,142.74,1,280,0.083604292
1055,2019/2/13 23:00,0.01,0.1,1,0,0,0,0,0.1,1,0.379993053
1056,2019/2/14 0:00,-17.6,-18.9,7,212.8,190.08,393.25,265.38,1.1,279,0.188356086
1057,2019/2/14 1:00,-20.66,-18.7,9,290.64,212.7,562.87,355.4,1.2,284,0.250631742
1058,2019/2/14 2:00,-20.14,-18.6,11,642.6,234.3,632.72,503.21,1.2,287,0.782832007
1059,2019/2/14 3:00,-17.92,-17.8,49,1033.53,306.6,1182.6,840.91,1.1,273,1.636936003
1060,2019/2/14 4:00,-14.43,-17.6,47,1167.06,337.18,1308.49,937.58,0.8,287,1.951956748
1061,2019/2/14 5:00,-15.31,-17,60,1402.2,1405.44,1505.86,1437.83,1.5,276,2.683841899
1062,2019/2/14 6:00,-14.9,-17,63,1438.64,1428.25,1529.88,1465.59,1.5,288,2.765874164
1063,2019/2/14 7:00,-11.98,-16.2,95,1764.18,1773.8,1798,1778.66,1.9,286,3.573476282
1064,2019/2/14 8:00,-11.58,-15.9,104,1805.44,1805.25,1926.55,1845.75,0.8,272,3.6830656
1065,2019/2/14 9:00,-11.23,-15.6,112,1858.56,1935.75,2055.78,1950.03,1.3,289,3.863205149
1066,2019/2/14 10:00,-11.1,-15.5,116,1975.59,1972.8,2099.6,2016,1.3,290,4.066077207
1067,2019/2/14 11:00,-10.12,-15,131,2177.42,2125.28,2253.6,2185.43,1.1,277,4.488738251
1068,2019/2/14 12:00,-9.77,-14.6,138,2197.08,2208.36,2301.57,2235.67,1.8,285,4.573079199
1069,2019/2/14 13:00,-9.39,-14.5,140,2287.23,2268.88,2369.4,2308.5,1.6,281,4.754248165
1070,2019/2/14 14:00,-9.19,-14,138,2254.52,2222.7,2337.42,2271.55,1.5,278,4.605668194
1071,2019/2/14 15:00,-9.04,-13.9,144,2247.34,2210.3,2351.76,2269.8,2.1,281,4.671506675
1072,2019/2/14 16:00,-8.54,-13.5,150,2352.35,2340.68,2438.73,2377.25,1.9,286,4.902616823
1073,2019/2/14 17:00,-8.43,-13.2,155,2366.1,2373.8,2452.45,2397.45,2.2,290,4.93739355
1074,2019/2/14 18:00,-7.94,-12.9,178,2617.05,2627.28,2741.76,2662.03,2,269,5.473721818
1075,2019/2/14 19:00,-7.17,-12.4,192,2806.02,2857.27,2859.13,2840.81,1.8,267,5.864628924
1076,2019/2/14 20:00,-6.75,-11.9,192,2877.42,2832.9,2900.88,2870.4,1.1,301,5.988244048
1077,2019/2/14 21:00,-6.89,-11.9,194,2744.46,2768.28,2867.4,2793.38,1.7,273,5.753123692
1078,2019/2/14 22:00,-6.71,-11.9,200,2769,2799.72,2879.55,2816.09,1.8,304,5.820561211
1079,2019/2/14 23:00,-6.79,-11.8,203,2861.3,2908.72,2966.52,2912.18,1.7,301,6.010221172
1080,2019/2/15 0:00,-5.98,-11.4,217,3037.32,2953.95,3035.97,3009.08,1.8,293,6.275904814
1081,2019/2/15 1:00,-4.27,-10.5,245,3201.12,3231.61,3275.98,3236.24,3.1,279,6.689079134
1082,2019/2/15 2:00,-3.89,-10.3,270,3451.73,3329.46,3563,3448.06,3.7,280,7.119350893
1083,2019/2/15 3:00,-3.14,-9.9,272,3507.97,3438.24,3617.43,3521.21,2,280,7.290479377
1084,2019/2/15 4:00,-2.85,-9.9,278,3462.08,3459.12,3579.25,3500.15,2.8,280,7.228757185
1085,2019/2/15 5:00,-2.85,-9.2,289,3659.25,3667.6,3817,3714.62,1.9,290,7.646364463
1086,2019/2/15 6:00,-2.44,-9,305,3800.16,3818.43,3961.5,3860.03,2.3,306,7.934961834
1087,2019/2/15 7:00,-2.35,-8.9,311,3953.28,3965.16,4013.6,3977.35,2.3,284,8.19535857
1088,2019/2/15 8:00,-2.04,-8.8,321,4003.2,4020.52,4112.4,4045.37,2.4,321,8.326685822
1089,2019/2/15 9:00,-1.31,-8.2,335,4133.1,4107.36,4211.31,4150.59,2.4,292,8.556748717
1090,2019/2/15 10:00,-1.06,-8.3,335,4105.5,4109.14,4264.91,4159.85,3.2,292,8.541568343
1091,2019/2/15 11:00,0.09,-7.6,345,4153.8,4113.24,4262.5,4176.51,2.3,279,8.625470832
1092,2019/2/15 12:00,0.64,-7.7,345,4199.05,4160.2,4255.68,4204.98,2.3,311,8.722617688
1093,2019/2/15 13:00,1.03,-7.2,349,4158.72,4162.92,4243.2,4188.28,2.1,284,8.672810875
1094,2019/2/15 14:00,0.74,-7.1,347,4192.2,4173.84,4262.5,4209.51,3.6,286,8.693371442
1095,2019/2/15 15:00,1.03,-7.2,349,4124.52,4121.53,4256.25,4167.43,2,299,8.619308117
1096,2019/2/15 16:00,1.1,-7,351,4166.3,4229.6,4323.88,4239.93,2.2,281,8.741584577
1097,2019/2/15 17:00,1.49,-7,352,4207.28,4202.4,4298.07,4235.92,1.9,289,8.78339312
1098,2019/2/15 18:00,1.29,-6.8,350,4233.96,4236.4,4303.42,4257.93,3,308,8.629142409
1099,2019/2/15 19:00,1.14,-6.9,351,4205.9,4201.77,4303.92,4237.2,2.6,312,8.763726478
1100,2019/2/15 20:00,0.39,-7,349,4213.44,4149.36,4289.24,4217.35,2.9,357,8.710586593
1101,2019/2/15 21:00,2.27,-6,336,4022.87,3973.99,4156.14,4051,1.8,293,8.416661439
1102,2019/2/15 22:00,2.14,-6.1,336,4017.9,4012.89,4122.93,4051.24,2.8,293,8.406813828
1103,2019/2/15 23:00,1.53,-6.1,329,4010.16,4018.8,4086.8,4038.59,1.7,278,8.388846579
1104,2019/2/16 0:00,1.3,-5.9,327,3967.2,3972.15,4052.8,3997.38,1.8,299,8.299003775
1105,2019/2/16 1:00,1.37,-6.2,325,3946.68,3970.23,4046,3987.64,1.8,285,8.274961333
1106,2019/2/16 2:00,0.09,-6.5,322,3977.73,3967.2,4082.6,4009.18,0.8,232,8.294863115
1107,2019/2/16 3:00,0.3,-6.4,316,3983.52,3979.85,4062.96,4008.78,1.9,317,8.314832803
1108,2019/2/16 4:00,-0.18,-6.6,320,3944.5,3974.04,4097.16,4005.23,2.5,350,8.015041791
1109,2019/2/16 5:00,0.7,-6.7,302,3793.58,3809.88,3919.32,3840.93,4.1,325,7.964272413
1110,2019/2/16 6:00,0.05,-6,294,3778.5,3781.2,3873.44,3811.05,1.7,283,7.900378837
1111,2019/2/16 7:00,0.93,-5.9,282,3699.93,3636.54,3708.69,3681.72,1.1,298,7.731687766
1112,2019/2/16 8:00,1.08,-5.8,280,3596.25,3632.04,3711.26,3646.52,1.2,281,7.600362487
1113,2019/2/16 9:00,-0.08,-6.2,269,3556.96,3546.62,3596.25,3566.61,2.4,288,7.432427654
1114,2019/2/16 10:00,-0.19,-6.4,266,3500.12,3513.9,3582.55,3532.19,0.7,309,7.390347058
1115,2019/2/16 11:00,-0.89,-6.4,255,3422.4,3424.33,3483.09,3443.27,2.5,297,7.16675604
1116,2019/2/16 12:00,-0.66,-5.9,225,3102.18,3090.78,3180.81,3124.59,0.6,355,6.579594578
1117,2019/2/16 13:00,-0.62,-5.9,216,3060.54,3058.64,3096,3071.73,1.4,26,6.340263308
1118,2019/2/16 14:00,-1.04,-6,197,2899.52,2880.02,2963.38,2914.31,1.3,308,6.118851865
1119,2019/2/16 15:00,-0.79,-5.9,192,2806.65,2787.6,2889.81,2828.02,0.6,263,5.922305402
1120,2019/2/16 16:00,-1.73,-6.2,175,2638.44,2613.2,2741.3,2664.31,1.9,282,5.548858324
1121,2019/2/16 17:00,-1.35,-6.2,161,2571.5,2571.03,2581.16,2574.56,1.2,1,5.374828512
1122,2019/2/16 18:00,-1.31,-6.1,156,2505.34,2474.01,2518.88,2499.41,1.7,344,5.272435624
1123,2019/2/16 19:00,-2.48,-6.5,137,2247.56,2286.55,2331.84,2288.65,1.5,299,4.725780602
1124,2019/2/16 20:00,-2.94,-6.7,128,2247,2213.28,2262,2240.76,1.9,325,4.65220767
1125,2019/2/16 21:00,-3.37,-6.6,125,2138.94,2135.88,2227.2,2167.34,2,355,4.446450643
1126,2019/2/16 22:00,-3.54,-6.4,115,2093,2086,2118.88,2099.29,1.1,335,4.29953801
1127,2019/2/16 23:00,0.2,-37.7,115,2049.84,2072,457635.3,153919.05,2.6,112,4.29953801
1128,2019/2/17 0:00,-4.18,-6.6,105,1852.34,1891.07,1995,1912.8,1,310,3.695527951
1129,2019/2/17 1:00,-4.08,-6.5,91,1774.57,1767.04,1821.48,1787.7,1.2,289,3.574300873
1130,2019/2/17 2:00,-3.27,-6.5,88,1762.92,1750.88,1779.59,1764.46,1.3,305,3.556296685
1131,2019/2/17 3:00,-4.37,-6.7,82,1649.64,1640.24,1717.76,1669.21,2.2,289,3.297485688
1132,2019/2/17 4:00,-4.35,-6.6,31,1541.26,1498.84,1536.9,1525.67,0.5,283,3.008761212
1133,2019/2/17 5:00,-4.42,-6.9,19,1205.72,1181.04,1207.44,1198.07,0,276,2.31460267
1134,2019/2/17 6:00,-5.33,-7,16,961.74,1008,1001,990.25,0.4,290,1.781292334
1135,2019/2/17 7:00,-6.31,-7.1,12,808.52,771.45,861.8,813.92,0.4,12,1.679354605
1136,2019/2/17 8:00,-6.85,-7.2,9,739.37,711.73,711.73,720.94,0.4,295,1.254083228
1137,2019/2/17 9:00,-7.16,-7.3,8,666.24,671.24,675.22,670.9,0.3,277,1.145319194
1138,2019/2/17 10:00,-7.81,-7.4,6,580.44,582.25,591.68,584.79,0,322,0.941267123
1139,2019/2/17 11:00,-9.46,-7.7,2,172,178.1,190.12,180.07,0,288,0.220717985
1140,2019/2/17 12:00,-10.52,-8.2,0,118.62,127.68,128.06,124.79,0,281,0.08545295
1141,2019/2/17 13:00,0.01,0.1,1,0,0,0,0,0.1,1,0.379993053
1142,2019/2/17 14:00,-21.33,-18,5,382.52,127.08,734.4,414.67,0,279,0.349275317
1143,2019/2/17 15:00,-21.14,-17.9,11,547.05,134.14,776.52,485.9,0,282,0.628838376
1144,2019/2/17 16:00,-16.56,-16.5,50,1297.62,209.38,1425.6,977.53,0,277,2.064396233
1145,2019/2/17 17:00,-13.1,-16.9,64,1584.1,1621.21,1699.05,1634.79,0.8,278,3.160715681
1146,2019/2/17 18:00,-12.58,-16.8,74,1633.5,1662.54,1766.61,1687.55,0.7,279,3.292151432
1147,2019/2/17 19:00,-10.83,-16.2,88,1836.42,1845.76,1962.9,1881.69,0.8,277,3.786418546
1148,2019/2/17 20:00,-8.66,-15.7,100,2057.7,2090.9,2090.72,2079.77,0.8,276,4.317443136
1149,2019/2/17 21:00,-8.25,-15.4,108,2129.9,2106.67,2210.4,2148.99,1.2,272,4.479058288
1150,2019/2/17 22:00,-8.1,-15.2,117,2194.88,2198.12,2298.36,2230.45,1.7,273,4.643025684
1151,2019/2/17 23:00,-6.79,-14.4,139,2449.28,2481.24,2605.7,2512.07,1.9,282,5.240592438
1152,2019/2/18 0:00,-5.66,-13.9,154,2655.4,2662.08,2775.36,2697.61,1.8,279,5.666701932
1153,2019/2/18 1:00,-4.68,-13.6,162,2800.55,2774.58,2852.24,2809.12,1.2,276,5.953120252
1154,2019/2/18 2:00,-4.69,-12.7,175,2897.55,2874.1,2994.78,2922.14,0.7,270,6.14751537
1155,2019/2/18 3:00,-4.85,-12.4,189,2956.8,2972.24,3116.88,3015.31,1.6,285,6.289869888
1156,2019/2/18 4:00,-4.87,-12.4,191,3075.45,3012.69,3203.2,3097.11,1.4,275,6.472672024
1157,2019/2/18 5:00,-2.52,-11.6,227,3378.82,3371.34,3471.06,3407.07,2.5,280,7.126899132
1158,2019/2/18 6:00,-1.66,-11,248,3565.35,3581.04,3652.11,3599.5,2.6,278,7.508202001
1159,2019/2/18 7:00,-1.5,-11,251,3586.2,3563.8,3665.97,3605.32,1.5,288,7.56144609
1160,2019/2/18 8:00,-0.81,-9.9,271,3700.62,3672.37,3825.28,3732.76,1.5,277,7.78514995
1161,2019/2/18 9:00,-0.87,-9.6,274,3812.92,3810.17,3899.74,3840.94,1.6,271,7.999923123
1162,2019/2/18 10:00,-0.31,-9.4,282,3837.73,3854.07,3943.38,3878.39,1.2,262,8.078654523
1163,2019/2/18 11:00,-0.2,-8.9,302,4004.16,3999.38,4096.3,4033.28,2.2,292,8.373898525
1164,2019/2/18 12:00,-0.06,-8.9,303,4064.1,4089.45,4116.85,4090.13,2.2,279,8.495606857
1165,2019/2/18 13:00,-0.06,-8.4,311,4128,4041.5,4212.75,4127.42,1.4,280,8.587647316
1166,2019/2/18 14:00,-0.06,-8.5,320,4170.09,4152.64,4266.92,4196.55,2.2,287,8.692842282
1167,2019/2/18 15:00,1.2,-8,340,4323.39,4298.07,4446.33,4355.93,3.3,272,9.008509634
1168,2019/2/18 16:00,1.22,-7.9,340,4335.52,4304.4,4405.72,4348.55,3.2,278,9.00981449
1169,2019/2/18 17:00,0.74,-7.8,341,4336.05,4277.7,4426.18,4346.64,1.8,285,9.02043767
1170,2019/2/18 18:00,0.76,-7.6,342,4336.05,4352.39,4453.16,4380.53,2.6,298,9.051258413
1171,2019/2/18 19:00,0.53,-7.7,348,4397.7,4352.39,4501.2,4417.1,2.2,327,9.138656107
1172,2019/2/18 20:00,1.39,-7.2,357,4426.18,4433.31,4549.08,4469.52,2.9,282,9.235419498
1173,2019/2/18 21:00,1.8,-7,360,4460.28,4468.02,4542.67,4490.32,0.9,282,9.33737258
1174,2019/2/18 22:00,1.6,-6.9,361,4473.92,4441.12,4556.21,4490.42,2.3,270,9.30941973
1175,2019/2/18 23:00,2.24,-6.9,367,4447.45,4461.88,4603.6,4504.31,3.7,307,9.303591683
1176,2019/2/19 0:00,2.6,-6.4,376,4590,4542.72,4670.82,4601.18,1.8,286,9.568445571
1177,2019/2/19 1:00,3.24,-6.4,372,4508.7,4515.83,4603.32,4542.62,3.4,279,9.425517876
1178,2019/2/19 2:00,2.95,-6.7,370,4434.56,4442.02,4515.83,4464.14,1.8,329,9.282141929
1179,2019/2/19 3:00,3.43,-6.2,373,4435.2,4462.15,4555.89,4484.41,1.5,304,9.317151048
1180,2019/2/19 4:00,2.51,-7,376,4482.18,4529.28,4616.3,4542.59,1,352,9.403152616
1181,2019/2/19 5:00,2.83,-6.2,381,4583.25,4569.6,4718,4623.62,2.3,284,9.410744717
1182,2019/2/19 6:00,2.72,-5.9,378,4590.04,4542.67,4657.34,4596.68,3.1,310,9.536835499
1183,2019/2/19 7:00,1.49,-6.6,374,4508.7,4563,4630.38,4567.36,1.3,259,9.44465536
1184,2019/2/19 8:00,2.85,-5.9,376,4562.94,4542.72,4671.16,4592.27,2.3,281,9.527362223
1185,2019/2/19 9:00,2.58,-5.7,369,4447.45,4475.12,4563,4495.19,1.9,278,9.312070971
1186,2019/2/19 10:00,2.2,-6,374,4488,4535.9,4650.99,4558.3,1.5,268,9.419755669
1187,2019/2/19 11:00,2.51,-5.7,354,4399.92,4367.77,4502.16,4423.28,2.7,290,9.171647071
1188,2019/2/19 12:00,2.05,-5.7,350,4357.98,4346.68,4474.61,4393.09,4.5,277,9.087838186
1189,2019/2/19 13:00,2.58,-5.9,346,4332.02,4326.75,4407.75,4355.51,1.6,308,9.063629919
1190,2019/2/19 14:00,2.34,-5.7,334,4222.2,4238.52,4312.88,4257.87,1.2,270,8.855123717
1191,2019/2/19 15:00,1.97,-5.5,328,4187.48,4196.22,4270.91,4218.2,2,272,8.752544449
1192,2019/2/19 16:00,1.93,-5.7,321,4137.4,4141.9,4229.01,4169.44,1.9,296,8.662803491
1193,2019/2/19 17:00,2.1,-5.6,318,4093.6,4093.6,4195.6,4127.6,1.7,277,8.578003954
1194,2019/2/19 18:00,1.2,-6,307,4042.44,4006.98,4126.86,4058.76,1.8,311,8.443079263
1195,2019/2/19 19:00,1.16,-5.4,297,3958.22,3949.8,4023.8,3977.27,0.5,282,8.30053518
1196,2019/2/19 20:00,1.74,-5.5,295,3931.9,3931.41,4012,3958.44,1.8,281,8.243723524
1197,2019/2/19 21:00,0.74,-6,288,3857.76,3893.1,3968.23,3906.36,2.3,276,8.096158884
1198,2019/2/19 22:00,2.08,-5.2,278,3789.36,3774,3855.6,3806.32,2,272,7.947825865
1199,2019/2/19 23:00,1.6,-5.4,267,3711.26,3710.08,3782.52,3734.62,2.2,270,7.790317467
1200,2019/2/20 0:00,1.43,-5.6,256,3560.34,3544.77,3674.54,3593.22,1.7,266,7.329775824
1201,2019/2/20 1:00,0.74,-5.4,244,3513.9,3498.66,3568.85,3527.14,2,290,7.380764505
1202,2019/2/20 2:00,0.83,-5.7,239,3463.8,3438.7,3495.24,3465.91,1.9,315,7.296596215
1203,2019/2/20 3:00,0.43,-5.4,226,3307.2,3333.96,3393.78,3344.98,1.3,269,6.991520134
1204,2019/2/20 4:00,0.12,-5.5,217,3275.34,3265.86,3306.52,3282.57,0,273,6.919902884
1205,2019/2/20 5:00,0,-5.6,201,3127.84,3107.39,3169.4,3134.88,1.3,307,6.609200147
1206,2019/2/20 6:00,-0.73,-6.1,172,2817.64,2784.73,2886.91,2829.76,2.8,347,5.985850387
1207,2019/2/20 7:00,-0.62,-5.7,149,2567.8,2535.97,2674.98,2592.92,2.7,269,5.422745822
1208,2019/2/20 8:00,-1.54,-5.8,132,2477.76,2446.29,2484.28,2469.44,0.8,332,5.19983745
1209,2019/2/20 9:00,-2.52,-6.1,96,2027.52,1996.52,2095.99,2040.01,1,280,4.183130634
1210,2019/2/20 10:00,-2.35,-6.1,79,1931.7,1898.1,1922.25,1917.35,0,271,3.974717906
1211,2019/2/20 11:00,-1.62,-6.1,26,1729,1757,1805.23,1763.74,1.3,284,3.548308282
1212,2019/2/20 12:00,-1.75,-6.2,18,1673,1637.95,1670.4,1660.45,0,278,3.39409834
1213,2019/2/20 13:00,-2.14,-6.2,16,1481.88,1453.92,1533.4,1489.73,0.4,289,2.959161829
1214,2019/2/20 14:00,-2.44,-6.4,15,1425.96,1411.98,1432.95,1423.63,0,237,2.864861158
1215,2019/2/20 15:00,-2.68,-6.4,12,1366.12,1333.18,1370.04,1356.45,0.3,283,2.678849877
1216,2019/2/20 16:00,-3.14,-6.5,11,1197.12,1163.99,1277.34,1212.82,0.4,289,2.316325001
1217,2019/2/20 17:00,-4,-6.7,8,1078.8,1034.06,1043.41,1052.09,0.6,286,2.001202763
1218,2019/2/20 18:00,-4.43,-6.7,7,1017.62,988.13,1010.32,1005.36,0,304,1.881869585
1219,2019/2/20 19:00,-5.5,-6.7,6,890.1,855.6,971.49,905.73,0,280,1.627092711
1220,2019/2/20 20:00,-7.91,-7,2,179.92,363.05,424.08,322.35,0,302,0.308493149
1221,2019/2/20 21:00,-8.56,-7.1,1,149.16,157.09,246.24,184.16,0,329,0.170403264
1222,2019/2/20 22:00,0.01,0.1,1,0,0,0,0,0.1,1,0.379993053
1223,2019/2/20 23:00,-19.56,-17.9,9,498.75,118.83,911.86,509.81,0.9,277,0.599938021
1224,2019/2/21 0:00,-17.58,-17.2,32,1241,149.52,1373.7,921.41,1.1,277,1.919876865
1225,2019/2/21 1:00,-15.85,-16.9,51,1443.42,187.98,1563.05,1064.82,1.3,264,2.33458965
1226,2019/2/21 2:00,-15.37,-16.9,47,1483.93,196.56,1576.8,1085.76,1.4,278,2.397639836
1227,2019/2/21 3:00,-13.66,-16.7,61,1632.96,618.34,1672.1,1307.8,1.4,271,2.850371989
1228,2019/2/21 4:00,-12.58,-16.4,70,1667.12,1703.75,1766.56,1712.48,1.3,278,3.356404868
1229,2019/2/21 5:00,-9.73,-15.5,95,1928.5,2019.96,2109.6,2019.35,2.1,257,4.089360343
1230,2019/2/21 6:00,-8.48,-15,113,2243.28,2291,2400.93,2311.74,2.2,266,4.769555367
1231,2019/2/21 7:00,-7.5,-14.6,124,2473.65,2509.76,2534.64,2506.02,2.4,279,5.238625123
1232,2019/2/21 8:00,-6.54,-14,142,2634.66,2623.84,2722.56,2660.35,2,281,5.578571737
1233,2019/2/21 9:00,-5.91,-13.9,146,2708.91,2729.65,2769,2735.85,1.7,278,5.728426166
1234,2019/2/21 10:00,-5.4,-13.6,156,2743.83,2772.19,2873.42,2796.48,1.6,266,5.857740147
1235,2019/2/21 11:00,-5.08,-13.5,160,2800.55,2806.79,2922.84,2843.39,2,273,5.969875234
1236,2019/2/21 12:00,-4.56,-13.1,166,2861.3,2902.8,2976.48,2913.53,2,275,6.116808987
1237,2019/2/21 13:00,-3.69,-12.8,179,2970.88,2983.5,3112.44,3022.27,2.3,262,6.341491652
1238,2019/2/21 14:00,-3.37,-12.5,182,3027.2,3012.69,3135.38,3058.42,2.4,274,6.439105394
1239,2019/2/21 15:00,-3.08,-12.5,184,3043.99,3081.78,3157,3094.26,2.6,283,6.513540397
1240,2019/2/21 16:00,-2.48,-12.4,195,3136,3189.55,3283,3202.85,2.1,276,6.731964726
1241,2019/2/21 17:00,0.12,-11,230,3492.72,3515.36,3555.09,3521.06,2.5,285,7.432642227
1242,2019/2/21 18:00,0.45,-9.8,251,3702.2,3693.04,3789.5,3728.25,2.3,277,7.818607794
1243,2019/2/21 19:00,0.39,-9.7,260,3717.58,3737.28,3840.33,3765.06,2.3,279,7.869708609
1244,2019/2/21 20:00,1.99,-9.7,267,3826.59,3826.59,3905.64,3852.94,2.1,277,8.104062547
1245,2019/2/21 21:00,2.37,-8.9,283,3904.5,3888.51,4029.7,3940.9,2.6,276,8.247847007
1246,2019/2/21 22:00,2.62,-8.8,295,3994.56,4006.1,4114,4038.22,2.9,280,8.43618086
1247,2019/2/21 23:00,3.16,-8.4,300,4063.85,4074,4154.8,4097.55,2,269,8.583094936
1248,2019/2/22 0:00,2.53,-8,306,4104.83,4074.78,4230.17,4136.59,1.3,290,8.652343556
1249,2019/2/22 1:00,4.37,-7.2,330,4238.52,4260.09,4374.5,4291.04,1.8,278,8.970833387
1250,2019/2/22 2:00,4.37,-6.7,340,4339.92,4327.39,4448.64,4371.98,3,292,9.126484926
1251,2019/2/22 3:00,4.03,-6.5,343,4387.24,4374.92,4468.72,4410.29,2.4,301,9.209643189
1252,2019/2/22 4:00,4.49,-6.2,351,4387.24,4408.47,4542.75,4446.15,1.8,274,9.261436473
1253,2019/2/22 5:00,4.6,-6.2,354,4434.92,4428.7,4529.25,4464.29,2.2,300,9.324204681
1254,2019/2/22 6:00,5.74,-5.9,366,4462.08,4475.6,4609.2,4515.63,3.4,276,9.420697559
1255,2019/2/22 7:00,4.85,-5.4,371,4549.5,4576.22,4649.55,4591.76,2.4,279,9.567284776
1256,2019/2/22 8:00,4.52,-5.4,374,4549.48,4582.8,4669.62,4600.63,1.8,279,9.574313619
1257,2019/2/22 9:00,5.32,-5.4,380,4616.9,4581.85,4709.02,4635.92,1.8,275,9.690182979
1258,2019/2/22 10:00,5.93,-5.4,382,4629.48,4568.32,4709.4,4635.73,3.4,274,9.696827811
1259,2019/2/22 11:00,6.39,-4.5,384,4602.3,4594.59,4707.76,4634.88,1.7,308,9.689941908
1260,2019/2/22 12:00,6.68,-4.4,387,4622.04,4648.35,4693.1,4654.5,1.4,285,9.751081256
1261,2019/2/22 13:00,6.28,-4.2,387,4609.2,4594.28,4713.44,4638.97,1.4,277,9.702525102
1262,2019/2/22 14:00,6.26,-4,388,4615.1,4634,4727.68,4658.93,1.9,293,9.722775713
1263,2019/2/22 15:00,5.62,-4.2,389,4629.24,4641.36,4747.6,4672.73,1.1,306,9.453677999
1264,2019/2/22 16:00,5.1,-4,387,4643.1,4648.68,4721.04,4670.94,1.8,300,9.735394978
1265,2019/2/22 17:00,5.22,-3.8,387,4635.36,4642.02,4734.32,4670.57,1,306,9.73449178
1266,2019/2/22 18:00,5.58,-3.5,386,4629.48,4608.45,4681.2,4639.71,2.1,300,9.689728701
1267,2019/2/22 19:00,5.85,-3.1,385,4582.29,4567.51,4701.12,4616.97,2,288,9.621273302
1268,2019/2/22 20:00,6.28,-2.9,381,4582.48,4580.73,4667.92,4610.38,2.4,294,9.624794132
1269,2019/2/22 21:00,6.89,-2.9,378,4508.7,4508.22,4627.38,4548.1,1,277,9.515299859
1270,2019/2/22 22:00,6.45,-2.5,372,4442.2,4495.5,4588.24,4508.65,1,272,9.398955035
1271,2019/2/22 23:00,6.74,-2.2,364,4435.55,4422.24,4508.4,4455.4,1.2,281,9.337225163
1272,2019/2/23 0:00,6.97,-2.4,361,4415.6,4415.6,4494.8,4442,1.5,333,9.30483984
1273,2019/2/23 1:00,6.78,-2.6,359,4415.58,4355.96,4441.8,4404.45,0.4,31,9.298577743
1274,2019/2/23 2:00,7.18,-2.4,356,4349.1,4329.55,4441.92,4373.52,1.7,289,9.173174472
1275,2019/2/23 3:00,8.16,-1.8,350,4335.92,4329.6,4342.8,4336.11,1.9,279,8.854149988
1276,2019/2/23 4:00,8.26,-2.2,351,4282.6,4322.86,4349.34,4318.27,1.6,271,9.093994547
1277,2019/2/23 5:00,7.83,-2,344,4282.6,4230.6,4322.86,4278.69,1.6,269,9.021831005
1278,2019/2/23 6:00,7.62,-1.9,340,4203.12,4237.2,4283.28,4241.2,2.4,304,8.915200352
1279,2019/2/23 7:00,7.43,-1.6,333,4162.9,4131.25,4263.09,4185.75,0.8,267,8.799917581
1280,2019/2/23 8:00,8.29,-1.5,324,4084.08,4078.37,4158.29,4106.91,0.7,257,8.67637057
1281,2019/2/23 9:00,9.87,-2.2,307,3958.76,3945.52,4000.64,3968.31,1,282,8.485457359
1282,2019/2/23 10:00,10.14,-2,300,3859.46,3830.31,3929.44,3873.07,1.1,292,8.293793286
1283,2019/2/23 11:00,9.66,-1.7,284,3759.21,3735.6,3834.6,3776.47,1.1,274,8.073398215
1284,2019/2/23 12:00,9.87,-1.7,280,3698.48,3713.82,3788.4,3733.57,2.7,277,7.982523133
1285,2019/2/23 13:00,9.62,-1.4,271,3698.48,3675.16,3721.43,3698.36,1.7,285,7.936731331
1286,2019/2/23 14:00,8.99,-2.1,247,3395.03,3379.76,3511.2,3428.66,1.7,259,7.344494742
1287,2019/2/23 15:00,9.56,-1.8,215,3192,3198.65,3227.4,3206.02,0.6,268,6.96240914
1288,2019/2/23 16:00,9.87,-1.6,212,3152.1,3169.14,3208.92,3176.72,0.7,278,6.906499874
1289,2019/2/23 17:00,10.16,-1.4,210,3102.84,3091.54,3204.08,3132.82,0.7,261,6.789666718
1290,2019/2/23 18:00,9.7,-1.2,202,3072.3,3067.68,3127.44,3089.14,1.2,272,6.703526794
1291,2019/2/23 19:00,7.85,-1.7,189,2905.8,2894.78,3014.84,2938.47,1.3,284,6.331657817
1292,2019/2/23 20:00,7.97,-2.1,177,2835.84,2834.1,2916.84,2862.26,1.3,277,6.197518083
1293,2019/2/23 21:00,8.28,-1.7,164,2704.13,2666.6,2798.92,2723.22,0,253,5.901174978
1294,2019/2/23 22:00,5.45,-1.7,138,2474.16,2490.75,2570.86,2511.92,0.5,281,5.36167597
1295,2019/2/23 23:00,5.43,-1.9,125,2450.74,2412.92,2463.75,2442.47,0,276,5.272667868
1296,2019/2/24 0:00,3.99,-2.2,101,2178.3,2154.6,2188.8,2173.9,1.3,281,4.612779017
1297,2019/2/24 1:00,0.92,27.4,94,2092.3,449412.32,61.2,150521.94,1.4,280,4.2216751
1298,2019/2/24 2:00,3.87,-2.5,29,1948.24,1912.64,1982.54,1947.81,0.8,279,4.097163117
1299,2019/2/24 3:00,3.39,-2.7,16,1802.56,1781.92,1894.68,1826.39,1.1,283,3.779294637
1300,2019/2/24 4:00,3.2,-2.5,14,1740.64,1721.86,1749.3,1737.27,0.3,286,3.624224138
1301,2019/2/24 5:00,2.97,-2.5,13,1664.55,1676.28,1693.84,1678.22,0,286,3.483063792
1302,2019/2/24 6:00,2.56,-2.7,12,1477.05,1426.88,1554.95,1486.29,0.2,269,3.047024986
1303,2019/2/24 7:00,2.14,-3,9,1346.52,1382.88,1392.58,1373.99,0.7,265,2.757440069
1304,2019/2/24 8:00,-0.83,-3.5,4,1004.01,995.72,1004.92,1001.55,0,279,1.939851274
1305,2019/2/24 9:00,-2.79,-3.4,3,218.88,811.58,903.07,644.51,0,269,0.661957423
1306,2019/2/24 10:00,-4.67,-3.5,1,170.5,245.52,301.05,239.02,0,279,0.323787844
1307,2019/2/24 11:00,-19.31,-16.5,1,119.24,105.92,141.54,122.23,0.6,281,-0.028937083
1308,2019/2/24 12:00,-18.77,-16.4,8,246.1,108.32,659.3,337.91,0,283,0.171450006
1309,2019/2/24 13:00,-18.37,-16.2,10,482.08,119.51,850.85,484.15,0.6,283,0.565199467
1310,2019/2/24 14:00,-18.19,-15.9,7,671.58,117.47,918.48,569.18,0,276,0.880239251
1311,2019/2/24 15:00,-17,-15.7,30,1143.92,141,1199.06,827.99,0.4,277,1.725743292
1312,2019/2/24 16:00,-14.31,-14.8,43,1421,185.12,1541.55,1049.22,0.4,271,2.259573036
1313,2019/2/24 17:00,-9.75,-14,73,1737.61,1763.82,1853.8,1785.08,0.6,280,3.540943787
1314,2019/2/24 18:00,-9.16,-14,76,1792.8,1831.34,1908,1844.05,0.6,271,3.692305349
1315,2019/2/24 19:00,-7.89,-13.9,82,1905.35,1940.36,1982.75,1942.82,0.8,259,3.976124634
1316,2019/2/24 20:00,-7.37,-13.6,89,1951.95,1978.92,2061.9,1997.59,0.6,275,4.097222629
1317,2019/2/24 21:00,-5.58,-12.9,109,2192.96,2223.65,2310.12,2242.24,1,270,4.680201725
1318,2019/2/24 22:00,-4.89,-12.7,122,2364.72,2414.28,2410.87,2396.62,1.4,269,5.051643908
1319,2019/2/24 23:00,-4.48,-12.4,133,2509.85,2460.36,2591.28,2520.5,1.8,284,5.337954869
1320,2019/2/25 0:00,-2.77,-11.7,158,2754.93,2754.06,2844.93,2784.64,1.6,275,5.907968818
1321,2019/2/25 1:00,-1.85,-11.5,164,2868.78,2832.72,2903.68,2868.39,0.9,277,6.139379525
1322,2019/2/25 2:00,-0.85,-10.8,179,2951.04,2939.4,3064.95,2985.13,1.8,279,6.351946643
1323,2019/2/25 3:00,-0.69,-10.9,183,2990.13,2978.21,3090.78,3019.71,0.9,279,6.443482095
1324,2019/2/25 4:00,0.47,-10.1,199,3111.57,3134.95,3252.08,3166.2,1.3,273,6.727200161
1325,2019/2/25 5:00,0.64,-9.7,205,3206.08,3265.86,3288,3253.31,1.4,274,6.912423628
1326,2019/2/25 6:00,0.45,-9,216,3254.61,3254.24,3384.96,3297.94,1.1,281,6.976491445
1327,2019/2/25 7:00,0.56,-9.1,227,3436.2,3441.87,3495.04,3457.7,1.7,284,7.312886729
1328,2019/2/25 8:00,0.66,-8.8,238,3510.28,3472.95,3599.88,3527.7,2.6,273,7.414054653
1329,2019/2/25 9:00,0.62,-8.4,245,3539.7,3539.76,3663.24,3580.9,3,281,7.495096078
1330,2019/2/25 10:00,1.26,-7.6,257,3617.25,3637.35,3753.8,3669.47,1.9,264,7.668837168
1331,2019/2/25 11:00,1.32,-8.3,260,3719.55,3675.45,3762,3719,3.3,271,7.794516745
1332,2019/2/25 12:00,2.65,27.3,260,3790.65,446403.1,45.77,150079.84,3.3,271,7.794516745
1333,2019/2/25 13:00,2.33,-7.3,275,3785.37,3785.1,3880.58,3817.02,1.5,281,7.880002805
1334,2019/2/25 14:00,2.83,-7.1,281,3831.63,3848.8,3924.62,3868.35,2.1,284,8.115582941
1335,2019/2/25 15:00,2.66,-6.9,288,3846.48,3889.6,3967.22,3901.1,2.2,276,8.150452557
1336,2019/2/25 16:00,2.85,-6.8,293,3881.7,3904.25,4020.54,3935.5,3.2,287,8.213371243
1337,2019/2/25 17:00,4.03,-6.2,309,4068,4023.78,4131,4074.26,2.4,272,8.544300759
1338,2019/2/25 18:00,3.99,-5.7,321,4083.04,4077.7,4158.58,4106.44,2.1,283,8.596400679
1339,2019/2/25 19:00,5.27,-4.9,343,4279.9,4288.29,4355,4307.73,2,288,9.022874161
1340,2019/2/25 20:00,4.58,-4.8,343,4340.85,4328.2,4442.02,4370.36,2.4,288,9.117826358
1341,2019/2/25 21:00,4.51,-4.7,354,4347,4328.2,4468.8,4381.33,2.1,295,9.12826379
1342,2019/2/25 22:00,5,-4.2,390,4482.18,4509,4629.48,4540.22,2.3,281,9.428678962
1343,2019/2/25 23:00,5.74,-3.9,396,4536,4528.48,4635.36,4566.61,1.9,276,9.524204412
1344,2019/2/26 0:00,6.03,-3.9,380,4623.19,4442.1,4229.68,4431.66,2.1,279,9.464928864
1345,2019/2/26 1:00,5.99,-3.8,396,4147.8,4335.8,4382.35,4288.65,2.6,279,8.880844073
1346,2019/2/26 2:00,6.27,-3.5,426,4408.8,4528.65,4595.63,4511.03,1.1,280,9.347412705
1347,2019/2/26 3:00,6.33,-2.9,386,4308.36,4495.28,4395.53,4399.72,1.8,276,9.163431053
1348,2019/2/26 4:00,6.22,-2.9,363,4288,4102.05,3759.21,4049.75,2.1,285,8.7155308
1349,2019/2/26 5:00,3.93,-3.2,313,2308.24,3103.03,3035.13,2815.47,2.2,279,5.668745814
1350,2019/2/26 6:00,3.66,-2.9,286,3198.58,3775.24,3224.52,3399.45,2.5,284,7.057454184
1351,2019/2/26 7:00,3.14,-3.4,322,3057.69,2640.3,3314.52,3004.17,2.7,281,6.274702131
1352,2019/2/26 8:00,2.76,-3.2,366,3502.08,3381.42,3774,3552.5,2.8,286,7.313225657
1353,2019/2/26 9:00,3.82,-2.9,198,2652,2409.75,2240.87,2434.21,2.6,267,5.339132527
1354,2019/2/26 10:00,3.45,-3.2,205,2223.6,2217.28,2175.58,2205.49,1.7,285,4.538712262
1355,2019/2/26 11:00,-0.31,-4.3,91,967.02,904.4,930.24,933.89,2.3,271,1.884083758
1356,2019/2/26 12:00,-1.54,-4.3,102,1019.72,1117.8,990.35,1042.62,2.3,283,1.989424901
1357,2019/2/26 13:00,-2.06,-4.3,126,1195.43,1266.36,1379.07,1280.29,1.4,282,2.422140819
1358,2019/2/26 14:00,-2.19,-4.4,175,1804.14,1505.98,1635.48,1648.53,2.2,278,3.464204285
1359,2019/2/26 15:00,-1.29,-3.7,178,2266.11,1807.8,1946,2006.64,2.1,287,4.312590843
1360,2019/2/26 16:00,-0.97,-3.7,285,1767.15,1605.45,2422.06,1931.55,2.1,283,3.794124955
1361,2019/2/26 17:00,-0.85,-3.5,207,1458.01,1483.02,2432.32,1791.12,1.5,279,3.332333283
1362,2019/2/26 18:00,2.6,-2.6,338,3921.6,3576.04,3860.12,3785.92,1.9,253,7.921055014
1363,2019/2/26 19:00,4.16,-2.5,408,3132.6,3569.28,3003.54,3235.14,1.7,307,6.675602931
1364,2019/2/26 20:00,4.72,-2.1,333,3908.94,3646.34,4630.38,4061.89,2.2,281,8.23642846
1365,2019/2/26 21:00,5.24,-1.9,442,3269.91,3329.9,3932.06,3510.62,2.1,276,7.089714937
1366,2019/2/26 22:00,6.37,-2,450,5174.82,4549.2,3767.52,4497.18,1.7,263,9.935845061
1367,2019/2/26 23:00,10.2,-1.5,351,3874.92,4580.4,3956.2,4137.17,0.9,267,8.700454589
1368,2019/2/27 0:00,9.7,-1.1,277,3122.73,2888.57,3187.8,3066.37,1.5,272,6.641981318
1369,2019/2/27 1:00,7.49,-1.2,320,2536.48,3664.15,3871.67,3357.43,1.5,278,7.306509996
1370,2019/2/27 2:00,6.28,-1.3,231,3830.4,3583.14,3101.55,3505.03,1.7,326,7.797655282
1371,2019/2/27 3:00,4.03,-1.5,261,3225.86,3066.81,3118.98,3137.22,1.6,268,6.652203009
1372,2019/2/27 4:00,2.28,-2,198,2734.82,2639.34,2363.07,2579.08,2,316,5.55354469
1373,2019/2/27 5:00,4.22,-1.2,296,3768.45,3830.7,3631.5,3743.55,1.8,299,7.897397945
1374,2019/2/27 6:00,5.2,-0.8,342,4279.9,4052.16,4401.42,4244.49,0.8,283,8.841144455
1375,2019/2/27 7:00,3.85,-1.7,99,1241.68,1236.9,1185.9,1221.49,1.2,274,2.564014235
1376,2019/2/27 8:00,2.7,-1.6,202,1113.75,1235.25,2579.36,1642.79,0.9,281,2.884044339
1377,2019/2/27 9:00,1.43,-1.9,94,1210.04,1152.54,1534.5,1299.03,3,325,2.486834018
1378,2019/2/27 10:00,-0.25,-2.3,87,1101.24,1096.41,1130.46,1109.37,2.2,325,2.068543728
1379,2019/2/27 11:00,2.45,-1.5,251,3648.48,3606.24,3669.16,3641.29,0.6,304,7.618172281
1380,2019/2/27 12:00,4.33,-1,242,3456.11,3415.5,3547.48,3473.03,2.7,315,7.287119863
1381,2019/2/27 13:00,4.81,-0.9,224,3274.74,3297.7,3352.96,3308.47,1.1,262,6.944443237
1382,2019/2/27 14:00,4.8,-1,210,3166.26,3165.75,3210.21,3180.74,0.9,284,6.722327083
1383,2019/2/27 15:00,4.53,-1,200,2983.2,3024,3109.6,3038.93,0,309,6.406805015
1384,2019/2/27 16:00,4.22,-1.2,179,2874.72,2872.17,2904.33,2883.74,0.5,266,6.101870966
1385,2019/2/27 17:00,4.24,-1.4,176,2808.4,2829.86,2879.76,2839.34,2,32,5.871884102
1386,2019/2/27 18:00,3.6,-1.3,174,2785.29,2756.74,2843.4,2795.14,0.4,270,5.894177524
1387,2019/2/27 19:00,3.39,-1.5,164,2759.32,2736.37,2762.16,2752.62,0.1,230,5.816104398
1388,2019/2/27 20:00,2.27,-1.7,127,2332.32,2264.24,2427.92,2341.49,1.6,301,4.880076062
1389,2019/2/27 21:00,2.14,-1.7,114,2218.58,2243.22,2274.39,2245.4,2,304,4.467755427
1390,2019/2/27 22:00,1.56,-2,101,2058.21,2060.11,2157.18,2091.83,1,356,4.325169088
1391,2019/2/27 23:00,1.56,-2,101,1996.99,1967.68,2157.18,2040.62,1,356,4.196050908
1392,2019/2/28 0:00,1.56,-2,101,451398.35,0,18.69,150472.35,1,356,4.196050908
1393,2019/2/28 1:00,1.51,-2,86,1923.76,1914.07,1968.82,1935.55,0,279,4.022003669
1394,2019/2/28 2:00,1.43,-2,18,1702.32,1688.48,1710.63,1700.48,0,319,3.484692462
1395,2019/2/28 3:00,1.33,-2.1,16,1584.7,1584.7,1651.49,1606.96,0,297,3.246931366
1396,2019/2/28 4:00,1.22,-2.1,16,1531.8,1499.47,1589.28,1540.18,0,331,3.109592177
1397,2019/2/28 5:00,0.3,-2.3,13,1416.55,1373.1,1399.44,1396.36,0,346,2.787334612
1398,2019/2/28 6:00,0.05,-2.4,11,1242,1205.75,1334.72,1260.82,0,8,2.650330047
1399,2019/2/28 7:00,-0.81,-2.6,6,1044.24,1013.8,1043.46,1033.83,0,293,1.989289417
1400,2019/2/28 8:00,-1.66,-2.7,6,908.39,866.14,992.8,922.44,0,295,1.70398393
1401,2019/2/28 9:00,-3.85,-3.1,2,293.69,627.44,666.4,529.18,0,324,0.617407158
1402,2019/2/28 10:00,-5.66,-3.6,0,126.35,125.78,133.2,128.44,0,329,0.090178045
1403,2019/2/28 11:00,0.01,0.1,1,0,0,0,0,0.1,1,0.379993053
1404,2019/2/28 12:00,-17.48,-15.5,12,555.45,104.7,886.25,515.47,1.2,281,0.699945394
1405,2019/2/28 13:00,-17,-15.2,1,832.2,119.17,1036.75,662.71,1.4,270,1.030802584
1406,2019/2/28 14:00,-16.68,-15,2,1140.03,125.64,1111.88,792.52,1.2,276,1.658968791
1407,2019/2/28 15:00,-14.58,-14.7,39,1355.94,143.2,1465.75,988.3,1.7,272,2.129711982
1408,2019/2/28 16:00,-12.31,-13.9,63,1602.84,200.48,1701.56,1168.29,1.9,263,2.617476498
1409,2019/2/28 17:00,-11.29,-13.5,68,1648.44,1122.2,1773.8,1514.81,1.7,279,3.077577663
1410,2019/2/28 18:00,-9,-12.9,84,1860.18,1859,1959.1,1892.76,1.2,274,3.802111775
1411,2019/2/28 19:00,-7.96,-12.7,90,1976.16,2011.59,2049.18,2012.31,1.6,274,4.101630946
1412,2019/2/28 20:00,-6.62,-12.2,103,2100.81,2133.68,2227.68,2154.06,1.8,271,4.433930727
1413,2019/2/28 21:00,-2.93,-10,141,2605.14,2576.34,2692.49,2624.66,2.8,275,5.540283125
1414,2019/2/28 22:00,-2.44,-9.8,150,2643.28,2656.2,2772,2690.49,1.4,272,5.664134673
1415,2019/2/28 23:00,-1.77,-9.9,152,2700.48,2746.18,2777.04,2741.23,2.2,271,5.599647719
1416,2019/3/1 0:00,-1.52,-9.5,164,2761.05,2811.84,2913.46,2828.78,2.5,264,5.952608528
1417,2019/3/1 1:00,-0.79,-9.2,176,2980.46,2946.8,3046.66,2991.31,1.6,265,6.341569459
1418,2019/3/1 2:00,-0.18,-9.1,187,3020.64,3040.4,3148.6,3069.88,2.3,282,6.496867078
1419,2019/3/1 3:00,0.08,-9.1,193,3102.18,3104.64,3206.28,3137.7,2.6,277,6.641741312
1420,2019/3/1 4:00,0.16,-9.1,196,3127.5,3180.87,3231.64,3180,3.2,270,6.71070657
1421,2019/3/1 5:00,0.16,-8.8,196,3197,3208.59,3312,3239.2,3.2,270,6.825762033
1422,2019/3/1 6:00,0.62,-8.4,211,3240.98,3259.32,3376.96,3292.42,3.7,284,6.935624656
1423,2019/3/1 7:00,0.78,-8.4,217,3358.96,3402.63,3422.4,3394.66,3.9,264,7.134147407
1424,2019/3/1 8:00,0.85,-8.2,227,3386.72,3408.6,3543.04,3446.12,4.7,276,7.225301076
1425,2019/3/1 9:00,0.93,-8.1,234,3444.21,3473.84,3591.48,3503.18,4.5,285,7.340669279
1426,2019/3/1 10:00,1.06,-8,236,3478.86,3484.5,3601.8,3521.72,3.9,282,7.385005238
1427,2019/3/1 11:00,1.26,-8.1,239,3549.96,3574.2,3603.47,3575.88,3.9,275,7.504406757
1428,2019/3/1 12:00,1.22,-7.6,249,3593.2,3615.6,3727.49,3645.43,4.7,278,7.614058208
1429,2019/3/1 13:00,1.58,-7.4,257,3636.3,3680.8,3777.12,3698.07,4,277,7.717433048
1430,2019/3/1 14:00,2.22,-7.3,259,3713.71,3716.67,3799.11,3743.16,3.4,277,7.84494249
1431,2019/3/1 15:00,2.89,-6.4,271,3863.4,3864.6,3926.16,3884.72,4.1,283,8.1335334
1432,2019/3/1 16:00,3.37,-6.1,287,3917.06,3901.04,4023.8,3947.3,3.7,288,8.048770026
1433,2019/3/1 17:00,3.43,-6,289,3936.51,3915.75,4051.08,3967.78,3.6,278,8.293411316
1434,2019/3/1 18:00,3.22,-5.2,305,4043.36,4040.88,4169.06,4084.43,5.5,280,8.517555559
1435,2019/3/1 19:00,3.1,-4.9,309,4125.32,4108.68,4222.8,4152.27,3.9,281,8.638317775
1436,2019/3/1 20:00,3.51,-4.8,316,4154.1,4129.02,4264.62,4182.58,3.3,275,8.704875629
1437,2019/3/1 21:00,3.68,-4.7,319,4154.1,4141.9,4278.64,4191.55,3.4,283,8.722511689
1438,2019/3/1 22:00,5.28,-4.2,332,4264.12,4252.04,4353.75,4289.97,2.3,278,8.97545869
1439,2019/3/1 23:00,5.16,-4,338,4272.32,4286.64,4407.75,4322.24,2.9,269,9.008723239
1440,2019/3/2 0:00,5.43,-4,339,4306.5,4313.93,4408.15,4342.86,3.8,281,9.069916069
1441,2019/3/2 1:00,5.49,-3.7,346,4353.44,4354.31,4455.44,4387.73,3.2,282,9.158564718
1442,2019/3/2 2:00,5.58,-3.5,351,4407.52,4401.6,4488.99,4432.7,3.4,288,9.256103184
1443,2019/3/2 3:00,5.66,-3.7,360,4441.5,4468.72,4562.8,4491.01,5.3,281,9.384116141
1444,2019/3/2 4:00,6.03,-3.5,360,4475.12,4475.52,4569.51,4506.72,3.4,281,9.412462174
1445,2019/3/2 5:00,5.87,-3.3,364,4482,4468.92,4576.22,4509.05,4.6,282,9.420553677
1446,2019/3/2 6:00,6.12,-3.2,369,4515.8,4509.1,4595.84,4540.25,4.1,284,9.295071813
1447,2019/3/2 7:00,6.66,-3,369,4542.6,4542.4,4635.92,4573.64,4.1,284,9.563460382
1448,2019/3/2 8:00,8.35,-3.2,379,4562.8,4555.44,4648.35,4588.86,4.8,269,9.650573854
1449,2019/3/2 9:00,8.8,-3.2,381,4576.1,4595.84,4668.66,4613.53,4.6,277,9.700405014
1450,2019/3/2 10:00,8.66,-3,384,4589.34,4595.4,4681.98,4622.24,6.1,277,9.760457991
1451,2019/3/2 11:00,9.26,-2.5,388,4602.06,4581.33,4680.34,4621.24,4.6,275,9.732745403
1452,2019/3/2 12:00,10.14,-2.4,391,4582.08,4587.96,4680.34,4616.79,3.8,279,9.723380492
1453,2019/3/2 13:00,10.18,-2.3,391,4575.42,4574.7,4679.4,4609.84,2.9,274,9.706419527
1454,2019/3/2 14:00,10.05,-1.7,392,4601.8,4581.04,4706.82,4629.89,2.1,283,9.742626509
1455,2019/3/2 15:00,9.97,-1.5,392,4601.22,4600.56,4692.08,4631.29,3.6,283,9.743758273
1456,2019/3/2 16:00,10.08,-2.4,395,4568.07,4600.56,4732.76,4633.8,5,278,9.762489622
1457,2019/3/2 17:00,9.6,-1.7,393,4568.32,4587.66,4705.8,4620.59,4.2,275,9.709647007
1458,2019/3/2 18:00,10.24,-1.7,394,4587.66,4607.17,4699.2,4631.34,5,282,9.767373854
1459,2019/3/2 19:00,8.16,-0.6,392,4595.15,4593.95,4693.1,4627.4,2.7,281,9.677986333
1460,2019/3/2 20:00,7.97,-0.4,392,4601.22,4614.14,4706.82,4640.73,3.4,283,9.697729463
1461,2019/3/2 21:00,8.68,-0.9,388,4548.18,4574.42,4666.2,4596.27,4.6,280,9.643596638
1462,2019/3/2 22:00,8.51,-0.2,385,4568.55,4574.42,4613.4,4585.46,2.7,281,9.615362165
1463,2019/3/2 23:00,8.26,-0.2,385,4522,4541.32,4633.2,4565.51,2.7,281,9.542461053
1464,2019/3/3 0:00,8.28,-0.2,384,4535.12,4527.6,4641,4567.91,5,281,9.589900088
1465,2019/3/3 1:00,8.18,-0.4,382,4535.6,4521.66,4620.76,4559.34,4.6,287,9.562757775
1466,2019/3/3 2:00,8.53,-0.2,380,4495.5,4488.36,4614.14,4532.67,3.3,281,9.487833614
1467,2019/3/3 3:00,8.3,0,375,4482.1,4488.51,4581.04,4517.22,4.1,273,9.465231249
1468,2019/3/3 4:00,8.26,0.2,374,4482.18,4468.36,4554,4501.51,2.5,278,9.42749212
1469,2019/3/3 5:00,8.24,0.1,372,4455.54,4415.48,4540.51,4470.51,3.3,274,9.365564512
1470,2019/3/3 6:00,8.37,0.3,344,4262.13,4243.42,4335.92,4280.49,3.6,280,8.986341126
1471,2019/3/3 7:00,8.1,0.2,339,4208.01,4189.84,4263.09,4220.31,3.3,278,8.861858564
1472,2019/3/3 8:00,8.28,0.3,330,4188.36,4143.75,4236.57,4189.56,4.3,290,8.819651135
1473,2019/3/3 9:00,7.62,0.4,319,4082.04,4070.32,4149.18,4100.51,3.1,280,8.601807652
1474,2019/3/3 10:00,8.05,0.6,313,4061.44,4023.84,4097.34,4060.87,2.5,282,8.545487369
1475,2019/3/3 11:00,8.04,0.6,310,3899.4,3922.74,3971.37,3931.17,2.6,290,8.272946642
1476,2019/3/3 12:00,7.95,0.3,294,3847.68,3857.84,3956.04,3887.19,4.5,280,8.190679297
1477,2019/3/3 13:00,8.76,0,290,3833.37,3823.75,3929.4,3862.17,4.5,279,8.174834481
1478,2019/3/3 14:00,7.43,0.4,279,3763.2,3754.16,3815.24,3777.53,3.1,290,7.964260721
1479,2019/3/3 15:00,7.43,0.4,279,3763.2,3754.16,3815.24,3777.53,3.1,290,7.964260721
1480,2019/3/3 16:00,0.42,78.7,279,3710.63,3769.56,33.35,2504.51,2.6,275,7.964260721
1481,2019/3/3 17:00,7.89,0.4,261,20.01,250.14,722.8,330.98,3.6,288,7.65084218
1482,2019/3/3 18:00,8.01,0.5,254,3516.04,3486.96,3593.84,3532.28,2.5,276,7.472620844
1483,2019/3/3 19:00,8.47,0.3,248,3484,3486.96,3560.44,3510.47,2.9,284,7.46053211
1484,2019/3/3 20:00,8.37,0.1,235,3311.16,3299.92,3431.97,3347.68,3,279,7.120087592
1485,2019/3/3 21:00,8.37,0.3,235,3274.48,3273.2,3346.68,3298.12,3,279,7.029517909
1486,2019/3/3 22:00,8.22,0.1,219,3259.2,3256.2,3254.96,3256.79,2.9,276,6.965693057
1487,2019/3/3 23:00,8.32,0.5,212,3178.56,3164.37,3203.46,3182.13,2,275,6.797434935
1488,2019/3/4 0:00,7.91,0.6,210,3102.53,3052.76,3183.48,3112.92,1.9,274,6.615722882
1489,2019/3/4 1:00,6.6,0.5,172,2821.5,2819.87,2869.44,2836.94,2.2,284,6.019884296
1490,2019/3/4 2:00,6.37,0.5,166,2717.52,2740.5,2822.4,2760.14,2.7,273,5.825090189
1491,2019/3/4 3:00,5.85,0.1,151,2680.92,2655.56,2700,2678.83,2.6,278,5.679741597
1492,2019/3/4 4:00,5.7,0.2,129,2464.28,2450.25,2469.91,2461.48,1.4,287,4.738367298
1493,2019/3/4 5:00,4.68,0,103,2175.12,2168.76,2202.86,2182.25,2.3,270,4.560377476
1494,2019/3/4 6:00,4.58,0,100,2129.7,2130.96,2168.28,2142.98,2.9,275,4.470528269
1495,2019/3/4 7:00,4.58,0,94,2081.61,2069.49,2096.81,2082.64,2.1,292,4.349301115
1496,2019/3/4 8:00,4.85,-0.3,16,1721.16,1718.64,1798.92,1746.24,2.7,279,3.568959936
1497,2019/3/4 9:00,4.53,-0.4,12,1627.92,1600.35,1634.4,1620.89,3,280,3.31208927
1498,2019/3/4 10:00,3.62,-0.4,11,1431.65,1473.12,1557.24,1487.34,1.9,277,2.926123734
1499,2019/3/4 11:00,2.43,-0.9,8,1219.3,1225.8,1254.88,1233.33,1.7,280,2.391719637
1500,2019/3/4 12:00,1.22,-1,5,1098.02,1089.6,1098.36,1095.33,1.6,267,2.090625315
1501,2019/3/4 13:00,0.33,-1,4,1032.08,984.55,999,1005.21,1.2,276,1.905295948
1502,2019/3/4 14:00,-1.66,-1.3,2,194.01,518.98,695.25,469.41,1.3,275,0.479909833
1503,2019/3/4 15:00,-12.6,-10.4,1,41.36,58.5,60.4,53.42,0.5,229,-0.023207264
1504,2019/3/4 16:00,-12.56,-10.3,2,52,65.78,65.89,61.22,0.2,224,0.007569319
1505,2019/3/4 17:00,-12.29,-10,8,103.02,123.31,134.82,120.38,0.4,186,0.121666553
1506,2019/3/4 18:00,-12.14,-10.2,10,146.3,160.08,151.57,152.65,0.6,134,0.155059185
1507,2019/3/4 19:00,-12.16,-10.4,11,158.88,162.72,181.72,167.77,0.4,183,0.2210714
1508,2019/3/4 20:00,-12.23,-10.6,13,219.12,232.22,219.12,223.49,0.4,157,0.347443983
1509,2019/3/4 21:00,-11.29,-10.4,39,469,467.94,514.65,483.86,0.4,164,0.838095323
1510,2019/3/4 22:00,-10.94,-10.7,43,439.11,421.2,478.72,446.34,0.5,151,0.803302503
1511,2019/3/4 23:00,-10.7,-10.7,46,517.57,519.03,572,536.2,0.6,143,0.968935116
1512,2019/3/5 0:00,-10.44,-10.5,48,511,531.75,583.49,542.08,0,131,0.993552696
1513,2019/3/5 1:00,-10.1,-10.2,50,520.22,491.4,521.25,510.96,0.7,183,0.942794822
1514,2019/3/5 2:00,-9.08,-9.4,53,548.26,460.96,477.4,495.54,0,194,1.013690147
1515,2019/3/5 3:00,-9,-9.2,52,409.2,408,443.95,420.38,0.6,174,0.778970575
1516,2019/3/5 4:00,-9,-9.3,45,377.3,388.74,416.02,394.02,0,143,0.763003528
1517,2019/3/5 5:00,-9.02,-9.2,48,387.6,392.66,415.41,398.56,0,194,0.736359019
1518,2019/3/5 6:00,-9,-9.2,48,407.69,420.29,429.03,419,0,194,0.759493255
1519,2019/3/5 7:00,-8.89,-9,63,474.03,480.2,530.53,494.92,0,163,0.9413636
1520,2019/3/5 8:00,-8.35,-8.9,83,601.17,624.6,674.15,633.31,0.4,230,1.135663248
1521,2019/3/5 9:00,-7.77,-8.7,89,717.91,702.96,724.88,715.25,0.5,182,1.412872599
1522,2019/3/5 10:00,-5.89,-7.3,114,837.32,831.6,881.38,850.1,1.7,266,1.574774451
1523,2019/3/5 11:00,-5.56,-7.1,116,870,837.32,866.25,857.86,1.9,265,1.627776366
1524,2019/3/5 12:00,-4.87,-6.8,107,721.35,725.04,821.1,755.83,1.9,276,1.362506992
1525,2019/3/5 13:00,-4.2,-5.9,131,796.92,809.48,880.64,829.01,1.3,257,1.562675495
1526,2019/3/5 14:00,-0.33,-4.9,162,1670.13,1433.12,1653.6,1585.62,1.8,276,3.348697998
1527,2019/3/5 15:00,0.55,-4.7,180,1882.38,1745.7,1908.53,1845.54,1.3,266,3.899291716
1528,2019/3/5 16:00,1.04,-4.4,180,1900.22,1795.68,2129.7,1941.87,2,266,4.037602517
1529,2019/3/5 17:00,1.39,-4.4,161,1879.64,1648.8,1589.2,1705.88,1.4,271,3.747237429
1530,2019/3/5 18:00,1.22,-4.5,156,1481.35,1835.8,1491.39,1602.85,2.3,277,3.216333066
1531,2019/3/5 19:00,1.31,-4,226,1772.46,1864.48,2394.3,2010.41,2.1,266,4.026742073
1532,2019/3/5 20:00,1.68,-3.9,241,2311.28,2404.71,2442.6,2386.2,2,265,4.965141228
1533,2019/3/5 21:00,2.45,-3.9,203,2318.56,2056.62,2069.49,2148.22,1.8,272,4.692041591
1534,2019/3/5 22:00,2.83,-3.8,253,2641.1,2589.3,2383.94,2538.11,2,261,5.451176144
1535,2019/3/5 23:00,6.68,-3.1,272,2911.68,2920.32,3091.2,2974.4,2.3,254,6.342439831
1536,2019/3/6 0:00,6.93,-2.9,325,3098.25,3089.32,3396.9,3194.82,3.1,262,6.754656127
1537,2019/3/6 1:00,5.04,-3.2,164,1413.3,1386.9,1417.92,1406.04,2.4,274,3.055840594
1538,2019/3/6 2:00,3.85,-3,167,1423.8,1448.78,1431,1434.53,1.8,282,2.818115711
1539,2019/3/6 3:00,3.33,-2.9,172,1459.48,1516.4,1573.11,1516.33,2,269,3.151930461
1540,2019/3/6 4:00,2.81,-3,157,1319.2,1293.07,1305.6,1305.96,2.5,271,2.750701198
1541,2019/3/6 5:00,3.99,-2.4,158,2074,1658.04,1377.6,1703.21,1.9,250,3.974366189
1542,2019/3/6 6:00,3.79,-2.4,154,1191.21,1206.46,1181.25,1192.97,2.7,263,2.529143958
1543,2019/3/6 7:00,2.66,-2.4,173,1196.52,1233.96,1310.47,1246.98,2.6,272,2.543169434
1544,2019/3/6 8:00,2.41,-2.2,180,1256.15,1305.6,1348.38,1303.38,2.9,280,2.643816543
1545,2019/3/6 9:00,2.81,-2,211,1580.04,1575.42,1739.1,1631.52,2.2,283,3.354911013
1546,2019/3/6 10:00,3.58,-1.9,199,1595.88,1709.31,1820.94,1708.71,2.4,262,3.503994642
1547,2019/3/6 11:00,3.68,-1.7,219,1949.4,1949.4,2021.68,1973.49,2.2,275,4.138628517
1548,2019/3/6 12:00,4.05,-1.5,264,1998.26,1973.87,2335.86,2102.66,2.4,257,4.358847827
1549,2019/3/6 13:00,4.56,-1.5,252,2325.54,2298.34,2339.1,2320.99,2.3,242,4.916205954
1550,2019/3/6 14:00,4.93,-1.5,240,2172.8,2257.42,2251.08,2227.1,2.4,268,4.699419121
1551,2019/3/6 15:00,5.08,-1.5,254,2161.94,2213.25,2403.66,2259.62,2.9,252,4.749846319
1552,2019/3/6 16:00,6.22,-1.4,221,2562.04,2359.24,2217.46,2379.58,2.4,267,5.238488762
1553,2019/3/6 17:00,6.12,-1.3,211,2142.92,2032.46,1942.08,2039.15,2.6,282,4.461266572
1554,2019/3/6 18:00,5.87,-1.3,212,1896.75,1920.9,1821.12,1879.59,2.7,280,4.046529847
1555,2019/3/6 19:00,5.26,-1.1,242,2312,2346,2284.86,2314.29,2.4,276,4.923329552
1556,2019/3/6 20:00,5.89,-0.9,241,2472.03,2373,2342.42,2395.82,2.5,264,5.164157073
1557,2019/3/6 21:00,6.04,-0.8,228,2197,2045.25,2176.38,2139.54,2.6,267,4.618696537
1558,2019/3/6 22:00,5.79,-0.8,224,2234.25,2220.75,2257.9,2237.63,2.4,280,4.774512583
1559,2019/3/6 23:00,5.64,-0.8,184,2138.85,2004.75,1904.59,2016.06,2.4,278,4.389072763
1560,2019/3/7 0:00,5.62,-0.5,231,2315.4,2393.34,2318.4,2342.38,3.6,263,4.973096103
1561,2019/3/7 1:00,5.89,-0.5,237,2176.38,2193.75,2335.65,2235.26,2.5,273,4.724089655
1562,2019/3/7 2:00,6.12,-0.3,232,2261.25,2173.79,2159.63,2198.22,3.9,268,4.751224702
1563,2019/3/7 3:00,6.03,-0.5,221,2115.36,2008.52,2122.14,2082.01,2.4,250,4.469700109
1564,2019/3/7 4:00,5.62,-0.6,220,2145.15,2132.55,2037.77,2105.16,2.4,261,4.509833684
1565,2019/3/7 5:00,5.58,-0.5,226,1974.9,2044.54,2006.88,2008.77,2.8,269,4.247852773
1566,2019/3/7 6:00,5.39,-0.4,222,2149.26,2122.64,2156.04,2142.65,1.9,271,4.549089781
1567,2019/3/7 7:00,5.53,-0.3,210,1861.75,1877.67,1913.08,1884.17,2.7,265,3.981864169
1568,2019/3/7 8:00,4.79,-0.5,179,1618.4,1460.16,1439.88,1506.15,2.8,266,3.271005873
1569,2019/3/7 9:00,4.14,-0.5,163,1320.15,1219.94,1426.36,1322.15,2.6,273,2.74541618
1570,2019/3/7 10:00,3.83,-0.3,184,1316.26,1423.8,1570.42,1436.83,3.4,263,2.879790318
1571,2019/3/7 11:00,3.51,-0.1,162,1322.1,1232.14,1262.25,1272.16,3.1,279,2.639795815
1572,2019/3/7 12:00,3.2,-0.2,154,1081.6,1047.8,1191.52,1106.97,3.8,257,2.249310359
1573,2019/3/7 13:00,2.72,-0.2,159,1093.5,1086.75,1118.9,1099.72,4.2,276,2.218786924
1574,2019/3/7 14:00,2.66,0,148,1096.74,1039.5,1041.04,1059.09,3.7,266,2.166343074
1575,2019/3/7 15:00,2.47,-0.1,154,1096.74,1086.75,1118.84,1100.78,2.7,257,2.214658232
1576,2019/3/7 16:00,2.37,0,143,1091.58,1073.25,1064.46,1076.43,3.9,275,2.156309332
1577,2019/3/7 17:00,1.87,-0.1,120,821.06,807.6,826.56,818.41,2.8,274,1.58817903
1578,2019/3/7 18:00,1.76,-0.1,118,796.5,792.96,808.28,799.25,3,276,1.535359921
1579,2019/3/7 19:00,1.39,-0.2,114,751.52,744.81,777.2,757.84,3.8,262,1.461691069
1580,2019/3/7 20:00,1.14,-0.2,106,737,738.1,741.48,738.86,3.9,277,1.395871756
1581,2019/3/7 21:00,0.95,-0.4,99,702,665.28,684.42,683.9,4,278,1.305587303
1582,2019/3/7 22:00,0.74,-0.3,102,693.68,726.84,693.68,704.73,3.1,278,1.298843263
1583,2019/3/7 23:00,0.74,-0.2,114,753.76,773.95,798.49,775.4,2.7,270,1.440754477
1584,2019/3/8 0:00,0.83,-0.2,114,806.82,779.52,810,798.78,3.9,273,1.520084791
1585,2019/3/8 1:00,0.45,-0.3,101,588.72,586.08,596.7,590.5,3.9,279,1.078669715
1586,2019/3/8 2:00,0.22,-0.3,91,525.35,537.84,585.2,549.46,2.8,275,0.969937169
1587,2019/3/8 3:00,0.04,-0.3,91,532.8,546.12,576.81,551.91,3.1,275,0.97165053
1588,2019/3/8 4:00,0.01,-0.3,98,593.63,590.96,640.32,608.3,2.4,284,1.075865565
1589,2019/3/8 5:00,0.16,-0.3,84,568.65,553.61,566.1,562.79,2.8,282,1.011540611
1590,2019/3/8 6:00,-0.04,-0.3,72,526.93,506.16,512.82,515.3,2.5,279,0.927050094
1591,2019/3/8 7:00,-0.23,-0.3,84,718.68,743.6,677.71,713.33,2,271,1.318506029
1592,2019/3/8 8:00,-0.19,-0.4,66,503.25,511.28,525.35,513.29,2.5,272,0.905986401
1593,2019/3/8 9:00,-0.77,-0.4,41,374.64,345.8,377.34,365.93,2.9,289,0.597844545
1594,2019/3/8 10:00,-1,-0.5,33,303.6,301.3,315.36,306.75,2.1,272,0.517182124
1595,2019/3/8 11:00,-1.27,-0.7,29,289.08,274.68,302.68,288.81,2.2,281,0.465633641
1596,2019/3/8 12:00,-2,-0.9,22,220.66,213.84,218.62,217.71,1.7,268,0.366276799
1597,2019/3/8 13:00,-2.14,-0.9,20,199.64,208.32,198.71,202.22,1.4,278,0.326841002
1598,2019/3/8 14:00,-2.39,-1,17,172.8,171.99,178.36,174.38,1.2,274,0.288550104
1599,2019/3/8 15:00,-3.31,-1.4,6,105.74,105.74,109.44,106.97,0.8,281,0.164773875
1600,2019/3/8 16:00,0.01,0.1,1,0,0,0,0,0.1,1,0.379993053
1601,2019/3/8 17:00,-7.87,-6.6,6,87.08,102.4,90.75,93.41,2.5,352,0.054376597
1602,2019/3/8 18:00,-7.83,-6.7,13,101.12,112.68,121.6,111.8,0.5,257,0.14722913
1603,2019/3/8 19:00,-7.68,-6.6,21,137.97,154.56,166.4,152.98,0.8,277,0.185717438
1604,2019/3/8 20:00,-7.58,-6.5,22,182.28,204.91,186.47,191.22,0.5,349,0.208957927
1605,2019/3/8 21:00,-7.58,-6.5,22,182.28,204.91,186.47,191.22,0.5,349,0.208957927
1606,2019/3/8 22:00,-7.29,-6.5,39,260.13,280.56,306.82,282.5,2,7,0.588414739
1607,2019/3/8 23:00,-6.85,-6.4,53,424.7,427.77,446.16,432.88,1.1,346,0.620519317
1608,2019/3/9 0:00,-6.85,-6.5,52,413.58,417.24,438.1,422.97,4.2,11,0.813374447
1609,2019/3/9 1:00,-6.85,-6.5,57,443.3,461.04,461.04,455.13,0.2,287,0.768931623
1610,2019/3/9 2:00,-6.77,-6.5,66,499.32,521.36,543.52,521.4,2.1,322,0.779198391
1611,2019/3/9 3:00,-6.65,-6.5,75,590.82,608.96,611.43,603.74,1.5,14,1.27582493
1612,2019/3/9 4:00,-6.48,-6.5,86,655.5,670.27,735.64,687.14,2.2,44,1.377291126
1613,2019/3/9 5:00,-6.47,-6.5,91,693,699.93,759,717.31,1.9,69,1.442610868
1614,2019/3/9 6:00,-6.31,-6.5,101,1009.44,1244.32,893.44,1049.07,1.6,15,1.988034973
1615,2019/3/9 7:00,-5.35,-6.1,141,1525.51,1436.16,1567.69,1509.79,1.4,20,3.155959739
1616,2019/3/9 8:00,-4.66,-6,145,1591.04,1581.75,1642.68,1605.16,1.3,22,3.332307759
1617,2019/3/9 9:00,-4.1,-6.1,156,1801.57,2021.76,1846.26,1889.86,1.9,15,3.846696412
1618,2019/3/9 10:00,-3.39,-5.7,163,2002.2,2032.9,2190.24,2075.11,1.5,310,4.164367214
1619,2019/3/9 11:00,-3.1,-5.9,147,2124.96,2062.05,1809.6,1998.87,1.3,0,4.353906666
1620,2019/3/9 12:00,-3.29,-6.1,150,1698.24,1755.82,1753.92,1735.99,3.4,37,3.64437551
1621,2019/3/9 13:00,-3.46,-6.1,157,1766.52,1722,1733.04,1740.52,2.7,18,3.710517251
1622,2019/3/9 14:00,-2.54,-5.9,167,2059.79,2044,2017.22,2040.34,3.1,5,4.342658734
1623,2019/3/9 15:00,-3.23,-5.9,172,1953,1923.72,2100,1992.24,2.1,304,4.025705936
1624,2019/3/9 16:00,-3.12,-5.9,217,2128,2572.32,2705.86,2468.73,2.7,38,4.815708159
1625,2019/3/9 17:00,-2.27,-6,227,2705.13,2571.93,2794.97,2690.68,5.3,3,5.74524684
1626,2019/3/9 18:00,-2.27,-5.8,225,2726.1,2599.81,2748.24,2691.38,1.8,62,5.580753206
1627,2019/3/9 19:00,-1.7,-6,233,2693.52,2634.05,2731.35,2686.31,4.1,32,5.645013286
1628,2019/3/9 20:00,-2.71,-6.1,237,2730,2736.16,2821.7,2762.62,4.3,24,5.466601829
1629,2019/3/9 21:00,-2.08,-5.7,256,2872.89,2934.37,2985.84,2931.03,3.8,48,6.021098398
1630,2019/3/9 22:00,-1.45,-5.9,246,2703.55,2998.08,2977.26,2892.96,3.9,50,5.869431482
1631,2019/3/9 23:00,-1,-5.7,262,3045.89,2977.26,2952.18,2991.78,3.4,356,6.300465693
1632,2019/3/10 0:00,-0.94,-5.7,268,2902.32,2870.35,2866.22,2879.63,2,331,6.044066753
1633,2019/3/10 1:00,-1.77,-5.7,242,2318.4,2540.04,2609.44,2489.29,3.8,3,5.095243908
1634,2019/3/10 2:00,-2.6,-5.9,248,2429.04,2296.8,2449.92,2391.92,2,337,4.967260465
1635,2019/3/10 3:00,-2.83,-5.7,218,2258.75,2176.02,1975.05,2136.61,1.8,342,4.47913997
1636,2019/3/10 4:00,-2.85,-5.7,203,1978.17,1940.44,1781.76,1900.12,1.2,317,3.941704749
1637,2019/3/10 5:00,-3.12,-6.2,192,1479.11,1554.56,1579.92,1537.86,4.3,5,3.275485584
1638,2019/3/10 6:00,-4.52,-6.3,171,1253,1235.32,1244.05,1244.12,2.5,40,2.6489685
1639,2019/3/10 7:00,-4.83,-6.3,167,1162.32,1153.7,1202.35,1172.79,3.1,76,2.448370039
1640,2019/3/10 8:00,-5.79,-6.5,127,791.16,771.68,796.92,786.59,1.9,339,1.349250616
1641,2019/3/10 9:00,-5.89,-6.4,123,724.5,730.34,763.68,739.51,1.9,341,1.225404177
1642,2019/3/10 10:00,-5.85,-6.4,114,689,675.18,696.66,686.95,1.5,351,1.135634424
1643,2019/3/10 11:00,-5.66,-6.1,122,709.67,723.98,772.92,735.52,2,0,1.547389318
1644,2019/3/10 12:00,-5.77,-6.3,136,796.95,834.9,869.4,833.75,3.2,23,1.695035383
1645,2019/3/10 13:00,-5.7,-6.3,152,890.88,899.6,916.37,902.28,2.3,43,1.88613535
1646,2019/3/10 14:00,-5.65,-6.4,151,870,878.84,890.1,879.65,3.6,26,1.831366491
1647,2019/3/10 15:00,-5.58,-6.2,148,836.11,826.8,868.14,843.68,2.6,50,1.764609906
1648,2019/3/10 16:00,-5.56,-6.3,133,790.02,776.16,787.75,784.64,4.6,20,1.643244327
1649,2019/3/10 17:00,-5.46,-6.1,129,744.12,747.74,768.32,753.39,1.3,219,1.606832368
1650,2019/3/10 18:00,-5.6,-6.2,125,730.34,738.72,745.56,738.21,1.8,315,1.272767799
1651,2019/3/10 19:00,-5.96,-6.3,123,687,678.15,720.3,695.15,1.8,299,1.202641208
1652,2019/3/10 20:00,-5.83,-6.2,117,674.24,679.14,698.7,684.03,5,4,1.388237144
1653,2019/3/10 21:00,-5.87,-6.3,116,682.11,685,714.48,693.86,0.7,129,1.445626276
1654,2019/3/10 22:00,-6,-6.3,118,695.89,704.52,722.4,707.6,5,329,1.242145922
1655,2019/3/10 23:00,-5.95,-6.3,122,704.82,705.55,736.16,715.51,3.6,280,1.274449125
1656,2019/3/11 0:00,-5.99,-6.4,125,717.6,722.4,753.5,731.17,3.6,343,1.219826904
1657,2019/3/11 1:00,-5.93,-6.3,128,775.04,769.44,780.9,775.13,2,314,1.345334448
1658,2019/3/11 2:00,-5.83,-6.4,137,813.15,806.13,833.69,817.66,4.4,353,1.430323779
1659,2019/3/11 3:00,-5.58,-6.1,136,809.64,806.13,826.8,814.19,2.1,354,1.371582079
1660,2019/3/11 4:00,-5.52,-6.3,134,795.8,793.5,819.91,803.07,4.3,38,1.668119501
1661,2019/3/11 5:00,-5.71,-6.3,134,794.65,804.96,832.48,810.7,1.4,1,1.741254744
1662,2019/3/11 6:00,-5.73,-6.4,137,818.92,813.02,848.7,826.88,3.4,11,1.723468745
1663,2019/3/11 7:00,-5.79,-6.4,133,802.72,808.47,810.66,807.28,2.3,286,1.455048932
1664,2019/3/11 8:00,-5.77,-6.4,130,779.7,784.32,785.45,783.16,3.1,351,1.321280852
1665,2019/3/11 9:00,-5.85,-6.4,126,751.01,751.01,771.68,757.9,4.7,350,1.321479503
1666,2019/3/11 10:00,-6,-6.5,122,701.76,722.4,727.16,717.11,1.2,264,1.309471031
1667,2019/3/11 11:00,-5.98,-6.4,117,688,686,697.68,690.56,1.9,227,1.308187158
1668,2019/3/11 12:00,-5.97,-6.4,108,640.77,637.05,646.95,641.59,0.9,304,1.123269429
1669,2019/3/11 13:00,-6.08,-6.5,103,601.04,601.04,613.8,605.29,1.2,23,1.337659645
1670,2019/3/11 14:00,-6.14,-6.5,101,578,594.21,609.65,593.95,1.1,280,1.036192902
1671,2019/3/11 15:00,-6.14,-6.4,98,582.25,581.4,598.4,587.35,2.8,40,1.22685503
1672,2019/3/11 16:00,-6.31,-6.5,100,580.55,588.24,613.8,594.2,2.8,11,1.234113638
1673,2019/3/11 17:00,-6.29,-6.5,100,589.1,588.24,622.44,599.93,0.8,326,0.995129375
1674,2019/3/11 18:00,-6.16,-6.4,102,608.76,628.81,629.28,622.28,4.4,17,1.257005772
1675,2019/3/11 19:00,-6.18,-6.5,105,625.17,630.2,656.64,637.34,1.4,314,1.063922652
1676,2019/3/11 20:00,-6.1,-6.3,104,622.44,631.12,644.84,632.8,1.6,67,1.332257955
1677,2019/3/11 21:00,-6.37,-6.4,91,540.36,537.2,545.6,541.05,1.4,53,1.17437925
1678,2019/3/11 22:00,-6.37,-6.4,85,519.08,510,516.8,515.29,3,46,1.076985135
1679,2019/3/11 23:00,-6.64,-6.7,82,469.2,467.13,502.46,479.6,3,279,0.787578321
1680,2019/3/12 0:00,-6.83,-6.7,75,447.48,463.08,465.75,458.77,1,229,0.834493994
1681,2019/3/12 1:00,-7.2,-7,58,356.16,361.8,369.6,362.52,4.2,1,0.704592661
1682,2019/3/12 2:00,-7.31,-6.9,58,334.5,351,361.26,348.92,2.4,359,0.430242144
1683,2019/3/12 3:00,-7.23,-6.9,57,343.74,347.88,362.88,351.5,2.6,343,0.457725421
1684,2019/3/12 4:00,-7.31,-6.9,54,321.6,328.79,348.4,332.93,3.7,5,0.646090333
1685,2019/3/12 5:00,-7.46,-7,50,314.43,320.64,326.34,320.47,0.9,150,0.645816725
1686,2019/3/12 6:00,-7.48,-7,49,301.5,307.74,313.02,307.42,2.1,6,0.667311324
1687,2019/3/12 7:00,-7.56,-7,40,246.79,249.28,264.8,253.62,2.7,339,0.282783732
1688,2019/3/12 8:00,-7.64,-7.1,36,236.16,246.79,243.09,242.01,1.5,276,0.344703191
1689,2019/3/12 9:00,0.21,-76.6,36,236.16,244.94,432055.8,144178.97,8.2,20,0.344703191
1690,2019/3/12 10:00,0.21,-76.6,36,51.84,244.94,432055.8,144117.53,8.2,20,0.209394954
1691,2019/3/12 11:00,0.33,34.8,36,234,429437.28,11657.16,147109.48,8.2,20,0.209394954
1692,2019/3/12 12:00,-8.12,-7.4,16,131.4,136.5,138.16,135.35,2.3,336,0.081768266
1693,2019/3/12 13:00,-8.33,-7.5,12,108.29,114.3,113.76,112.12,4,343,0.052603237
1694,2019/3/12 14:00,-8.58,-7.8,7,82.94,88.9,88.48,86.77,3.8,0,0.138301532
1695,2019/3/12 15:00,-8.73,-7.8,6,66.22,75.72,81.77,74.57,2.1,289,0.007216582
1696,2019/3/12 16:00,-8.83,-7.9,2,61,68.2,60.7,63.3,1.8,9,0.175400781
1697,2019/3/12 17:00,-8.89,-7.9,2,55.71,61.9,59.8,59.14,1.6,327,-0.038174059
1698,2019/3/12 18:00,0.01,0.1,1,0,0,0,0,0.1,1,0.379993053
1699,2019/3/12 19:00,-14.72,-13.1,2,54.6,58.77,68.42,60.6,0.3,325,-0.06296649
1700,2019/3/12 20:00,-14.39,-12.9,3,66,68,69.85,67.95,0.4,352,-0.035838167
1701,2019/3/12 21:00,-13.89,-12.7,22,96.6,102.45,108,102.35,0,325,0.040743671
1702,2019/3/12 22:00,-13.81,-12.5,21,104.96,109.12,121.14,111.74,0,284,0.06452134
1703,2019/3/12 23:00,-13.75,-12.5,28,111.69,116.11,130.15,119.32,0.1,288,0.077348901
1704,2019/3/13 0:00,-13.64,-12.5,24,120.78,132.24,141.75,131.59,0.6,20,0.250578709
1705,2019/3/13 1:00,-13.31,-12.3,34,85.03,143.22,156.86,128.37,0,342,0.048817125
1706,2019/3/13 2:00,-13.12,-12.2,36,141.75,158.93,164.4,155.03,0,338,0.134824618
1707,2019/3/13 3:00,-12.85,-12,41,159.62,0,61.92,73.85,0,316,0.130875111
1708,2019/3/13 4:00,-12.29,-11.7,53,193.48,207.6,221.76,207.61,1.4,359,0.185860336
1709,2019/3/13 5:00,-12,-11.5,60,214.52,224.64,239.7,226.29,0.4,343,0.262926663
1710,2019/3/13 6:00,-12,-11.5,60,220.1,234.63,239.7,231.48,0.4,343,0.273319783
1711,2019/3/13 7:00,-12,-11.5,60,455970.43,3217.9,214.4,153134.24,0.4,343,0.268684597
1712,2019/3/13 8:00,-11.62,-11.5,66,227.84,240.04,249.48,239.12,0.7,326,0.293573425
1713,2019/3/13 9:00,-11.62,-11.5,66,458594.2,1931.25,211.72,153579.06,0.7,326,0.28636255
1714,2019/3/13 10:00,-11.62,-11.5,66,458594.2,7082.13,225.12,155300.48,0.7,326,0.278587207
1715,2019/3/13 11:00,-11.62,-11.5,66,228.03,239.02,53.6,173.55,0.7,326,0.286621091
1716,2019/3/13 12:00,-11.62,-11.5,66,463827.8,9659.1,2.04,157829.65,0.7,326,0.286621091
1717,2019/3/13 13:00,-11.35,-11.4,69,230.67,240.38,253.44,241.5,0.2,347,0.314492321
1718,2019/3/13 14:00,0.72,33.6,69,263.81,461225.1,3220.8,154903.24,0.2,347,0.192079105
1719,2019/3/13 15:00,-11.04,-11.2,73,236.64,263.44,269.42,256.5,0.4,282,0.36860087
1720,2019/3/13 16:00,-10.87,-11,79,257.89,274.95,282.8,271.88,0.3,68,0.595571241
1721,2019/3/13 17:00,-10.83,-10.9,81,261.96,287.6,290.69,280.08,0.4,350,0.372066324
1722,2019/3/13 18:00,-10.66,-10.9,86,267.9,294.38,301,287.76,1.2,329,0.373217575
1723,2019/3/13 19:00,-10.56,-10.9,90,274.56,298.62,308.88,294.02,1.5,354,0.364275694
1724,2019/3/13 20:00,-10.46,-10.9,100,301.86,325.22,347.41,324.83,0.3,308,0.493733772
1725,2019/3/13 21:00,-10.31,-10.7,114,332.76,383.72,401.52,372.67,0.8,276,0.579750172
1726,2019/3/13 22:00,-10.12,-10.7,118,392.7,403.2,424.8,406.9,0.9,333,0.621029275
1727,2019/3/13 23:00,-9.52,-10.5,130,454.23,483.74,487.09,475.02,0.1,278,0.846335411
1728,2019/3/14 0:00,-9.29,-10.2,134,440.82,486.42,483.74,470.33,0,356,0.766681574
1729,2019/3/14 1:00,-9.23,-10.4,134,456.96,498.87,495.42,483.75,0,314,0.831915707
1730,2019/3/14 2:00,-8.21,-10,165,596.16,661.5,637.71,631.79,1.5,349,1.040585748
1731,2019/3/14 3:00,-8.2,-10,168,587.2,646.14,650.59,627.98,0.6,280,1.136988008
1732,2019/3/14 4:00,-8.25,-10.4,200,650.32,689.02,819.18,719.51,2,347,1.192091416
1733,2019/3/14 5:00,-8.21,-10.4,212,693.72,731.61,895.4,773.58,0.8,312,1.356026154
1734,2019/3/14 6:00,-6.79,-9.4,276,1092.96,1130.99,1381.84,1201.93,1,339,2.646877256
1735,2019/3/14 7:00,-6.1,-9.6,285,1138.5,1186.58,1357.5,1227.53,1.7,316,2.330185506
1736,2019/3/14 8:00,-5.7,-9.4,314,1341.66,1419.3,1644.69,1468.55,0.9,326,2.814270458
1737,2019/3/14 9:00,-4.41,-9,285,1337.6,1288.85,1525.92,1384.12,0.7,286,2.803745416
1738,2019/3/14 10:00,-4.66,-9.4,203,932.48,877.03,912.64,907.38,0.5,295,1.874293266
1739,2019/3/14 11:00,-5.06,-9.4,201,817.5,793.8,885.6,832.3,1,3,1.926740329
1740,2019/3/14 12:00,-5.91,-9.5,254,1070.19,1011.84,1271.6,1117.88,1.6,67,2.37858118
1741,2019/3/14 13:00,-5.45,-9.7,227,1044.66,1010.48,1044.81,1033.32,0.5,1,2.37287728
1742,2019/3/14 14:00,-5.43,-9.2,212,921.1,969.4,985.53,958.68,0.5,279,1.89179166
1743,2019/3/14 15:00,-5.91,-9.4,195,735.98,824.32,840.18,800.16,0,72,1.742864372
1744,2019/3/14 16:00,-6,-9.8,194,727.5,770.7,820.29,772.83,0.9,81,1.688653723
1745,2019/3/14 17:00,-6.25,-9.5,206,743.49,772.8,912.66,809.65,2.1,60,1.711899932
1746,2019/3/14 18:00,-6.35,-9.2,206,743.49,804.42,904.02,817.31,0.5,335,1.464560634
1747,2019/3/14 19:00,-5.97,-8.8,244,913.55,921.32,1129.36,988.08,0,239,1.962618104
1748,2019/3/14 20:00,-5.58,-8.8,225,967.68,931.14,1028.6,975.81,1,11,2.182864897
1749,2019/3/14 21:00,-5.58,-9,212,902.4,778.04,917.6,866.01,2.2,332,1.677993619
1750,2019/3/14 22:00,-5.92,-9.1,217,802.5,762.32,810.7,791.84,0.5,12,1.870316918
1751,2019/3/14 23:00,-5.94,-9.3,221,796.06,772.8,948.48,839.11,0.9,336,1.554348239
1752,2019/3/15 0:00,-6.08,-9.1,217,917.44,960.7,968.09,948.74,1.6,331,1.759439283
1753,2019/3/15 1:00,-6.16,-9.2,214,873.48,867.3,961.05,900.61,0.5,279,1.767701173
1754,2019/3/15 2:00,-6.1,-8.9,206,804.64,794.88,933.66,844.39,0.3,284,1.632540835
1755,2019/3/15 3:00,-6.45,-8.9,174,624.96,580,718.34,641.1,2.1,292,1.174968722
1756,2019/3/15 4:00,-6.62,-9,179,570.57,619.65,687.14,625.79,1.5,289,1.108875093
1757,2019/3/15 5:00,-6.58,-8.8,180,663.05,565.5,655.04,627.86,0,263,1.325902658
1758,2019/3/15 6:00,-6.56,-8.9,194,567.72,596.96,669.76,611.48,1.1,286,1.118151624
1759,2019/3/15 7:00,-6.37,-8.8,176,586.18,601.75,613.2,600.38,1.3,282,1.129403792
1760,2019/3/15 8:00,-6.52,-8.7,178,589.34,565.5,697.92,617.59,1.3,300,1.278827839
1761,2019/3/15 9:00,-6.56,-8.8,227,717.12,609.84,954.6,760.52,0.9,283,1.437942372
1762,2019/3/15 10:00,-6,-8.5,245,800.36,775.92,1132.2,902.83,1,295,1.648872868
1763,2019/3/15 11:00,-4.5,-8,283,1054.68,906.44,1326.39,1095.84,0.8,258,2.227854129
1764,2019/3/15 12:00,-6.66,-8.9,131,366.69,375.24,442.06,394.66,2.2,9,0.913516603
1765,2019/3/15 13:00,-7.08,-9.1,142,382.66,423.62,479.16,428.48,0.6,287,0.745238738
1766,2019/3/15 14:00,-7.31,-9.2,155,448.96,483.74,543,491.9,0.6,272,0.889166872
1767,2019/3/15 15:00,-7.35,-8.9,178,480.35,530.71,638,549.69,1.1,329,0.878636983
1768,2019/3/15 16:00,-6.62,-9.2,224,850.89,852.6,872.02,858.5,1.5,348,1.57241664
1769,2019/3/15 17:00,-6.41,-9,225,778.96,905.28,885.6,856.61,0.6,352,1.515408131
1770,2019/3/15 18:00,-6.35,-9,231,864.8,844.1,869.66,859.52,2.3,350,1.579761864
1771,2019/3/15 19:00,-6.17,-8.9,267,923.73,827.16,990.85,913.91,1.2,274,1.846274204
1772,2019/3/15 20:00,-5.98,-8.7,239,758.88,721.71,935.99,805.53,0.9,342,1.468224315
1773,2019/3/15 21:00,-6.19,-8.8,163,569.8,556.71,571.96,566.16,0.8,314,1.055043264
1774,2019/3/15 22:00,-7.27,-9,152,436.2,436.76,500.5,457.82,2.7,28,1.00718214
1775,2019/3/15 23:00,-7.98,-9.2,131,380.12,363.12,430.8,391.35,1.7,54,0.883003567
1776,2019/3/16 0:00,-8.25,-9.2,121,335.8,334.17,377.36,349.11,1.7,23,0.803606052
1777,2019/3/16 1:00,-8.37,-9.3,121,325.8,326.14,371.28,341.07,1.9,356,0.468417212
1778,2019/3/16 2:00,-8.47,-9.3,119,318.12,328.44,371.8,339.45,2.2,52,0.734542505
1779,2019/3/16 3:00,-8.96,-9.5,110,307.02,290.69,349.86,315.86,1.8,2,0.725400849
1780,2019/3/16 4:00,-9.08,-9.5,103,296.43,299.04,339.36,311.61,0.9,110,0.668230973
1781,2019/3/16 5:00,-9.04,-9.4,91,281.19,275.34,311.96,289.5,1,41,0.676501482
1782,2019/3/16 6:00,0.12,-90.8,91,281.19,296.52,463315.2,154630.97,4.1,87,0.460215412
1783,2019/3/16 7:00,-9.33,-9.6,66,191.7,184.41,213.9,196.67,0.9,104,0.273568012
1784,2019/3/16 8:00,-9.75,-9.7,49,138.2,139.44,150.48,142.71,1.5,59,0.337175398
1785,2019/3/16 9:00,-9.72,-9.8,45,131.67,127.49,140.28,133.15,1.1,55,0.338413898
1786,2019/3/16 10:00,-9.89,-9.7,39,108.8,99.15,127.87,111.94,1.1,66,0.276327553
1787,2019/3/16 11:00,-10.04,-9.8,28,87.49,91,97.35,91.95,1.3,74,0.214554232
1788,2019/3/16 12:00,-10.29,-9.9,29,79.8,83.98,90.44,84.74,0.8,345,0.019335642
1789,2019/3/16 13:00,-10.6,-10,23,64.7,70.18,69.96,68.28,1.6,340,-0.029584825
1790,2019/3/16 14:00,-10.79,-10.2,13,50.8,51.04,56.43,52.76,2,70,0.097957174
1791,2019/3/16 15:00,0.01,0.1,1,0,0,0,0,0.1,1,0.379993053
1792,2019/3/16 16:00,-20.81,-19.1,22,80.85,37.68,101.76,73.43,0.8,318,-0.09599966
1793,2019/3/16 17:00,-20.33,-18.8,12,147.43,52.96,174.25,124.88,0.8,322,-0.000471829
1794,2019/3/16 18:00,-20.16,-18.8,32,167.5,53.68,187.65,136.28,0.7,279,0.046695797
1795,2019/3/16 19:00,-19.98,-18.7,41,180.18,60.75,176.28,139.07,0.8,0,0.241442728
1796,2019/3/16 20:00,-19.16,-18.3,69,235.62,229.02,251.64,238.76,0.5,0,0.421632638
1797,2019/3/16 21:00,-19,-18.2,73,240.72,240.72,261.96,247.8,0.5,254,0.267464329
1798,2019/3/16 22:00,-18.68,-18,70,271.32,271.32,283.6,275.41,1,264,0.31617257
1799,2019/3/16 23:00,-18.52,-18.2,83,273.22,271.32,300.53,281.69,1.1,317,0.318390076
1800,2019/3/17 0:00,-17.37,-17.9,95,317.24,347.52,341.28,335.35,0.4,200,0.496452232
1801,2019/3/17 1:00,-16.95,-17.7,115,442.25,450.45,463.36,452.02,0.7,300,0.688596639
1802,2019/3/17 2:00,-16.43,-17.6,125,479.05,2445.95,505.4,1143.47,1,335,0.970969017
1803,2019/3/17 3:00,-14.91,-17.4,134,524.16,2779,554.04,1285.73,0.6,335,1.439182415
1804,2019/3/17 4:00,-14.04,-17,142,666.9,2919,598.6,1394.83,0.5,290,1.743106702
1805,2019/3/17 5:00,-13.66,-17,145,680.13,3031.5,594.5,1435.38,1.5,355,1.786816305
1806,2019/3/17 6:00,-12.56,-16.9,144,671.96,2989.1,623.5,1428.19,0.5,39,2.014863944
1807,2019/3/17 7:00,-10.42,-16.2,162,813.74,3580,1096,1829.91,1.1,267,2.462612325
1808,2019/3/17 8:00,-9.31,-16.2,164,845.68,3721.23,1109.7,1892.2,1.8,20,2.784523385
1809,2019/3/17 9:00,-8.56,-15.9,169,858.06,3768.84,1161.03,1929.31,2,26,2.864563859
1810,2019/3/17 10:00,-8.29,-16.2,165,883.2,3648.26,1140.42,1890.63,1.5,345,2.632721249
1811,2019/3/17 11:00,-7.77,-15.9,173,914.76,3866.4,1124.8,1968.65,1.1,290,2.75814088
1812,2019/3/17 12:00,-6.98,-15.6,179,977.2,4093.74,1175.68,2082.21,1.3,2,3.090764576
1813,2019/3/17 13:00,-6.75,-15.6,173,929.67,3888,1143.1,1986.92,3,8,3.111784582
1814,2019/3/17 14:00,-6.98,-15,194,1082.62,4236.78,1281.64,2200.35,0.6,289,3.105877229
1815,2019/3/17 15:00,-7.25,-15,175,980.92,4358.48,1238.4,2192.6,2.8,316,3.141484889
1816,2019/3/17 16:00,-7.1,-15.2,176,1045.36,3808.8,1140.03,1998.06,1.6,267,2.990386741
1817,2019/3/17 17:00,-7.04,-14.9,192,1025.31,4174.5,1269.09,2156.3,3.2,342,3.131872317
1818,2019/3/17 18:00,-6.75,-15,192,1148.8,4288.68,1330.15,2255.88,3.2,342,3.354805254
1819,2019/3/17 19:00,-3.77,-13.8,233,1242.14,4697.55,1454.52,2464.74,0.5,252,3.610077595
1820,2019/3/17 20:00,-4.29,-13.9,228,1254.75,4912.05,1495.99,2554.26,1.4,294,3.713898888
1821,2019/3/17 21:00,-4.21,-14.2,200,1000.8,3690.52,1171.5,1954.27,1.3,32,2.76954749
1822,2019/3/17 22:00,-6.58,-14.6,218,1250.79,4376.47,1297.8,2308.35,0.4,41,3.450414903
1823,2019/3/17 23:00,-5.1,-14.6,197,1384.32,4883.12,1632.77,2633.4,0.8,335,3.927281919
1824,2019/3/18 0:00,-4.31,-14.1,197,1409.24,4991.12,1649.52,2683.29,2.8,30,4.195329372
1825,2019/3/18 1:00,-4.29,-14.3,202,1421.64,5040.91,1701.6,2721.38,1.4,324,4.113962285
1826,2019/3/18 2:00,-4.25,-14.3,198,1428.82,5048.08,1713.51,2730.14,2,340,4.153848225
1827,2019/3/18 3:00,-3.69,-14,200,1479.08,5012.63,1775.37,2755.69,1.4,221,4.281256498
1828,2019/3/18 4:00,-4.02,-14.2,198,1484.19,4998.45,1791.24,2757.96,0.9,356,4.238995599
1829,2019/3/18 5:00,-2.54,-13.4,197,1501.5,5082.69,1833,2805.73,0.7,271,4.387904297
1830,2019/3/18 6:00,-2.79,-14,196,1502.32,5005.26,1844.48,2784.02,2.3,344,4.398151338
1831,2019/3/18 7:00,-2.75,-13.9,195,1502.32,4997.85,1869.12,2789.76,1.4,6,4.349892934
1832,2019/3/18 8:00,-3.79,-14.1,195,1510.76,4977.1,1864.67,2784.18,1.9,296,4.371402468
1833,2019/3/18 9:00,-4,-14,195,1520.04,4970.09,1874.4,2788.18,1.9,289,4.37876366
1834,2019/3/18 10:00,-4.08,-13.9,193,1527.21,5012.28,1888.6,2809.36,1.2,275,4.385994798
1835,2019/3/18 11:00,-3.77,-14.2,194,1532.24,5019.42,1893.03,2814.9,1.1,293,4.406359445
1836,2019/3/18 12:00,-4.54,-14.4,192,1541.55,5012.28,1898.37,2817.4,2.1,21,4.400229778
1837,2019/3/18 13:00,-3.93,-13.9,188,1546.56,5019.3,1908.16,2824.67,0.5,105,4.384732229
1838,2019/3/18 14:00,-3.68,-13.8,179,1558.06,4970,1784.61,2770.89,3.2,292,4.46035131
1839,2019/3/18 15:00,-4.44,-13.9,182,1455.51,4963.14,1785,2734.55,0.9,206,4.216635405
1840,2019/3/18 16:00,-4.58,-14,180,1491.36,4885.85,1839.54,2738.92,2.2,6,4.304426938
1841,2019/3/18 17:00,-3.7,-13.4,182,1495.52,4871.79,1860.2,2742.5,1,341,4.314426705
1842,2019/3/18 18:00,-3.95,-14.2,180,1479.08,4843.8,1836.31,2719.73,2.5,334,4.303571219
1843,2019/3/18 19:00,-5.14,-14.7,177,1481.14,4745.25,1805.94,2677.44,3.2,10,4.290871946
1844,2019/3/18 20:00,-4.37,-13.9,179,1460.64,4689.36,1806.42,2652.14,1.7,317,4.182652411
1845,2019/3/18 21:00,-3.45,-13.4,173,1455.51,4647.24,1803.89,2635.55,2.5,312,4.243330653
1846,2019/3/18 22:00,-3.52,-13.8,170,1435.14,4626.6,1782.5,2614.75,1,313,4.148741835
1847,2019/3/18 23:00,-4.93,-13.8,165,1418.4,4519.05,1751.75,2563.07,1.7,280,4.05469726
1848,2019/3/19 0:00,-5.19,-14.4,161,1405.95,4512,1720.8,2546.25,1.4,326,3.990002788
1849,2019/3/19 1:00,-4.97,-14.1,159,1394.86,4462.65,1711.24,2522.92,0.4,287,3.933885073
1850,2019/3/19 2:00,-5.16,-13.6,158,1366.1,4439.96,1713.63,2506.56,1.8,12,3.976687218
1851,2019/3/19 3:00,-5.54,-14.7,149,1317.6,4313.66,1071.31,2234.19,3.1,34,3.748291494
1852,2019/3/19 4:00,-4.66,-13.7,145,1310.4,4227.86,1627.59,2388.62,1.1,339,3.746750292
1853,2019/3/19 5:00,-4.79,-13.8,143,1276.17,4198.44,1610.56,2361.72,1.5,219,3.750378955
1854,2019/3/19 6:00,-5.93,-14.1,135,1252.52,4027.12,1545.85,2275.16,1.6,281,3.579109908
1855,2019/3/19 7:00,-5.73,-13.9,133,1223.56,4010.04,1517.09,2250.23,1.2,339,3.472468174
1856,2019/3/19 8:00,-6.48,-14.8,115,1125.3,3652.56,1388.16,2055.34,2.5,46,3.397482887
1857,2019/3/19 9:00,-7.25,-14.4,109,1059.96,3555.72,1323.09,1979.59,1.7,303,3.039304042
1858,2019/3/19 10:00,-7.83,-14.7,105,1055.6,3472.6,1290.5,1939.57,1,29,3.072345365
1859,2019/3/19 11:00,-8.14,-14.4,98,991.44,3305.37,1221.36,1839.39,1,276,2.758167223
1860,2019/3/19 12:00,-7.73,-14.5,89,901.48,3047.25,1119.58,1689.44,1.6,23,2.735693427
1861,2019/3/19 13:00,-8.35,-14.7,85,868.7,2937.6,1084.72,1630.34,1,49,2.571606412
1862,2019/3/19 14:00,-8.35,-14.4,82,861.4,2913.69,1054.15,1609.75,1.5,2,2.596392941
1863,2019/3/19 15:00,-9.23,-14.9,78,789.48,2703.75,997.36,1496.86,2.7,350,2.380541592
1864,2019/3/19 16:00,-9.31,-14.8,72,760.24,2606.42,949,1438.55,1.4,343,2.057995007
1865,2019/3/19 17:00,-9.71,-14.9,69,746.64,2530.5,917.28,1398.14,2.7,338,2.09780655
1866,2019/3/19 18:00,-10.5,-14.9,57,624.96,2105.28,781.22,1170.49,0.9,284,1.62610322
1867,2019/3/19 19:00,-10.58,-15,52,605.88,2068.73,737.55,1137.39,1,330,1.550264902
1868,2019/3/19 20:00,-10.6,-15.1,42,597.24,2014.8,716.83,1109.62,2,6,1.803532603
1869,2019/3/19 21:00,-10.45,-14.9,12,538.18,1891.14,677.04,1035.45,0.6,212,1.438519973
1870,2019/3/19 22:00,-10.89,-15,9,507.96,1749.48,618.35,958.6,2.2,2,1.549968871
1871,2019/3/19 23:00,-11.77,-15.3,6,433.26,1529.88,529.2,830.78,1.9,332,1.099127008
1872,2019/3/20 0:00,-12.83,-15.5,1,336.72,1180.12,397.1,637.98,2.3,0,0.993432246
1873,2019/3/20 1:00,-16.67,-16.1,0,49,172,67.5,96.17,1.2,12,-0.111310684
1874,2019/3/20 2:00,0.01,0.1,1,0,0,0,0,0.1,1,0.379993053
1875,2019/3/20 3:00,-8.81,-17.4,178,2718.98,2746.11,2877.54,2780.88,1.6,234,5.747832177
1876,2019/3/20 4:00,-8.1,-16.9,189,2826.93,2862.24,3009.6,2899.59,0.8,167,5.966632117
1877,2019/3/20 5:00,-8.31,-17.2,192,2884.77,2870.28,3002.4,2919.15,1.1,202,6.047292774
1878,2019/3/20 6:00,-8.25,-17.4,198,2935.38,2897.84,3041.37,2958.2,1.6,201,6.134204175
1879,2019/3/20 7:00,-7.75,-17,207,3024,3031.6,3166.38,3073.99,1.1,188,6.341148422
1880,2019/3/20 8:00,-7.21,-16.9,217,3067.2,3139.92,3286.44,3164.52,1.2,218,6.499319982
1881,2019/3/20 9:00,-6.54,-16.7,221,3212.16,3247.22,3324.75,3261.38,1,253,6.776057023
1882,2019/3/20 10:00,-5.56,-16.5,236,3303.3,3329.9,3453.2,3362.13,2,240,6.956459725
1883,2019/3/20 11:00,-5.39,-16.5,239,3355.8,3407.74,3505.23,3422.92,1.2,271,7.110534002
1884,2019/3/20 12:00,-4.58,-16.6,245,3443.5,3537.06,3528.7,3503.09,1.9,261,7.274095687
1885,2019/3/20 13:00,-2.62,-16,281,3713.58,3759,3882.06,3784.88,1.7,281,7.861733511
1886,2019/3/20 14:00,-2.35,-16.2,282,3720.6,3748.26,3858.48,3775.78,1.9,266,7.848139815
1887,2019/3/20 15:00,0.1,-15,300,3858.64,3873.44,3984.75,3905.61,0.6,272,8.201607386
1888,2019/3/20 16:00,0.43,-15.2,302,3862.69,3873.44,3993.98,3910.04,0.6,174,8.148707359
1889,2019/3/20 17:00,1.07,-14.9,307,3933,3965.08,4035.44,3977.84,0.5,222,8.336495276
1890,2019/3/20 18:00,1.68,-14.3,315,3950.25,3971.2,4082.6,4001.35,0.1,132,8.340548299
1891,2019/3/20 19:00,2.16,-15.1,328,4081.7,4051.08,4192.2,4108.33,1.3,121,8.540738148
1892,2019/3/20 20:00,2.51,-15,328,4109.14,3983.85,4186.79,4093.26,0.9,133,8.576476765
1893,2019/3/20 21:00,3.83,-14.5,346,4241.43,4150.64,4332.02,4241.36,1.2,173,8.888368377
1894,2019/3/20 22:00,4.12,-14.4,353,4297.11,4300.12,4373.1,4323.44,1.6,154,9.008022972
1895,2019/3/20 23:00,3.83,-14.5,360,4324.8,4306.5,4434.12,4355.14,1.3,177,9.081196815
1896,2019/3/21 0:00,3.58,-14,363,4372.02,4313.93,4447.68,4377.88,1.3,167,9.139123504
1897,2019/3/21 1:00,4.01,-14,371,4352.76,4374.26,4468.36,4398.46,1.6,173,9.14182729
1898,2019/3/21 2:00,3.68,-14.4,374,4393.44,4367.52,4529.13,4430.03,1.5,168,9.208862235
1899,2019/3/21 3:00,4.28,-13.9,377,4447.45,4455.14,4542.75,4481.78,1.2,204,9.355384774
1900,2019/3/21 4:00,5.76,-13.4,385,4502.25,4468.86,4583.04,4518.05,1.7,263,9.497304447
1901,2019/3/21 5:00,6.14,-13,389,4509.1,4542.6,4623.36,4558.35,0.8,248,9.243730505
1902,2019/3/21 6:00,6.14,-13.1,391,4536.02,4529.13,4602.72,4555.96,1.4,197,9.542425975
1903,2019/3/21 7:00,7.2,-12,396,4542.75,4542.4,4689.69,4591.61,0.4,191,9.64155744
1904,2019/3/21 8:00,7.24,-12.5,396,4575.96,4555.04,4635.65,4588.88,1.2,184,9.638840794
1905,2019/3/21 9:00,8.29,-11.7,405,4582.29,4614.48,4654.64,4617.14,0.7,146,9.696100539
1906,2019/3/21 10:00,8.01,-12.1,409,4648.35,4607.52,4686.96,4647.61,1.4,196,9.782698033
1907,2019/3/21 11:00,7.93,-12.2,411,4662.33,4593.95,4727.19,4661.16,1.1,166,9.809209048
1908,2019/3/21 12:00,9.33,-11,413,4607.52,4613.78,4711.28,4644.19,0.6,201,9.795068219
1909,2019/3/21 13:00,9.2,-11.8,414,4633.61,4652.54,4758.6,4681.58,0.8,179,9.842398111
1910,2019/3/21 14:00,9.43,-11.2,413,4534.2,4579.29,4724.44,4612.64,1,149,9.669266239
1911,2019/3/21 15:00,9.83,-10.8,409,4593.95,4606,4691.54,4630.5,0.6,104,9.758638364
1912,2019/3/21 16:00,9.85,-10.8,409,4554.29,4552.64,4650.5,4585.81,1,143,9.664592756
1913,2019/3/21 17:00,10.04,-10.7,406,4566.87,4520.16,4630.85,4572.63,0.3,96,9.68636315
1914,2019/3/21 18:00,10.51,-10.1,408,4587,4532.22,4689.18,4602.8,1,196,9.749133013
1915,2019/3/21 19:00,11.16,-9.9,406,4573.1,4525.68,4637.4,4578.73,0.3,288,9.771817346
1916,2019/3/21 20:00,11.12,-9.4,404,4573.46,4545.7,4618.24,4579.13,0.8,262,9.754556336
1917,2019/3/21 21:00,10.74,-9.7,399,4500.72,4473.36,4571.46,4515.18,0.1,149,9.595280126
1918,2019/3/21 22:00,10.24,-10.3,399,4501.41,4492.98,4578.45,4524.28,0.8,193,9.584327243
1919,2019/3/21 23:00,10.45,-9.2,385,4388.94,4382.28,4447.89,4406.37,0.4,289,9.415305994
1920,2019/3/22 0:00,10.91,-8.8,384,4362.6,4323.06,4440.9,4375.52,0.4,172,9.318960399
1921,2019/3/22 1:00,9.91,-9,381,4329.55,4316.45,4454.24,4366.75,0.7,239,9.274487423
1922,2019/3/22 2:00,9.51,-9,370,4250.23,4243.96,4342.8,4279,0.7,177,9.074334811
1923,2019/3/22 3:00,9.68,-9,369,4276.67,4257,4336.22,4289.96,0.6,269,9.16529377
1924,2019/3/22 4:00,9.72,-8.6,362,4197.35,4198.04,4277.07,4224.15,0.8,269,9.02147776
1925,2019/3/22 5:00,9.78,-9,359,4190.46,4197.6,4277.07,4221.71,0.9,139,8.944332864
1926,2019/3/22 6:00,9.97,-9.3,356,4177.8,4171.47,4243.96,4197.74,0.4,113,8.913989122
1927,2019/3/22 7:00,9.58,-9,353,4111.42,4112.5,4230.94,4151.62,0.7,160,8.809259397
1928,2019/3/22 8:00,8.78,-9,334,4036.55,4005.66,4124.64,4055.62,1.1,178,8.620501893
1929,2019/3/22 9:00,8.43,-9,332,4022.01,4004.52,4098.2,4041.58,1.5,150,8.556074244
1930,2019/3/22 10:00,8.72,-8.9,320,3903.55,3931.59,3991.86,3942.33,1.2,186,8.389899307
1931,2019/3/22 11:00,8.79,-8.7,312,3882.78,3851.2,3926.34,3886.77,1,175,8.304523891
1932,2019/3/22 12:00,8.97,-8.7,311,3822.84,3796.2,3937.52,3852.19,0.5,199,8.25132664
1933,2019/3/22 13:00,8.62,-9,301,3782.88,3764.88,3825.51,3791.09,1.1,191,8.125346396
1934,2019/3/22 14:00,7.49,-8.5,280,3613.88,3598.88,3682.98,3631.91,0.4,148,7.560348738
1935,2019/3/22 15:00,6.95,-8.6,274,3555.11,3543.12,3632.67,3576.97,1,118,7.593468737
1936,2019/3/22 16:00,7.3,-8.9,272,3527.04,3521.76,3617.6,3555.47,0.5,90,7.554276139
1937,2019/3/22 17:00,7.1,-8.8,265,3480.28,3486.96,3565.77,3511,0.2,211,7.562147723
1938,2019/3/22 18:00,7.53,-7.6,245,3381.84,3343.3,3423.7,3382.95,0.6,222,7.331638831
1939,2019/3/22 19:00,7.35,-7.9,237,3308.03,3287.9,3370.1,3322.01,0.9,281,7.257167587
1940,2019/3/22 20:00,7.35,-7.9,237,3257.32,3220.8,3358.38,3278.83,0.9,243,7.121447782
1941,2019/3/22 21:00,6.91,-7.8,225,3140.84,3187.25,3259.2,3195.76,0.8,273,6.962042844
1942,2019/3/22 22:00,6.39,-8.2,222,3116.36,3102.53,3201.5,3140.13,0.7,267,6.851384517
1943,2019/3/22 23:00,5.68,-7.5,153,3096.08,2573.76,2361.92,2677.25,0.2,280,6.305797908
1944,2019/3/23 0:00,1.97,-8.6,115,2135.9,2206.09,1938,2093.33,1.1,194,4.599308985
1945,2019/3/23 1:00,0.85,-8.7,145,2349.4,2332.2,2438.85,2373.48,1.1,188,5.074789258
1946,2019/3/23 2:00,-0.27,-8.9,112,1825.22,1759.5,1806.81,1797.18,0.5,173,3.904159988
1947,2019/3/23 3:00,-1.58,-9,134,2153.73,2401.2,1997.52,2184.15,0.7,179,4.614220753
1948,2019/3/23 4:00,-1.25,-8.8,141,2272.65,2137.52,2220.8,2210.32,0.4,205,4.761020198
1949,2019/3/23 5:00,-0.79,-8.7,136,2199.36,2217.05,2408.16,2274.86,0.4,172,4.760124283
1950,2019/3/23 6:00,-0.35,-8.8,109,1896.08,1787.1,1930.68,1871.29,0.2,163,4.045831068
1951,2019/3/23 7:00,-1.68,-9,83,1290.84,1155.84,1349.4,1265.36,0.9,102,2.796434677
1952,2019/3/23 8:00,-2.33,-9,89,1607.4,1575.22,1659,1613.87,0.9,131,3.429957291
1953,2019/3/23 9:00,-1.62,-8.9,82,1976.8,1771.56,1808.58,1852.31,0.7,158,4.075416034
1954,2019/3/23 10:00,-1.46,-8.9,63,1738.88,1713.15,1724.8,1725.61,1,128,3.69715456
1955,2019/3/23 11:00,-2.79,-10,34,1312.74,1191.7,1379.84,1294.76,1.8,124,2.786392411
1956,2019/3/23 12:00,-3.35,-10.1,28,1330.56,1247.78,790.05,1122.8,1.6,102,2.717249751
1957,2019/3/23 13:00,-5.52,-10.3,24,906.87,890.27,980,925.71,1.4,107,1.890008218
1958,2019/3/23 14:00,-11.35,-11.1,7,139.44,144.76,164,149.4,1.7,107,0.184852731
1959,2019/3/23 15:00,0.01,0.1,1,0,0,0,0,0.1,1,0.379993053
1960,2019/3/23 16:00,-22.77,-20.2,1,124.64,117.13,170.25,137.34,0.1,73,0.01197371
1961,2019/3/23 17:00,-22.6,-20,2,153.34,137.2,201.55,164.03,0,82,0.059007292
1962,2019/3/23 18:00,-18.42,-20,5,193.05,155.71,241.74,196.83,0,82,0.224484862
1963,2019/3/23 19:00,-21.94,-20.2,20,223.04,234.63,236.98,231.55,0,48,0.173795707
1964,2019/3/23 20:00,-21.35,-20.2,30,306.24,321.3,331.35,319.63,0,76,0.421025398
1965,2019/3/23 21:00,-21.12,-20.1,38,342.24,352.31,431.4,375.32,0,76,0.50155756
1966,2019/3/23 22:00,-20.96,-20,33,381.07,389.34,457.38,409.26,0,76,0.572453983
1967,2019/3/23 23:00,-19.72,-19.5,52,565.5,575.91,593.73,578.38,0,93,0.960316595
1968,2019/3/24 0:00,-19.46,-19.5,53,559.36,564.41,602.7,575.49,0,104,0.945556808
1969,2019/3/24 1:00,-18.91,-19.4,55,572.52,590.4,627.3,596.74,0,113,0.982520491
1970,2019/3/24 2:00,-17.96,-18.8,68,798.97,811.41,719,776.46,0,118,1.453161967
1971,2019/3/24 3:00,-17.5,-18.6,82,842.95,831.45,951.06,875.15,0,113,1.579863683
1972,2019/3/24 4:00,-16.68,-18.7,90,918.54,928,1090.5,979.01,0,104,1.790455166
1973,2019/3/24 5:00,-16.23,-18.6,90,959.64,981.45,1011.92,984.34,0,104,1.876733607
1974,2019/3/24 6:00,-14.12,-17.8,134,1508.8,1680.36,1556.08,1581.75,0.4,129,3.596550054
1975,2019/3/24 7:00,-12.5,-17.5,169,1957.76,1867.92,2092.36,1972.68,0.9,102,4.076218276
1976,2019/3/24 8:00,-11.92,-17.4,141,1949.78,1723.12,1598.4,1757.1,1,103,3.944767381
1977,2019/3/24 9:00,-11.54,-17.4,142,1484.2,1513.16,1557.36,1518.24,0.8,112,3.144990119
1978,2019/3/24 10:00,-11.12,-16.9,161,1557.92,1423.62,1492.47,1491.34,0.4,135,3.21616097
1979,2019/3/24 11:00,-11.06,-16.7,188,1401.18,1602.25,2191.28,1731.57,0.7,111,3.211922431
1980,2019/3/24 12:00,-10.04,-16.6,191,1948.36,2143.04,2024.76,2038.72,0.8,192,4.143399296
1981,2019/3/24 13:00,-9.58,-16.2,165,1708.77,1620.78,1770.99,1700.18,0.5,166,3.578278657
1982,2019/3/24 14:00,-9.56,-16.2,194,2002.71,2049.15,1816.54,1956.13,0,204,4.146430168
1983,2019/3/24 15:00,-7.58,-16,153,1535.1,1562.47,1537.25,1544.94,1.1,188,3.292608086
1984,2019/3/24 16:00,-10.18,-16.1,144,1251.25,1256.7,1354.7,1287.55,1.1,165,2.642635076
1985,2019/3/24 17:00,-10.81,-15.8,139,1134.44,1113.13,1204.56,1150.71,1.3,190,2.334620181
1986,2019/3/24 18:00,-10.15,-14.8,182,1610.06,1480.96,1568.04,1553.02,2.4,174,3.321442097
1987,2019/3/24 19:00,-10.23,-14.8,185,1507.8,1508.65,1568.6,1528.35,1.8,173,3.154065928
1988,2019/3/24 20:00,-10.06,-14.3,204,1629.86,1704.08,1711.2,1681.71,2,156,3.44092532
1989,2019/3/24 21:00,-9.25,-13.8,208,1862.21,1870.68,1898.37,1877.09,1.4,201,3.863577455
1990,2019/3/24 22:00,-8.91,-13.8,200,1528.65,1716,1620.78,1621.81,2.5,151,3.310152107
1991,2019/3/24 23:00,-8.56,-13.4,218,1699.29,1893.92,1763.28,1785.5,1.5,181,3.611543152
1992,2019/3/25 0:00,-8.35,-12.9,184,1530.8,1540.08,1507.32,1526.07,1.4,185,3.177728882
1993,2019/3/25 1:00,-8.02,-13,244,1894.75,1947.52,2120.58,1987.62,2,189,4.0402302
1994,2019/3/25 2:00,-7.79,-12.8,262,2162.32,2345.2,2334.16,2280.56,1.4,160,4.595250526
1995,2019/3/25 3:00,-7.35,-12.7,298,2245.95,2310.12,2742.28,2432.78,2.8,181,4.868504443
1996,2019/3/25 4:00,-6.04,-12.6,320,3192.39,3198.18,3256.38,3215.65,1.7,174,6.545091629
1997,2019/3/25 5:00,-3.94,-12.1,310,3090.56,3205.68,3140.48,3145.57,1.5,193,6.449456771
1998,2019/3/25 6:00,-3.77,-11.8,335,3182.08,3353,3306.42,3280.5,1.5,197,6.662225681
1999,2019/3/25 7:00,-3.73,-12,335,3271.2,3397.14,3175.53,3281.29,1.5,197,6.731813376
2000,2019/3/25 8:00,-2.54,-11.4,375,3476.96,3414.48,3837.82,3576.42,1.6,193,7.253901973
2001,2019/3/25 9:00,-0.85,-11.2,399,4322.9,4202.9,4314.36,4280.05,1.4,212,8.862018464
2002,2019/3/25 10:00,1.33,-11.4,424,4554.81,4343.4,4417.41,4438.54,2.2,169,9.26183824
2003,2019/3/25 11:00,2.68,-10.9,415,4692.16,4711.92,4732.44,4712.17,1.6,175,9.776956498
2004,2019/3/25 12:00,2.7,-10.7,379,4467.1,4549.3,4136.47,4384.29,2.9,144,9.068684991
2005,2019/3/25 13:00,2.14,-10.7,383,3920.42,4129.72,4121.53,4057.22,3.1,152,8.285669468
2006,2019/3/25 14:00,1.24,-10.8,346,3709.8,3913.52,3715.52,3779.61,3,148,7.74579373
2007,2019/3/25 15:00,1.74,-10.4,418,4361.37,4157.95,4404.55,4307.96,2.7,161,8.891944299
2008,2019/3/25 16:00,-0.58,-10.4,366,3801,4100.5,3767.4,3889.63,2.6,171,7.88177085
2009,2019/3/25 17:00,-0.44,-10.2,289,3398.55,3125.43,3066.05,3196.68,1.3,191,6.86924766
2010,2019/3/25 18:00,-0.58,-10.3,285,2966.04,2792.79,2798.55,2852.46,3.1,154,6.101506959
2011,2019/3/25 19:00,-1.39,-10.1,255,2352.26,2349.1,2435.94,2379.1,2.1,154,5.045511777
2012,2019/3/25 20:00,-2.31,-10.3,276,2187.87,2178.48,2342.34,2236.23,2.5,150,4.726215555
2013,2019/3/25 21:00,-2.77,-10.2,298,2506.3,2948.4,2990.13,2814.94,3,184,5.630683004
2014,2019/3/25 22:00,-2.6,-10.2,303,2779,2666.36,2879.88,2775.08,1.9,113,5.785699003
2015,2019/3/25 23:00,-2.37,-10,298,2712.87,2914.83,2973.48,2867.06,3.6,128,5.867096332
2016,2019/3/26 0:00,-3.56,-10.1,234,1967,2058,2145.93,2056.98,1.5,141,4.269596602
2017,2019/3/26 1:00,-4.31,-10.2,213,1743.44,1663.62,1752.5,1719.85,2.5,187,3.737145296
2018,2019/3/26 2:00,-5.25,-10.2,206,1692,1682.56,1663.74,1679.43,2.8,193,3.558972703
2019,2019/3/26 3:00,-5.43,-10.1,204,1609.68,1621.62,1673.14,1634.81,2,177,3.408421545
2020,2019/3/26 4:00,-5.62,-9.9,196,1555.4,1500.14,1560.66,1538.73,1.7,182,3.239372097
2021,2019/3/26 5:00,-5.79,-10,195,1482.6,1548.33,1574.72,1535.22,1.7,200,3.129340001
2022,2019/3/26 6:00,-5.77,-9.7,198,1611.96,1642.65,1647.36,1633.99,1.4,163,3.386303448
2023,2019/3/26 7:00,-6.21,-9.7,207,1644.88,1564.68,1729.7,1646.42,2.3,172,3.42846984
2024,2019/3/26 8:00,-5.89,-9.4,212,1729.96,1722.64,1750.88,1734.49,1.6,132,3.621001319
2025,2019/3/26 9:00,-5.1,-9.3,220,2119.91,2099.79,1989.49,2069.73,2.9,173,4.377164286
2026,2019/3/26 10:00,-4.98,-9,183,1543.95,1581.75,1621.62,1582.44,2,182,3.258432623
2027,2019/3/26 11:00,-5.18,-9,175,1483.33,1499.52,1519.46,1500.77,1.7,133,3.137735227
2028,2019/3/26 12:00,-6,-9.2,143,1302.4,1265.4,1268.81,1278.87,2.7,148,2.702963848
2029,2019/3/26 13:00,-6.37,-9.2,140,1233.75,1302.4,1284.66,1273.6,4,168,2.623060644
2030,2019/3/26 14:00,-5.87,-8.7,142,1508.04,1512.98,1511.45,1510.82,3.2,185,3.119864681
2031,2019/3/26 15:00,-6.04,-8.7,113,1224.96,1078.8,1162,1155.25,3.3,187,2.29965775
2032,2019/3/26 16:00,-6.81,-8.8,96,953.1,922.68,913.44,929.74,1.7,134,1.92942823
2033,2019/3/26 17:00,-7.48,-8.8,84,801.42,916.5,830.62,849.51,2.4,132,1.644510135
2034,2019/3/26 18:00,-7.75,-8.8,74,715.02,704.98,702.96,707.65,2.6,164,1.390725521
2035,2019/3/26 19:00,-8.06,-8.9,74,646.76,666.9,695,669.55,2.2,177,1.251908305
2036,2019/3/26 20:00,-8.29,-8.9,72,653.79,737.36,756.49,715.88,1.5,170,1.287514926
2037,2019/3/26 21:00,-8.35,-8.9,67,721.14,688.7,655.65,688.5,1.7,145,1.387074425
2038,2019/3/26 22:00,-8.66,-9,62,487.2,525,583.49,531.9,3.1,172,0.939204654
2039,2019/3/26 23:00,-9,-9,50,456.72,451.1,445.9,451.24,2.1,159,0.847323962
2040,2019/3/27 0:00,-9.62,-9.1,31,311.88,319.6,297,309.49,2.8,179,0.533367094
2041,2019/3/27 1:00,-10.29,-9.3,18,185.36,185.08,211.52,193.99,2.7,164,0.28558011
2042,2019/3/27 2:00,-10.5,-9.4,11,166.25,170.82,163.5,166.86,2.6,168,0.239703918
2043,2019/3/27 3:00,-10.68,-9.4,8,144.98,143.22,135.87,141.36,3.3,177,0.185147662
2044,2019/3/27 4:00,-11.15,-9.5,6,102.4,103.68,121.41,109.16,2.2,185,0.124444917
2045,2019/3/27 5:00,0.01,0.1,1,0,0,0,0,0.1,1,0.379993053
2046,2019/3/27 6:00,-11.75,-11.2,6,88.2,96.3,94.2,92.9,0.9,183,0.020053374
2047,2019/3/27 7:00,-11.66,-11,3,96.3,97.5,113.58,102.46,0.4,188,0.110620473
2048,2019/3/27 8:00,-11.58,-11,5,96.45,109.31,115.2,106.99,0.4,177,0.125279481
2049,2019/3/27 9:00,-11.48,-11,11,102.4,108.97,122.74,111.37,0.9,185,0.128371826
2050,2019/3/27 10:00,-11.35,-11,7,117.54,122.93,130,123.49,0.9,180,0.155283267
2051,2019/3/27 11:00,-11.18,-10.9,7,124.64,124.26,136.71,128.54,0.1,141,0.213193313
2052,2019/3/27 12:00,-11.04,-10.7,8,125.21,124.07,137.55,128.94,0.2,200,0.176424237
2053,2019/3/27 13:00,-10.81,-10.6,13,138.6,143.22,141.9,141.24,0.3,240,0.18193002
2054,2019/3/27 14:00,-10.64,-10.5,12,149.5,148.12,169.78,155.8,0.8,245,0.185180704
2055,2019/3/27 15:00,-10.54,-10.4,12,155.04,154.8,171.08,160.31,1.1,270,0.172137079
2056,2019/3/27 16:00,-10.42,-10.4,17,166.75,160.08,172.9,166.58,0.7,276,0.199383602
2057,2019/3/27 17:00,-10.39,-10.3,18,160.8,0,176.58,112.46,0.7,267,0.151598155
2058,2019/3/27 18:00,-10.37,-10.4,20,171.86,171.34,189.37,177.52,0.8,267,0.217874655
2059,2019/3/27 19:00,-10.19,-10.4,22,219.45,213.76,21.7,151.64,0.3,262,0.325498066
2060,2019/3/27 20:00,-10.12,-10.2,30,212.48,215.36,227.12,218.32,0.3,312,0.280594918
2061,2019/3/27 21:00,-9.72,-10,45,315.1,311.42,317.76,314.76,0,343,0.466946763
2062,2019/3/27 22:00,-9.16,-9.7,54,356.72,351.52,374.64,360.96,0,309,0.575743597
2063,2019/3/27 23:00,-8.93,-9.6,68,413.4,407.4,429.03,416.61,0.4,356,0.638090356
2064,2019/3/28 0:00,-8.71,-9.4,68,408.6,388.17,410.53,402.43,0.9,2,0.934475351
2065,2019/3/28 1:00,-8.71,-9.4,66,397.88,370.7,391.5,386.69,0,14,0.943806258
2066,2019/3/28 2:00,-8.66,-9.3,64,354.64,357.22,378.56,363.47,0,14,0.868132547
2067,2019/3/28 3:00,-8.89,-9.6,61,330.75,319.68,343.23,331.22,1.3,345,0.461569205
2068,2019/3/28 4:00,-8.64,-9.3,87,385.28,359.87,418.46,387.87,0.1,349,0.617342541
2069,2019/3/28 5:00,-8.66,-9.5,73,347.31,334,344.76,342.02,0.7,289,0.568808467
2070,2019/3/28 6:00,-8.75,-9.5,70,325.44,323.04,323.04,323.84,0.3,329,0.592237029
2071,2019/3/28 7:00,-9.08,-9.5,64,280.98,293.48,296.12,290.19,0.9,272,0.455970143
2072,2019/3/28 8:00,-9.19,-9.7,75,310.96,309.12,323.04,314.37,1.6,344,0.424459148
2073,2019/3/28 9:00,-9.18,-9.7,72,290.25,285.52,316.78,297.52,1.9,359,0.373726766
2074,2019/3/28 10:00,-9.21,-9.7,70,270.4,269.2,279.72,273.11,1.7,329,0.362153131
2075,2019/3/28 11:00,-8.96,-9.4,73,275.52,275.11,281.4,277.34,1.2,24,0.660122124
2076,2019/3/28 12:00,-8.83,-9.3,72,265.98,260.91,268.8,265.23,0.6,264,0.452148989
2077,2019/3/28 13:00,-8.79,-9.3,70,249.75,251.94,258.96,253.55,0.2,295,0.409267205
2078,2019/3/28 14:00,-8.69,-9.3,71,241.56,237.6,259.74,246.3,0.7,287,0.384846649
2079,2019/3/28 15:00,-8.46,-9.3,74,241.92,240.48,254.22,245.54,0.5,274,0.414335489
2080,2019/3/28 16:00,-8.33,-9.2,89,262.08,267.6,293.92,274.53,1.2,285,0.430608
2081,2019/3/28 17:00,-8.27,-9.3,96,277.98,283.92,308.66,290.19,0.7,338,0.427147373
2082,2019/3/28 18:00,-8.14,-9.2,103,330.75,368.28,337,345.34,0.9,275,0.592865469
2083,2019/3/28 19:00,-7.77,-9,137,427.8,402.38,433.28,421.15,0.8,306,0.743874172
2084,2019/3/28 20:00,-7.27,-8.8,144,444.6,400.61,461.72,435.64,1.2,290,0.793202474
2085,2019/3/28 21:00,-7.12,-8.6,143,402.97,392.66,430.72,408.78,0.8,285,0.747929659
2086,2019/3/28 22:00,-7.1,-8.7,141,408,414.19,426.51,416.23,1.4,293,0.72977846
2087,2019/3/28 23:00,-7.27,-8.8,136,410.4,381.36,397.07,396.28,1.2,290,0.725310502
2088,2019/3/29 0:00,-7.23,-8.8,138,379.68,379.68,396.48,385.28,1,281,0.702084534
2089,2019/3/29 1:00,-6.91,-8.6,137,381.36,378,392.66,384.01,1.3,274,0.708869871
2090,2019/3/29 2:00,-6.95,-8.5,137,389.31,386.46,390.34,388.7,0,352,0.686134262
2091,2019/3/29 3:00,-6.89,-8.6,139,379.12,383.04,392.35,384.84,0.8,281,0.715532142
2092,2019/3/29 4:00,-7.06,-8.5,142,385.89,384.75,411.75,394.13,0.8,283,0.720928385
2093,2019/3/29 5:00,-6.91,-8.5,135,369.9,393.24,369.05,377.4,0.7,3,0.974366012
2094,2019/3/29 6:00,-6.91,-8.3,151,414.8,406.2,437.76,419.59,0.6,11,1.059599673
2095,2019/3/29 7:00,-6.6,-8.5,160,419.68,428.4,462.4,436.83,0.9,6,1.077928557
2096,2019/3/29 8:00,-6.46,-8.4,159,436.48,433.92,446.16,438.85,0.2,249,0.913724176
2097,2019/3/29 9:00,-6.31,-8.2,151,385.32,357.22,440.7,394.41,0.4,354,0.671017566
2098,2019/3/29 10:00,-6.1,-8,150,385.89,366.12,409.92,387.31,0.4,290,0.748322781
2099,2019/3/29 11:00,-6.25,-8.3,152,406.8,392.08,433.92,410.93,0.7,309,0.748798038
2100,2019/3/29 12:00,-6.23,-8.2,120,373.45,371.25,338.64,361.11,1,341,0.609456699
2101,2019/3/29 13:00,-6.43,-8.2,110,329.28,314.43,285.95,309.89,0.4,352,0.536024565
2102,2019/3/29 14:00,-6.43,-8.2,108,272.24,265.2,276.78,271.41,1.2,319,0.442525203
2103,2019/3/29 15:00,-6.54,-8.1,109,268,264.8,278.46,270.42,0.7,0,0.50078439
2104,2019/3/29 16:00,-6.29,-7.7,164,415.41,412.97,442.65,423.68,1.6,297,0.744652732
2105,2019/3/29 17:00,-6.35,-7.9,178,509.12,513,554.4,525.51,0.8,351,0.889855418
2106,2019/3/29 18:00,-6.98,-8.4,115,278.04,315.84,278.46,290.78,1.8,299,0.468690685
2107,2019/3/29 19:00,-6.87,-8.2,229,530.53,575.19,608.96,571.56,0.8,269,1.079125402
2108,2019/3/29 20:00,-6.37,-8.1,225,555.66,557.28,579.6,564.18,0.3,354,1.028901544
2109,2019/3/29 21:00,-6.14,-8.2,231,622.8,662.4,626.08,637.09,1.3,309,1.178501122
2110,2019/3/29 22:00,-7.35,-8.8,127,254.98,319.6,299.25,291.28,1.4,328,0.417004215
2111,2019/3/29 23:00,-7.71,-8.8,117,265.6,266,296.12,275.91,0.7,349,0.409252096
2112,2019/3/30 0:00,-7.89,-8.7,120,300.15,316.78,300.15,305.69,1.3,47,0.747414196
2113,2019/3/30 1:00,-7.71,-8.7,132,325.44,331.24,337.5,331.39,1.1,341,0.507582
2114,2019/3/30 2:00,-7.92,-8.9,108,256.5,273.88,263.6,264.66,1.1,64,0.658829577
2115,2019/3/30 3:00,-8.45,-8.9,90,201.6,211.52,209.92,207.68,0.6,319,0.302676165
2116,2019/3/30 4:00,-8.45,-8.9,90,246.79,15.93,327.69,196.8,0.6,319,0.323051976
2117,2019/3/30 5:00,-7.87,-8.4,151,374.55,379.68,392.73,382.32,0.2,231,0.783100194
2118,2019/3/30 6:00,-8.08,-8.6,126,381.92,368.28,359.87,370.02,3.1,2,0.822654144
2119,2019/3/30 7:00,-8.12,-8.6,127,347.31,360.93,356.69,354.98,1.1,323,0.55355285
2120,2019/3/30 8:00,-8,-8.4,128,411.6,395.56,373.45,393.54,0.6,24,0.992703958
2121,2019/3/30 9:00,-7.91,-8.5,157,348.33,383.04,409.2,380.19,3,26,0.792499972
2122,2019/3/30 10:00,-7.7,-8.4,165,426.56,452.76,483.51,454.28,1.3,335,0.709505158
2123,2019/3/30 11:00,-7.52,-8.3,167,485.1,496.08,488.48,489.89,1.1,279,0.895182326
2124,2019/3/30 12:00,-7.35,-8.2,129,440.96,402.38,392.08,411.81,1.5,325,0.694769196
2125,2019/3/30 13:00,-7.42,-8.4,107,353.6,353.08,336,347.56,1.4,269,0.624437577
2126,2019/3/30 14:00,-7.91,-8.5,99,321.95,453.42,278.46,351.28,1.5,327,0.509038019
2127,2019/3/30 15:00,-8.04,-8.4,123,393.87,369.36,471.96,411.73,1.1,336,0.618437723
2128,2019/3/30 16:00,-7.94,-8.2,144,522,543.66,568.26,544.64,0.3,353,0.892592589
2129,2019/3/30 17:00,-7.71,-8.2,142,549.84,525.16,574.36,549.79,1,302,0.957288281
2130,2019/3/30 18:00,-7.46,-8.3,129,513.56,516.75,537.42,522.58,0.9,12,1.195897026
2131,2019/3/30 19:00,-7.39,-8.3,110,514.3,486.35,451.44,484.03,2.2,335,0.98345538
2132,2019/3/30 20:00,-7.77,-8.2,93,436.59,430.92,435.84,434.45,1.1,340,0.671925514
2133,2019/3/30 21:00,-7.77,-8.3,86,411.6,382.48,398.25,397.44,0.6,305,0.676346295
2134,2019/3/30 22:00,-7.81,-8.2,83,377.85,380.24,394.4,384.16,0.8,40,0.882872465
2135,2019/3/30 23:00,-8.02,-8.4,72,362.52,361.46,359.34,361.11,1,299,0.576583476
2136,2019/3/31 0:00,-8.12,-8.3,72,306.45,318.66,330.26,318.46,0.6,299,0.494749603
2137,2019/3/31 1:00,-8.2,-8.4,60,314.18,313.26,319.6,315.68,1.5,336,0.429605802
2138,2019/3/31 2:00,-8.58,-8.5,39,254.19,259.54,258.78,257.5,0.2,285,0.401711502
2139,2019/3/31 3:00,-8.83,-8.6,33,219.52,224.4,222.75,222.22,0.4,328,0.289408975
2140,2019/3/31 4:00,-8.96,-8.6,33,196.33,202.8,216,205.04,0.8,282,0.272945426
2141,2019/3/31 5:00,-9.16,-8.7,28,172.12,185.64,177.39,178.38,0.8,261,0.247186332
2142,2019/3/31 6:00,-9.89,-9,14,116.64,115.56,109.99,114.06,0.2,352,0.091196597
2143,2019/3/31 7:00,-11.18,-9.4,5,36.54,43.33,48.96,42.94,0,289,-0.023156662
2144,2019/3/31 8:00,-21.25,-18.3,43,183.81,42.77,190.41,139,0.7,280,0.053127996
2145,2019/3/31 9:00,-20.21,-17.4,67,314.4,52.72,319.7,228.94,1.2,275,0.279733202
2146,2019/3/31 10:00,-18.73,-17.1,65,417.13,78.21,433.1,309.48,1,280,0.476122183
2147,2019/3/31 11:00,-17.83,-17,122,468.65,419.49,509.04,465.73,1.1,272,0.705855288
2148,2019/3/31 12:00,-17.4,-16.9,133,468.65,419.49,537.24,475.13,1.3,275,0.722196851
2149,2019/3/31 13:00,-16.31,-16.6,150,561.6,542.64,576,560.08,1.2,280,0.932763939
2150,2019/3/31 14:00,-14.83,-16,167,629.01,638.13,640.8,635.98,1.4,277,1.110465737
2151,2019/3/31 15:00,-14.37,-15.7,190,640.8,646.2,684.95,657.32,1.2,281,1.156864391
2152,2019/3/31 16:00,-14.12,-15.6,196,656.88,663.09,694.52,671.5,1.4,274,1.20055214
2153,2019/3/31 17:00,-13.54,-15.2,211,726.19,707.85,746.72,726.92,1.1,273,1.351230158
2154,2019/3/31 18:00,-10.25,-13.9,269,903.42,2813.88,915.9,1544.4,0.9,273,2.159676092
2155,2019/3/31 19:00,-9.1,-13.8,284,952.28,2980.8,998.2,1643.76,1,272,2.348534277
2156,2019/3/31 20:00,-8.77,-13.7,295,979.2,3008.42,1006.78,1664.8,1,269,2.382485887
2157,2019/3/31 21:00,-8.16,-13.7,299,1009.56,3104.32,1022.4,1712.09,1,272,2.470670501
2158,2019/3/31 22:00,-6.85,-13.2,321,3203.82,3202.71,1093.4,2499.98,0.9,269,5.964557361
2159,2019/3/31 23:00,-5.77,-13,329,3283.2,3304.1,1127.31,2571.54,1.4,275,6.053887607
2160,2019/4/1 0:00,-5.31,-12.6,337,3370.75,3313.44,1162.76,2615.65,0.5,271,6.273772134
2161,2019/4/1 1:00,-5.14,-12,348,3445.2,3427.89,1194.83,2689.31,1.2,277,6.307990458
2162,2019/4/1 2:00,-5.12,-12,352,3485,3424.32,1210.4,2706.57,1,275,6.382285029
2163,2019/4/1 3:00,-2.77,-11.2,384,3739.1,3708.32,2854.18,3433.87,1.6,274,7.254550887
2164,2019/4/1 4:00,-0.83,-10.7,397,3862.69,3849.7,3206.24,3639.54,2.7,281,7.588129431
2165,2019/4/1 5:00,-0.14,-10.4,403,3956,3953.52,3320.98,3743.5,2,275,7.839411254
2166,2019/4/1 6:00,2.12,-9.4,419,4110.84,4094.37,3898.5,4034.57,1.8,275,8.432243508
2167,2019/4/1 7:00,2.41,-9.4,420,4117.68,4128.32,4041.69,4095.9,1.8,278,8.529958697
2168,2019/4/1 8:00,5.2,-8.9,433,4204.17,4205.76,4307.52,4239.15,2.2,279,8.83528552
2169,2019/4/1 9:00,5.7,-9,436,4244.79,4252.5,4347.84,4281.71,2.1,278,8.935173217
2170,2019/4/1 10:00,5.72,-9.1,438,4285.41,4287.01,4374.72,4315.71,2.3,279,9.006641851
2171,2019/4/1 11:00,5.49,-8.8,443,4298.95,4320.66,4441.66,4353.76,2.3,302,9.062298891
2172,2019/4/1 12:00,6.1,-7.9,461,4442.02,4468.92,4562.44,4491.13,1.9,286,9.351126255
2173,2019/4/1 13:00,6.3,-7.8,463,4475.57,4502.37,4589.5,4522.48,3.1,280,9.404863992
2174,2019/4/1 14:00,6.76,-7.8,470,4488.99,4522.5,4602.72,4538.07,3,270,9.441053284
2175,2019/4/1 15:00,7.06,-7.7,477,4509.12,4556,4656.74,4573.95,3.3,282,9.508079825
2176,2019/4/1 16:00,6.6,-7.4,494,4717.73,4697,4770.81,4728.51,2.7,279,8.828998355
2177,2019/4/1 17:00,6.49,-7.2,500,4771.2,4790.5,4863.04,4808.25,2.9,279,10.00354706
2178,2019/4/1 18:00,7.24,-7.5,500,4784.64,4783.35,4876.4,4814.8,3.4,276,10.03398049
2179,2019/4/1 19:00,7.83,-7.5,498,4784.23,4789.06,4860.48,4811.26,3.4,272,10.03923287
2180,2019/4/1 20:00,8.06,-7.1,493,4776.66,4788,4889.76,4818.14,4,293,10.04441836
2181,2019/4/1 21:00,8.2,-7.4,491,4790.94,4815.18,4895.1,4833.74,3.2,275,10.08992299
2182,2019/4/1 22:00,8.22,-7.6,491,4810.6,4829.08,4909.12,4849.6,2.5,265,10.13386927
2183,2019/4/1 23:00,8.2,-6.9,489,4838.87,4849.09,4915.79,4867.92,2.9,278,10.17494343
2184,2019/4/2 0:00,9.16,-6.9,488,4861.8,4870.8,4962.27,4898.29,1.8,283,10.26387569
2185,2019/4/2 1:00,9.83,-5.9,488,4850.24,4863.42,4922.73,4878.8,1.5,277,10.24130261
2186,2019/4/2 2:00,9.76,-5.5,484,4802.67,4878.18,4926.56,4869.14,1.5,281,10.18370763
2187,2019/4/2 3:00,9.93,-5.7,477,4710.69,4756.68,4744.18,4737.18,1.8,266,9.949218188
2188,2019/4/2 4:00,9.54,-4.8,438,4619.59,4671.8,4633.2,4641.53,1.8,275,9.772065007
2189,2019/4/2 5:00,9.54,-5.2,465,4607.52,4566.15,4802.67,4658.78,2.3,286,9.749601503
2190,2019/4/2 6:00,9.64,-5.5,398,4216.94,4468.36,4164.3,4283.2,2.2,269,9.044483572
2191,2019/4/2 7:00,9.66,-4.6,459,4594.59,4532.6,4704.7,4610.63,2.4,296,9.680048688
2192,2019/4/2 8:00,10.68,-4.2,457,4428.48,4264.05,4629.2,4440.58,1.7,275,9.34808388
2193,2019/4/2 9:00,11.47,-4.3,457,4197.83,4563.51,4797.87,4519.74,1.2,268,9.303365009
2194,2019/4/2 10:00,12.1,-4.2,434,4453.74,4647.5,4620.24,4573.83,1.4,269,9.618513648
2195,2019/4/2 11:00,12.24,-4.4,410,4316.13,4198.95,4433.31,4316.13,0.8,266,9.202092111
2196,2019/4/2 12:00,11.68,-4.4,411,4015.95,4133.49,4224.99,4124.81,1.4,280,8.73535584
2197,2019/4/2 13:00,12.18,-4.1,433,4191.24,4029.36,4348.3,4189.63,0.9,277,8.913313547
2198,2019/4/2 14:00,12.6,-3.5,425,4283.64,4231.48,4283.58,4266.23,1.1,277,9.124297057
2199,2019/4/2 15:00,12.87,-4.3,404,4101.3,4173.15,4276.8,4183.75,0.8,265,8.657031018
2200,2019/4/2 16:00,12.62,-4,388,3937.59,3567.48,4022.48,3842.52,2.2,279,8.298851627
2201,2019/4/2 17:00,12.08,-4.1,316,3266.88,3472.74,3365.28,3368.3,1.3,276,7.362057407
2202,2019/4/2 18:00,11.24,-4.2,303,3451.8,3263.66,3152.97,3289.48,1.1,262,7.333108274
2203,2019/4/2 19:00,10.87,-4,288,2948.06,2963.4,3207.84,3039.77,0,225,6.597719633
2204,2019/4/2 20:00,10.62,-4,344,3089.58,3201,3643.2,3311.26,1.8,262,7.046603517
2205,2019/4/2 21:00,10.39,-4.5,286,2990.13,2985.62,3136.86,3037.54,1,253,6.649537647
2206,2019/4/2 22:00,8.87,-4.7,296,2865.17,2959.11,2932.65,2918.98,0.3,259,6.374462208
2207,2019/4/2 23:00,7.72,-4.5,290,3055.42,3210.21,3111.36,3125.66,2.1,274,6.742561779
2208,2019/4/3 0:00,8.99,-4.1,336,3575.12,3258.03,3835.25,3556.13,1.4,250,7.562378376
2209,2019/4/3 1:00,8.31,-4.6,267,2923.53,3188.26,3008.3,3040.03,1.1,234,6.550448929
2210,2019/4/3 2:00,7.58,-4.7,262,2840.8,2869.44,2833.33,2847.86,2.1,251,5.868836246
2211,2019/4/3 3:00,6.78,-4.4,269,2891.46,2884.72,2918.42,2898.2,1.3,265,6.27855665
2212,2019/4/3 4:00,6.58,-4.3,228,2379.22,2382.75,2520,2427.32,0.7,273,5.279652894
2213,2019/4/3 5:00,5.87,-4.4,213,2213.79,2251.08,2227.63,2230.83,0.9,212,4.851031163
2214,2019/4/3 6:00,4.47,-4.4,182,1960.21,1997.15,1944.8,1967.39,1.7,218,4.263294315
2215,2019/4/3 7:00,3.93,-4.5,183,1875.5,1980.7,1927.23,1927.81,2.1,252,4.121708861
2216,2019/4/3 8:00,2.7,-4.7,178,2555.05,2506.61,2277.52,2446.39,1.7,224,5.301044032
2217,2019/4/3 9:00,1.28,-5,119,1388.52,1304.53,1554.96,1416,1.9,191,2.993101696
2218,2019/4/3 10:00,0.05,-5.2,115,1390.55,1344.56,1447.46,1394.19,1.4,170,2.952903569
2219,2019/4/3 11:00,-0.81,-5.2,101,1360.26,1340.64,1320.96,1340.62,1.4,191,2.817499219
2220,2019/4/3 12:00,-1.16,-5.2,104,1337.49,1350.44,1320.96,1336.3,1.4,170,2.794674001
2221,2019/4/3 13:00,-1.98,-5.4,106,1339.42,1395.82,1437.28,1390.84,1.6,167,2.738288535
2222,2019/4/3 14:00,-2.1,-5.4,140,1510.32,1668,1933.46,1703.93,1,168,3.311358667
2223,2019/4/3 15:00,-1.48,-5.2,157,2271.75,2272.22,2366.22,2303.4,0.5,176,4.756590135
2224,2019/4/3 16:00,0.16,-5,141,2220.24,2183.56,2104.5,2169.43,0.9,172,4.611945121
2225,2019/4/3 17:00,-1.31,-5.3,78,959.1,1348.3,824.72,1044.04,1,149,2.116329986
2226,2019/4/3 18:00,-1.74,-5.5,105,1505,1519.46,1444.19,1489.55,1.8,146,3.130244649
2227,2019/4/3 19:00,-1.93,-5.7,97,1282.83,1263.38,1317.33,1287.85,0.9,152,2.689558389
2228,2019/4/3 20:00,-4.31,-6.2,38,519.75,531.3,543.52,531.52,1.4,137,1.089424853
2229,2019/4/3 21:00,-5.04,-6.5,36,483.7,473.34,484.22,480.42,1.6,133,0.994575919
2230,2019/4/3 22:00,-7.62,-6.9,13,225.42,190.24,183.4,199.69,2.1,152,0.39846109
2231,2019/4/3 23:00,-8.33,-7,8,109.14,109.82,133.98,117.65,1.4,158,0.197076857
2232,2019/4/4 0:00,-13.81,-12.6,1,27.15,36.72,23.95,29.27,0,77,0.032365788
2233,2019/4/4 1:00,0.01,0.1,1,0,0,0,0,0.1,1,0.379993053
2234,2019/4/4 2:00,-13.39,-12.7,18,53.82,55.53,45.04,51.46,0,118,0.078925868
2235,2019/4/4 3:00,-12.79,-11.5,28,55.8,63.9,63.8,61.17,0,276,0.01018269
2236,2019/4/4 4:00,-12.64,-12,27,50,63.2,64.6,59.27,0,276,0.004043838
2237,2019/4/4 5:00,-12.62,-12.2,30,49.52,63.6,61.6,58.24,0,276,0.006841829
2238,2019/4/4 6:00,-12.56,-12.2,33,56.43,71.5,74.28,67.4,0,281,0.019405944
2239,2019/4/4 7:00,-12.31,-12.4,33,64.3,77.28,74.28,71.95,0,281,0.036962493
2240,2019/4/4 8:00,-12.19,-12.5,40,69.19,83.33,82.03,78.18,0,276,0.056107083
2241,2019/4/4 9:00,-10.27,-10.5,73,173.42,165.25,185.92,174.86,0,343,0.237222195
2242,2019/4/4 10:00,-10.06,-10,67,174.98,164.75,171.86,170.53,0,301,0.260296246
2243,2019/4/4 11:00,-7.87,-9,122,349.86,453.59,354.12,385.86,0,270,0.704084545
2244,2019/4/4 12:00,-6.46,-9.3,137,405.92,519.84,402.97,442.91,0,272,0.855059954
2245,2019/4/4 13:00,-6.16,-9.8,143,408.28,537.42,427.8,457.83,0.4,297,0.836792901
2246,2019/4/4 14:00,-5.91,-10,147,427.8,601.14,429.66,486.2,0.3,272,0.927700622
2247,2019/4/4 15:00,-5.14,-8.3,159,456.72,662.16,468.51,529.13,0,316,0.952525451
2248,2019/4/4 16:00,-4.73,-8.2,159,472.6,685.44,480.2,546.08,0,316,0.992678766
2249,2019/4/4 17:00,-4.21,-8.2,165,469.2,718.11,492.48,559.93,0.6,277,1.038016468
2250,2019/4/4 18:00,-4,-8.6,166,476.1,737.48,494.64,569.41,0.4,277,1.284572418
2251,2019/4/4 19:00,-3.02,-8.5,170,492.48,829.42,496.4,606.1,0.2,264,1.173514485
2252,2019/4/4 20:00,-1.87,-7.3,181,507.35,924.56,537.2,656.37,0,276,1.236349072
2253,2019/4/4 21:00,-1.35,-7.4,182,514.5,968.24,536.41,673.05,0,272,1.279083859
2254,2019/4/4 22:00,-0.81,-6.8,191,550.4,1244.88,572.04,789.11,0.4,281,1.381846195
2255,2019/4/4 23:00,-0.62,-6.7,195,564.16,1450.71,588.24,867.7,0.4,304,1.425741373
2256,2019/4/5 0:00,-0.44,-6.9,200,567.72,1605.06,604.31,925.7,0,259,1.540803553
2257,2019/4/5 1:00,-0.16,-6.4,200,577.92,1759.24,605.2,980.79,0,271,1.572661911
2258,2019/4/5 2:00,0.66,-8.1,206,598.56,2545.38,614.56,1252.83,0.7,269,1.84398036
2259,2019/4/5 3:00,1.03,-7.4,208,614.1,3058.05,626.98,1433.04,0.6,279,1.969957608
2260,2019/4/5 4:00,1.64,-6.9,214,644.49,3641.8,663,1649.76,0,262,2.166411798
2261,2019/4/5 5:00,2.01,-6.9,217,653.3,3757.56,673.2,1694.69,0,240,2.250933042
2262,2019/4/5 6:00,2.32,-6.3,219,679,3799.11,685.36,1721.16,0,246,2.293029522
2263,2019/4/5 7:00,2.59,-8.1,229,714.07,4102.62,732.6,1849.76,0.5,191,2.501836259
2264,2019/4/5 8:00,2.76,-8.2,230,721.14,4109.39,738.08,1856.2,0.3,173,2.61145427
2265,2019/4/5 9:00,2.57,-8.7,235,730.32,4165.32,758.1,1884.58,0.8,194,2.672786417
2266,2019/4/5 10:00,2.76,-8.7,238,759.15,4267.56,783.52,1936.74,0.9,183,2.777187358
2267,2019/4/5 11:00,2.51,-8.5,247,819.5,4362.58,824.31,2002.13,0.7,186,2.858399261
2268,2019/4/5 12:00,3.14,-8.2,254,868.25,4408.6,846.45,2041.1,0.7,171,2.972673734
2269,2019/4/5 13:00,3.14,-8.1,254,875.8,4441.5,847.28,2054.86,0.7,171,2.990914624
2270,2019/4/5 14:00,3.33,-7.3,255,903.21,4447.45,866.64,2072.43,0,219,2.934457726
2271,2019/4/5 15:00,5.49,-6.2,252,902.02,4433.31,877.2,2070.84,0.4,82,3.122016501
2272,2019/4/5 16:00,5.89,-6.7,250,890.4,4394.25,873.68,2052.78,0.8,188,3.101415922
2273,2019/4/5 17:00,6.35,-6.7,251,891.6,4329,877.8,2032.8,0.5,174,3.089964122
2274,2019/4/5 18:00,7.99,-7.4,249,1034.35,4342.72,884.4,2087.16,1,128,3.983662437
2275,2019/4/5 19:00,9.49,-7.4,250,1074.94,4309.92,912.6,2099.15,0.7,113,3.564308953
2276,2019/4/5 20:00,9.83,-7.2,248,1097.65,4290.24,918,2101.96,0.5,227,3.552459259
2277,2019/4/5 21:00,10.62,-7,250,1099.38,4251.03,924.8,2091.74,0.8,210,3.60584748
2278,2019/4/5 22:00,12.43,-6.3,252,1129.48,4224.96,975.26,2109.9,1.3,283,3.732940414
2279,2019/4/5 23:00,12.27,-6.4,250,1136.79,4270.6,958.8,2122.06,1,258,3.741382544
2280,2019/4/6 0:00,11.85,-6.2,252,1965.6,4264,1014.69,2414.76,1.1,275,4.945291188
2281,2019/4/6 1:00,11.58,-6.3,241,2593.7,4100,1096,2596.57,0.7,274,5.824479543
2282,2019/4/6 2:00,10.74,-6.2,231,2676.48,3908.52,1116.18,2567.06,1.1,265,5.833977897
2283,2019/4/6 3:00,10.37,-6.7,242,2798.98,4000.64,1200.6,2666.74,1.4,289,6.017089522
2284,2019/4/6 4:00,9.77,-6.8,237,3313.26,3861.74,1253.98,2809.66,1.6,254,6.596085414
2285,2019/4/6 5:00,9.41,-6.9,236,3451,3985.24,1322.88,2919.71,1.9,261,6.779535603
2286,2019/4/6 6:00,8.97,-6.9,216,3399.26,3641,1499.47,2846.58,1.6,257,7.141604709
2287,2019/4/6 7:00,6.1,-7,187,2622.6,3191.13,1267.2,2360.31,1.7,260,5.425306216
2288,2019/4/6 8:00,5.64,-7,190,2499.2,3042,1536.9,2359.37,1.7,252,5.278609629
2289,2019/4/6 9:00,5.8,-7,216,3165.45,3642.26,1825.2,2877.64,1.4,275,6.453777083
2290,2019/4/6 10:00,6.45,-6.8,213,3367.37,3534.72,2179.3,3027.13,1.2,241,6.823020781
2291,2019/4/6 11:00,5.93,-6.7,182,3065.08,3290.97,2239.38,2865.14,1.2,234,6.389785919
2292,2019/4/6 12:00,5.68,-7,199,3151.98,3307.5,2530.95,2996.81,1.4,276,6.658604074
2293,2019/4/6 13:00,5.68,-6.9,187,2841.15,3132.36,2389.95,2787.82,1.4,268,6.144769475
2294,2019/4/6 14:00,5.74,-6.9,196,3139.84,3237.13,2548.66,2975.21,1.3,214,6.566430797
2295,2019/4/6 15:00,5.93,-7.1,195,3105.43,3273.75,2618.88,2999.35,1.2,272,6.650606202
2296,2019/4/6 16:00,5.95,-6.7,176,2871.18,2974.4,2520.18,2788.59,1.3,272,6.196718603
2297,2019/4/6 17:00,5.45,-7,170,2793.96,2888.28,2481.6,2721.28,0.9,272,6.052105089
2298,2019/4/6 18:00,4.55,-7,152,2537.62,2621.85,2270.1,2476.52,1,255,5.481621955
2299,2019/4/6 19:00,3.99,-7.2,151,2460.51,2560.56,2252.14,2424.4,1.3,266,5.337868573
2300,2019/4/6 20:00,3.78,-7.1,150,2471.04,2513.44,2266.26,2416.91,1.4,272,5.32796092
2301,2019/4/6 21:00,2.99,-7.2,128,2112,2195.64,1947,2084.88,1.2,266,4.56469514
2302,2019/4/6 22:00,2.03,-7.2,119,1881.36,2040.39,1814.42,1912.06,0.9,271,4.096643206
2303,2019/4/6 23:00,1.47,-7.2,108,1876.2,1894.75,1644.98,1805.31,0.5,229,3.966583009
2304,2019/4/7 0:00,1.24,-7,107,1807.36,1838.48,1654.3,1766.71,0.2,236,3.650745712
2305,2019/4/7 1:00,0.91,-7,100,1760.43,1768.16,1562,1696.86,0,253,3.704234957
2306,2019/4/7 2:00,0.28,-7,91,1529.85,1525.14,1439.27,1498.09,0,237,3.224167965
2307,2019/4/7 3:00,-0.2,-7.1,82,1447.3,1463.31,1288.56,1399.72,0.9,231,3.002135583
2308,2019/4/7 4:00,-0.33,-7,81,1413.03,1442.7,1294.02,1383.25,0.2,234,2.950324676
2309,2019/4/7 5:00,-0.81,-7,75,1311.65,1247.09,1233.49,1264.08,0,206,2.733217345
2310,2019/4/7 6:00,-2.6,-7.7,46,813.16,823.48,749.42,795.35,0,191,1.697262984
2311,2019/4/7 7:00,-3.4,-7.9,36,850.63,817.83,694.82,787.76,0.4,166,1.736764029
2312,2019/4/7 8:00,-3.18,-8,30,738.15,711.96,623.92,691.34,0.3,163,1.530051927
2313,2019/4/7 9:00,-5.12,-8.2,20,508.81,554.4,499.84,521.02,0.3,152,1.060930108
2314,2019/4/7 10:00,-6.25,-8.7,16,405.33,375.1,345,375.14,0.7,118,0.838978901
2315,2019/4/7 11:00,-6.85,-8.9,16,360.93,358.81,344.5,354.75,1.1,125,0.736016817
2316,2019/4/7 12:00,-7.93,-9.1,18,334.67,315.84,321.95,324.15,1,105,0.676231493
2317,2019/4/7 13:00,-8.46,-9.4,15,291.11,295.24,278.8,288.38,0.7,104,0.594825322
2318,2019/4/7 14:00,-9.08,-9.4,12,279.62,269.2,250.86,266.56,0.7,146,0.5181891
2319,2019/4/7 15:00,-9.77,-9.2,9,208.32,198.6,222.75,209.89,0.9,146,0.309671491
2320,2019/4/7 16:00,-10.18,-9.4,7,186.76,199.2,208.32,198.09,0.8,152,0.318647529
2321,2019/4/7 17:00,-10.75,-9.7,5,208.01,220.44,201.9,210.12,0.8,163,0.334348232
2322,2019/4/7 18:00,-11.1,-9.9,4,161.28,154.1,186.76,167.38,0.6,165,0.241194603
2323,2019/4/7 19:00,-19.39,-16.7,0,180.96,205.8,168.72,185.16,0,39,0.105646333
2324,2019/4/7 20:00,-19.06,-16.4,6,286.59,226.38,280.41,264.46,0,39,0.398053614
2325,2019/4/7 21:00,-18.66,-16.3,7,299.04,297.78,286.4,294.41,0,39,0.445450809
2326,2019/4/7 22:00,-18.12,-16.1,8,308,311.52,308.74,309.42,0,39,0.476282476
2327,2019/4/7 23:00,-17.95,-16.2,9,338.88,357,315.04,336.97,0,39,0.544136008
2328,2019/4/8 0:00,-17.77,-16,17,408.69,385.56,374.92,389.72,0,39,0.678584098
2329,2019/4/8 1:00,-17.35,-15.7,25,466.05,504,524.16,498.07,0,42,0.814745375
2330,2019/4/8 2:00,-16.21,-15.7,21,700.34,619.2,495.04,604.86,0,172,1.153726005
2331,2019/4/8 3:00,-16,-15.7,17,552.09,519.76,424.21,498.69,0,172,0.882397719
2332,2019/4/8 4:00,-16,-15.8,21,421.26,407.55,406.98,411.93,0,172,0.644407356
2333,2019/4/8 5:00,-15.54,-16.5,38,615.4,686.4,621.78,641.19,0,281,1.349513871
2334,2019/4/8 6:00,-15.27,-16.4,46,823.2,1012.2,746.75,860.72,0,281,1.444017739
2335,2019/4/8 7:00,-13.95,-16.1,67,1655.29,1368.64,1257.36,1427.1,0,279,3.054896569
2336,2019/4/8 8:00,-12.35,-15.7,73,1696.32,1742.31,1496.82,1645.15,1.4,272,3.32141851
2337,2019/4/8 9:00,-11.45,-15.4,67,1583.28,1598.4,1600.56,1594.08,1.6,281,3.153805075
2338,2019/4/8 10:00,-10.23,-15.2,72,2049.8,1981.68,1286.79,1772.76,1.7,271,3.947364455
2339,2019/4/8 11:00,-10.08,-15,98,1580.25,1798.16,1852.56,1743.66,1.3,281,3.349368416
2340,2019/4/8 12:00,-9.93,-15,83,1778.58,2057.7,1657.6,1831.29,1.9,279,3.672430591
2341,2019/4/8 13:00,-9.6,-14.9,82,1844.64,959.44,1714.48,1506.19,2.2,278,3.39460705
2342,2019/4/8 14:00,-7.79,-13.9,121,2704.65,2692.8,2404.08,2600.51,2.9,278,5.526167965
2343,2019/4/8 15:00,-7.08,-13.6,137,2837.76,2879.18,2593.5,2770.15,2.5,272,5.854447397
2344,2019/4/8 16:00,-6.77,-13.3,140,2907.72,2938.65,2675.31,2840.56,1.9,282,6.018336447
2345,2019/4/8 17:00,-6.79,-13,143,2951.36,3034.5,2726.9,2904.25,1.7,282,6.130279509
2346,2019/4/8 18:00,-6.75,-12.9,146,3125.64,3202.1,2785.86,3037.87,1.7,279,6.439331274
2347,2019/4/8 19:00,-3.64,-12.6,170,3521.1,3567.3,3219.3,3435.9,2.2,273,7.30230635
2348,2019/4/8 20:00,-2.98,-12.7,178,3723.45,3748.68,3277,3583.04,2.4,269,7.642248464
2349,2019/4/8 21:00,-1.91,-12.4,185,3766.83,3844.5,3402.8,3671.38,2.2,263,7.81197137
2350,2019/4/8 22:00,-0.77,-12.2,189,3823.44,3926.75,3463.2,3737.8,2.5,269,7.955179866
2351,2019/4/8 23:00,0.39,-11.9,200,3901.76,4043.4,3682.25,3875.8,2.6,273,8.212704331
2352,2019/4/9 0:00,2.29,-10.9,225,4279.35,4425.1,4029.9,4244.78,3.4,275,8.952065257
2353,2019/4/9 1:00,2.85,-10.7,224,4209.92,4235.22,4028.52,4157.89,2.6,286,8.841629918
2354,2019/4/9 2:00,3.53,-10.4,216,4296.24,4207.94,4093.53,4199.24,3.8,274,8.913657921
2355,2019/4/9 3:00,3.45,-10.5,231,4583.56,4528.48,4291.49,4467.84,3.8,282,9.466521969
2356,2019/4/9 4:00,3.76,-10.2,235,4550.49,4644.42,4246.12,4480.34,3.4,283,9.484856252
2357,2019/4/9 5:00,4.06,-10.2,236,4515.54,4623.99,4308.48,4482.67,3.1,283,9.480146055
2358,2019/4/9 6:00,4.76,-9.4,237,4531.82,4522.5,4265.64,4439.99,1.4,266,9.518400948
2359,2019/4/9 7:00,4.83,-9.4,242,4560.28,4603.32,4294.32,4485.97,2.6,276,9.547184686
2360,2019/4/9 8:00,4.45,-9.2,242,4533.3,4596.59,4329.12,4486.34,2.6,278,9.515149058
2361,2019/4/9 9:00,5.35,-9.5,250,4615.88,4630.24,4371.55,4539.22,2.3,266,9.671291484
2362,2019/4/9 10:00,5.37,-9.4,256,4685.38,4723.84,4443.13,4617.45,3.4,274,9.780954858
2363,2019/4/9 11:00,5.66,-8.9,261,4733.35,4710.1,4492.64,4645.36,2.2,278,9.906262435
2364,2019/4/9 12:00,5.91,-9,262,4651.23,4662.33,4451.36,4588.31,2.6,280,9.75819248
2365,2019/4/9 13:00,5.89,-8,267,4753.9,4703.07,4513.88,4656.95,2.6,280,9.917817922
2366,2019/4/9 14:00,6.02,-8.2,268,4740.02,4723.5,4521,4661.51,3.6,281,9.879475422
2367,2019/4/9 15:00,5.1,-7.9,269,4781.16,4736.52,4547.4,4688.36,1.9,283,9.990571124
2368,2019/4/9 16:00,6.16,-8.4,271,4746.85,4729.83,4562.1,4679.59,2.9,285,9.934544965
2369,2019/4/9 17:00,6.49,-8,274,4678.47,4655.66,4507.3,4613.81,2.9,279,9.799929582
2370,2019/4/9 18:00,7.08,-7.9,275,4746.21,4701.55,4555.61,4667.79,2,283,9.556492786
2371,2019/4/9 19:00,7.39,-7.7,281,4726,4762.38,4562.58,4683.65,2.3,296,9.971169002
2372,2019/4/9 20:00,6.31,-7.7,282,4739.42,4709.02,4596.48,4681.64,3.8,273,9.89448594
2373,2019/4/9 21:00,6.49,-7.5,284,4725.84,4722.36,4555.76,4667.99,2.9,268,9.895842161
2374,2019/4/9 22:00,6.56,-7.5,285,4739.6,4741.92,4556,4679.17,2.2,267,9.948000205
2375,2019/4/9 23:00,6.74,-7.3,287,4718.69,4721.5,4576.32,4672.17,2.2,273,9.923458715
2376,2019/4/10 0:00,5.72,-6.5,293,4746.21,4735.26,4555.44,4678.97,3.2,278,9.894140844
2377,2019/4/10 1:00,5.95,-6.7,293,4712.52,4608.45,4575.96,4632.31,2.4,278,9.831441065
2378,2019/4/10 2:00,7.27,-6.5,294,4650.99,4588.24,4501.92,4580.38,1.8,279,9.773011898
2379,2019/4/10 3:00,7.78,-6.2,292,4610.32,4548.18,4461.24,4539.91,2.5,276,9.675227035
2380,2019/4/10 4:00,8.24,-6,293,4556.24,4435.31,4461.6,4484.38,2.6,274,9.558515409
2381,2019/4/10 5:00,8.6,-5.9,295,4536,4475.25,4461.6,4490.95,1.5,261,9.591652356
2382,2019/4/10 6:00,8.99,-5.5,298,4542.76,4521.46,4475.36,4513.19,2.4,282,9.6126345
2383,2019/4/10 7:00,8.7,-5.8,303,4562.98,4521.46,4542.75,4542.4,2.9,274,9.637508032
2384,2019/4/10 8:00,7.62,-6.1,305,4542.72,4535.3,4502.05,4526.69,2.9,276,9.581995261
2385,2019/4/10 9:00,6.01,-4.9,385,4407.27,4388.76,4366.65,4387.56,2.3,278,9.217531341
2386,2019/4/10 10:00,5.24,-4.8,419,4358.4,4348.08,4371.62,4359.37,2.5,280,9.090741419
2387,2019/4/10 11:00,5.16,-4.7,419,4392.08,4321.74,4358.4,4357.41,2.5,280,9.109586215
2388,2019/4/10 12:00,5.81,-4.8,419,4291.74,4308.1,4338.4,4312.75,2.5,280,8.995161731
2389,2019/4/10 13:00,5.49,-4.7,362,4311.2,4274.27,4311.65,4299.04,3.6,261,9.001208067
2390,2019/4/10 14:00,5.03,-4.7,350,4276.14,4239.9,4276.68,4264.24,3.8,282,8.927475813
2391,2019/4/10 15:00,4.33,-4.6,332,4153.38,4123.6,4160.2,4145.73,3.3,267,8.669593606
2392,2019/4/10 16:00,4.6,-4.5,332,4126.1,4104,4160.2,4130.1,3.3,267,8.636884392
2393,2019/4/10 17:00,4.93,-4.7,324,4057.9,4029.75,4113.24,4066.96,3.1,266,8.521191289
2394,2019/4/10 18:00,6.08,-4.8,313,3957.6,3975.75,4012.89,3982.08,2.6,289,8.192998018
2395,2019/4/10 19:00,4.85,-4.6,296,3820.41,3758.56,3819.2,3799.39,3.9,274,8.009055951
2396,2019/4/10 20:00,4.82,-4.7,266,3606.24,3554.25,3599.41,3586.63,1.9,271,7.618943083
2397,2019/4/10 21:00,4.93,-4.7,262,3570.48,3520.4,3584.16,3558.35,4.1,277,7.546075542
2398,2019/4/10 22:00,4.7,-4.8,244,3420,3379.6,3410,3403.2,3.3,281,7.250214665
2399,2019/4/10 23:00,4.02,-5,224,3217.63,3196.44,3235.77,3216.61,3.6,287,6.862164817
2400,2019/4/11 0:00,3.49,-5,216,3081.86,3018.86,3139.59,3080.1,2.6,269,6.553159753
2401,2019/4/11 1:00,2.64,-5,202,2996.36,2993.45,3033.49,3007.77,2.6,270,6.382359794
2402,2019/4/11 2:00,2.28,-5.2,190,2942.56,2889.6,2917.53,2916.56,3.4,271,6.214020331
2403,2019/4/11 3:00,1.77,-5.2,187,2838.46,2820.8,2881.47,2846.91,3.8,278,6.043199632
2404,2019/4/11 4:00,1.28,-5.4,174,2738.3,2679.3,2741.3,2719.63,3.2,289,5.425215134
2405,2019/4/11 5:00,1.18,-5.7,139,2411.62,2370.13,2408.16,2396.64,3.4,278,5.123592609
2406,2019/4/11 6:00,0.24,-5.8,121,2219.64,2203.74,2213.28,2212.22,2.3,280,4.67566088
2407,2019/4/11 7:00,-1.27,-5.9,107,1995,1957.08,2056.15,2002.74,2.6,279,4.153801513
2408,2019/4/11 8:00,-1.56,-6.2,94,1933.25,1893.12,1894.29,1906.89,2.2,280,3.96411743
2409,2019/4/11 9:00,-1.97,-6.1,89,1858.56,1792,1831.38,1827.31,2,294,3.765664481
2410,2019/4/11 10:00,-2.16,-6.2,85,1802.24,1754.49,1809.28,1788.67,2,282,3.663607792
2411,2019/4/11 11:00,-2.21,-6.3,83,1692,1640.3,1757.5,1696.6,2.1,286,3.44346028
2412,2019/4/11 12:00,-3.23,-7.4,16,1116.8,1144.72,1161.6,1141.04,1.1,283,2.168872362
2413,2019/4/11 13:00,-5.29,-7.9,10,840.95,813.02,880.74,844.9,1.2,276,1.116878409
2414,2019/4/11 14:00,-7.25,-8.4,6,647.28,698.92,693,679.73,0.7,278,1.126530736
2415,2019/4/11 15:00,0.01,0.1,1,0,0,0,0,0.1,1,0.379993053
2416,2019/4/11 16:00,8.1,-3.9,219,3216,3164.37,3266.52,3215.63,2.1,265,6.96416641
2417,2019/4/11 17:00,7.33,-3.9,205,3039.74,2992.66,3130.92,3054.44,2.2,265,6.601965076
2418,2019/4/11 18:00,6.68,-4.1,180,2880.44,2840.06,2918.42,2879.64,1.8,275,5.921468026
2419,2019/4/11 19:00,6.53,-4,176,2794.5,2787.75,2873.71,2818.65,1.6,285,6.11934324
2420,2019/4/11 20:00,6.2,-4,161,2695.63,2693.25,2736.44,2708.44,2.2,276,5.883270214
2421,2019/4/11 21:00,5.49,-4,151,2584,2549.28,2629.64,2587.64,1.8,274,5.604856573
2422,2019/4/11 22:00,4.93,-4.2,133,2465.22,2407.2,2434.02,2435.48,2,278,5.2971932
2423,2019/4/11 23:00,3.89,-4.3,115,2216.5,2230.4,2257.6,2234.83,1.9,275,4.793795249
2424,2019/4/12 0:00,3.14,-4.3,101,2064,2046,2137.79,2082.6,1.2,279,4.428289501
2425,2019/4/12 1:00,0.64,-4.9,17,1471.28,1418.6,1506.38,1465.42,2.1,271,2.978482277
2426,2019/4/12 2:00,-0.33,-5.2,14,1344.42,1283.9,1311.66,1313.33,2,280,2.637418302
2427,2019/4/12 3:00,-1.39,-5.2,13,1155.64,1112.51,1228.38,1165.51,1.9,269,2.24626966
2428,2019/4/12 4:00,-7.79,-5.9,1,132,141.12,177.52,150.21,1.5,274,0.133652997
2429,2019/4/12 5:00,0.01,0.1,1,0,0,0,0,0.1,1,0.379993053
2430,2019/4/12 6:00,0.01,0.1,1,0,0,0,0,0.1,1,0.379993053
2431,2019/4/12 7:00,-24.18,-21,13,424.8,409.46,462.15,432.14,0,51,0.57512139
2432,2019/4/12 8:00,-23.94,-20.9,19,557.7,542.88,509.6,536.73,0,65,0.829148151
2433,2019/4/12 9:00,0.01,0.1,1,0,0,0,0,0.1,1,0.379993053
2434,2019/4/12 10:00,-22.89,-19.7,3,131.29,157.78,183.6,157.56,0,282,-0.038479615
2435,2019/4/12 11:00,-22.14,-19.5,10,324,274.74,255.96,284.9,0,267,0.297212439
2436,2019/4/12 12:00,-21.98,-19.5,14,318.56,312.18,338.87,323.2,0,281,0.30035403
2437,2019/4/12 13:00,-21.62,-19.9,32,360,393.12,413.54,388.89,0,256,0.412759907
2438,2019/4/12 14:00,-19.77,-19,84,582.4,731.24,1062.85,792.16,0,273,0.965836529
2439,2019/4/12 15:00,-16,-17.8,120,1997.27,1888.95,2042.4,1976.21,0,273,3.934345786
2440,2019/4/12 16:00,-14.43,-17.5,139,1859.28,1827.28,2089.36,1925.31,0,272,3.762935544
2441,2019/4/12 17:00,-8.94,-15,183,2556.12,2566.85,2649.2,2590.72,0,263,5.35844723
2442,2019/4/12 18:00,-8.7,-14.7,197,2631.2,2627,2737.35,2665.18,0.3,272,5.508304866
2443,2019/4/12 19:00,-8.58,-14.8,199,2677.5,2680.02,2797.4,2718.31,0.4,284,5.620858316
2444,2019/4/12 20:00,-7.58,-14.6,225,2916.17,2903.9,3010.4,2943.49,0.8,345,5.931653737
2445,2019/4/12 21:00,-8.08,-14.6,235,3058.77,3053,3128.4,3080.06,0.7,318,6.390890175
2446,2019/4/12 22:00,-7.89,-14.4,244,3101.55,3109.8,3237.6,3149.65,1.9,342,6.488374621
2447,2019/4/12 23:00,-7.83,-14.2,252,3158.59,3150.6,3299.28,3202.82,1,279,6.57316624
2448,2019/4/13 0:00,-8.16,-14.2,259,3325.04,3341.7,3400.9,3355.88,1.5,287,6.875409768
2449,2019/4/13 1:00,-7.71,-14.2,279,3477.18,3455.46,3553.2,3495.28,1.5,306,7.172188811
2450,2019/4/13 2:00,-7.35,-14.1,287,3564.2,3549.14,3609.6,3574.31,1.4,270,7.327158303
2451,2019/4/13 3:00,-6.56,-13.7,326,3801.6,3796.2,3920,3839.27,0.9,4,7.785474843
2452,2019/4/13 4:00,-5.64,-12.9,335,3938.22,3939.62,3964.64,3947.49,1.1,281,8.105739613
2453,2019/4/13 5:00,-4.58,-12.7,346,3981.68,3998.28,4077.45,4019.14,1.4,342,8.257389751
2454,2019/4/13 6:00,-4.37,-13,357,4109,4120.32,4169.04,4132.79,1.7,349,8.49710761
2455,2019/4/13 7:00,-4.73,-12.9,370,4176.9,4149.15,4294.32,4206.79,1.1,320,8.632582527
2456,2019/4/13 8:00,-4.04,-12.4,377,4230.79,4260.35,4352.04,4281.06,1.7,4,8.723389731
2457,2019/4/13 9:00,-4.02,-12.3,389,4368.75,4295.86,4407.48,4357.36,1.8,257,8.949922127
2458,2019/4/13 10:00,-4.27,-12.7,395,4348.54,4378.5,4489.7,4405.58,1.9,1,8.980417201
2459,2019/4/13 11:00,-2.73,-11.9,409,4517.5,4429.31,4581.04,4509.28,0.8,333,9.336765524
2460,2019/4/13 12:00,-2.29,-11.2,416,4517.94,4491.5,4602.52,4537.32,1.3,10,9.355777847
2461,2019/4/13 13:00,-2.48,-11.9,420,4574.42,4595.4,4650.75,4606.86,0.7,283,9.512059122
2462,2019/4/13 14:00,-2.42,-11.8,432,4609.2,4589.16,4726.54,4641.63,1.2,23,9.56471742
2463,2019/4/13 15:00,-2.62,-11.5,434,4636.61,4650.75,4760.96,4682.77,1.4,302,9.648750811
2464,2019/4/13 16:00,-2.71,-11.5,444,4712.76,4705.96,4822.74,4747.15,1.7,6,9.795704451
2465,2019/4/13 17:00,-2.18,-11.7,450,4809.22,4815.87,4876.92,4834,0.8,334,10.02631504
2466,2019/4/13 18:00,-1.77,-11.5,458,4767.84,4822.4,4903.58,4831.27,1.7,331,9.982484973
2467,2019/4/13 19:00,-1.25,-11.4,463,4856.65,4862.66,4959.4,4892.9,4,322,10.08488036
2468,2019/4/13 20:00,-1.56,-11.5,468,4898.31,4890.6,5014.2,4934.37,0,314,10.23803028
2469,2019/4/13 21:00,-1.99,-11.5,471,4912.32,4883.76,5068.44,4954.84,0.6,350,10.25580793
2470,2019/4/13 22:00,-1.56,-11.7,481,5014.2,4999.56,5115,5042.92,1.8,329,10.51183766
2471,2019/4/13 23:00,-0.56,-11,488,5081.52,5065.34,5147.6,5098.15,3.2,333,10.60695931
2472,2019/4/14 0:00,-1.06,-11,492,5081.52,5106.8,5196.03,5128.12,1.7,30,10.64051124
2473,2019/4/14 1:00,-1.12,-11.2,494,5130,5127.93,5180.77,5146.23,1.7,321,10.76429063
2474,2019/4/14 2:00,0.43,-11,497,5140.03,5122.4,5225.48,5162.64,0.7,74,10.76177782
2475,2019/4/14 3:00,0.81,-10.3,497,5112.12,5146.02,5203.28,5153.81,0,136,10.69244442
2476,2019/4/14 4:00,1.97,-9.9,504,5116.5,5140.8,5208,5155.1,1,250,10.72963169
2477,2019/4/14 5:00,2.35,-9.9,504,5146.02,5146.57,5258.25,5183.61,2.7,343,10.79705392
2478,2019/4/14 6:00,2.32,-10,505,5135.88,5161.91,5229.21,5175.67,1.8,288,10.80568395
2479,2019/4/14 7:00,0.8,-10,507,5179.92,5142.62,5262.86,5195.13,0.6,299,10.85795559
2480,2019/4/14 8:00,1.32,-9.9,507,5186.7,5141.72,5258.25,5195.56,0.9,287,10.86868579
2481,2019/4/14 9:00,0.12,-11.1,507,5220.6,5162.84,5277.42,5220.29,1.2,303,10.95768733
2482,2019/4/14 10:00,0.99,-10.3,505,5207.93,5170.5,5250.46,5209.63,1.9,55,10.74164764
2483,2019/4/14 11:00,-0.33,-11,507,5201.14,5157,5285.25,5214.46,1.8,0,10.91740109
2484,2019/4/14 12:00,-0.83,-10.9,507,5174.8,5185.82,5295.18,5218.6,1.4,240,10.83885816
2485,2019/4/14 13:00,0.83,-10,505,5158.74,5147.52,5242.67,5182.98,1,272,10.81227044
2486,2019/4/14 14:00,1.03,-10.5,502,5151.97,5141.72,5228.16,5173.95,0.8,2,10.84775275
2487,2019/4/14 15:00,2.97,-9.4,499,5096.25,5099.6,5157.99,5117.95,0,318,10.68705594
2488,2019/4/14 16:00,3.39,-9.3,498,5081.15,5064.33,5142.57,5096.02,1.9,343,10.63274588
2489,2019/4/14 17:00,2.76,-10,495,5052.63,5044.26,5151.3,5082.73,1.2,290,10.61265809
2490,2019/4/14 18:00,2.53,-9.9,490,5021.3,5032.5,5127.36,5060.39,1.1,67,10.55832216
2491,2019/4/14 19:00,0.1,-10.1,482,5005.88,4982.72,5042.25,5010.28,1.6,307,10.44545369
2492,2019/4/14 20:00,0.28,-9.8,479,4943.12,4943.12,5036.2,4974.15,0.9,286,10.33276021
2493,2019/4/14 21:00,0.06,-9.9,472,4895.59,4888.8,4969.18,4917.86,2.3,354,10.17961844
2494,2019/4/14 22:00,-0.04,-9.8,469,4862.96,4862,4942.62,4889.19,1.8,352,10.1203179
2495,2019/4/14 23:00,-0.1,-10.2,463,4835.38,4800.24,4907.76,4847.79,2.6,21,10.09266018
2496,2019/4/15 0:00,-0.58,-9.9,459,4746.85,4767,4888.8,4800.88,1.3,284,9.90877754
2497,2019/4/15 1:00,-1.18,-9.8,447,4719.6,4617.14,4794.66,4710.47,1.3,267,9.750950313
2498,2019/4/15 2:00,-0.62,-9.5,419,4486.44,4473.92,4535.3,4498.55,0.5,256,9.30652489
2499,2019/4/15 3:00,-2.1,-10.4,401,4367.7,4361.37,4390.4,4373.16,1.7,311,9.016950518
2500,2019/4/15 4:00,-2.46,-9.9,397,4318.75,4280.01,4390.4,4329.72,0.7,322,8.926232661
2501,2019/4/15 5:00,-1.96,-10,388,4241.96,4244.96,4301.22,4262.71,1.4,331,8.793622967
2502,2019/4/15 6:00,-2.12,-9.8,354,4103.56,4072.96,4065.1,4080.54,2,199,8.395168022
2503,2019/4/15 7:00,-2,-10.1,363,3973.25,3990.4,4052.32,4005.32,1,275,8.25420748
2504,2019/4/15 8:00,-1.71,-9.9,342,4012.47,3975.53,3914.72,3967.57,1.9,307,8.259331834
2505,2019/4/15 9:00,-2.02,-9.6,350,3892,3836.4,3912.3,3880.23,1.5,299,8.033135607
2506,2019/4/15 10:00,-1.66,-9.2,337,3786.68,3778.32,3885.96,3816.99,0.8,349,7.914189536
2507,2019/4/15 11:00,-1.66,-9.2,337,3754.54,3742.2,3885.96,3794.23,0.8,349,7.853867901
2508,2019/4/15 12:00,-1.89,-9.4,284,3648.75,3456.9,3612.24,3572.63,1.2,1,7.453138704
2509,2019/4/15 13:00,-3.29,-9.6,261,3387.42,3087.71,3159.48,3211.54,0.8,333,6.890324101
2510,2019/4/15 14:00,-3.68,-10.3,266,3137.94,3399.85,3401.36,3313.05,1.5,326,6.80507663
2511,2019/4/15 15:00,-3.81,-10.3,257,3325,3104.64,3125.04,3184.89,1.2,313,6.782748141
2512,2019/4/15 16:00,-3.87,-10,227,2751,2272.65,2959.52,2661.06,0.7,297,5.577701634
2513,2019/4/15 17:00,-3.83,-9.9,201,2355.36,2610.52,2732.24,2566.04,1.7,25,5.18299662
2514,2019/4/15 18:00,-4.14,-10.1,201,2554.68,2548.26,2359.24,2487.39,1.3,22,4.825957576
2515,2019/4/15 19:00,-4.5,-10.5,199,2351.7,2555,2358.72,2421.81,1.6,355,5.037629361
2516,2019/4/15 20:00,-4.83,-10.4,218,2728.35,2699.52,2733.9,2720.59,0.9,346,5.727193847
2517,2019/4/15 21:00,-6.08,-10,183,2326.03,2343.48,2449.82,2373.11,0.7,222,4.857538305
2518,2019/4/15 22:00,-6.06,-10.2,94,1486.12,1111.41,1370.85,1322.79,0.6,329,2.770732515
2519,2019/4/15 23:00,-6.83,-10.4,109,1342.73,1270.62,1680.17,1431.17,0.2,289,2.737958393
2520,2019/4/16 0:00,-8,-10.8,113,1363.2,1174.01,1517.9,1351.7,2.1,18,2.877426625
2521,2019/4/16 1:00,-9.37,-11,95,1120.22,989.68,1687.42,1265.77,1.8,23,2.417833728
2522,2019/4/16 2:00,-9.48,-11,81,1278,1437.15,1106.04,1273.73,1.5,28,2.649932207
2523,2019/4/16 3:00,-12.1,-11.4,31,413.59,322.42,449.8,395.27,0.3,284,0.594488843
2524,2019/4/16 4:00,-12.52,-11.5,20,253.08,253.08,263.25,256.47,0,334,0.310760271
2525,2019/4/16 5:00,-12.52,-11.5,20,253.08,253.08,263.25,256.47,0,334,0.310760271
2526,2019/4/16 6:00,0.2,32.1,20,210.49,223.74,0.2,144.81,0,334,0.203511253
2527,2019/4/16 7:00,-13.33,-11.8,13,203.1,209.87,220.44,211.14,0.9,275,0.209311561
2528,2019/4/16 8:00,-13.79,-12,8,139.65,145.42,138.6,141.22,0.8,258,0.103017913
2529,2019/4/16 9:00,-14.02,-12.1,7,117.54,125.4,133.2,125.38,0,21,0.236123592
2530,2019/4/16 10:00,-14.43,-12.3,4,112.37,112.2,112.37,112.31,0,329,0.042309285
2531,2019/4/16 11:00,-14.56,-12.4,3,104.48,105.76,111.35,107.2,0,324,0.027778302
2532,2019/4/16 12:00,0.01,0.1,1,0,0,0,0,0.1,1,0.379993053
2533,2019/4/16 13:00,0.01,0.1,1,0,0,0,0,0.1,1,0.379993053
2534,2019/4/16 14:00,-18.33,-16,2,100.35,114.92,117.54,110.94,2.3,282,-0.038256
2535,2019/4/16 15:00,-17.81,-16,10,161.76,175.24,182.25,173.08,2.3,261,0.090362493
2536,2019/4/16 16:00,-17.7,-16,11,178.1,197.78,190.4,188.76,2.3,215,0.140342717
2537,2019/4/16 17:00,-17.33,-15.8,24,282.9,286.18,298.42,289.17,2.5,242,0.330674697
2538,2019/4/16 18:00,-16.97,-15.6,32,347.5,353.5,362.96,354.65,2.7,205,0.486060758
2539,2019/4/16 19:00,-15.96,-15.2,88,1330.35,1383.48,1438.64,1384.16,3.9,253,2.579611765
2540,2019/4/16 20:00,-15.21,-15.2,62,1212.42,650.44,613.35,825.4,2.6,242,1.981925175
2541,2019/4/16 21:00,-14.58,-15,97,1236.68,1065.75,1297.62,1200.02,1.9,235,2.297098514
2542,2019/4/16 22:00,-14.06,-14.9,99,1019.43,1013.31,1254.25,1095.66,2.3,232,1.958293526
2543,2019/4/16 23:00,-13.83,-14.9,74,885.6,781.53,831.87,833,4.4,225,1.673214592
2544,2019/4/17 0:00,-13.94,-14.9,89,1013.79,1274,953.61,1080.47,3.3,255,1.962429458
2545,2019/4/17 1:00,-13.62,-14.7,89,872.3,884.12,926.22,894.21,2.4,511,1.53285406
2546,2019/4/17 2:00,-13.46,-14.5,98,1225.25,1046.9,1268.75,1180.3,2.4,261,2.280595191
2547,2019/4/17 3:00,-11.58,-14,136,1530.64,1917.86,1689.65,1712.72,2.2,249,3.203652029
2548,2019/4/17 4:00,-10.64,-13.4,271,2722.9,2999.36,3354.12,3025.46,3,308,5.87618628
2549,2019/4/17 5:00,-9.79,-13.2,274,3283.28,3258,3330.4,3290.56,2.9,256,6.645282776
2550,2019/4/17 6:00,-8,-12.9,256,3013.78,2860.83,3083.1,2985.9,3.3,224,6.138623075
2551,2019/4/17 7:00,-5.64,-12.4,325,3540.78,3608.81,3562.86,3570.82,5.2,243,7.237558526
2552,2019/4/17 8:00,-4.77,-11.9,350,3684.9,3729.34,3761.24,3725.16,2.4,222,7.557739888
2553,2019/4/17 9:00,-4.1,-11.8,330,3680.1,3635.9,3574.35,3630.12,3.4,278,7.470461647
2554,2019/4/17 10:00,-3.97,-11.8,314,3407.74,3467.01,3487.64,3454.13,3.8,276,7.071534925
2555,2019/4/17 11:00,-4.49,-11.5,308,3502.46,3671.2,3577.42,3583.69,3.2,231,7.274919858
2556,2019/4/17 12:00,-3.83,-11.1,323,3803.23,3812.4,3747.1,3787.58,3.7,275,7.765670228
2557,2019/4/17 13:00,-3.6,-11.2,308,3600.6,3601.26,3546.15,3582.67,2.6,275,7.402928796
2558,2019/4/17 14:00,-3.14,-11.1,326,3508.82,3440.4,3541.12,3496.78,2.9,275,7.215895463
2559,2019/4/17 15:00,-2.94,-11.2,374,3778.8,3903.12,4131.3,3937.74,4.9,264,7.962060534
2560,2019/4/17 16:00,-2.69,-10.9,384,4060,4075.17,3985.58,4040.25,3.9,265,8.24809989
2561,2019/4/17 17:00,-2.69,-11,346,3507,3476.96,3608.66,3530.87,3.8,260,7.24072784
2562,2019/4/17 18:00,-2.71,-10.8,346,3425.76,3292.38,2953.95,3224.03,3.3,253,6.769295439
2563,2019/4/17 19:00,-3.31,-10.7,379,3224.32,3154.5,3762.98,3380.6,3.8,282,6.829792511
2564,2019/4/17 20:00,-3.14,-10.5,411,4035.22,4252.16,4025,4104.13,4.6,242,8.248107643
2565,2019/4/17 21:00,-2.83,-10.4,377,4407.81,4290.12,4090.28,4262.74,3.9,272,8.799909484
2566,2019/4/17 22:00,-2.62,-10.4,356,4009.72,4088,3776.18,3957.97,4.5,260,8.085914132
2567,2019/4/17 23:00,-2.27,-10.2,390,3829.76,3929.77,4068.18,3942.57,3.8,266,7.907726058
2568,2019/4/18 0:00,-1.58,-10.1,398,4135.25,3830.52,4194,4053.26,3.3,237,8.365564225
2569,2019/4/18 1:00,-1.12,-9.7,443,4322.9,4207.98,4488.14,4339.67,2.9,232,8.880896559
2570,2019/4/18 2:00,-0.64,-9.4,423,4455.99,4505.32,4435.72,4465.68,3.6,274,9.160094488
2571,2019/4/18 3:00,0.31,-9.5,448,4457.83,4311.84,4429.31,4399.66,2.5,262,9.105111661
2572,2019/4/18 4:00,0.24,-9.1,347,3995.1,3794.7,3719.1,3836.3,2.7,272,8.069203106
2573,2019/4/18 5:00,-0.91,-9.2,402,3391.6,3596.52,3696,3561.37,3.8,262,7.197994218
2574,2019/4/18 6:00,0.66,-8.1,501,4995.93,4781.52,4980.36,4919.27,1.4,79,10.39543772
2575,2019/4/18 7:00,2.43,-7.9,412,4459,4472.37,4391.28,4440.88,1.3,249,9.25486291
2576,2019/4/18 8:00,2.58,-8,390,4176.96,4062.96,4106.44,4115.45,3.1,247,8.572186272
2577,2019/4/18 9:00,1.57,-7.9,333,4116.85,3407.52,2920.24,3481.54,4.5,249,7.683453856
2578,2019/4/18 10:00,0.28,-7.7,461,4630.08,4698.54,4042.35,4456.99,4.4,281,9.115862892
2579,2019/4/18 11:00,1.64,-7.1,510,4753.8,4699.1,4884.32,4779.07,3.4,203,9.862983504
2580,2019/4/18 12:00,3.76,-6.7,509,5052.4,5045.6,5161.2,5086.4,4.8,277,10.55695991
2581,2019/4/18 13:00,3.66,-6.3,512,5011.02,5098.56,5152.8,5087.46,4.2,275,10.52077549
2582,2019/4/18 14:00,3.62,-5.9,521,5058.55,5119.66,5192.59,5123.6,4.7,239,10.62327821
2583,2019/4/18 15:00,3.93,-5.7,515,5309.78,5405.68,5275.83,5330.43,6.1,216,11.11424835
2584,2019/4/18 16:00,4.25,-5.8,475,4800.53,5000.39,4894.71,4898.54,3,260,10.10466413
2585,2019/4/18 17:00,4.1,-5.6,526,4569.4,5245.76,4590,4801.72,4.7,261,9.678670417
2586,2019/4/18 18:00,4.08,-5.8,537,5331.2,5329.08,5334.76,5331.68,4.7,234,11.10669902
2587,2019/4/18 19:00,3.99,-5.4,528,5276.8,5281.62,5375.38,5311.27,6.9,259,11.1084709
2588,2019/4/18 20:00,4.43,-5.1,528,5254.5,5260.29,5314.45,5276.41,5.5,277,10.97666188
2589,2019/4/18 21:00,4.24,-5.2,521,5106.08,5152.8,5232.24,5163.71,3.8,232,10.53763914
2590,2019/4/18 22:00,4.68,-5.3,522,5219.67,5245.76,5191.68,5219.04,4.4,259,10.85925918
2591,2019/4/18 23:00,5.3,-4.8,529,5155.18,5195.56,5208,5186.25,2.6,235,10.78783911
2592,2019/4/19 0:00,6.12,-4.8,528,5100.48,5112.1,5249.4,5153.99,4,275,10.7189771
2593,2019/4/19 1:00,5.76,-4.7,523,5067.69,5060.16,5154.24,5094.03,2.9,265,10.60220132
2594,2019/4/19 2:00,5.7,-4.9,519,5060.16,5033.28,5155.18,5082.87,3.4,190,10.61551774
2595,2019/4/19 3:00,5.72,-4.8,521,5040.77,5073.6,5126.44,5080.27,5.2,211,10.61152827
2596,2019/4/19 4:00,5.39,-4.8,515,5040.77,5101.34,5120.64,5087.58,4.2,223,10.57899044
2597,2019/4/19 5:00,4.89,-4.5,516,5000.39,5109.75,5139.86,5083.33,3.4,266,10.51449039
2598,2019/4/19 6:00,5.41,-4.7,504,4941.56,4906.17,5047.5,4965.08,4.4,248,10.3432085
2599,2019/4/19 7:00,5.7,-4.1,498,4887.48,4899.98,4988.25,4925.24,4.1,253,10.24031123
2600,2019/4/19 8:00,5.68,-4.4,498,4819.5,4879.76,4919.04,4872.77,4,249,10.10830707
2601,2019/4/19 9:00,5.78,-4.1,488,4806.36,4765.18,4833,4801.51,3.4,255,9.997947863
2602,2019/4/19 10:00,5.91,-4,501,4744.96,4778.3,4906.17,4809.81,4.5,282,9.966818264
2603,2019/4/19 11:00,5.35,-4,499,4792.14,4819.1,4906.72,4839.32,3.4,252,10.02949853
2604,2019/4/19 12:00,5.12,-4,496,4812.36,4826.25,4886.5,4841.7,4,261,10.04217979
2605,2019/4/19 13:00,5.66,-3.9,491,4819.88,4811.95,4933.68,4855.17,5,269,10.10287234
2606,2019/4/19 14:00,5.66,-4,491,4751.38,4793.16,4771.92,4772.15,5,269,9.907168192
2607,2019/4/19 15:00,5.89,-3.7,473,4630.08,4603.42,4745.52,4659.67,3.9,259,9.682617904
2608,2019/4/19 16:00,5.87,-3.5,462,4441.5,4461.75,4509,4470.75,4.2,258,9.277417299
2609,2019/4/19 17:00,5.85,-3.5,470,4482,4529.25,4671.3,4560.85,6.3,254,9.531703094
2610,2019/4/19 18:00,5.45,-3.5,460,4461.43,4508.92,4563,4511.12,4.7,277,9.346725163
2611,2019/4/19 19:00,5.7,-3.2,445,4346.34,4353.44,4441.12,4380.3,4.3,262,9.093097568
2612,2019/4/19 20:00,6.01,-2.9,435,4266.42,4265.56,4367.52,4299.83,4,260,8.934967899
2613,2019/4/19 21:00,5.72,-2.9,437,4319.64,4299.75,4339.92,4319.77,2.7,262,8.986392414
2614,2019/4/19 22:00,5.74,-2.8,432,4217.16,4211.48,4265.56,4231.4,3.3,248,8.78888457
2615,2019/4/19 23:00,5.43,-2.7,419,4190.63,4129.7,4164.75,4161.69,4.3,259,8.669448166
2616,2019/4/20 0:00,5.43,-2.7,419,4089.08,4082.31,4104,4091.8,4.3,259,8.506317301
2617,2019/4/20 1:00,5.58,-2.5,400,4013.76,3994.3,4061.22,4023.09,6.2,269,8.421703551
2618,2019/4/20 2:00,5.7,-2.5,400,3906.29,3918.84,3978.94,3934.69,6.2,269,8.234441163
2619,2019/4/20 3:00,5.27,-2.2,398,3973.08,3960.45,3994.3,3975.94,5,228,8.275889522
2620,2019/4/20 4:00,5.66,-2.1,378,3735.78,3796.8,3885.98,3806.19,3.1,253,7.908936493
2621,2019/4/20 5:00,5.14,-1.8,326,3325.2,3325.2,3393.2,3347.87,4.1,262,7.024067707
2622,2019/4/20 6:00,4.99,-1.5,318,3296.04,3307.7,3362.26,3322,3.9,252,6.954421271
2623,2019/4/20 7:00,4.62,-1.5,303,3137.2,3137.2,3198.58,3157.66,3.8,269,6.629317461
2624,2019/4/20 8:00,4.51,-1.6,289,3069,3066.67,3080.33,3072,4.5,243,6.458420275
2625,2019/4/20 9:00,4.53,-1.5,286,2953.06,2977.88,3034.9,2988.61,4.7,224,6.270027938
2626,2019/4/20 10:00,4.18,-1.4,273,2941.2,2952.35,2966.05,2953.2,2.9,276,6.210690901
2627,2019/4/20 11:00,4.12,-1.4,267,2893.32,2894.92,2916.41,2901.55,5.4,282,6.14211258
2628,2019/4/20 12:00,3.8,-1.3,259,2678.35,2709.7,2818.08,2735.38,2.1,249,5.694267576
2629,2019/4/20 13:00,3.47,-1.3,253,2679.3,2657.8,2749.68,2695.59,5,261,5.5361277
2630,2019/4/20 14:00,3.35,-1.4,244,2682.26,2682.26,2686.17,2683.56,5,253,5.654364201
2631,2019/4/20 15:00,2.81,-1.2,210,2280.84,2246.49,2356.38,2294.57,2.8,266,4.780487854
2632,2019/4/20 16:00,2.41,-1.2,192,2177.24,2187.84,2160.9,2175.33,3.9,280,4.544149718
2633,2019/4/20 17:00,1.68,-1.4,169,1915.42,1983.17,1947.04,1948.54,2.2,244,3.989367452
2634,2019/4/20 18:00,1.33,-1.5,158,1886.43,1863,1849.2,1866.21,3,252,3.849036161
2635,2019/4/20 19:00,1.26,-1.5,157,1798.29,1794,1825.85,1806.05,5.2,257,3.763672228
2636,2019/4/20 20:00,0.89,-1.5,147,1734.41,1723.08,1757.68,1738.39,3.3,235,3.549621748
2637,2019/4/20 21:00,0.76,-1.5,144,1688.05,1695.4,1725,1702.82,4.5,261,3.480344839
2638,2019/4/20 22:00,0.58,-1.5,140,1651.49,1644.58,1683.6,1659.89,4.7,256,3.39590681
2639,2019/4/20 23:00,0.49,-1.5,137,1389.76,1384.89,1401.48,1392.04,3,252,2.784093947
2640,2019/4/21 0:00,0.22,-1.4,108,1260.4,1257.62,1291.56,1269.86,2.6,255,2.487808821
2641,2019/4/21 1:00,-0.23,-1.4,95,1181.64,1157.52,1159.34,1166.17,1.5,232,2.328054763
2642,2019/4/21 2:00,-0.56,-1.4,90,1035.86,1016.76,1097.6,1050.07,3.6,222,2.175866452
2643,2019/4/21 3:00,-0.77,-1.5,79,991.8,968.67,967.26,975.91,2.1,259,1.865235595
2644,2019/4/21 4:00,-0.96,-1.5,73,911.05,876.8,890.5,892.78,0.9,257,1.73882429
2645,2019/4/21 5:00,-1.43,-1.6,69,762.72,736.56,825.22,774.83,0.3,214,1.550386873
2646,2019/4/21 6:00,-2.18,-2,52,615.6,596.64,590.73,600.99,2.6,224,1.135303083
2647,2019/4/21 7:00,-2.81,-2,41,481.38,457.61,463.76,467.58,2.3,224,0.868874714
2648,2019/4/21 8:00,-3.5,-2.3,31,327.81,350.48,388.6,355.63,1.3,206,0.648673122
2649,2019/4/21 9:00,-4.14,-2.6,22,257.01,257.4,255.84,256.75,1.4,187,0.513689986
2650,2019/4/21 10:00,-4.52,-2.6,16,202.43,200.88,201.81,201.71,1.3,188,0.407386039
2651,2019/4/21 11:00,-4.66,-2.7,15,180.6,181.44,179.76,180.6,3,192,0.30695658
2652,2019/4/21 12:00,-4.93,-2.7,9,160.25,147.66,139.04,148.98,1.8,208,0.276608824
2653,2019/4/21 13:00,-13.81,-12.5,3,77.76,88.2,83.2,83.05,0.1,274,0.007743413
2654,2019/4/21 14:00,-13.81,-12.5,6,86.19,93.45,103.04,94.23,0,280,0.023213393
2655,2019/4/21 15:00,-13.77,-12.5,8,98.25,114.66,121.6,111.5,0.5,277,0.035536858
2656,2019/4/21 16:00,-13.66,-12.5,23,177.32,195.46,202.74,191.84,0.8,269,0.180102548
2657,2019/4/21 17:00,0.31,27.2,25,59.76,439555.2,0,146538.32,0,305,0.426271685
2658,2019/4/21 18:00,-13.08,-12.2,52,339.08,368.35,379.5,362.31,0.6,288,0.487119417
2659,2019/4/21 19:00,-12.81,-12.2,59,400.78,424.56,444.16,423.17,0.7,275,0.614495877
2660,2019/4/21 20:00,-12.62,-12,62,417.6,423.34,430.28,423.74,0.8,280,0.636144661
2661,2019/4/21 21:00,-12.58,-11.9,56,414.6,415.2,418.46,416.09,1.8,288,0.603854734
2662,2019/4/21 22:00,-12.25,-11.6,61,419.68,439.11,437.12,431.97,0.6,274,0.657170919
2663,2019/4/21 23:00,-12.23,-11.6,60,434.07,436.48,452.1,440.88,1.6,299,0.638215367
2664,2019/4/22 0:00,-12.08,-11.5,70,513.19,501.12,519.75,511.35,0.8,287,0.810472943
2665,2019/4/22 1:00,-11.93,-11.4,71,539.77,547.47,562.95,550.06,0.8,294,0.862920028
2666,2019/4/22 2:00,-11.81,-11.4,73,567,595.85,571.54,578.13,0.6,271,0.948993986
2667,2019/4/22 3:00,-11.72,-11.4,82,599.42,615.12,643.08,619.21,1,289,0.992275465
2668,2019/4/22 4:00,-11.64,-11.4,84,627.45,639.73,663.1,643.43,0.9,273,1.065117905
2669,2019/4/22 5:00,-11.16,-11.1,93,709.02,763.56,815.48,762.69,1.4,288,1.47189654
2670,2019/4/22 6:00,-10.68,-11,89,795.52,789.6,817.8,800.97,0.8,288,1.393303897
2671,2019/4/22 7:00,-9.81,-10.7,137,1062,1176.94,1304.56,1181.17,0.7,278,2.080233556
2672,2019/4/22 8:00,-2.64,-8.3,346,3650.4,3592.86,3636.56,3626.61,1.1,274,7.493518844
2673,2019/4/22 9:00,-2.1,-8.1,278,2789.88,2888.4,3162.44,2946.91,1.4,305,6.03521218
2674,2019/4/22 10:00,-3,-8,315,2948.4,3217.78,3043.28,3069.82,2.5,302,6.252894635
2675,2019/4/22 11:00,-2.72,-7.9,287,3022.34,3058,3016.3,3032.21,1.2,310,6.315934679
2676,2019/4/22 12:00,-2.4,-8.1,298,2987.44,2831.52,2970.32,2929.76,0.6,338,6.174284958
2677,2019/4/22 13:00,-0.29,-7.5,419,3826.76,4006.24,4185.35,4006.12,0.8,322,8.097670356
2678,2019/4/22 14:00,0.08,-7.3,421,4105.5,4102.28,4255.09,4154.29,1.9,351,8.502697599
2679,2019/4/22 15:00,1.2,-7.1,411,4062.05,4079.19,4234.6,4125.28,0.4,16,8.482921917
2680,2019/4/22 16:00,2.28,-6.7,419,4139.74,4134.4,4201.12,4158.42,0.8,266,8.620225282
2681,2019/4/22 17:00,2.57,-6.5,415,4120.8,4108.68,4128.32,4119.27,0,309,8.603867798
2682,2019/4/22 18:00,2.47,-6.3,407,4065.57,4046.84,4131,4081.14,1.3,329,8.471898352
2683,2019/4/22 19:00,2.3,-6.3,419,4018.8,4041.69,4049.24,4036.58,0,284,8.396587173
2684,2019/4/22 20:00,3.79,-5.6,425,4224.48,4151.84,4226.44,4200.92,0.2,322,8.793784311
2685,2019/4/22 21:00,3.87,-5.7,436,4279.08,4200.9,4334.66,4271.55,0.5,340,8.896016724
2686,2019/4/22 22:00,4.18,-5.4,441,4211.48,4306.5,4253.36,4257.11,0,294,8.856887313
2687,2019/4/22 23:00,4.72,-5.3,451,4307.52,4281.88,4362.04,4317.15,2.1,280,8.962619126
2688,2019/4/23 0:00,4.62,-5,460,4394.69,4415.4,4442.02,4417.37,0.5,324,9.179323287
2689,2019/4/23 1:00,4.1,-5,468,4447.68,4314.24,4549.44,4437.12,3.3,335,9.167617454
2690,2019/4/23 2:00,3.87,-4.8,480,4556.24,4535.96,4676.87,4589.69,2.2,260,9.479135206
2691,2019/4/23 3:00,4.99,-4.3,467,4562.94,4602.72,4555.89,4573.85,0.2,313,9.532371344
2692,2019/4/23 4:00,5.22,-4.4,473,4448.73,4542.6,4528.93,4506.75,0.8,298,9.333120318
2693,2019/4/23 5:00,6.16,-4.4,474,4502.25,4395.53,4515.59,4471.12,1.4,302,9.345084494
2694,2019/4/23 6:00,7.85,-3.6,483,4628.7,4601.52,4600.2,4610.14,0.4,302,9.685980681
2695,2019/4/23 7:00,7.95,-4.5,493,4521.46,4654.64,4699.2,4625.1,2.4,37,9.644233595
2696,2019/4/23 8:00,7.12,-3.6,463,4648.35,4642.02,4699.71,4663.36,1.7,276,9.738325718
2697,2019/4/23 9:00,7.06,-4,415,4080.9,4661.65,1697.63,3480.06,2.1,294,7.475327862
2698,2019/4/23 10:00,9.39,-3.6,513,4750.76,4848.66,4866.65,4822.02,0.7,295,10.0424227
2699,2019/4/23 11:00,8.45,-3.8,529,4991.48,4022.01,5035.8,4683.1,1.1,335,10.03298413
2700,2019/4/23 12:00,7.6,-3.5,527,4475.57,4693.58,4704.7,4624.62,1.1,276,8.113857269
2701,2019/4/23 13:00,5.85,-4.4,516,4800.72,3398.15,5135.46,4444.78,1.6,3,10.58042171
2702,2019/4/23 14:00,5.39,-4,549,5046.8,4583.25,4824,4818.02,1.8,339,10.21243578
2703,2019/4/23 15:00,5.91,-4,161,2573.76,4117.23,4905.42,3865.47,3.3,13,7.743416974
2704,2019/4/23 16:00,4.76,-4.5,145,1443.21,1416.45,1323.35,1394.34,1.6,285,3.078515451
2705,2019/4/23 17:00,1.24,-4,192,2387.16,4802.33,2467.4,3218.96,1.2,314,6.120771348
2706,2019/4/23 18:00,1.47,-4.4,196,1643.62,1735.58,1663.55,1680.92,1.5,359,3.454755313
2707,2019/4/23 19:00,0.87,-4.2,363,2530.95,5294.52,1945.4,3256.96,1.7,287,5.808973441
2708,2019/4/23 20:00,1.08,-4.1,201,1946,1980.75,1670.9,1865.88,1.9,305,3.95112769
2709,2019/4/23 21:00,0.2,-4,360,1570.94,1612.26,2617.5,1933.57,2.7,350,3.673872195
2710,2019/4/23 22:00,1.26,-4.2,238,1708.56,2644.2,1674.27,2009.01,0.8,347,3.857375275
2711,2019/4/23 23:00,5.05,-2.7,490,3091.5,4064.22,5165.7,4107.14,0.8,284,7.703301605
2712,2019/4/24 0:00,4.78,-3.3,232,4850.8,2787.75,2031.75,3223.43,2.3,350,8.479367841
2713,2019/4/24 1:00,4.04,-3.1,193,4901.94,4337.05,1571.31,3603.43,1.6,306,8.432157295
2714,2019/4/24 2:00,3.26,-3.3,423,1547.44,1915.42,3984.6,2482.49,2.1,278,4.36941852
2715,2019/4/24 3:00,3.51,-3.5,289,2717.19,4460.28,4671.66,3949.71,1.9,296,7.690380339
2716,2019/4/24 4:00,5.24,-2.7,501,4671.7,4308.36,4602.3,4527.45,0.6,277,9.540160716
2717,2019/4/24 5:00,6.54,-2.5,326,3312.55,3533.72,2479.68,3108.65,0,259,6.869036688
2718,2019/4/24 6:00,2.85,-3.2,207,1629.98,1462,1523.17,1538.38,1.1,298,3.328622318
2719,2019/4/24 7:00,1.09,-3.3,188,1350,1305.6,1268.52,1308.04,1,285,2.741983142
2720,2019/4/24 8:00,-0.29,-3.6,194,1492.96,1445.35,1396.64,1444.98,2.1,290,2.729941621
2721,2019/4/24 9:00,-0.77,-3.7,450,3510.94,3806,1887.3,3068.08,2.1,332,6.45986522
2722,2019/4/24 10:00,0.66,-3.5,297,3337.53,3196.96,3337.92,3290.8,2.2,4,6.802699574
2723,2019/4/24 11:00,3.74,-2.8,316,2872.8,2634.52,2885.75,2797.69,3.6,283,5.942047359
2724,2019/4/24 12:00,2.85,-2.9,287,2700.72,2417.24,2397.33,2505.1,4.6,286,5.422120588
2725,2019/4/24 13:00,2.1,-3,338,2521.74,3004.68,3287.24,2937.89,2.6,281,5.880285112
2726,2019/4/24 14:00,2.06,-3.1,290,2977.24,3000.8,3253.75,3077.26,2.4,277,6.350437881
2727,2019/4/24 15:00,2.18,-2.9,282,3144.16,3114.48,3082.64,3113.76,0.9,258,6.549163921
2728,2019/4/24 16:00,2.72,-2.8,279,3021.26,3005.6,3150.84,3059.23,3.2,269,6.380864309
2729,2019/4/24 17:00,2.37,-2.9,252,2918.1,2879.64,2905.32,2901.02,1.1,326,6.145959983
2730,2019/4/24 18:00,1.49,-3.2,199,2418.39,2418.24,2466.33,2434.32,2.1,279,5.093610682
2731,2019/4/24 19:00,1.62,-3.2,195,2349.49,2335.71,2418.24,2367.81,4.1,267,4.982926955
2732,2019/4/24 20:00,0,-3.2,148,1938.9,1932,1942.98,1937.96,0,298,4.038099647
2733,2019/4/24 21:00,0.1,-3.4,144,1882.38,1885.12,1919.52,1895.67,1.2,273,3.895737293
2734,2019/4/24 22:00,-1.16,-3.3,115,1573.2,1596.21,1616.8,1595.4,0.3,293,3.199980768
2735,2019/4/24 23:00,-2.02,-3.6,87,1316.7,1290.3,1314.8,1307.27,1.8,284,2.531006061
2736,2019/4/25 0:00,-2.18,-3.8,85,1271.44,1252.52,1278.35,1267.44,2.9,283,2.443913871
2737,2019/4/25 1:00,-2.62,-3.9,79,1124.28,1141.8,1209.25,1158.44,1.3,274,2.174182074
2738,2019/4/25 2:00,-2.95,-4,66,1064.14,1051.84,1061.06,1059.01,1.1,287,1.986283319
2739,2019/4/25 3:00,-3.2,-3.9,60,966,972.9,997.6,978.83,0.1,287,1.837441772
2740,2019/4/25 4:00,-3.33,-4,59,924.6,910.8,960.4,931.93,1.1,293,1.688228864
2741,2019/4/25 5:00,-3.77,-4.2,46,825.86,791.16,800.4,805.81,0,275,1.535273137
2742,2019/4/25 6:00,-4.12,-4.2,36,675.22,648.6,737.64,687.15,0.9,282,1.18958768
2743,2019/4/25 7:00,-4.48,-4.5,14,617.66,605.44,603.68,608.93,2.2,295,1.006832518
2744,2019/4/25 8:00,-5.43,-4.9,12,414.8,383.61,463.08,420.5,1.3,278,0.658506066
2745,2019/4/25 9:00,-6.12,-5.4,4,306.82,342.21,327.81,325.61,0.7,276,0.4931748
2746,2019/4/25 10:00,-6.91,-5.6,1,252.32,238.32,221,237.21,0.8,293,0.342310791
2747,2019/4/25 11:00,0.01,0.1,1,0,0,0,0,0.1,1,0.379993053
2748,2019/4/25 12:00,-23.23,-19.4,7,273.6,281.67,291.72,282.33,1.2,284,0.186779347
2749,2019/4/25 13:00,-22.79,-19.2,11,379.48,402.52,358.02,380.01,0.9,278,0.387907484
2750,2019/4/25 14:00,-22.33,-19.1,15,427.75,435.86,434.93,432.85,1.4,270,0.486382816
2751,2019/4/25 15:00,-19.23,-18.3,39,786.98,822.64,849.12,819.58,2.3,286,1.291986333
2752,2019/4/25 16:00,-18.62,-18.2,42,918.54,940.41,890.6,916.52,2.4,281,1.563479471
2753,2019/4/25 17:00,-17.66,-17.9,57,1029,1039.17,1074.48,1047.55,2,280,1.824620981
2754,2019/4/25 18:00,-17.31,-17.8,60,1077.51,1080.4,1131.5,1096.47,2,280,1.93772809
2755,2019/4/25 19:00,-15.68,-17.5,82,1313.86,1335.88,1392.39,1347.38,1.8,278,2.510493372
2756,2019/4/25 20:00,-13.35,-16.7,123,1793.22,1798.26,1892.8,1828.09,2.6,263,3.654731324
2757,2019/4/25 21:00,-13,-16.5,130,1856.74,1893.29,1977.44,1909.16,2.6,280,3.807347683
2758,2019/4/25 22:00,-11.75,-16.2,153,2105.4,2115.48,2189.5,2136.79,2.5,263,4.351928769
2759,2019/4/25 23:00,-10.06,-15.2,183,2403.68,2363.5,2483.32,2416.83,4.2,279,4.99741948
2760,2019/4/26 0:00,-8.79,-15,212,2613.6,2599.2,2736.38,2649.73,4,276,5.46693708
2761,2019/4/26 1:00,-8.64,-14.9,216,2664,2660.3,2768.64,2697.65,4.4,279,5.566093156
2762,2019/4/26 2:00,-8.12,-14.5,224,2721.6,2750.4,2847.95,2773.32,4.6,283,5.706844811
2763,2019/4/26 3:00,-7.89,-14.8,228,2829.6,2800.8,2868.81,2833.07,4,278,5.869329573
2764,2019/4/26 4:00,-7.5,-14.4,245,2918.19,2925.36,3014.36,2952.64,6,269,6.085525936
2765,2019/4/26 5:00,-7.35,-14.3,255,3041.37,3052.8,3114.6,3069.59,4.4,300,6.302898468
2766,2019/4/26 6:00,-7.23,-14,265,3080.22,3083.1,3219.33,3127.55,5.3,278,6.398638
2767,2019/4/26 7:00,-6.87,-13.7,279,3281.85,3302.8,3324.75,3303.13,6.2,280,6.743436077
2768,2019/4/26 8:00,-6.54,-13.3,295,3374.8,3360.5,3482.05,3405.78,3.9,277,6.941498302
2769,2019/4/26 9:00,-6.31,-13.2,320,3595.6,3567.12,3666.8,3609.84,4.6,286,7.331832121
2770,2019/4/26 10:00,-6,-12.7,331,3655.68,3635.2,3740.03,3676.97,4.3,284,7.459358822
2771,2019/4/26 11:00,-6.18,-12.7,335,3725.64,3736.43,3782.45,3748.17,4.7,267,7.582202638
2772,2019/4/26 12:00,-5.52,-12.7,349,3784.3,3793.15,3906.59,3828.01,5.2,280,7.73962875
2773,2019/4/26 13:00,-4.14,-11.8,369,3937.99,3915.71,4015.44,3956.38,5.1,276,8.033216138
2774,2019/4/26 14:00,-4.16,-11.5,374,3990.3,3962,4058.79,4003.7,4.5,287,8.132135462
2775,2019/4/26 15:00,-4.6,-11.3,388,4015.44,4037.76,4156.93,4070.04,3.6,281,8.233660289
2776,2019/4/26 16:00,-3.93,-11.2,397,4201.8,4187.01,4254.12,4214.31,3.6,281,8.574707774
2777,2019/4/26 17:00,-4.54,-10.7,408,4302.36,4312.83,4398.07,4337.75,4.4,283,8.890595546
2778,2019/4/26 18:00,-4.12,-10.9,422,4358.6,4383.44,4452.63,4398.22,6.1,277,8.905301911
2779,2019/4/26 19:00,-3.87,-10.7,432,4442.24,4384.13,4501.56,4442.64,4.5,288,9.037910579
2780,2019/4/26 20:00,-3.91,-10.7,442,4471.08,4495.12,4599.82,4522.01,4.3,276,9.181156239
2781,2019/4/26 21:00,-3.75,-10.4,459,4634.37,4662.93,4760.51,4685.94,3.3,284,9.568901855
2782,2019/4/26 22:00,-3.7,-10.2,461,4648.68,4642.32,4719.2,4670.07,3.1,282,9.554334258
2783,2019/4/26 23:00,-3.47,-10.1,469,4711.72,4677.75,4767.88,4719.12,5.5,277,9.625455512
2784,2019/4/27 0:00,-3.16,-10.1,474,4788.15,4726.26,4816.35,4776.92,4.1,288,9.800993929
2785,2019/4/27 1:00,-2.35,-9.9,481,4732.8,4705.87,4864.34,4767.67,4,280,9.772544176
2786,2019/4/27 2:00,-2.23,-10,493,4823.3,4836.78,5016.66,4892.25,2.9,286,10.06663891
2787,2019/4/27 3:00,-2.43,-10,497,4871.88,4829.89,4968.29,4890.02,3.9,290,10.06690988
2788,2019/4/27 4:00,-1.98,-9.3,508,5017,5001.36,5111.84,5043.4,4,307,10.4076752
2789,2019/4/27 5:00,-2.04,-9.2,513,5016.66,4981.12,5091.2,5029.66,4.2,283,10.35654418
2790,2019/4/27 6:00,-1.75,-9.1,515,5064.6,5077.44,5111.84,5084.63,2.3,289,10.54913151
2791,2019/4/27 7:00,-2.23,-9.4,519,5085.3,5132.48,5215.73,5144.5,3.7,268,10.62298756
2792,2019/4/27 8:00,-1.62,-9.3,522,5105.49,5117.56,5186.16,5136.4,3,280,10.65257989
2793,2019/4/27 9:00,0.64,-9.2,525,5069.54,5053.02,5196.84,5106.47,4.8,278,10.56684266
2794,2019/4/27 10:00,-0.39,-9.4,529,5001.76,5143.68,5190.8,5112.08,5.1,287,10.508663
2795,2019/4/27 11:00,-0.66,-8.8,532,5166.88,5127.93,5299.14,5197.98,4,286,10.78220505
2796,2019/4/27 12:00,0.06,-8.9,539,5214.33,5190.02,5313.74,5239.36,3.6,279,10.89652298
2797,2019/4/27 13:00,1.2,-9.2,546,5232.6,5256.4,5291.37,5260.12,3.8,289,10.9478307
2798,2019/4/27 14:00,0.55,-8.9,546,5204.46,5251.4,5351.6,5269.15,6.4,277,10.87301597
2799,2019/4/27 15:00,0.74,-8.9,545,5234.18,5173.98,5330.15,5246.1,4.2,277,10.91272434
2800,2019/4/27 16:00,1.33,-9.5,545,5238.61,5193.48,5296.2,5242.76,7.7,278,10.85943036
2801,2019/4/27 17:00,0.3,-9.1,539,5193.72,5210.48,5279.59,5227.93,3.3,268,10.8657744
2802,2019/4/27 18:00,1.06,-8.5,533,5186.16,5064.66,5230.08,5160.3,3.3,284,10.76720232
2803,2019/4/27 19:00,1.03,-8.7,531,5176.38,5092.5,5189.22,5152.7,3.3,286,10.74562826
2804,2019/4/27 20:00,1.29,-9,531,5143.68,5072.13,5160.4,5125.4,5.4,280,10.62056904
2805,2019/4/27 21:00,1.34,-8.5,529,5081.52,5105.34,5149.1,5111.99,3.9,277,10.59150518
2806,2019/4/27 22:00,1.56,-8.9,525,5132.48,5053.62,5143.68,5109.93,4.9,282,10.60488205
2807,2019/4/27 23:00,1.1,-8.8,520,4994.08,5034.75,5102.64,5043.82,4.2,285,10.42261438
2808,2019/4/28 0:00,0.22,-8.9,522,5021.97,5000.5,5102.01,5041.49,6.1,274,10.40022261
2809,2019/4/28 1:00,0.05,-9.1,520,5028.84,5048.96,5129.33,5069.04,5.1,278,10.45513646
2810,2019/4/28 2:00,0.12,-9.4,505,4884.8,4507.56,4884.57,4758.98,5.8,274,9.902697106
2811,2019/4/28 3:00,0.28,-8.3,498,4802.4,4802,4903.94,4836.11,3,262,9.965337532
2812,2019/4/28 4:00,0.06,-8.4,491,4816.2,4822.74,4863.24,4834.06,2.4,267,9.978941775
2813,2019/4/28 5:00,0.24,-8.3,490,4678.4,4610.16,4760.51,4683.02,4,262,9.633204929
2814,2019/4/28 6:00,1.33,-8.5,485,4650.6,4630.38,4733.35,4671.44,7.9,270,9.695048112
2815,2019/4/28 7:00,-0.52,-9.1,470,4635.65,4608.97,4678.31,4640.98,5.3,284,9.507349489
2816,2019/4/28 8:00,-1.64,-8.7,462,4399.35,4462.92,4608.45,4490.24,4.7,289,9.118989945
2817,2019/4/28 9:00,-1.12,-9.2,409,4046,4061.19,4135.25,4080.81,7.5,282,8.359875001
2818,2019/4/28 10:00,-1.39,-8.6,410,4006.52,4050.54,4119.27,4058.78,5.4,274,8.255456476
2819,2019/4/28 11:00,-2.79,-8.8,353,3486.88,3213,4093.84,3597.91,4.7,272,7.347072866
2820,2019/4/28 12:00,-3.69,-9.9,364,3664.14,3609.6,3731.2,3668.31,6.8,281,7.490365045
2821,2019/4/28 13:00,-3.85,-10,327,3433.8,3412.2,3360.56,3402.19,6.7,273,6.987433452
2822,2019/4/28 14:00,-5.02,-9.9,314,3216.3,3091.24,3372.39,3226.64,7.4,277,6.665587302
2823,2019/4/28 15:00,-4.96,-10,303,3223.4,3181.5,3221.4,3208.77,7,275,6.607601758
2824,2019/4/28 16:00,-5.17,-9.9,302,3163.95,3160.29,3193.08,3172.44,5.1,281,6.489799316
2825,2019/4/28 17:00,-5.54,-10,286,3001.73,2958.95,3061.31,3007.33,8.4,278,6.24216704
2826,2019/4/28 18:00,-5.25,-10,270,2616.71,2741.2,2765.79,2707.9,4.4,279,5.532793362
2827,2019/4/28 19:00,-5.87,-9.9,270,2891.7,2822.67,2854.2,2856.19,4.8,279,5.71455944
2828,2019/4/28 20:00,-5.98,-9.7,271,2837.74,2759.31,2922.21,2839.75,4.9,275,5.840879766
2829,2019/4/28 21:00,-5.87,-10.2,264,2723.66,2695.14,2772.9,2730.57,7.8,281,5.687911526
2830,2019/4/28 22:00,-6.41,-10.2,247,2755.44,2713.2,2708.91,2725.85,6.8,289,5.663175572
2831,2019/4/28 23:00,-7.2,-10.2,216,2366.1,2323.75,2427.6,2372.48,5.6,282,4.91498252
2832,2019/4/29 0:00,-7.83,-10.5,192,2148,2089.09,2170.56,2135.88,4.5,267,4.418103501
2833,2019/4/29 1:00,-8.79,-10.7,167,1839.54,1768.52,1928.73,1845.6,5.5,264,3.816664076
2834,2019/4/29 2:00,-9.25,-11.1,136,1641.93,1615.5,1663.44,1640.29,7.5,271,3.468858432
2835,2019/4/29 3:00,-9.56,-11.1,131,1527.21,1476,1613.25,1538.82,8.6,275,3.282163889
2836,2019/4/29 4:00,-9.73,-11.2,116,1454.4,1414.46,1460.64,1443.17,7.3,277,3.044811028
2837,2019/4/29 5:00,-11.06,-11.6,84,1128.12,1111.35,1175.88,1138.45,7.1,270,2.342034351
2838,2019/4/29 6:00,-11.27,-11.6,78,1091.36,1081.16,1099.56,1090.69,6.9,277,2.225271839
2839,2019/4/29 7:00,-11.43,-11.7,74,1058.2,1043.9,1051.05,1051.05,6.2,278,2.102051931
2840,2019/4/29 8:00,-11.96,-11.9,57,871.08,868.78,868.64,869.5,5.7,272,1.67417334
2841,2019/4/29 9:00,-12.6,-12.1,46,633.68,586.3,705.87,641.95,6.3,285,1.202093858
2842,2019/4/29 10:00,-12.91,-12.3,31,558.48,565.64,585.15,569.76,6.7,275,1.084657202
2843,2019/4/29 11:00,-13.16,-12.4,19,497,473.69,463.98,478.22,6.3,292,0.88978939
2844,2019/4/29 12:00,-14.58,-12.9,1,105.12,118.44,113.05,112.2,5.8,273,0.106449618
2845,2019/4/29 13:00,-14.94,-13.2,0,56.97,63.2,57.15,59.11,3.7,277,0.032835551
2846,2019/4/29 14:00,0.01,0.1,1,0,0,0,0,0.1,1,0.379993053
2847,2019/4/29 15:00,0.01,0.1,1,0,0,0,0,0.1,1,0.379993053
2848,2019/4/29 16:00,-22.58,-19.5,12,424.8,395.01,419.34,413.05,0,258,0.473427634
2849,2019/4/29 17:00,0.01,0.1,1,0,0,0,0,0.1,1,0.379993053
2850,2019/4/29 18:00,-19.06,-16.6,15,466.05,449.8,482.4,466.08,0.8,284,0.587698036
2851,2019/4/29 19:00,-18.33,-16.4,19,585.6,597.24,548.72,577.19,0.5,275,0.838188711
2852,2019/4/29 20:00,-17.85,-16.2,25,637.12,639.91,632.72,636.58,0.6,275,0.947267846
2853,2019/4/29 21:00,-16.45,-16,30,863.94,897.9,807.52,856.45,0,288,1.431269408
2854,2019/4/29 22:00,-15.44,-15.4,52,997.36,1026.66,1058.4,1027.47,0.4,289,1.744576896
2855,2019/4/29 23:00,-15.14,-15.2,56,1051.25,1070.04,1112.31,1077.87,0.6,284,1.863145162
2856,2019/4/30 0:00,-13.73,-14.9,71,1294.17,1250.44,1332.24,1292.28,1,271,2.414396727
2857,2019/4/30 1:00,-13.08,-14.5,83,1361.12,1384.75,1455.24,1400.37,1.3,283,2.60640414
2858,2019/4/30 2:00,-12.43,-14.5,86,1468.8,1506.89,1496.61,1490.77,1.4,282,2.852129139
2859,2019/4/30 3:00,-11.93,-14,99,1523.42,1550.15,1627.2,1566.92,1.6,285,3.002862173
2860,2019/4/30 4:00,-11.56,-13.8,102,1602.84,1578.99,1670.13,1617.32,1.9,282,3.164710884
2861,2019/4/30 5:00,-10.68,-13.2,114,1761.55,1723.19,1811.88,1765.54,1.8,284,3.514543701
2862,2019/4/30 6:00,-10.14,-12.8,126,1833.45,1850.4,1954.68,1879.51,2.3,274,3.650816425
2863,2019/4/30 7:00,-9.98,-12.6,130,2066.35,53.1,368.53,829.33,1.6,273,2.858739106
2864,2019/4/30 8:00,-8.27,-11.7,154,2120.58,2142,2231.69,2164.76,1.4,280,4.386506565
2865,2019/4/30 9:00,-6.89,-11.1,182,2392.7,2353.41,2463.84,2403.32,1.1,276,4.959895593
2866,2019/4/30 10:00,-5.98,-10.5,212,2651.66,2623.59,2736.09,2670.45,2.1,280,5.517379975
2867,2019/4/30 11:00,-5.56,-10.3,230,2848,2838.12,2899.81,2861.98,3.3,276,5.912695856
2868,2019/4/30 12:00,-5.56,-10,243,2896.8,2909.88,3007.56,2938.08,2.8,285,6.035961941
2869,2019/4/30 13:00,-5.39,-9.9,247,2948.19,2932.8,3031.5,2970.83,1.6,290,6.129215174
2870,2019/4/30 14:00,-5.29,-9.7,255,2990.61,3004.75,3092.28,3029.21,3.2,296,6.221242296
2871,2019/4/30 15:00,-5.12,-9.5,260,3129.36,3119.45,3273.41,3174.07,3,322,6.518498912
2872,2019/4/30 16:00,-4.83,-9.2,276,3179.55,3170.53,3290.04,3213.37,3,280,6.580074334
2873,2019/4/30 17:00,-4.56,-9,286,3285.3,3294.72,3355.56,3311.86,2.3,280,6.790904322
2874,2019/4/30 18:00,-3.6,-8.4,312,3533.04,3531.06,3566.16,3543.42,3.3,288,7.260612733
2875,2019/4/30 19:00,-3.64,-8.5,325,3589.12,3631.18,3721.98,3647.43,3.7,285,7.424197816
2876,2019/4/30 20:00,-3.29,-8.4,337,3657.42,3636.58,3759,3684.33,2.6,276,7.52527358
2877,2019/4/30 21:00,-2.7,-8,364,3844.5,3817,3967.2,3876.23,3.3,267,7.895305178
2878,2019/4/30 22:00,-1.83,-7.5,383,3979.87,3970.89,4068.96,4006.57,3.8,311,8.173330325
2879,2019/4/30 23:00,-1.67,-7.2,390,4041.42,4032.14,4144.14,4072.57,2.3,262,8.314717872
2880,2019/5/1 0:00,-1.33,-7,390,4060.98,4042.35,4138.16,4080.5,2.9,303,8.346606024
2881,2019/5/1 1:00,-0.68,-6.6,411,4159.82,4166.73,4246.34,4190.96,3.4,304,8.560135744
2882,2019/5/1 2:00,-0.42,-6.7,414,4195.2,4211.31,4273.78,4226.76,3,283,8.645285249
2883,2019/5/1 3:00,-0.48,-6.7,424,4230.46,4251.84,4349.24,4277.18,3.3,286,8.730172494
2884,2019/5/1 4:00,0.05,-6.5,429,4311.84,4281.25,4383.54,4325.54,3.8,319,8.853462731
2885,2019/5/1 5:00,0.47,-6,447,4376.68,4426.18,4514.4,4439.09,2.4,266,9.29695377
2886,2019/5/1 6:00,1.78,-5.7,473,4630.78,4623.91,4719.05,4657.91,2.2,283,9.597403907
2887,2019/5/1 7:00,2.16,-4.7,487,4719.05,4671,4792.5,4727.52,3.2,282,9.747727536
2888,2019/5/1 8:00,1.49,-4.9,502,4841.27,4882.01,4928.04,4883.77,3.7,6,10.23492359
2889,2019/5/1 9:00,3.03,-4.1,525,5038.18,5021.3,5067.69,5042.39,4.5,10,10.6631059
2890,2019/5/1 10:00,2.53,-4.8,528,5037.54,5061.74,5130,5076.43,3,2,10.69116097
2891,2019/5/1 11:00,2.66,-4.2,528,5097.81,5061.74,5113.02,5090.86,2.4,313,10.55135068
2892,2019/5/1 12:00,2.95,-4.3,539,5135.88,5108.07,5200.25,5148.07,3.4,337,10.6222774
2893,2019/5/1 13:00,3.68,-3.9,541,5113.92,5106.31,5198.13,5139.45,0.9,270,10.6643615
2894,2019/5/1 14:00,3.45,-4.3,551,5140.8,5166.7,5321.03,5209.51,2.4,279,10.77283342
2895,2019/5/1 15:00,3.7,-4,557,5256.13,5259.5,5330.64,5282.09,2,298,10.96166595
2896,2019/5/1 16:00,4.28,-3.9,557,5269.59,5240.2,5336,5281.93,2.7,298,10.97502132
2897,2019/5/1 17:00,5.01,-3.4,562,5253.93,5278.8,5389.36,5307.36,2.7,287,11.00090377
2898,2019/5/1 18:00,4.45,-3.7,563,5238.27,5320,5345.2,5301.16,2.5,311,10.95580738
2899,2019/5/1 19:00,4.39,-3.9,564,5354.58,5362.68,5354.64,5357.3,2.5,284,11.14814188
2900,2019/5/1 20:00,4.39,-3.9,564,5353.3,5362.68,5354.64,5356.87,2.5,284,11.14635602
2901,2019/5/1 21:00,4.22,-3.9,575,5378.76,5333.3,5398.8,5370.29,2.3,337,11.15941586
2902,2019/5/1 22:00,4.31,-3.7,571,5373.4,5313.35,5363.67,5350.14,2,328,11.14422793
2903,2019/5/1 23:00,5.1,-3.6,575,5337.32,5363.67,5438.16,5379.72,2,275,10.94304401
2904,2019/5/2 0:00,3.89,-4,569,5406.9,5341.32,5376.93,5375.05,3.1,335,11.17086338
2905,2019/5/2 1:00,4.66,-3.2,569,5342.67,5314.68,5401.26,5352.87,2.1,283,11.13872562
2906,2019/5/2 2:00,5.18,-3.3,568,5338.62,5308.02,5378.4,5341.68,1.2,279,11.13784896
2907,2019/5/2 3:00,4.33,-3.6,569,5307.61,5298.48,5406.45,5337.51,1.7,296,11.08316601
2908,2019/5/2 4:00,3.89,-3.4,566,5315.52,5269.3,5396.03,5326.95,2.7,284,11.07110076
2909,2019/5/2 5:00,5.22,-3.6,562,5198.13,5172.56,5281.39,5217.36,1.7,317,10.83125221
2910,2019/5/2 6:00,5.64,-2.8,556,5243.8,5191.29,5241.73,5225.61,2.7,279,10.89454279
2911,2019/5/2 7:00,6.01,-2.6,552,5140.45,5131.62,5196.7,5156.26,2.4,272,10.7215881
2912,2019/5/2 8:00,4.35,-3.1,545,5086.18,5073.95,5152.64,5104.26,1.8,302,10.57611987
2913,2019/5/2 9:00,5.51,-2.7,545,5098.7,4984.86,5111.73,5065.1,3.8,276,10.55564423
2914,2019/5/2 10:00,5.24,-2.5,527,4978.82,4949.88,4980,4969.57,4.2,277,10.31817992
2915,2019/5/2 11:00,5.35,-2.7,528,4903.77,4921.74,4974.2,4933.24,2.8,272,10.21520819
2916,2019/5/2 12:00,5.24,-2.9,519,4829.64,4841.82,4937.9,4869.79,1.7,290,10.06939588
2917,2019/5/2 13:00,4.87,-2.6,518,4838.4,4849.68,4915.79,4867.96,2.4,301,10.0565551
2918,2019/5/2 14:00,5.37,-2.6,512,4749.9,4761.9,4841.82,4784.54,3.8,304,9.880060441
2919,2019/5/2 15:00,6.01,-3.2,488,4589.64,4542.12,4648.99,4593.58,3.7,280,9.535402914
2920,2019/5/2 16:00,6.04,-2.4,480,4509.1,4455.36,4561.44,4508.63,2.3,289,9.360438007
2921,2019/5/2 17:00,5.08,-2.3,438,4172.06,4240.72,4247.8,4220.19,0.6,311,8.744954683
2922,2019/5/2 18:00,4.68,-2.5,435,4226.88,4226.44,4287.01,4246.78,3.1,296,8.787444338
2923,2019/5/2 19:00,4.87,-2.5,432,4192.28,4165.87,4240.32,4199.49,1.9,281,8.712700128
2924,2019/5/2 20:00,5.37,-2.5,430,4158.58,4120.5,4215.44,4164.84,0,272,8.688135262
2925,2019/5/2 21:00,5.85,-2.2,426,4099.81,4114.35,4181.25,4131.8,1.1,275,8.592848584
2926,2019/5/2 22:00,5.62,-2.4,416,4090.5,4070.96,4133.36,4098.27,1.5,290,8.544949929
2927,2019/5/2 23:00,5.45,-2.3,409,4064.22,4026,4087.59,4059.27,1.2,284,8.477084315
2928,2019/5/3 0:00,5.83,-2.2,408,3971.52,3934.52,4033.4,3979.81,3.3,269,8.288494995
2929,2019/5/3 1:00,4.24,-2.6,380,3780.8,3745.04,3859.96,3795.27,3.3,289,7.887764156
2930,2019/5/3 2:00,3.68,-2.8,372,3764.12,3757.35,3815.98,3779.15,2.1,303,7.861104521
2931,2019/5/3 3:00,3.2,-2.7,366,3737.36,3740,3775.24,3750.87,3.7,348,7.800640511
2932,2019/5/3 4:00,3.02,-2.9,357,3703.26,3658.4,3696.42,3686.03,0,281,7.724395657
2933,2019/5/3 5:00,3.37,-2.5,336,3498.66,3490.06,3545.94,3511.55,2.1,281,7.316207726
2934,2019/5/3 6:00,3.31,-2.2,325,3411.81,3390,3491.84,3431.22,3.1,289,7.086969563
2935,2019/5/3 7:00,2.87,-2.2,322,3383.9,3380.85,3449.32,3404.69,4.4,278,7.079237174
2936,2019/5/3 8:00,2.81,-2.5,276,3043.8,3005.2,3060,3036.33,4,279,6.371640689
2937,2019/5/3 9:00,2.99,-2.4,272,3012.03,2975.97,3048.54,3012.18,2.2,295,6.329174091
2938,2019/5/3 10:00,2.87,-2.5,272,2993.45,2957.39,3005.2,2985.35,2.2,295,6.27944726
2939,2019/5/3 11:00,2.34,-2.5,264,2907,2889.09,2961.72,2919.27,3.6,269,6.100759881
2940,2019/5/3 12:00,1.95,-2.9,239,2728.44,2792.02,2782.35,2767.6,3.1,279,5.785144267
2941,2019/5/3 13:00,1.62,-2.8,235,2665.56,2644.95,2737.14,2682.55,2.3,282,5.59987432
2942,2019/5/3 14:00,0.66,-2.7,204,2404.68,2387.4,2497.44,2429.84,2.8,282,5.030976721
2943,2019/5/3 15:00,0.43,-2.7,188,2304.6,2325.44,2366.7,2332.25,3,264,4.814502338
2944,2019/5/3 16:00,0.01,-2.9,178,2227.2,2190.47,2266.81,2228.16,1.7,277,4.601324822
2945,2019/5/3 17:00,0.05,-2.9,158,2096.76,2055.24,2093.73,2081.91,1.5,277,4.303272339
2946,2019/5/3 18:00,0.16,-2.9,154,2028.6,2003.9,2036.48,2022.99,2.6,279,4.165192747
2947,2019/5/3 19:00,-0.81,-3.1,138,1850.31,1875.32,1898.82,1874.82,2.3,286,3.857290266
2948,2019/5/3 20:00,-1.58,-3.1,123,1695.8,1640.2,1750.76,1695.59,1.6,326,3.356423879
2949,2019/5/3 21:00,-1.81,-3.1,108,1630.9,1589.26,1612.36,1610.84,2.7,301,3.181135316
2950,2019/5/3 22:00,-2.06,-3.3,96,1505.98,1450.46,1483.02,1479.82,1.5,295,2.906830231
2951,2019/5/3 23:00,-2.52,-3.4,75,1240.47,1217.92,1243.8,1234.06,1.9,279,2.346464132
2952,2019/5/4 0:00,-3.02,-3.5,62,1064.85,1065.68,1072.6,1067.71,2.5,284,1.958713141
2953,2019/5/4 1:00,-3.21,-3.7,56,1022.68,975.72,985.27,994.56,2.4,269,1.859565945
2954,2019/5/4 2:00,-3.6,-3.8,52,843.02,809.64,902.59,851.75,1.6,279,1.513075743
2955,2019/5/4 3:00,-4.1,-3.9,38,732.46,727.65,729.28,729.8,2.5,270,1.273025182
2956,2019/5/4 4:00,-4.77,-4.4,6,572.7,537.42,554.85,554.99,1.2,281,0.937099175
2957,2019/5/4 5:00,-5.73,-4.6,3,349.96,346.32,392.08,362.79,1.8,280,0.518317681
2958,2019/5/4 6:00,-7.14,-5.2,0,130.8,198.6,216.15,181.85,1,282,0.174089923
2959,2019/5/4 7:00,-19.41,-16.5,17,478.38,476.68,511.2,488.75,2.1,277,0.615511524
2960,2019/5/4 8:00,-19,-16.4,19,547.5,525.75,555.56,542.94,1.9,281,0.741694451
2961,2019/5/4 9:00,-18.14,-16.3,23,666.12,653.38,601.75,640.42,2,282,0.987023776
2962,2019/5/4 10:00,-17.62,-16,29,700.34,695.49,711.48,702.44,2,275,1.082071723
2963,2019/5/4 11:00,-16.1,-15.6,41,930.56,948.44,868.8,915.93,2.4,279,1.587717234
2964,2019/5/4 12:00,-15.58,-15.4,52,976.05,993.25,1019.2,996.17,2.1,273,1.718167291
2965,2019/5/4 13:00,-14.75,-15.1,62,1102,1137.24,1152.75,1130.66,1.9,271,2.01040085
2966,2019/5/4 14:00,-13.33,-14.8,79,1366.47,1319.5,1386.24,1357.4,2.6,274,2.613745401
2967,2019/5/4 15:00,-12.62,-14.6,93,1431.54,1455.24,1518.3,1468.36,2.2,278,2.806656185
2968,2019/5/4 16:00,-11.19,-14.2,109,1667.82,1665.2,1723.19,1685.4,1.5,278,3.333200195
2969,2019/5/4 17:00,-10.33,-13.9,120,1846.2,1802.5,1872.57,1840.42,3.3,268,3.79808147
2970,2019/5/4 18:00,-9.75,-13.5,136,1906.08,1920.52,2001.6,1942.73,2.9,261,3.94748579
2971,2019/5/4 19:00,-8.52,-12.8,155,2145,2139.64,2247.34,2177.33,3.7,279,4.486251319
2972,2019/5/4 20:00,-8.04,-12.7,166,2210.4,2229.87,2338.05,2259.44,3.7,274,4.655918737
2973,2019/5/4 21:00,-7.37,-12.5,172,2387.61,2401.95,2419.66,2403.07,3.1,262,4.987811722
2974,2019/5/4 22:00,-7.06,-12.3,187,2437.8,2445.3,2552.55,2478.55,4,274,5.136750734
2975,2019/5/4 23:00,-6.73,-12.2,199,2498.84,2523.95,2631.39,2551.39,3.8,285,5.277643282
2976,2019/5/5 0:00,-6.06,-12,208,2652.36,2684.64,2688.01,2675,3.9,275,5.562018963
2977,2019/5/5 1:00,-5.52,-11.7,223,2755.44,2731.3,2833.76,2773.5,4,277,5.770935088
2978,2019/5/5 2:00,-4.93,-11.4,235,2812.4,2832.9,2954.8,2866.7,2.9,280,5.936031152
2979,2019/5/5 3:00,-4.29,-11.2,240,2932.3,2942.35,2977.8,2950.82,3.1,274,6.142716284
2980,2019/5/5 4:00,-3.17,-10.9,257,3054.24,3066.75,3168,3096.33,3.8,284,6.439500874
2981,2019/5/5 5:00,-2.93,-10.9,270,3146.88,3127.58,3207.75,3160.74,4.4,278,6.578194633
2982,2019/5/5 6:00,-1.7,-10.3,306,3400.32,3383.64,3483.97,3422.64,4.2,276,7.088765885
2983,2019/5/5 7:00,-0.77,-10.1,323,3550.92,3573.76,3620.82,3581.83,3.8,283,7.414234971
2984,2019/5/5 8:00,-0.5,-10,336,3596.52,3603.49,3725.67,3641.89,4.3,280,7.518108488
2985,2019/5/5 9:00,1.7,-8.9,398,4042.35,4068.96,4154.67,4088.66,4.1,278,8.42186604
2986,2019/5/5 10:00,1.87,-8.8,401,4090.72,4090.72,4189.12,4123.52,4.8,282,8.500970536
2987,2019/5/5 11:00,2.16,-8.6,405,4155.52,4147.78,4216.68,4173.33,5.1,283,8.613562082
2988,2019/5/5 12:00,3.41,-8,431,4294.95,4328.66,4397.26,4340.29,3.6,278,8.966542731
2989,2019/5/5 13:00,3.83,-7.7,450,4356.6,4378.03,4500.97,4411.87,4.9,277,9.110119209
2990,2019/5/5 14:00,4.41,-7.3,472,4514.63,4521.84,4624,4553.49,6.2,281,9.436223299
2991,2019/5/5 15:00,4.64,-7.4,476,4542.27,4549.3,4658,4583.19,3,261,9.487010348
2992,2019/5/5 16:00,5.14,-7,484,4596.75,4630.74,4691.44,4639.64,5.2,272,9.518850756
2993,2019/5/5 17:00,5.78,-6.9,491,4664.73,4691.61,4718.48,4691.61,5.3,276,9.732807298
2994,2019/5/5 18:00,5.89,-6.9,504,4752.78,4705.15,4819.5,4759.14,5.1,281,9.891711795
2995,2019/5/5 19:00,6.16,-6.7,500,4630.74,4671,4745.52,4682.42,4.3,281,9.702192501
2996,2019/5/5 20:00,6.97,-6.4,524,4771.2,4824.49,4897.7,4831.13,3.6,281,10.02174685
2997,2019/5/5 21:00,6.83,-6.2,495,4818.68,4878.72,4906.72,4868.04,4.2,267,10.12219076
2998,2019/5/5 22:00,6.47,-6.2,464,3694.77,3714.96,4114.74,3841.49,4.9,278,7.980746537
2999,2019/5/5 23:00,5.99,-6.2,520,4031.52,4114.74,4109.39,4085.22,4,282,8.389543105
3000,2019/5/6 0:00,6.12,-5.5,567,4738.76,4705.32,5290.9,4911.66,3.8,261,10.15952302
3001,2019/5/6 1:00,7.51,-5.4,474,5079.47,4891.59,4442.1,4804.39,5.7,269,10.1136701
3002,2019/5/6 2:00,7.14,-5.8,478,4084.44,4387.74,4225.5,4232.56,6.5,276,8.749447102
3003,2019/5/6 3:00,5.62,-5.5,406,3522.6,3684.21,3166.92,3457.91,4.2,277,7.227662309
3004,2019/5/6 4:00,5.66,-5,337,4433.31,3941.96,4073.2,4149.49,6.1,282,8.86316251
3005,2019/5/6 5:00,4.64,-5.2,421,2606.04,2919.75,3409.42,2978.4,5.9,275,6.463458695
3006,2019/5/6 6:00,4.68,-4.9,349,3684.21,3457.44,2959.2,3366.95,4.5,283,7.231700696
3007,2019/5/6 7:00,4.55,-5,356,2860.62,2738.24,2857.92,2818.93,4.7,262,6.035570106
3008,2019/5/6 8:00,3.55,-5,335,2765.76,2659.54,2771.44,2732.25,4.7,261,5.837680546
3009,2019/5/6 9:00,2.24,-5.6,314,2421.9,2425.5,2442.88,2430.09,5.6,273,5.209153864
3010,2019/5/6 10:00,1.22,-5.5,308,2145.2,2150.64,2207.48,2167.77,5.3,277,4.626881347
3011,2019/5/6 11:00,0.7,-5.6,322,2321.01,2255.04,2356.05,2310.7,4.4,282,4.888083262
3012,2019/5/6 12:00,0.68,-5.4,332,2422.08,2408.16,2331.84,2387.36,4.5,282,5.035286275
3013,2019/5/6 13:00,1.28,-5.5,348,2668.8,2985.84,2589.12,2747.92,6.4,288,5.672290266
3014,2019/5/6 14:00,5.87,-4.6,580,5018.97,5097.81,5301.96,5139.58,6,267,10.67034027
3015,2019/5/6 15:00,8.05,-4.9,581,5048.26,5171.37,5263.94,5161.19,6.4,280,10.79321669
3016,2019/5/6 16:00,8.35,-4.2,536,5366.7,5489.41,5301.36,5385.82,5.9,275,11.2373997
3017,2019/5/6 17:00,9.47,-4.4,611,5519.5,5559.4,5637.36,5572.09,4.5,269,11.58712492
3018,2019/5/6 18:00,9.89,-4.2,609,5506.2,5507.84,5575.14,5529.73,6,274,11.52328039
3019,2019/5/6 19:00,10.35,-4.2,611,5487.98,5502.65,5606.16,5532.26,5.5,268,11.52971904
3020,2019/5/6 20:00,10.26,-4.2,469,4208.77,4004.52,5113.85,4442.38,3.7,275,9.258602372
3021,2019/5/6 21:00,8.95,-4.1,504,4953.44,4969.15,4815.74,4912.78,4.2,277,10.28859197
3022,2019/5/6 22:00,5.81,-3.6,422,3452.67,3357.33,3098.46,3302.82,2.8,252,6.985968224
3023,2019/5/6 23:00,5.45,-3.8,441,3949.64,3510.62,3267,3575.75,3,288,7.693215151
3024,2019/5/7 0:00,5.22,-3.5,380,2935.74,2946.86,3005.6,2962.73,3.8,285,6.253076105
3025,2019/5/7 1:00,5.14,-3.2,380,2928.96,2956.66,3318.4,3068.01,3.9,285,6.410039991
3026,2019/5/7 2:00,5.37,-2.9,448,3366,3311.6,3866.94,3514.85,2.6,266,7.190740762
3027,2019/5/7 3:00,5.66,-3,393,3333.89,2574.18,3369.66,3092.58,3.1,262,6.609186954
3028,2019/5/7 4:00,4.97,-3.2,387,2789.38,2827.62,2894.25,2837.08,3.9,269,5.960766365
3029,2019/5/7 5:00,3.81,-3.1,375,2667.6,2558.78,2820.79,2682.39,3.9,245,5.632069713
3030,2019/5/7 6:00,3.97,-3.1,382,2670.53,2750.86,2933.49,2784.96,5.5,279,5.831963944
3031,2019/5/7 7:00,4.04,-3,337,2694.96,2479.29,2431.75,2535.33,3.3,247,5.46463531
3032,2019/5/7 8:00,3.22,-2.9,314,2044.28,2057.12,2122.12,2074.51,3.8,269,4.381270776
3033,2019/5/7 9:00,2.85,-2.8,325,2144.05,2146.56,2304.96,2198.52,2.2,256,4.572490917
3034,2019/5/7 10:00,2.93,-2.8,337,2505.04,2318.68,2414.88,2412.87,3.3,268,5.125973739
3035,2019/5/7 11:00,3.45,-2.5,354,2589.99,2611.31,2683.2,2628.17,4.7,273,5.51051792
3036,2019/5/7 12:00,3.6,-2.4,338,2318.4,2534.5,2373.56,2408.82,6,271,5.060330485
3037,2019/5/7 13:00,3.99,-2,361,2723.42,2947.23,2835.9,2835.52,5.9,272,5.904030108
3038,2019/5/7 14:00,4.47,-2,306,2257.42,2305.08,2277.28,2279.93,5,283,4.869511734
3039,2019/5/7 15:00,4.14,-1.9,292,2215.78,2242.88,2126.6,2195.09,4.8,275,4.698144887
3040,2019/5/7 16:00,3.83,-1.8,300,1959.1,2064,2146.56,2056.55,5.3,277,4.342596015
3041,2019/5/7 17:00,3.78,-1.7,338,2404.5,2291.24,2263.8,2319.85,5.7,267,4.985117955
3042,2019/5/7 18:00,4.2,-1.3,401,3013.44,3144.16,3541.46,3233.02,4.5,298,6.638212557
3043,2019/5/7 19:00,5.43,-1.4,326,3600.96,3062.18,2691.02,3118.05,4.1,274,6.858068534
3044,2019/5/7 20:00,4.66,-1.7,249,1896.75,2169.2,1898.88,1988.28,3.9,280,4.170640444
3045,2019/5/7 21:00,4.22,-1.6,220,1698.18,2212.92,2010.96,1974.02,4.2,275,3.996997337
3046,2019/5/7 22:00,2.41,-1.7,225,2418.5,2109.8,1684.54,2070.95,3.2,274,4.596621461
3047,2019/5/7 23:00,4.22,-1,373,2954.1,2396.87,3214.8,2855.26,3.9,275,5.975005638
3048,2019/5/8 0:00,5.08,-1,328,3169.12,2958,3223.76,3116.96,3.6,290,6.573744874
3049,2019/5/8 1:00,5.35,-1.3,346,3164.14,3577.32,2434.4,3058.62,3.8,278,6.397589431
3050,2019/5/8 2:00,6.03,-1,351,3548.3,3299.94,2940.6,3262.95,2.9,279,7.050347437
3051,2019/5/8 3:00,4.47,-1.4,186,1288.32,1274.64,1406.57,1323.18,4.9,271,2.839379883
3052,2019/5/8 4:00,2.1,-1.3,218,1149.2,1115.2,1337.7,1200.7,4.2,275,2.269648849
3053,2019/5/8 5:00,5.83,-0.9,299,3182.78,3048.71,3100.8,3110.76,4.4,270,6.61500618
3054,2019/5/8 6:00,5.49,-0.9,302,3005.6,3043.8,3132.36,3060.59,4.2,269,6.442518819
3055,2019/5/8 7:00,5.33,-0.8,308,3128,3080.4,3132.6,3113.67,3.7,264,6.559573258
3056,2019/5/8 8:00,6.01,-0.6,300,2835.6,2798.91,2949.3,2861.27,4,246,6.045110828
3057,2019/5/8 9:00,4.08,-0.9,211,2359.8,2349.55,2366.64,2358.66,2.2,267,4.966079799
3058,2019/5/8 10:00,3.37,-0.9,174,2144.05,2112.88,2134.66,2130.53,2.4,236,4.461581549
3059,2019/5/8 11:00,1.25,-1,119,1346.52,1520.48,1573.2,1480.07,4.7,280,2.88720392
3060,2019/5/8 12:00,0.55,-1,104,1410.4,1400.7,1431.04,1414.05,4.8,275,2.829140836
3061,2019/5/8 13:00,0.14,-1.1,85,1138.76,1035.12,1248.52,1140.8,3.1,267,2.189119056
3062,2019/5/8 14:00,-0.2,-1.2,62,892.11,965.85,920.7,926.22,3.3,273,1.692508725
3063,2019/5/8 15:00,-1.89,-1.5,20,461.72,405.6,351.92,406.41,1.4,268,0.776261983
3064,2019/5/8 16:00,-3.62,-2,9,285.52,252.32,256.23,264.69,1,272,0.453791346
3065,2019/5/8 17:00,-3.91,-2,7,236.16,248.9,271.42,252.16,0.7,270,0.397431144
3066,2019/5/8 18:00,-4.33,-2.1,6,194.4,149.27,283.8,209.16,1.4,284,0.254348912
3067,2019/5/8 19:00,-4.77,-2.4,0,115.56,108.63,106.59,110.26,0,262,0.095749581
3068,2019/5/8 20:00,0.01,0.1,1,0,0,0,0,0.1,1,0.379993053
3069,2019/5/8 21:00,-14.29,-12.5,5,159.85,182.25,236.64,192.91,2.5,279,0.115434488
3070,2019/5/8 22:00,-14.21,-12.4,11,346,318.32,322.46,328.93,2.1,290,0.412015736
3071,2019/5/8 23:00,-14.21,-12.4,11,274.8,318.32,322.46,305.19,2.1,290,0.314657075
3072,2019/5/9 0:00,-13.83,-12.2,37,495.6,698.74,714.07,636.14,4.2,301,0.872764523
3073,2019/5/9 1:00,-12.64,-11.9,44,932.1,936.65,959.85,942.87,3.3,285,1.636781251
3074,2019/5/9 2:00,-12.64,-11.8,44,976.48,966.6,1001,981.36,3.3,285,1.719206078
3075,2019/5/9 3:00,-12.12,-11.7,64,1042.55,1053.76,1078.14,1058.15,3.2,279,1.892840165
3076,2019/5/9 4:00,-11.43,-11.5,80,1265.44,1220.94,1290.6,1258.99,2.6,276,2.352833321
3077,2019/5/9 5:00,-11.08,-11.3,90,1341.06,1353.6,1410.52,1368.39,2.6,296,2.540283756
3078,2019/5/9 6:00,-10.73,-11.2,93,1448.34,1482.12,1461.6,1464.02,2.2,279,2.776175105
3079,2019/5/9 7:00,-9.83,-10.7,123,1804.69,1751.92,1819.07,1791.89,1.7,285,3.668895069
3080,2019/5/9 8:00,-9.21,-10.4,144,1986.09,1961.84,2047.76,1998.56,3.4,285,4.012569338
3081,2019/5/9 9:00,-9,-10.2,148,2021.94,2059.2,2084.88,2055.34,2.7,289,4.09711916
3082,2019/5/9 10:00,-7.58,-9.5,211,2599.08,2584.68,2599.08,2594.28,2.7,284,5.298329335
3083,2019/5/9 11:00,-6.52,-8.9,255,2901.91,2925.2,3013.25,2946.79,4.4,295,5.992204468
3084,2019/5/9 12:00,-6,-8.7,262,3113.04,3065.64,3118.56,3099.08,1.5,282,6.36675658
3085,2019/5/9 13:00,-5.12,-8.2,343,3601.72,3593.54,3701.25,3632.17,5.3,267,7.348217388
3086,2019/5/9 14:00,-4.31,-7.7,373,3860.22,3831.35,3907.2,3866.26,5.8,280,7.834213127
3087,2019/5/9 15:00,-4.14,-7.7,396,3949.44,3938.22,4085.64,3991.1,3.9,299,8.054205569
3088,2019/5/9 16:00,-3.81,-7.5,406,4022.46,4081,4103.13,4068.86,5.7,309,8.197583524
3089,2019/5/9 17:00,-1.77,-6.6,441,4343.75,4302.8,4365.9,4337.48,4.1,300,8.915278843
3090,2019/5/9 18:00,-2.54,-7,453,4391.76,4384.13,4455.99,4410.63,6.3,342,8.905636525
3091,2019/5/9 19:00,-2.79,-7,453,4488.68,4483.24,4518.36,4496.76,6.3,342,9.084165563
3092,2019/5/9 20:00,-2.67,-7.2,486,4676.6,4615.1,4691.89,4661.2,6.1,10,9.8093832
3093,2019/5/9 21:00,-2.08,-7,487,4656.74,4588.74,4754.04,4666.51,3.8,355,9.484564672
3094,2019/5/9 22:00,-2.27,-6.8,497,4607.17,4629.24,4760.91,4665.77,2.7,45,9.612867325
3095,2019/5/9 23:00,-2.16,-6.9,503,4691.25,4733.28,4878.6,4767.71,4.1,269,9.716233733
3096,2019/5/10 0:00,-1.77,-6.8,508,4684.84,4699.04,4857.28,4747.05,4.6,283,9.678679924
3097,2019/5/10 1:00,-1.5,-6.7,514,4809.42,4733.4,4864.5,4802.44,4.4,255,9.856130058
3098,2019/5/10 2:00,-1.66,-6.4,521,4802.49,4809.12,4960.8,4857.47,2,311,9.937909077
3099,2019/5/10 3:00,-1.48,-6.7,517,4809.36,4809.36,4973.5,4864.07,3.2,346,10.10999258
3100,2019/5/10 4:00,-0.69,-5.9,526,4933.96,4932.96,5007.8,4958.24,2.9,281,10.1984008
3101,2019/5/10 5:00,-0.73,-6.1,529,5002.5,5001.76,5055.82,5020.03,4.6,249,10.33138607
3102,2019/5/10 6:00,-0.56,-6.2,536,4995.6,4939.84,5110.7,5015.38,4.6,264,10.33708874
3103,2019/5/10 7:00,-0.96,-6.3,546,5083.8,5124.42,5225.76,5144.66,3.6,336,10.55860549
3104,2019/5/10 8:00,-0.33,-6.1,536,5043.04,5026.34,5123.16,5064.18,2.5,327,10.44294743
3105,2019/5/10 9:00,-0.54,-6.4,530,5057.26,5033.16,5020.56,5036.99,3.4,296,10.40434342
3106,2019/5/10 10:00,-0.37,-6,532,5015.52,4951.32,5040.54,5002.46,3.8,329,10.29157449
3107,2019/5/10 11:00,0.53,-5.7,552,5018.97,5093.2,5272.76,5128.31,3,282,10.54128903
3108,2019/5/10 12:00,0.89,-5.9,542,5039.98,4992.24,5088.35,5040.19,3.6,304,10.40930289
3109,2019/5/10 13:00,0.62,-5.7,549,5117.56,5066,5182.41,5121.99,2,276,10.61636864
3110,2019/5/10 14:00,0.53,-5.3,540,5088.96,5058.55,5162.74,5103.42,4.2,270,10.53802521
3111,2019/5/10 15:00,0.6,-5.6,561,5164.9,5118.9,5228.3,5170.7,2.8,301,10.70934465
3112,2019/5/10 16:00,1.18,-5,583,5360.52,5326.88,5388.92,5358.77,3.7,311,11.10514907
3113,2019/5/10 17:00,0.64,-5.7,564,4637.36,5173.98,5338,5049.78,6,359,10.11735253
3114,2019/5/10 18:00,0.87,-5.9,567,5237.76,5262.25,5325.42,5275.14,2.7,287,10.929
3115,2019/5/10 19:00,1.31,-5.5,527,5270.94,5218.72,5230.24,5239.97,3.6,267,10.89393385
3116,2019/5/10 20:00,1.7,-5.5,483,4726.5,3340.68,4980.86,4349.35,2.4,255,9.322784574
3117,2019/5/10 21:00,1.78,-5,581,5429.85,5326.88,5410.92,5389.22,2.5,224,11.2434652
3118,2019/5/10 22:00,1.95,-5.2,596,5425.21,5456.62,5410.92,5430.92,5.1,294,11.20568162
3119,2019/5/10 23:00,2.28,-4.7,596,5289.41,5357.08,4962.41,5202.97,2.2,288,10.82213512
3120,2019/5/11 0:00,1.72,-5.2,596,4856.13,5036.2,4187.48,4693.27,1.3,288,9.646317868
3121,2019/5/11 1:00,0.52,-5.5,340,2808.3,5360.52,3821.02,3996.61,3,345,7.648318838
3122,2019/5/11 2:00,0.58,-5.4,340,5398.82,5248.67,4930.86,5192.78,3,345,10.97682159
3123,2019/5/11 3:00,1.64,-5,589,5365.2,5289.78,5474.25,5376.41,2.5,277,11.19000273
3124,2019/5/11 4:00,2.68,-4.4,579,4942.62,4846.92,5287.48,5025.67,2.3,299,10.33066348
3125,2019/5/11 5:00,2.7,-4.5,571,5171.4,5290.9,5047.5,5169.93,3.8,274,10.79263691
3126,2019/5/11 6:00,2.87,-4.7,571,4955.64,4313.6,4965.4,4744.88,3.2,274,9.992675231
3127,2019/5/11 7:00,2.58,-5,538,5010.42,4239,4961.84,4737.09,4.4,293,10.01703549
3128,2019/5/11 8:00,3.62,-4.2,617,5491.68,5198.13,5374.71,5354.84,4.8,281,11.21194122
3129,2019/5/11 9:00,3.64,-4.7,589,5157.88,5117.85,5199.2,5158.31,1.4,310,10.72432083
3130,2019/5/11 10:00,3.78,-4.2,561,5026.56,5009.17,5124.54,5053.42,0.6,281,10.46430932
3131,2019/5/11 11:00,4.39,-3.8,556,4941,4897.08,5025,4954.36,2.1,277,10.25864934
3132,2019/5/11 12:00,0.24,-4.8,460,1793.66,3684.21,4210.56,3229.48,2.9,276,5.92618519
3133,2019/5/11 13:00,-0.33,-5.3,348,3199.33,3453.76,4510.08,3721.06,2.8,279,7.299659722
3134,2019/5/11 14:00,0.55,-5,420,4374.6,4143.44,4150.3,4222.78,2,324,8.82067067
3135,2019/5/11 15:00,0.55,-5,420,4374.6,4143.44,4150.3,4222.78,2,324,8.82067067
3136,2019/5/11 16:00,0.95,-5,319,4225.76,4179.96,4067.98,4157.9,2.4,284,8.688414078
3137,2019/5/11 17:00,0.72,-4.5,389,3777.12,3839.04,3855.32,3823.83,3,299,7.835626365
3138,2019/5/11 18:00,1.39,-4.8,312,3247.36,3288,3215.16,3250.17,3.1,267,6.769158405
3139,2019/5/11 19:00,-0.56,-5.2,339,2601.92,2844.12,3332.7,2926.25,1.4,286,5.795633699
3140,2019/5/11 20:00,-0.54,-4.9,353,3236.31,3525.9,3381.84,3381.35,2,290,6.879089555
3141,2019/5/11 21:00,-1.87,-5.5,149,2084.03,2242.08,1541.25,1955.79,2,287,4.134256237
3142,2019/5/11 22:00,-2.46,-5.7,233,1596.05,1474.46,1787.94,1619.48,2.6,335,3.240527951
3143,2019/5/11 23:00,-2.79,-5.5,212,1750.47,2168.32,2857.7,2258.83,0.9,309,4.185267276
3144,2019/5/12 0:00,-2.54,-5.5,190,1864.66,2691.84,1517.67,2024.72,1.4,347,3.913759212
3145,2019/5/12 1:00,-2.31,-5.1,224,2684.16,2597,2526.16,2602.44,2.7,275,5.437647938
3146,2019/5/12 2:00,-2.1,-5.4,153,2411.64,2630.26,1605.37,2215.76,1.3,265,4.793924477
3147,2019/5/12 3:00,-3.72,-5.7,123,1463.7,1315.44,1424.75,1401.3,0,290,2.869919771
3148,2019/5/12 4:00,-4.87,-5.9,103,1071,978.6,1393.8,1147.8,0.9,277,2.096862036
3149,2019/5/12 5:00,-5,-6,73,1324.3,891.39,802.62,1006.1,0.5,290,2.251129496
3150,2019/5/12 6:00,-5.14,-6,62,791.16,769.44,697.68,752.76,0.4,281,1.429863315
3151,2019/5/12 7:00,-5.81,-6.2,67,1020.18,649.54,665.42,778.38,1.7,281,1.110833563
3152,2019/5/12 8:00,-5.81,-5.9,127,1505.91,1579.2,1609.68,1564.93,1.7,318,2.937119728
3153,2019/5/12 9:00,-5.58,-5.8,77,918.72,889,1028.1,945.27,1.7,265,1.695504675
3154,2019/5/12 10:00,-5.5,-5.6,82,1088.88,1193.4,1219.74,1167.34,2,297,2.054373909
3155,2019/5/12 11:00,-5.52,-5.7,67,949.28,970.22,981.36,966.95,1.5,257,1.759425286
3156,2019/5/12 12:00,-7.43,-6.4,9,333.2,339.5,344.25,338.98,0,334,0.492443024
3157,2019/5/12 13:00,-7.7,-6.4,7,296.56,282.66,323.04,300.75,0.1,303,0.354966548
3158,2019/5/12 14:00,-8.08,-6.7,3,223.08,241.2,222.7,228.99,0,298,0.322831763
3159,2019/5/12 15:00,0.01,0.1,1,0,0,0,0,0.1,1,0.379993053
3160,2019/5/12 16:00,-21.45,-19.5,25,611.71,625.22,601.88,612.94,0,279,0.862097592
3161,2019/5/12 17:00,-17.77,-19.5,27,663.39,674.36,637.26,658.34,0,276,1.051425481
3162,2019/5/12 18:00,-20.24,-19.5,31,775.95,796.08,750.72,774.25,0,281,1.214118497
3163,2019/5/12 19:00,0.01,0.1,1,0,0,0,0,0.1,1,0.379993053
3164,2019/5/12 20:00,-18.95,-16.9,27,574.4,592.04,555.17,573.87,0,283,0.823083954
3165,2019/5/12 21:00,-18.6,-16.7,31,645.04,667,609.84,640.63,1.7,281,0.956555029
3166,2019/5/12 22:00,-18.24,-16.4,33,694.45,716.38,689.7,700.18,1.6,282,1.058398425
3167,2019/5/12 23:00,-18.35,-16.8,34,623.5,656.1,633.36,637.65,0,286,0.937365797
3168,2019/5/13 0:00,-18.08,-16.7,37,683.38,688.32,699.37,690.36,0,294,1.049494797
3169,2019/5/13 1:00,-17.39,-16.7,42,792.43,829.15,769.56,797.05,0,276,1.295631737
3170,2019/5/13 2:00,-13.79,-16.2,57,920.75,958.32,949.75,942.94,0,283,1.660275937
3171,2019/5/13 3:00,-15.12,-15.7,75,1155.93,1163.2,1185.01,1168.05,0.4,273,2.107114683
3172,2019/5/13 4:00,-14.62,-15.4,81,1219.68,1257.71,1259.44,1245.61,1.5,288,2.26016117
3173,2019/5/13 5:00,-13.75,-15.1,89,1388.57,1435.5,1366.76,1396.94,1.4,272,2.644681023
3174,2019/5/13 6:00,-12.91,-14.5,103,1508.98,1474.92,1525.53,1503.14,0,284,2.909508983
3175,2019/5/13 7:00,-12.19,-14.1,114,1566.74,1595.62,1638.94,1600.43,0.8,276,3.084349278
3176,2019/5/13 8:00,-11.58,-14,118,1689.48,1737.6,1684.8,1703.96,0.5,278,3.355035293
3177,2019/5/13 9:00,-11.06,-13.6,131,1742.4,1768.74,1828.8,1779.98,1.5,282,3.506015646
3178,2019/5/13 10:00,-10.81,-13.5,135,1821.96,1809.71,1869.4,1833.69,1.9,279,3.666923853
3179,2019/5/13 11:00,-10.5,-13.2,143,1850.4,1898.16,1948.49,1899.02,1.7,279,3.76757009
3180,2019/5/13 12:00,-9.6,-12.9,163,2044.8,2053.48,2143.83,2080.7,1.3,276,4.198181621
3181,2019/5/13 13:00,-8.6,-12.3,188,2261.7,2265.72,2342.48,2289.97,1.4,280,4.671309981
3182,2019/5/13 14:00,-7.54,-11.9,222,2538.28,2524.02,2630.97,2564.42,2.9,284,5.269386716
3183,2019/5/13 15:00,-7.25,-11.7,226,2577.54,2591.82,2698.48,2622.61,2.1,312,5.381967611
3184,2019/5/13 16:00,-6.19,-11.2,265,2897.84,2881.56,3003.3,2927.57,2.3,284,6.011152453
3185,2019/5/13 17:00,-5.73,-11.1,269,2973.6,2986.38,3037.32,2999.1,2.5,278,6.167423363
3186,2019/5/13 18:00,-5.19,-10.5,288,3101.04,3066.75,3142.41,3103.4,2.1,262,6.384381401
3187,2019/5/13 19:00,-4.91,-10.5,297,3124.94,3135.38,3250.05,3170.12,2.9,276,6.486644891
3188,2019/5/13 20:00,-4.54,-10.5,302,3223.92,3189.12,3268.95,3227.33,3.1,281,6.638075396
3189,2019/5/13 21:00,-4.48,-10,316,3268.95,3273.67,3378.82,3307.15,1.5,275,6.7730512
3190,2019/5/13 22:00,-2.87,-8.7,346,3531.88,3538.86,3622.62,3564.45,2.5,265,7.344811899
3191,2019/5/13 23:00,-2.96,-9,357,3587.72,3578.88,3674.88,3613.83,2.7,288,7.385860598
3192,2019/5/14 0:00,-2.79,-8.9,361,3640,3671.48,3725.2,3678.89,2.6,297,7.516338622
3193,2019/5/14 1:00,-2.56,-8.4,381,3758.4,3787.75,3883.68,3809.94,2.4,281,7.75351971
3194,2019/5/14 2:00,-2.06,-8.2,401,3958.96,3929.31,4033.26,3973.84,2.2,292,8.119699863
3195,2019/5/14 3:00,-1.19,-7.5,428,4089.72,4085.77,4209,4128.16,2.4,284,8.412641814
3196,2019/5/14 4:00,-0.93,-7.3,437,4164.93,4150.3,4258.72,4191.32,3.8,287,8.537314438
3197,2019/5/14 5:00,1.43,-6.5,498,4582.93,4556.21,4705.6,4614.91,2.8,289,9.478291252
3198,2019/5/14 6:00,0.87,-6.7,499,4623.75,4657.86,4746.85,4676.15,1.4,322,9.597143911
3199,2019/5/14 7:00,2.89,-5.7,524,4746.21,4812.75,4906.72,4821.89,2.2,318,9.906828532
3200,2019/5/14 8:00,3.29,-5.5,527,4772.85,4833,4920.2,4842.02,2.5,286,9.967731766
3201,2019/5/14 9:00,3.26,-5.6,529,4820.24,4857.5,4891.59,4856.44,1.1,273,10.03743769
3202,2019/5/14 10:00,3.91,-5.4,529,4846.06,4878.17,4951.3,4891.84,2.7,273,10.10556825
3203,2019/5/14 11:00,4.26,-5,551,4987.6,4963.98,5089.21,5013.6,1.7,272,10.39699229
3204,2019/5/14 12:00,4.33,-4.7,551,5045.92,4975.02,5113.02,5044.65,2.6,292,10.47744799
3205,2019/5/14 13:00,4.39,-4.8,551,5060.96,5014.98,5140.45,5072.13,2.6,292,10.52943673
3206,2019/5/14 14:00,4.62,-4.9,564,5045.1,5096.84,5173.7,5105.21,3.4,272,10.55649899
3207,2019/5/14 15:00,5.1,-4.6,566,5058.5,5047.35,5187,5097.62,2.7,275,10.56881248
3208,2019/5/14 16:00,4.95,-4.4,566,5097.78,5107.2,5215.94,5140.31,3.7,275,10.6495266
3209,2019/5/14 17:00,4.87,-4.8,566,5063.44,5114.88,5222.61,5133.64,2.9,292,10.6137275
3210,2019/5/14 18:00,5.22,-4.6,582,5156.96,5220.6,5361.3,5246.29,0.3,331,10.80849176
3211,2019/5/14 19:00,5.93,-4.4,580,5155.91,5156.98,5262.9,5191.93,2.7,277,10.78108185
3212,2019/5/14 20:00,6.16,-4.4,590,5219.04,5232.46,5396.82,5282.77,2.4,294,10.95734896
3213,2019/5/14 21:00,6.33,-4,599,5192.48,5241.73,5377.44,5270.55,2.5,277,10.91426287
3214,2019/5/14 22:00,6.28,-4.1,596,5254.95,5231.1,5393.76,5293.27,2.9,284,11.00039636
3215,2019/5/14 23:00,6.45,-4.2,598,5216.56,5236.29,5436.75,5296.53,1.1,284,10.97336183
3216,2019/5/15 0:00,6.62,-3.9,600,5289.38,5277.16,5408.76,5325.1,0.9,278,11.0833282
3217,2019/5/15 1:00,8.83,-3.9,604,5270.58,5295.83,5459.67,5342.03,2.4,276,11.1051355
3218,2019/5/15 2:00,8.2,-3.5,604,5335.72,5336.64,5502,5391.45,2.5,276,11.21734291
3219,2019/5/15 3:00,8.7,-3.4,605,5262.57,5328.29,5428.2,5339.69,3.2,284,11.03277537
3220,2019/5/15 4:00,7.39,-3.4,609,5270.58,5341.54,5423.4,5345.17,2.6,299,11.07558608
3221,2019/5/15 5:00,7.39,-3.7,605,5294.61,5357.9,5441.28,5364.6,0.6,297,11.12751901
3222,2019/5/15 6:00,6.83,-3.5,600,5280,5241.44,5341.54,5287.66,4.4,288,10.98520387
3223,2019/5/15 7:00,7.85,-3.4,606,5331.31,5276.24,5447.82,5351.79,3,288,11.15368071
3224,2019/5/15 8:00,8.5,-3.2,600,5306.4,5209.48,5396.79,5304.22,0.9,301,11.10000101
3225,2019/5/15 9:00,8.85,-2.6,599,5307.04,5248.6,5400.31,5318.65,0.2,284,11.1181557
3226,2019/5/15 10:00,7.26,-3.5,599,5327.66,5269.14,5407.11,5334.64,1.8,341,11.10791911
3227,2019/5/15 11:00,6.83,-3.7,599,5253.6,5242.86,5379.2,5291.89,0.6,16,11.29683532
3228,2019/5/15 12:00,8.12,-2.7,590,5194.2,5232.46,5285.85,5237.5,2.4,273,10.88383326
3229,2019/5/15 13:00,8.16,-2.9,591,5140.2,5145.64,5274.24,5186.69,3.2,275,10.77629319
3230,2019/5/15 14:00,8.41,-3,594,5127.02,5203.44,5298.95,5209.8,3.3,277,10.74214766
3231,2019/5/15 15:00,7.37,-2.9,577,4956.6,5019.48,5152.14,5042.74,2.4,259,10.42637039
3232,2019/5/15 16:00,6.76,-3.5,579,5085.21,5065.47,5183.73,5111.47,0.6,293,10.62047932
3233,2019/5/15 17:00,6.41,-2.5,553,4855.14,4588.24,4997.16,4813.51,2.6,260,10.04573758
3234,2019/5/15 18:00,5.89,-3.5,543,4809.6,4687.84,4879.68,4792.37,2.6,345,9.910394056
3235,2019/5/15 19:00,6.2,-2.7,503,4428.88,4481.74,4502.16,4470.93,1.7,280,9.279234908
3236,2019/5/15 20:00,6.39,-2.5,463,4153.49,4141.11,4235.12,4176.57,1.1,342,8.67200187
3237,2019/5/15 21:00,5.28,-2.7,451,4132.22,4120.5,4180.33,4144.35,3.8,276,8.580879457
3238,2019/5/15 22:00,5.53,-2.3,437,4002.75,3952.19,4027.38,3994.11,1.8,316,8.318174135
3239,2019/5/15 23:00,5.12,-3,412,3810.24,3821.58,3858.25,3830.02,2.1,295,7.978250088
3240,2019/5/16 0:00,4.83,-3,407,3801.36,3782.26,3831.41,3805.01,0.8,342,7.95904851
3241,2019/5/16 1:00,4.26,-3.2,403,3758.56,3760.92,3797.86,3772.45,1.7,257,7.833896153
3242,2019/5/16 2:00,4.64,-3,397,3730.27,3656.95,3763.2,3716.81,1.6,275,7.756774685
3243,2019/5/16 3:00,2.72,-2.8,330,3144.15,3012.03,3200.7,3118.96,3.6,286,6.518854483
3244,2019/5/16 4:00,1.39,-3.1,308,3009.06,2995.92,3061.95,3022.31,1.1,287,6.289820949
3245,2019/5/16 5:00,2.01,-2.9,266,2627.38,2606.04,2667.6,2633.67,2.8,282,5.513430027
3246,2019/5/16 6:00,2.49,-3.2,263,2600.64,2558.16,2633.4,2597.4,2.1,287,5.472097449
3247,2019/5/16 7:00,2.58,-3,259,2569.38,2527.1,2622.72,2573.07,0.6,264,5.425409162
3248,2019/5/16 8:00,2.83,-3.2,135,2442.16,2339.28,1802.25,2194.56,0,277,4.970804417
3249,2019/5/16 9:00,0.83,-3.5,136,1337.7,1975.05,1253.04,1521.93,2.7,293,2.901740323
3250,2019/5/16 10:00,-0.12,-3.3,136,2052.27,2141.37,2176.02,2123.22,1.7,293,4.320383508
3251,2019/5/16 11:00,1.45,-3.2,172,1831.62,1850.72,1886.5,1856.28,0,274,3.843024539
3252,2019/5/16 12:00,0.24,-3.3,150,1591.52,1596.05,1626.04,1604.54,1.6,288,3.252253017
3253,2019/5/16 13:00,0.01,-3.7,76,1309.5,984.9,806.4,1033.6,1.7,281,2.318810248
3254,2019/5/16 14:00,-1.29,-4,83,567.8,802.06,978.12,782.66,3.1,278,1.258339491
3255,2019/5/16 15:00,-3.33,-4.3,45,483.12,469,456.28,469.47,1.2,276,0.852052238
3256,2019/5/16 16:00,-5.08,-4.4,39,361.8,348.4,346.84,352.35,0.9,281,0.593412944
3257,2019/5/16 17:00,-6.14,-4.7,31,387.03,401.4,423.36,403.93,0,285,0.663975154
3258,2019/5/16 18:00,-6.68,-4.6,15,355.68,327.84,339,340.84,0,262,0.598916585
3259,2019/5/16 19:00,-6.95,-4.8,11,289.82,284.76,281.82,285.47,0,262,0.38720179
3260,2019/5/16 20:00,-7.12,-4.9,11,211.2,246.79,266.4,241.46,0,262,0.360598405
3261,2019/5/16 21:00,0.01,0.1,1,0,0,0,0,0.1,1,0.379993053
3262,2019/5/16 22:00,-17,-16.1,45,759.15,766.38,716.76,747.43,0,274,1.2274264
3263,2019/5/16 23:00,-16.54,-15.7,52,805.86,805.86,804.16,805.29,0,275,1.331841919
3264,2019/5/17 0:00,-14.89,-15.3,65,1032.34,1042.56,947.76,1007.55,0,276,1.828422387
3265,2019/5/17 1:00,-14.31,-15,77,1072.8,1086,1113.42,1090.74,0,275,1.953141091
3266,2019/5/17 2:00,-13.47,-14.7,87,1176.86,1214.09,1221.87,1204.27,0,279,2.202532206
3267,2019/5/17 3:00,-11.18,-13.7,115,1450.36,1472.88,1540.8,1488.01,1.9,280,2.872447794
3268,2019/5/17 4:00,-9.97,-13.2,133,1636.67,1665.76,1730.38,1677.6,2,272,3.323978342
3269,2019/5/17 5:00,-9.14,-12.9,144,1761.36,1787.82,1852.44,1800.54,1.6,274,3.608711974
3270,2019/5/17 6:00,-8.12,-12.6,165,1930.5,1938.6,2030.6,1966.57,2,275,4.009056409
3271,2019/5/17 7:00,-7.58,-12.4,170,2029.2,2019.12,2115.15,2054.49,2.1,280,4.222796333
3272,2019/5/17 8:00,-7.1,-12.3,174,2089.09,2106.3,2142,2112.46,2.3,265,4.368763838
3273,2019/5/17 9:00,-5.37,-11.6,205,2340.17,2385.6,2399.8,2375.19,2.6,278,4.94880405
3274,2019/5/17 10:00,-4.6,-11,226,2484.88,2470.92,2558.92,2504.91,2,278,5.231646645
3275,2019/5/17 11:00,-4.02,-10.8,235,2552.4,2566.41,2665.84,2594.88,1.7,278,5.410971875
3276,2019/5/17 12:00,-3.5,-10.7,239,2644.18,2647.5,2693.1,2661.59,1.9,271,5.580451136
3277,2019/5/17 13:00,-2.66,-10.2,261,2796.99,2800,2896.36,2831.12,3.6,270,5.916718633
3278,2019/5/17 14:00,-2.12,-9.2,290,3001.81,2983.5,3108,3031.1,2,279,6.304450131
3279,2019/5/17 15:00,-1.64,-9.6,298,3052,3066,3166.47,3094.82,3.8,275,6.430904207
3280,2019/5/17 16:00,-1.33,-9,316,3192,3189.86,3303.78,3228.55,2.7,280,6.692566367
3281,2019/5/17 17:00,-0.75,-9.5,329,3334.23,3340.8,3413.22,3362.75,4.3,272,6.96513103
3282,2019/5/17 18:00,-0.29,-8.9,338,3387.42,3368.64,3483.88,3413.31,4.3,277,7.136017283
3283,2019/5/17 19:00,0.74,-8.9,355,3541.23,3568.95,3617.46,3575.88,2.9,285,7.417223049
3284,2019/5/17 20:00,1.95,-8.3,381,3658.59,3668.58,3766.14,3697.77,4.4,281,7.65453525
3285,2019/5/17 21:00,2.39,-8.3,385,3761.94,3771.63,3805.98,3779.85,4.1,280,7.837642221
3286,2019/5/17 22:00,2.8,-7.5,409,3855.32,3863.4,3975.06,3897.93,4.3,281,8.052632663
3287,2019/5/17 23:00,4.7,-7.2,429,4016.98,3997.47,4059.6,4024.68,3.6,273,8.366405884
3288,2019/5/18 0:00,4.91,-7.4,428,4081.56,3998.4,4039.2,4039.72,2.9,274,8.446118642
3289,2019/5/18 1:00,5.6,-6.9,459,4243.75,4238.02,4312.88,4264.88,2.8,270,8.860954846
3290,2019/5/18 2:00,5.89,-6.8,467,4278.64,4291.74,4394,4321.46,3.8,265,8.959366011
3291,2019/5/18 3:00,6.22,-6.5,473,4306.12,4333.16,4414.7,4351.33,1.8,269,9.040228407
3292,2019/5/18 4:00,7.08,-6.7,492,4421.61,4428.48,4536,4462.03,2,262,9.27968052
3293,2019/5/18 5:00,7.05,-6.7,495,4461.88,4448.8,4582.93,4497.87,3.9,271,9.344795249
3294,2019/5/18 6:00,7.27,-6.5,498,4488.91,4515.84,4616.48,4540.41,2.8,267,9.443010965
3295,2019/5/18 7:00,8.26,-6.1,517,4549.2,4615.88,4669.32,4611.47,3.1,257,9.575020721
3296,2019/5/18 8:00,8.78,-6,522,4596.03,4627.74,4728.6,4650.79,2.5,265,9.678126388
3297,2019/5/18 9:00,9.72,-5.2,548,4694.9,4581.85,4786.86,4687.87,2.5,279,9.803407404
3298,2019/5/18 10:00,10.18,-5.5,554,4745.98,4800.12,4897.2,4814.43,3.1,272,10.01760809
3299,2019/5/18 11:00,11.05,-5.2,568,4845.13,4803.4,4966.92,4871.82,3.2,275,10.17929224
3300,2019/5/18 12:00,10.64,-5,564,4415.6,4744.18,4939.68,4699.82,2.3,273,9.624163428
3301,2019/5/18 13:00,11.18,-4.6,483,4507.3,4732.2,4316.45,4518.65,2.3,278,9.505031673
3302,2019/5/18 14:00,10.97,-4.4,578,4712.4,4547.68,4600.2,4620.09,4.3,284,9.673947166
3303,2019/5/18 15:00,11.66,-4.4,582,4831.91,5077.44,4940.64,4950,1.4,262,10.25168819
3304,2019/5/18 16:00,11.95,-3.7,563,4506.72,4991.1,4597.12,4698.31,2.9,285,9.675331215
3305,2019/5/18 17:00,11.85,-4,558,4593.23,4855.23,4962.8,4803.75,0.2,287,10.14374986
3306,2019/5/18 18:00,10.87,-3.7,529,3993.54,3853.63,3714.82,3854,1.6,504,8.135384202
3307,2019/5/18 19:00,10.14,-3.9,431,3684.1,3715.19,3762.9,3720.73,1.9,259,7.890451759
3308,2019/5/18 20:00,10.93,-3.6,580,5063.26,5134.8,5228.32,5142.13,4.5,275,10.71438446
3309,2019/5/18 21:00,12.03,-3.2,591,5308.56,5328.27,5412,5349.61,5.1,273,11.19595588
3310,2019/5/18 22:00,12.22,-3,600,5206.1,5204.41,5390.65,5267.05,4,271,11.00650985
3311,2019/5/18 23:00,12.55,-2.6,610,5316.64,5245.08,5393.78,5318.5,4.8,278,11.14836862
3312,2019/5/19 0:00,12.6,-2.6,610,5080.34,4990.02,5312.05,5127.47,3.2,273,10.72277079
3313,2019/5/19 1:00,13.12,-2.5,600,5029.26,5098.64,5372.48,5166.79,3.9,283,10.75042332
3314,2019/5/19 2:00,13.41,-1.7,613,5103.68,4946.5,4818.28,4956.15,3.2,280,10.46867845
3315,2019/5/19 3:00,12.41,-2.1,538,4494.8,4415.4,4211.37,4373.86,5.5,271,9.148289759
3316,2019/5/19 4:00,10.99,-2,594,4694.48,4607.85,4899.57,4733.97,4.2,272,9.866540409
3317,2019/5/19 5:00,11.14,-2.1,575,4787.44,4832.6,4765.81,4795.28,5,263,10.00303809
3318,2019/5/19 6:00,9,-1.6,433,3363.26,3338.31,3317.89,3339.82,5.6,280,7.087685827
3319,2019/5/19 7:00,8.41,-1.5,417,3203.48,3198.72,3019.52,3140.57,5.2,273,6.674181904
3320,2019/5/19 8:00,7.45,-2,448,3170.93,2960.88,3213.72,3115.18,4.3,274,6.592496702
3321,2019/5/19 9:00,7.08,-1.7,395,2773.02,2890,2823.09,2828.7,6.5,276,6.019730275
3322,2019/5/19 10:00,6.43,-1.4,345,2577.96,2461.14,2414,2484.37,4.9,281,5.389579359
3323,2019/5/19 11:00,6.12,-1.7,326,2149.26,2166.01,2257.6,2190.96,4.4,271,4.716570361
3324,2019/5/19 12:00,5.06,-1.6,336,2140.92,2155.12,2270.88,2188.97,4.2,278,4.647627199
3325,2019/5/19 13:00,4.93,-1.7,338,2263.8,2270.88,2339.28,2291.32,4.8,282,4.88402434
3326,2019/5/19 14:00,4.66,-1.7,334,2506.08,2264.04,2270.88,2347,4.3,261,5.089708076
3327,2019/5/19 15:00,4.76,-1.9,346,2411.37,2359.8,2359.8,2376.99,4.3,272,5.072611382
3328,2019/5/19 16:00,4.35,-1.4,298,2035.34,1964.82,1969.92,1990.03,4.5,284,3.976151164
3329,2019/5/19 17:00,6.22,-1.5,390,2890,2718.78,2845.01,2817.93,4.6,280,6.009025468
3330,2019/5/19 18:00,6.27,-1.4,392,2794.8,2800.14,2863.71,2819.55,5,272,5.963920593
3331,2019/5/19 19:00,6.8,-1,359,2553.04,2712,2612.25,2625.76,2.8,270,5.539138022
3332,2019/5/19 20:00,6.53,-0.7,445,2831.43,2800.14,2994.39,2875.32,5.4,284,6.031567228
3333,2019/5/19 21:00,6.6,-1.1,427,3173.46,3170.44,3245.62,3196.51,5.1,277,6.698107071
3334,2019/5/19 22:00,6.64,-0.6,475,3189.2,2997,3772.74,3319.65,6.8,268,7.027841863
3335,2019/5/19 23:00,5.8,-1.2,251,2047.56,2043,2111.69,2067.42,5.8,277,4.518900803
3336,2019/5/20 0:00,3.93,-0.7,330,2390.65,2514.42,2479.7,2461.59,5.3,276,5.144904484
3337,2019/5/20 1:00,4.18,-0.7,252,2046,1777.41,2100.56,1974.66,4.8,278,4.25651605
3338,2019/5/20 2:00,3.62,-0.7,336,2561.25,2349.55,2571.84,2494.21,6.1,267,5.319506808
3339,2019/5/20 3:00,3.91,-0.7,276,2029.38,1815.25,2076.32,1973.65,5.5,273,4.261591679
3340,2019/5/20 4:00,3.49,-0.7,312,2112.88,2089.25,2013.9,2072.01,5.5,286,4.401731178
3341,2019/5/20 5:00,2.99,-0.4,263,2428.8,2359.84,2150.9,2313.18,4.9,271,4.909112679
3342,2019/5/20 6:00,1.91,-0.7,411,2846.9,3374.1,3208.29,3143.1,6.3,280,6.301607929
3343,2019/5/20 7:00,4.47,-0.5,411,3810.17,3781.2,3814.16,3801.84,6.3,280,7.907696174
3344,2019/5/20 8:00,5.89,-0.4,318,3335.76,3125.58,3062.28,3174.54,5,283,5.961323805
3345,2019/5/20 9:00,5.14,-0.5,316,2938.18,2981.16,2870.48,2929.94,4.5,277,6.177932882
3346,2019/5/20 10:00,5.2,-0.6,293,3028.34,3055.52,2892.54,2992.13,6.3,275,6.353815118
3347,2019/5/20 11:00,5.2,-0.5,293,2793.36,2851.8,2847.6,2830.92,6.3,275,6.013611423
3348,2019/5/20 12:00,4.49,-0.5,308,2862.8,2925.78,2860.2,2882.93,4.1,287,6.050537194
3349,2019/5/20 13:00,3.51,-0.5,302,2383.8,2492.46,2681.28,2519.18,3.4,288,5.179670058
3350,2019/5/20 14:00,3.43,-0.5,300,2620.52,2856.45,3000.8,2825.92,2.8,281,5.770840314
3351,2019/5/20 15:00,3.74,-0.4,287,2893.32,2869.6,2925.78,2896.23,2.7,294,6.054338802
3352,2019/5/20 16:00,4.53,-0.5,295,2830.3,2764.84,2877.25,2824.13,5,276,5.963667479
3353,2019/5/20 17:00,4.7,-0.4,295,2770.2,2749.95,2785.29,2768.48,5,276,5.850376379
3354,2019/5/20 18:00,4.64,-0.5,266,2692.8,2407.2,2785.29,2628.43,5.1,277,5.608173456
3355,2019/5/20 19:00,4.51,-0.5,269,2678.35,2636.38,2563.6,2626.11,2.7,279,5.561511018
3356,2019/5/20 20:00,4.78,-0.7,253,2589.3,2564.32,2602.23,2585.28,5,277,5.503991153
3357,2019/5/20 21:00,2.47,-0.6,169,1742.44,1823.61,1870.05,1812.03,3.8,268,3.686150961
3358,2019/5/20 22:00,1.08,-0.6,182,1015.28,1159.34,1972.2,1382.27,4.7,276,2.272538729
3359,2019/5/20 23:00,1.43,-0.4,149,1839.63,1832.74,1799.94,1824.1,4,267,3.727032032
3360,2019/5/21 0:00,1.49,-0.5,149,1626.04,1678.25,1660.12,1654.8,4,267,3.333185186
3361,2019/5/21 1:00,1.8,-0.4,135,1662.54,1632.93,1627.92,1641.13,5,275,3.385820334
3362,2019/5/21 2:00,1.08,-0.5,107,1253.55,1251.72,1287.8,1264.36,3.2,280,2.453400205
3363,2019/5/21 3:00,0.91,-0.5,97,1181.59,1159.4,1217.2,1186.06,3.4,276,2.290962925
3364,2019/5/21 4:00,0.66,-0.5,97,1092.8,1038.16,1190.16,1107.04,5.2,281,2.160213041
3365,2019/5/21 5:00,-2.02,-1.2,41,574.6,603.42,577.92,585.31,4,261,1.001943054
3366,2019/5/21 6:00,-2.56,-1.4,28,422.73,426.51,442.2,430.48,4.5,279,0.683001052
3367,2019/5/21 7:00,-2.79,-1.5,26,382.47,357.75,411.14,383.79,4,286,0.5816808
3368,2019/5/21 8:00,-3.18,-1.7,6,291.72,278.88,278.88,283.16,3.9,276,0.41213563
3369,2019/5/21 9:00,0.01,0.1,1,0,0,0,0,0.1,1,0.379993053
3370,2019/5/21 10:00,-14.27,-13.4,48,531,556.16,569.43,552.2,0,320,0.817601126
3371,2019/5/21 11:00,-13.31,-12.5,52,687.73,724.2,658.44,690.12,0,301,1.131669915
3372,2019/5/21 12:00,-12.73,-12,50,754.72,771.72,651.93,726.12,0,297,1.255874106
3373,2019/5/21 13:00,-12.66,-11.9,22,271.2,280.85,263.25,271.77,0,331,0.346955362
3374,2019/5/21 14:00,-12.91,-12,22,266.76,269.6,316.94,284.43,0,331,0.334394575
3375,2019/5/21 15:00,-13.08,-12.1,33,296.27,347,389.76,344.34,0.6,314,0.391143158
3376,2019/5/21 16:00,-11.68,-11.4,109,1386.24,1442,1414.46,1414.23,0.7,303,2.611630405
3377,2019/5/21 17:00,-11,-11.2,95,1240.41,1269.09,1450.36,1319.95,0,277,2.386178231
3378,2019/5/21 18:00,-10.29,-10.9,128,1576.8,1444.3,1469.85,1496.98,0,263,3.028820961
3379,2019/5/21 19:00,-9.98,-10.9,117,1313.94,1603.84,1261.8,1393.19,0.9,315,2.843145265
3380,2019/5/21 20:00,-8.23,-10.2,176,2032.05,2030.6,2099.16,2053.94,0,310,4.147311837
3381,2019/5/21 21:00,-7.77,-9.9,178,2099.16,2101.6,2149.14,2116.63,0,344,4.302632529
3382,2019/5/21 22:00,-7.21,-9.7,190,2151.3,2151.3,2222.3,2174.97,0,9,4.485126551
3383,2019/5/21 23:00,-6.83,-9.5,197,2196.99,2204.99,2282.31,2228.1,0.1,271,4.541981752
3384,2019/5/22 0:00,-4.79,-8,235,2506.24,2523.9,2608.13,2546.09,1.3,273,5.212902369
3385,2019/5/22 1:00,-3.5,-7,269,2779,2793.96,2895.13,2822.7,0.8,281,5.800515422
3386,2019/5/22 2:00,-2.89,-7.1,273,2878.61,2878.2,2926,2894.27,0.9,300,6.005605403
3387,2019/5/22 3:00,-3.08,-7.4,288,2947,2968,3047.64,2987.55,1.4,286,6.150890728
3388,2019/5/22 4:00,-3,-7.4,293,2989,2991.72,3078.18,3019.63,1.5,300,6.228448845
3389,2019/5/22 5:00,-0.64,-6.3,341,3356.2,3340.26,3435,3377.15,2.8,351,6.987727796
3390,2019/5/22 6:00,-0.75,-6.4,350,3411.56,3411.56,3517.19,3446.77,1.4,282,7.097308755
3391,2019/5/22 7:00,-0.71,-6.2,373,3575.88,3565.56,3679.26,3606.9,2.4,343,7.407378603
3392,2019/5/22 8:00,-0.33,-5.5,386,3738.31,3715.2,3748.16,3733.89,2.2,295,7.67493151
3393,2019/5/22 9:00,0.06,-5.3,401,3850.2,3738.7,3909.03,3832.64,0,236,7.910095771
3394,2019/5/22 10:00,0.18,-5.4,409,3829.5,3848.46,3958.22,3878.73,2.8,272,7.912667064
3395,2019/5/22 11:00,0.22,-5.5,413,3897.65,3889.62,3980.88,3922.72,2.8,285,8.021855882
3396,2019/5/22 12:00,0.53,-5.4,433,4074.84,4077.51,4138.98,4097.11,1.3,28,8.404921533
3397,2019/5/22 13:00,1.62,-4.5,450,4111.66,4127.6,4264.12,4167.79,0,312,8.535742008
3398,2019/5/22 14:00,2.16,-4.7,450,4145.81,4095.12,4243.75,4161.56,0,312,8.581946477
3399,2019/5/22 15:00,1.56,-5.2,454,4228.4,4196.22,4277.7,4234.11,1.5,329,8.710395074
3400,2019/5/22 16:00,2.04,-4.7,465,4255.68,4257.33,4386.66,4299.89,5,18,9.000883712
3401,2019/5/22 17:00,1.83,-4.7,474,4310.24,4298.07,4434.12,4347.48,1.8,294,8.904512754
3402,2019/5/22 18:00,1.47,-5,478,4419.01,4399.92,4461.43,4426.79,1.4,312,9.101102578
3403,2019/5/22 19:00,1.87,-5.2,492,4501.2,4488.51,4596.83,4528.85,2.6,18,9.423505688
3404,2019/5/22 20:00,2.47,-4.3,496,4494.98,4549.2,4610.32,4551.5,0.6,261,9.382969234
3405,2019/5/22 21:00,3.51,-3.9,529,4677.75,4723.84,4857.5,4753.03,1.7,281,9.751971509
3406,2019/5/22 22:00,4.31,-3.7,537,4650.6,4762.84,4933.09,4782.18,0.9,312,9.749853508
3407,2019/5/22 23:00,4.22,-3.7,548,4824.96,4843,4997.43,4888.46,2.1,267,10.06951321
3408,2019/5/23 0:00,4.91,-4,557,4883.7,4895.78,5068.26,4949.25,1,350,10.15609987
3409,2019/5/23 1:00,5.24,-4,566,4949.14,4972.5,5148.18,5023.27,2.2,358,10.29999406
3410,2019/5/23 2:00,5.18,-3.4,572,5003.32,5072.96,5170.22,5082.17,1.7,297,10.47242695
3411,2019/5/23 3:00,5.58,-3.5,580,5109.22,5124.99,5261.56,5165.26,0.8,307,10.6777818
3412,2019/5/23 4:00,5.93,-3.6,578,5047.35,5045.43,5200.8,5097.86,1.4,308,10.54329177
3413,2019/5/23 5:00,5.83,-3.7,587,5151.51,5161.2,5290.32,5201.01,0,300,10.77014948
3414,2019/5/23 6:00,5.52,-3.6,596,5212.4,5209.94,5354.55,5258.96,1.4,343,10.87594197
3415,2019/5/23 7:00,7.87,-3.4,587,5141.4,5092.92,5271.24,5168.52,1.1,322,10.74297619
3416,2019/5/23 8:00,8.45,-2.2,607,5273.4,5157.32,5385.52,5272.08,0.5,242,11.04415156
3417,2019/5/23 9:00,8.45,-2.4,599,5329.8,5253.1,5343.18,5308.69,1.6,342,11.08903739
3418,2019/5/23 10:00,8.22,-2.7,609,5233.8,5229.04,5390.65,5284.5,3.1,298,10.96914869
3419,2019/5/23 11:00,8.14,-2.4,605,5254.95,5238.54,5469.25,5320.91,3.1,288,11.04466962
3420,2019/5/23 12:00,9.43,-2.2,614,5257.42,5320.08,5419.15,5332.22,1.4,280,11.06761844
3421,2019/5/23 13:00,9.85,-2.1,612,5274.24,5313.6,5395,5327.61,1.5,294,11.08322603
3422,2019/5/23 14:00,8.99,-2.8,616,5297.4,5330,5393.19,5340.2,1.1,271,11.04611939
3423,2019/5/23 15:00,8.51,-3.2,607,5261.12,5292.63,5386.7,5313.48,2.1,20,11.25881287
3424,2019/5/23 16:00,8.51,-3.2,607,5261.12,5292.63,5386.7,5313.48,2.1,20,11.25881287
3425,2019/5/23 17:00,9.24,-2.4,606,5217.47,5271.5,5343,5277.32,2,288,10.95881442
3426,2019/5/23 18:00,9.89,-2.8,606,5221.76,5208.35,5297.2,5242.44,2.7,270,10.93494047
3427,2019/5/23 19:00,12.58,-1.9,612,5180.92,5184.2,5302.92,5222.68,0.9,295,10.90852287
3428,2019/5/23 20:00,12.87,-1.8,608,5169.53,5134.2,5309.34,5204.36,0,289,10.88981753
3429,2019/5/23 21:00,12.32,-1.8,605,5180.92,5136,5304.75,5207.22,1.6,263,10.90457083
3430,2019/5/23 22:00,9.41,-2.3,608,5234.04,5133.59,5282.55,5216.73,1.5,284,10.92618252
3431,2019/5/23 23:00,7.85,-2.4,612,5331.7,5287.72,5395,5338.14,1.5,312,11.13712582
3432,2019/5/24 0:00,7.85,-1.9,610,5272,5180.5,5393.78,5282.09,4.4,280,11.00201175
3433,2019/5/24 1:00,8.47,-2,603,5125.82,5163.84,5298.95,5196.2,2.1,271,10.76746779
3434,2019/5/24 2:00,10.43,-1.6,594,4978,5018,5150.8,5048.93,4.7,295,10.48605604
3435,2019/5/24 3:00,7.91,-2.3,125,4812.74,5021.58,2460.78,4098.37,3.9,279,8.79038015
3436,2019/5/24 4:00,8.54,-2.6,590,4830.18,5185.84,5282.76,5099.59,1.6,279,10.3724173
3437,2019/5/24 5:00,10.49,-2.4,591,5050.05,5011.5,5171.76,5077.77,0,259,10.60927607
3438,2019/5/24 6:00,11.6,-2.5,595,5062.2,5016.77,5148.62,5075.86,2.9,33,10.81639219
3439,2019/5/24 7:00,8.2,-1.4,585,4974.48,5004.2,5143.04,5040.57,0,285,10.41889878
3440,2019/5/24 8:00,8.04,-1.2,585,5043.43,4979.04,5129.92,5050.8,1.2,332,10.47579216
3441,2019/5/24 9:00,7.89,-1.6,564,4798.86,4845.13,4942.5,4862.16,4.7,288,10.06574166
3442,2019/5/24 10:00,7.28,-1.7,543,4642.6,4667.92,4795.2,4701.91,4,287,9.715150262
3443,2019/5/24 11:00,7.87,-1.7,543,4716.45,4680.34,4752,4716.26,4.1,273,9.801379943
3444,2019/5/24 12:00,8.83,-1.9,539,4662.33,4646.83,4711.28,4673.48,1.7,269,9.730937842
3445,2019/5/24 13:00,6.43,-2.1,156,3278.45,3716.16,1412.4,2802.34,0,277,6.678668994
3446,2019/5/24 14:00,5.41,-2.2,146,2267.23,1687.51,1184.98,1713.24,1.8,273,4.179204744
3447,2019/5/24 15:00,1.26,-2.9,100,772.8,960.96,845.82,859.86,0.1,311,1.637253573
3448,2019/5/24 16:00,-1.54,-3.1,455,863.75,1146.96,3388,1799.57,1.4,293,2.546848102
3449,2019/5/24 17:00,-0.6,-2.5,509,3963.33,4266.48,4498.41,4242.74,1.6,266,8.360949405
3450,2019/5/24 18:00,3.85,-1.5,511,4357.54,4338.81,4339.57,4345.31,2.8,276,8.918877647
3451,2019/5/24 19:00,4.81,-1.7,458,4243.75,4138.95,4130.36,4171.02,4.3,304,8.654304732
3452,2019/5/24 20:00,7.37,-1.7,468,3905.22,3900.27,4067.52,3957.67,3.7,270,8.213043311
3453,2019/5/24 21:00,7.22,-1.9,465,4011.84,3981.28,4081.48,4024.87,1.5,345,8.381460739
3454,2019/5/24 22:00,5.99,-2,464,3952.19,3955.31,4022.01,3976.5,1,5,8.222071983
3455,2019/5/24 23:00,6.55,-2,455,3878.38,3881.08,4008,3922.49,0.7,277,8.139025411
3456,2019/5/25 0:00,5.28,-1.7,396,3461.2,3429,3523.5,3471.23,3,282,7.28413209
3457,2019/5/25 1:00,5.28,-1.8,396,3323.28,2325.44,3152.25,2933.66,3,282,6.337216706
3458,2019/5/25 2:00,4.79,-2.6,199,2291.6,2387,1863,2180.53,5,282,4.778784928
3459,2019/5/25 3:00,0.83,-2.7,219,1164.5,1328.64,1977.43,1490.19,1.5,288,2.74436362
3460,2019/5/25 4:00,1.76,-2.8,107,1688.88,1652.4,1176,1505.76,2.5,276,3.261080968
3461,2019/5/25 5:00,0.22,-2.9,84,645.12,682.38,652.68,660.06,1.4,276,1.274866094
3462,2019/5/25 6:00,-0.85,-3.1,79,597.19,544.48,592.24,577.97,2.3,298,1.065629565
3463,2019/5/25 7:00,-1.83,-3.2,93,577.92,700.96,729,669.29,2.3,279,1.127303993
3464,2019/5/25 8:00,-4.08,-3.7,55,394.71,386.28,400.8,393.93,2.3,279,0.642387215
3465,2019/5/25 9:00,-4.81,-3.9,47,271.83,290.84,323.4,295.36,2.2,277,0.425140969
3466,2019/5/25 10:00,-4.98,-3.9,41,271.42,278.88,295.2,281.83,1.3,275,0.437170772
3467,2019/5/25 11:00,-4.96,-3.9,37,273.06,264.8,284.23,274.03,1.5,296,0.395201083
3468,2019/5/25 12:00,-5.06,-3.9,27,333,250.42,281.65,288.36,0,267,0.57847727
3469,2019/5/25 13:00,-5.06,-3.9,27,278.46,342.21,281.65,300.77,0,267,0.526259627
3470,2019/5/25 14:00,-5.23,-4.1,26,351.39,243.83,247.76,280.99,2.3,283,0.478268829
3471,2019/5/25 15:00,-5.62,-4.3,19,189.95,187.92,194.1,190.66,2,273,0.25731423
3472,2019/5/25 16:00,-6.25,-4.5,13,140.8,141.9,139.92,140.87,1.2,282,0.172091842
3473,2019/5/25 17:00,-6.37,-4.5,12,120.27,127.4,127.6,125.09,2.1,304,0.11323744
3474,2019/5/25 18:00,-6.43,-4.5,11,112.68,127.4,121.41,120.5,0.9,286,0.13245237
3475,2019/5/25 19:00,-6.58,-4.7,8,121.03,127.8,132.93,127.25,0.9,283,0.144322884
3476,2019/5/25 20:00,-6.73,-4.7,4,94.35,94.65,111.78,100.26,0.1,288,0.126670784
3477,2019/5/25 21:00,0.01,0.1,1,0,0,0,0,0.1,1,0.379993053
3478,2019/5/25 22:00,-16.48,-15,24,284.54,350,305.36,313.3,0.8,30,0.488483808
3479,2019/5/25 23:00,-16.31,-14.9,42,498.4,453.76,572.67,508.28,1,340,0.681168045
3480,2019/5/26 0:00,-15.04,-14.5,72,817.65,809.08,900.9,842.54,0.9,9,1.612687439
3481,2019/5/26 1:00,-14.5,-14.3,76,983.66,1010.8,989.14,994.53,0,262,1.758015918
3482,2019/5/26 2:00,-14.04,-14.4,80,645.19,1042.44,707.85,798.49,2.1,12,1.399368439
3483,2019/5/26 3:00,-12.91,-13.7,129,1455.24,1476.96,1525.53,1485.91,1.4,334,2.773081712
3484,2019/5/26 4:00,-12.33,-13.6,142,1597.2,1640.76,1665.51,1634.49,2.4,38,3.334026589
3485,2019/5/26 5:00,-11.83,-13.5,160,1776.12,1790.56,1850.4,1805.69,3.1,54,3.726256594
3486,2019/5/26 6:00,-11.68,-13.5,164,1836.42,1851.3,1889.02,1858.91,1.1,344,3.651559484
3487,2019/5/26 7:00,-11.08,-13.2,183,2017.17,2014.38,2075.01,2035.52,1.1,7,4.192548193
3488,2019/5/26 8:00,-10.94,-13,195,2063.53,2096.7,2124,2094.74,0.3,356,4.190840206
3489,2019/5/26 9:00,-10.25,-12.9,223,2382.6,2351.13,2411.48,2381.74,0.8,23,4.897038496
3490,2019/5/26 10:00,-9.58,-12.9,238,2552.45,2592,2574.02,2572.82,3.8,33,5.32821804
3491,2019/5/26 11:00,-9.1,-12.4,266,2721.22,2720.34,2832.15,2757.9,2.9,36,5.634554307
3492,2019/5/26 12:00,-8,-12,283,2875.17,2859.13,2963.1,2899.13,2.1,52,5.90447445
3493,2019/5/26 13:00,-7.73,-11.9,288,2895.75,2897.84,2987.47,2927.02,1.1,6,5.94753946
3494,2019/5/26 14:00,-7.54,-11.8,296,3034.5,2994.6,3031.7,3020.27,1.5,42,6.170688741
3495,2019/5/26 15:00,-7.27,-11.9,316,3073.03,3109.8,3199.5,3127.44,4.3,355,6.319368139
3496,2019/5/26 16:00,-6.96,-11.7,322,3137.2,3181.5,3254.31,3191,0.9,30,6.427369005
3497,2019/5/26 17:00,-6.89,-11.5,324,3239.6,3258.9,3294.4,3264.3,1.4,48,6.598484635
3498,2019/5/26 18:00,-6.58,-11.4,336,3273.1,3268.49,3374.84,3305.48,2.2,33,6.853621983
3499,2019/5/26 19:00,-5.87,-11.3,351,3412.56,3400.67,3447.45,3420.23,2.3,5,6.954186203
3500,2019/5/26 20:00,-5.64,-11.1,362,3393.28,3447.45,3567.3,3469.34,0,57,6.963793272
3501,2019/5/26 21:00,-5.02,-11,372,3461.55,3486.88,3636.36,3528.26,3.8,19,7.182672549
3502,2019/5/26 22:00,-5.1,-11,378,3550.15,3538.08,3669.66,3585.96,2,7,7.261941658
3503,2019/5/26 23:00,-4.62,-10.6,394,3713.58,3666.23,3777.74,3719.18,1.8,9,7.557419374
3504,2019/5/27 0:00,-3.69,-10.5,402,3734.3,3808,3899,3813.77,2.6,284,7.706058709
3505,2019/5/27 1:00,-3.02,-10.3,413,3797.12,3800.16,3932.4,3843.23,1.5,319,7.829553584
3506,2019/5/27 2:00,-2.96,-10.2,420,3828,3765.36,3948.86,3847.41,0.1,10,7.844792527
3507,2019/5/27 3:00,-3.19,-9.9,438,4036.8,3990.5,4137.21,4054.84,3.1,351,8.218502761
3508,2019/5/27 4:00,-1.39,-9.1,483,4339.48,4367.7,4458.24,4388.47,1.9,287,8.949632679
3509,2019/5/27 5:00,-0.52,-8.9,486,4438.02,4410.98,4520.74,4456.58,1.3,47,9.173135778
3510,2019/5/27 6:00,-1.06,-9.2,485,4369.82,4507.3,4493.6,4456.91,1.7,0,9.053992771
3511,2019/5/27 7:00,0.04,-8.5,506,4472,4535.12,4699.1,4568.74,1.1,40,9.378170892
3512,2019/5/27 8:00,0.59,-8.5,508,4541.95,4596.8,4610.32,4583.02,0,257,9.423193434
3513,2019/5/27 9:00,1.49,-7.8,523,4617.14,4692,4807.32,4705.49,0,247,9.64073019
3514,2019/5/27 10:00,2.47,-7.7,546,4799.93,4724.74,4955.64,4826.77,0.3,314,9.981519997
3515,2019/5/27 11:00,2.33,-7.5,546,4820.24,4752.28,4953.9,4842.14,2.2,79,10.1013759
3516,2019/5/27 12:00,3.22,-7.4,548,4833.4,4926.36,5081.15,4946.97,3.3,47,10.29255174
3517,2019/5/27 13:00,3.58,-6.3,572,4887,5066.05,5150.28,5034.44,3.1,66,9.877157891
3518,2019/5/27 14:00,4.37,-7,559,4885.98,5057.64,5209.27,5050.96,3.8,330,10.37203958
3519,2019/5/27 15:00,3.32,-6.9,572,5060.96,5070.12,5188.14,5106.41,2,93,10.64006823
3520,2019/5/27 16:00,3.85,-6,573,5067.69,4895.1,5071.95,5011.58,3.7,98,10.55395281
3521,2019/5/27 17:00,4.51,-6.3,584,5134.99,5121.54,5226.9,5161.14,0.8,56,10.87727986
3522,2019/5/27 18:00,4.16,-6.2,584,5295.36,5144.61,5255.96,5231.98,2.6,28,11.12017079
3523,2019/5/27 19:00,4.76,-6.2,602,5229.21,5140.45,5389.36,5253.01,2.4,78,11.08185883
3524,2019/5/27 20:00,4.85,-6.2,616,5217.08,5219.04,5395.3,5277.14,1,71,11.09242653
3525,2019/5/27 21:00,7.41,-5.2,599,5046.4,5288,5343.78,5226.06,0.9,40,10.86005206
3526,2019/5/27 22:00,5.78,-5.9,593,5161.5,5289.38,5289.38,5246.75,1.9,90,10.73032782
3527,2019/5/27 23:00,8.37,-4.9,599,5102.92,5269.14,5341.41,5237.82,1.4,47,10.9497419
3528,2019/5/28 0:00,6.55,-5.8,599,5200.3,5261.56,5278.59,5246.82,1.4,47,11.00368093
3529,2019/5/28 1:00,5.76,-5.7,591,5148.18,5131.62,5217.94,5165.91,2.6,5,10.90618008
3530,2019/5/28 2:00,6.39,-6,610,5262.9,5332.8,5421.92,5339.21,1,108,11.12664602
3531,2019/5/28 3:00,9.35,-5,595,5108.4,5101.2,5240.55,5150.05,1.4,13,10.9410406
3532,2019/5/28 4:00,8.87,-4.7,595,5124.6,5139.11,5194.98,5152.9,0.3,312,10.74458485
3533,2019/5/28 5:00,8.76,-5.3,596,5077.44,5099.5,5047.92,5074.95,2.5,101,10.59726452
3534,2019/5/28 6:00,7.16,-5.2,605,5215.29,5162.72,5289.3,5222.44,2.1,355,10.86786129
3535,2019/5/28 7:00,7.74,-5,600,5216.58,5069.7,5307.04,5197.77,1.2,21,11.17904812
3536,2019/5/28 8:00,7.74,-5,600,5092.92,4954.74,5307.04,5118.23,1.2,21,11.01367288
3537,2019/5/28 9:00,8.62,-5.3,584,5009.64,5013.88,5141.5,5055.01,0.9,48,10.68632061
3538,2019/5/28 10:00,7.64,-4.9,584,4886.3,4925.6,5032.23,4948.04,1,94,10.34890056
3539,2019/5/28 11:00,8.49,-3.7,605,5031.52,5144.31,5201.88,5125.9,0,310,10.59372642
3540,2019/5/28 12:00,5.87,-5.2,577,4280.98,4342,4765.2,4462.73,1.4,6,9.300787392
3541,2019/5/28 13:00,5.49,-5.4,575,4348.98,4908.42,5055.6,4771,2.2,65,9.655827068
3542,2019/5/28 14:00,6.24,-5.2,583,4940.95,4960.08,5065.47,4988.83,1.3,93,10.43223754
3543,2019/5/28 15:00,6.59,-5.2,576,4654.64,4754.75,5031.2,4813.53,4.2,32,10.13418538
3544,2019/5/28 16:00,11.04,-4.4,537,4692.08,4591.08,4630.32,4637.83,0,118,9.845925428
3545,2019/5/28 17:00,7.16,-4.9,546,4595.15,4560.9,4675.48,4610.51,1.4,9,9.698659821
3546,2019/5/28 18:00,6.03,-4.9,528,4448.88,4402.3,4547.68,4466.29,1.3,68,9.323834871
3547,2019/5/28 19:00,5.66,-4.6,529,4348.84,4402.3,4561.18,4437.44,1.2,67,9.187325844
3548,2019/5/28 20:00,5.93,-5,537,4455.56,4488.91,4660.05,4534.84,0.3,123,9.39176185
3549,2019/5/28 21:00,7.62,-4.4,507,4322.94,4211.37,4309.9,4281.4,0.7,28,9.01287098
3550,2019/5/28 22:00,7.26,-4,532,4125,4435.2,4619.16,4393.12,0.3,278,8.881418433
3551,2019/5/28 23:00,6.29,-4,523,4442.2,4342.72,4501.6,4428.84,2.2,347,9.162772475
3552,2019/5/29 0:00,4.87,-4.8,97,868.49,2895.1,881.55,1548.38,0.5,277,2.540611242
3553,2019/5/29 1:00,1.18,-5.1,104,854.1,2359.6,1001.96,1405.22,0.7,282,2.25637662
3554,2019/5/29 2:00,-0.71,-5.3,94,836.4,805.63,889.49,843.84,0,288,1.704758802
3555,2019/5/29 3:00,-1.69,-4.9,513,1995,4098.49,4334.4,3475.96,1.6,325,6.116021598
3556,2019/5/29 4:00,2.28,-4.3,517,4310.24,4351.16,4427.8,4363.07,0.9,353,8.88456565
3557,2019/5/29 5:00,3.83,-4,467,4195.6,4008.68,3921.75,4042.01,2.3,14,8.453477727
3558,2019/5/29 6:00,3.16,-4.4,397,3715.44,3757.35,3562.52,3678.44,0,31,7.613111021
3559,2019/5/29 7:00,4.97,-4.9,186,3395.25,2520,2604.51,2839.92,1.3,18,6.578715045
3560,2019/5/29 8:00,0.91,-4.7,398,1062.89,1057.68,1122.66,1081.08,0,278,2.368067379
3561,2019/5/29 9:00,1.12,-4.5,451,2757.1,2782.94,3926.1,3155.38,0,273,5.975783269
3562,2019/5/29 10:00,4.47,-4.6,295,1767.36,1929.45,2049,1915.27,1,280,2.832846942
3563,2019/5/29 11:00,3.62,-4.7,285,2356.26,2339.1,2400.84,2365.4,0,312,5.092481521
3564,2019/5/29 12:00,2.41,-4.7,247,1758.61,1927.66,2219.4,1968.56,1,78,4.030192775
3565,2019/5/29 13:00,0.43,-5.4,250,2736.36,2674.44,1241.66,2217.49,1,57,5.389715075
3566,2019/5/29 14:00,0.99,-5.3,283,1868.68,2150.9,2297.7,2105.76,0,82,4.229981388
3567,2019/5/29 15:00,-0.98,-5.4,180,1121.76,1209.12,1226.42,1185.77,0,111,2.543931495
3568,2019/5/29 16:00,-0.91,-5.2,306,1072.6,2635.23,1276.96,1661.6,1.1,65,2.777932626
3569,2019/5/29 17:00,-0.81,-4.7,254,2752.2,1744.45,1988.32,2161.66,0,325,5.075415296
3570,2019/5/29 18:00,0.08,-4.3,176,2099.79,2106.02,1559.49,1921.77,0,6,4.37727519
3571,2019/5/29 19:00,0.49,-4.4,202,1305.6,1343.54,1648.44,1432.53,0,3,3.02586405
3572,2019/5/29 20:00,-2.31,-4.9,180,1407.6,1288.43,1511.1,1402.38,1.4,335,2.76082886
3573,2019/5/29 21:00,-2.29,-4.5,190,1478.22,1610.08,1681.56,1589.95,1.3,327,3.051029155
3574,2019/5/29 22:00,-1.14,-4.4,191,1826.14,1768.16,1757.68,1783.99,0,256,3.76787989
3575,2019/5/29 23:00,0.36,-4.2,202,1787.85,1699.36,1908.53,1798.58,0,317,3.762856005
3576,2019/5/30 0:00,-0.16,-4.5,176,1451.68,1467.57,1701.83,1540.36,2,345,3.040767413
3577,2019/5/30 1:00,-0.89,-4.4,187,1614.6,1639.82,1708.72,1654.38,0,311,3.379034533
3578,2019/5/30 2:00,-1.1,-4.3,180,1748.23,1692.48,1813.04,1751.25,0,305,3.619526465
3579,2019/5/30 3:00,-1.56,-4.6,136,1573.2,1449.57,1428.96,1483.91,0.1,287,3.127818852
3580,2019/5/30 4:00,-4.56,-5.3,73,846.24,807.3,895.7,849.75,2.8,43,1.753453953
3581,2019/5/30 5:00,-5,-5.4,60,745.2,739.37,743.04,742.54,0,109,1.572084097
3582,2019/5/30 6:00,-5.25,-5.5,53,700.74,659.52,673.26,677.84,0,59,1.513543012
3583,2019/5/30 7:00,-5.56,-5.5,46,594.21,601.92,601.92,599.35,0,87,1.283458401
3584,2019/5/30 8:00,-5.83,-5.5,40,551.61,524.37,537.2,537.73,0,49,1.216100916
3585,2019/5/30 9:00,-6.21,-5.7,34,456.27,461.04,473.9,463.74,0,59,1.02202759
3586,2019/5/30 10:00,-6.79,-5.7,19,365.58,357.24,330.75,351.19,0,47,0.65675947
3587,2019/5/30 11:00,0.01,0.1,1,0,0,0,0,0.1,1,0.379993053
3588,2019/5/30 12:00,-19.14,-17.9,49,760.14,774.86,702.72,745.91,0.9,263,1.201734884
3589,2019/5/30 13:00,-18.62,-18,56,818.07,819.84,803,813.64,0.6,266,1.337630262
3590,2019/5/30 14:00,-16.71,-17.5,76,1042.28,1081.88,1045.12,1056.43,0,275,1.864980003
3591,2019/5/30 15:00,-15.66,-17.4,83,1207.8,1239.3,1114.96,1187.35,0,275,2.228547757
3592,2019/5/30 16:00,-14.4,-16.6,104,1326.78,1368.64,1410.38,1368.6,0.9,279,2.555886808
3593,2019/5/30 17:00,-13.39,-16.4,112,1521.52,1553.64,1492.4,1522.52,0,281,2.978232714
3594,2019/5/30 18:00,-12.48,-15.9,126,1629,1595,1655.28,1626.43,0.1,280,3.232645771
3595,2019/5/30 19:00,-11.81,-15.5,138,1689.48,1715.88,1756.89,1720.75,0.2,263,3.416164776
3596,2019/5/30 20:00,-10.89,-14.7,156,1847.83,1887.03,1917.06,1883.97,0,282,3.777212131
3597,2019/5/30 21:00,-10.5,-14.5,160,1913.3,1917.06,1977.25,1935.87,0.8,298,3.906259239
3598,2019/5/30 22:00,-10.23,-14.6,172,1975.54,1991.63,2072.13,2013.1,1,284,4.072703227
3599,2019/5/30 23:00,-9.69,-14.3,186,2141.37,2157,2232.98,2177.12,0,288,4.444883843
3600,2019/5/31 0:00,-8,-14,193,2187.66,2172.51,2259.4,2206.52,0,327,4.587207311
3601,2019/5/31 1:00,-9.02,-13.9,201,2262.56,2288,2338.05,2296.2,0.6,277,4.70555157
3602,2019/5/31 2:00,-8.16,-12.9,229,2495.5,2474.28,2552.54,2507.44,1.1,265,5.160640808
3603,2019/5/31 3:00,-7.43,-12.4,256,2688.01,2684.64,2800.55,2724.4,0.5,297,5.602710509
3604,2019/5/31 4:00,-6.14,-11.7,280,2915.1,2853.24,2958.14,2908.83,1.2,282,6.015320477
3605,2019/5/31 5:00,-4.54,-11.2,312,3087.9,3086.17,3233.8,3135.96,0.6,285,6.459474754
3606,2019/5/31 6:00,-3.77,-10.6,326,3196.16,3201.12,3304,3233.76,0.4,304,6.688650835
3607,2019/5/31 7:00,-3.52,-10.5,331,3292.38,3250.35,3343.42,3295.38,0.8,280,6.821427018
3608,2019/5/31 8:00,-3.25,-10.2,344,3329.75,3326.88,3443.18,3366.6,0.4,275,6.934840837
3609,2019/5/31 9:00,-3.16,-10.2,347,3381,3373.48,3473.04,3409.17,1.5,268,7.000455227
3610,2019/5/31 10:00,-2.58,-10,357,3472,3458.07,3544.5,3491.52,0.5,303,7.224462492
3611,2019/5/31 11:00,-2.21,-9.9,368,3517.92,3497.76,3603.6,3539.76,0.4,262,7.531514962
3612,2019/5/31 12:00,-1.45,-9.6,375,3671.26,3696.85,3722.96,3697.02,1.6,280,7.612137753
3613,2019/5/31 13:00,-0.56,-8.9,405,3736.8,3771.63,3859.68,3789.37,0,276,7.802073518
3614,2019/5/31 14:00,-0.41,-8.9,409,3788.1,3804.64,3914.72,3835.82,1.5,293,7.871471416
3615,2019/5/31 15:00,0.14,-9,414,3840.33,3864.6,3910.2,3871.71,1.4,277,7.969021126
3616,2019/5/31 16:00,0.91,-8.2,435,3925.05,3962.42,4059.6,3982.36,0.6,317,8.197004268
3617,2019/5/31 17:00,1.39,-8,438,4001.4,3997.47,4098.82,4032.56,0.6,280,8.323057475
3618,2019/5/31 18:00,1.51,-7.6,475,4248.26,4230.72,4373.1,4284.03,1.9,345,8.787214771
3619,2019/5/31 19:00,3.45,-7.1,490,4353.44,4306.86,4442.02,4367.44,1.6,284,9.024743019
3620,2019/5/31 20:00,3.78,-6.9,492,4394.48,4347.3,4462.08,4401.29,0,304,9.139372165
3621,2019/5/31 21:00,4.66,-6.7,510,4502.4,4502.4,4562.1,4522.3,1.4,280,9.367041665
3622,2019/5/31 22:00,5.14,-6.2,522,4542.75,4588.96,4682.68,4604.8,1.3,283,9.505693807
3623,2019/5/31 23:00,6.18,-6.2,533,4595.63,4635.36,4748.1,4659.7,2,280,9.63207831
3624,2019/6/1 0:00,6.35,-6,540,4694.9,4698.67,4857.6,4750.39,1.9,317,9.828423735
3625,2019/6/1 1:00,7.66,-5.9,553,4738.8,4771.8,4901.22,4803.94,0.8,331,9.948575866
3626,2019/6/1 2:00,6.55,-6,565,4785.64,4763.25,4985.6,4844.83,0.2,345,9.993463913
3627,2019/6/1 3:00,7.33,-5.8,565,4863.42,4802.67,4999.77,4888.62,0.3,0,10.40725246
3628,2019/6/1 4:00,8.22,-5.7,573,4883.19,4867.52,5072.04,4940.92,1.3,268,10.2651302
3629,2019/6/1 5:00,9.41,-5.4,586,4936.68,4910.56,5116.86,4988.03,0,322,10.36254686
3630,2019/6/1 6:00,9.91,-5,585,4961.72,4899.95,5123.37,4995.01,0.2,260,10.42835801
3631,2019/6/1 7:00,11.39,-5.2,594,4985.5,5112.72,5182.47,5093.56,1.9,270,10.58206618
3632,2019/6/1 8:00,12.12,-5.2,596,4985.85,5104.83,5184.2,5091.63,1.1,293,10.57444927
3633,2019/6/1 9:00,10.35,-4.7,596,5032.23,5086.8,5190.48,5103.17,0,284,10.60559883
3634,2019/6/1 10:00,11.31,-4.5,601,5033.66,5051.72,5243.85,5109.74,0.4,290,10.62485674
3635,2019/6/1 11:00,11.45,-4.9,604,5012.96,5010.32,5245.52,5089.6,0.4,337,10.55977307
3636,2019/6/1 12:00,12.18,-4.4,607,5078.95,5140.65,5282.55,5167.38,2.3,271,10.75236401
3637,2019/6/1 13:00,11.53,-3.8,608,5107.63,5074.72,5266.17,5149.51,2.8,274,10.74791471
3638,2019/6/1 14:00,11.74,-4.3,629,5180.5,5253.64,5426.92,5287.02,0,270,10.96404557
3639,2019/6/1 15:00,13.81,-4.5,633,5158.44,5195.07,5440,5264.5,4,276,10.96404341
3640,2019/6/1 16:00,13.7,-3.9,631,5274.72,5304.75,5405.94,5328.47,0,263,11.13776556
3641,2019/6/1 17:00,13.97,-3.9,630,5187.36,5256.2,5416.04,5286.53,3,276,11.00151419
3642,2019/6/1 18:00,12.45,-3.9,624,5250.41,5239.06,5372.85,5287.44,0,271,11.06465206
3643,2019/6/1 19:00,12.8,-4,627,5208.35,5221.29,5394.77,5274.8,0.1,265,11.00333626
3644,2019/6/1 20:00,12.8,-4,627,5208.35,5221.29,5394.77,5274.8,0.1,265,11.00333626
3645,2019/6/1 21:00,11.37,-3.1,625,5232.6,5197.08,5411.55,5280.41,0.7,322,11.00992049
3646,2019/6/1 22:00,10.81,-4,624,5279.52,5247.17,5403.16,5309.95,3,275,11.08689001
3647,2019/6/1 23:00,11.93,-4.1,620,5279.52,5197.08,5322.18,5266.26,1,276,11.07434667
3648,2019/6/2 0:00,13.7,-4.7,619,5156.59,5111.85,5325.88,5198.11,2.2,272,10.87974116
3649,2019/6/2 1:00,13.31,-4.9,614,5152.17,5111.3,5280.8,5181.42,0.2,274,10.86204924
3650,2019/6/2 2:00,13.37,-4.3,616,5116.86,5141.5,5269.65,5176,3.1,267,10.80347599
3651,2019/6/2 3:00,12.47,-3.3,602,5064.78,5167.5,5159.55,5130.61,0.9,298,10.50840146
3652,2019/6/2 4:00,11.83,-4.2,585,4863.92,4832.2,4980.66,4892.26,0,225,10.2492318
3653,2019/6/2 5:00,12.53,-3.6,583,4823,4773.94,4914.9,4837.28,2.4,304,10.11535448
3654,2019/6/2 6:00,12.31,-3.2,581,4787.28,4760.37,4935.44,4827.7,4,269,10.09171313
3655,2019/6/2 7:00,12.47,-3.6,551,4578.88,4570.02,4693.71,4614.2,0.6,241,9.67876531
3656,2019/6/2 8:00,11.45,-3.5,551,4519.5,4603.65,4674.84,4599.33,3.4,270,9.573151739
3657,2019/6/2 9:00,12.01,-4,550,4486.75,4584.06,4689.18,4586.66,2.3,274,9.546156345
3658,2019/6/2 10:00,11.74,-3.5,550,4500.45,4592,4624.8,4572.42,2.3,274,9.526907793
3659,2019/6/2 11:00,11.28,-3.9,540,4487.79,4573.1,4605.57,4555.49,3.2,273,9.492568524
3660,2019/6/2 12:00,10.47,-3.3,526,4421.76,4461.24,4513.59,4465.53,2.9,267,9.312851935
3661,2019/6/2 13:00,10.39,-3.9,527,4395.53,4388.5,4480.48,4421.5,2,265,9.239194467
3662,2019/6/2 14:00,11.45,-3.2,515,4277.12,4251,4401.6,4309.91,0,354,9.031854456
3663,2019/6/2 15:00,10.18,-3.4,500,4216.4,4197.08,4309.72,4241.07,3.2,264,8.874566038
3664,2019/6/2 16:00,9.95,-3.5,499,4130.88,4131.6,4302.72,4188.4,0,219,8.755625769
3665,2019/6/2 17:00,8.54,-3.4,474,4013.3,4041.4,4128.73,4061.14,5,280,8.483073462
3666,2019/6/2 18:00,8.68,-3.6,454,3841.92,3881.94,3981.99,3901.95,2.4,285,8.172879548
3667,2019/6/2 19:00,8.47,-3.3,428,3734.12,3733.02,3770.55,3745.9,2.4,199,7.85237123
3668,2019/6/2 20:00,8.26,-3,428,3661.83,3696,3755.21,3704.35,2.4,276,7.787890505
3669,2019/6/2 21:00,8.26,-3,428,3661.83,3696,3755.21,3704.35,2.4,276,7.787890505
3670,2019/6/2 22:00,7.68,-3.6,414,3645,3661.12,3696,3667.37,3,278,7.723921121
3671,2019/6/2 23:00,7.76,-3.7,392,3501.68,3480.96,3510.8,3497.81,0.8,272,7.449702847
3672,2019/6/3 0:00,7.66,-3.2,377,3410.44,3388.55,3425.57,3408.19,2.9,273,7.242310852
3673,2019/6/3 1:00,4.53,-3.5,312,2861.77,2909.58,2978.4,2916.58,1.3,266,6.150058173
3674,2019/6/3 2:00,4.45,-3.3,312,2820.79,2787.95,2820.79,2809.84,3.6,280,5.97747362
3675,2019/6/3 3:00,4.41,-3.1,286,2756.52,2753.7,2793.47,2767.9,4.9,272,5.90382594
3676,2019/6/3 4:00,2.49,-3.4,227,2318.56,2318.56,2352.96,2330.03,4.4,281,4.954908761
3677,2019/6/3 5:00,1.87,-3.4,197,2049.3,2073.89,2095.35,2072.85,3.7,244,4.275898267
3678,2019/6/3 6:00,0.64,-3.4,164,1825.85,1800.9,1835.4,1820.72,2.6,271,3.769493126
3679,2019/6/3 7:00,0.39,-3.4,159,1770.73,1764.6,1799.2,1778.18,3.9,267,3.690156774
3680,2019/6/3 8:00,-0.1,-3.7,151,1605.44,1649.34,1722.5,1659.09,3.2,253,3.370600174
3681,2019/6/3 9:00,-0.46,-3.6,131,1557,1520.2,1547.84,1541.68,2.6,272,3.131493616
3682,2019/6/3 10:00,-0.64,-3.6,126,1503.81,1480.88,1524.6,1503.1,1.5,279,3.022888809
3683,2019/6/3 11:00,-0.75,-3.5,122,1437.28,1437.28,1469.16,1447.91,2.7,277,2.882256455
3684,2019/6/3 12:00,-0.87,-3.7,117,1370.16,1349.4,1423.46,1381.01,2.9,271,2.74907508
3685,2019/6/3 13:00,-1.31,-3.8,104,1316.7,1309.77,1309.77,1312.08,2.4,280,2.580741363
3686,2019/6/3 14:00,-1.67,-3.8,94,1247.09,1188.52,1197.16,1210.92,2.9,279,2.386471283
3687,2019/6/3 15:00,-2.48,-3.9,86,1048.8,1015.77,1102.4,1055.66,1.9,258,2.013369872
3688,2019/6/3 16:00,-2.83,-3.9,78,999.05,995.04,1012.83,1002.31,2.3,274,1.866902776
3689,2019/6/3 17:00,-2.54,-4,71,981.22,939.76,960.49,960.49,2.4,285,1.801264609
3690,2019/6/3 18:00,-3.81,-4.2,54,765.9,699.72,718.2,727.94,2.1,270,1.337840054
3691,2019/6/3 19:00,-5.25,-4.4,38,582.25,554.04,552.42,562.9,1.6,250,0.998138321
3692,2019/6/3 20:00,-5.39,-4.4,33,534.3,513.75,484.22,510.76,1.5,268,0.879135129
3693,2019/6/3 21:00,-5.87,-4.5,25,398.84,308.2,406.8,371.28,0.8,250,0.658445316
3694,2019/6/3 22:00,-7.04,-5,6,172.12,171.6,179.82,174.51,1.2,259,0.232988426
3695,2019/6/3 23:00,0.01,0.1,1,0,0,0,0,0.1,1,0.379993053
3696,2019/6/4 0:00,-9.87,-8.9,13,107.78,121.41,118.94,116.04,0.2,161,0.209846131
3697,2019/6/4 1:00,-9.83,-9,17,116.82,130.6,133.98,127.13,2.1,175,0.177119562
3698,2019/6/4 2:00,-9.66,-8.9,23,149.5,171.86,165.88,162.41,1.4,159,0.268751589
3699,2019/6/4 3:00,-9.58,-8.8,28,175.23,186.48,199.64,187.12,1.6,169,0.306301411
3700,2019/6/4 4:00,-9.41,-8.7,34,192.27,218.13,234,214.8,1.1,172,0.357332971
3701,2019/6/4 5:00,-8.93,-8.5,50,293.92,305.9,345.27,315.03,1.7,197,0.523563585
3702,2019/6/4 6:00,-8.64,-8.4,55,375.65,386.46,416.02,392.71,1.3,173,0.710398702
3703,2019/6/4 7:00,-8.08,-8.1,47,407.4,389.76,376.88,391.35,1.3,194,0.743310977
3704,2019/6/4 8:00,-7.87,-7.9,56,392.66,402,412.97,402.54,1.1,187,0.748294468
3705,2019/6/4 9:00,-7.83,-8,56,398.84,402.97,416.63,406.15,2,188,0.743497388
3706,2019/6/4 10:00,-7.64,-7.9,55,386.46,389.31,400.02,391.93,2.3,170,0.783082455
3707,2019/6/4 11:00,-7.62,-7.8,55,388.74,383.61,397.66,390,2.1,164,0.745338543
3708,2019/6/4 12:00,-7.56,-7.8,53,381.36,382.47,385.7,383.18,2.5,161,0.731940064
3709,2019/6/4 13:00,-7.52,-7.7,47,321.6,313.49,334,323.03,3.1,196,0.584138453
3710,2019/6/4 14:00,-7.25,-7.5,78,482.8,504.68,465.75,484.41,0.6,172,0.977613584
3711,2019/6/4 15:00,-6.98,-7.4,86,522.12,525.91,530.4,526.14,1.9,210,0.985439561
3712,2019/6/4 16:00,-6.83,-7.4,83,519.84,525.14,528.22,524.4,2.2,188,1.005250852
3713,2019/6/4 17:00,-6.62,-7.3,77,456.94,459.68,479.25,465.29,3,171,0.900412376
3714,2019/6/4 18:00,-6.1,-6.9,90,509.25,529.62,536.41,525.09,0,230,1.023077387
3715,2019/6/4 19:00,-5.62,-6.7,127,702.78,717.15,739.37,719.77,1.6,181,1.432585531
3716,2019/6/4 20:00,-5.31,-6.6,128,728.22,734.02,741.96,734.73,0,199,1.520525154
3717,2019/6/4 21:00,-5,-6.5,139,763.68,767.2,800.28,777.05,1.4,285,1.431681998
3718,2019/6/4 22:00,-4.94,-6.7,145,785.46,798.08,847.47,810.34,2.2,186,1.740004899
3719,2019/6/4 23:00,-4.45,-6.5,157,953.52,927.45,948.06,943.01,2.1,185,1.949615255
3720,2019/6/5 0:00,-4.1,-6.4,142,913.44,901.28,889.2,901.31,2.7,232,1.809941498
3721,2019/6/5 1:00,-4.23,-6.5,107,726.1,709.28,665.42,700.27,1.4,238,1.411743428
3722,2019/6/5 2:00,-4.81,-6.8,106,628.36,656.64,615.16,633.39,2.3,247,1.207435173
3723,2019/6/5 3:00,-4.89,-6.9,116,669.34,679.14,696.66,681.71,1.5,280,1.252947872
3724,2019/6/5 4:00,-4.79,-6.9,124,708.64,714.48,739.8,720.97,1.5,256,1.373331894
3725,2019/6/5 5:00,-4.87,-6.8,111,623.35,637.98,667.38,642.9,1,234,1.243641147
3726,2019/6/5 6:00,-5.16,-6.9,101,580.55,611.1,579.7,590.45,1.8,259,1.093194771
3727,2019/6/5 7:00,-5.27,-7.4,113,635.19,651.7,647.9,644.93,3.2,262,1.213210226
3728,2019/6/5 8:00,-5.5,-7.4,120,637.98,666.4,693.6,665.99,1.1,193,1.323035734
3729,2019/6/5 9:00,-5.37,-7.1,155,717.6,784.32,836.4,779.44,0,230,1.486156563
3730,2019/6/5 10:00,-4.46,-7.6,196,937.3,959.64,966.91,954.62,1.7,186,1.98775468
3731,2019/6/5 11:00,-4.31,-7.4,200,913.5,986.85,964.92,955.09,1.1,186,1.96836863
3732,2019/6/5 12:00,-4.37,-7.7,197,929.28,1005.58,973.56,969.47,1.6,184,1.995686801
3733,2019/6/5 13:00,-3.65,-7.1,177,786.98,890.6,849.42,842.33,0,219,1.729463426
3734,2019/6/5 14:00,-2.66,-7.1,256,1311.86,1441.05,1431.72,1394.88,1.4,182,2.862137971
3735,2019/6/5 15:00,-2.04,-7,325,1842.6,1561.4,2029.5,1811.17,1.6,191,3.840598461
3736,2019/6/5 16:00,-0.95,-6.7,296,1609.65,1710.54,1690.92,1670.37,0,191,3.512663084
3737,2019/6/5 17:00,-0.21,-6.6,316,1896.88,2019.96,1905.3,1940.71,0.1,217,4.077339141
3738,2019/6/5 18:00,1.16,-5.9,308,2145.93,2280.3,2307.69,2244.64,0,182,4.668150091
3739,2019/6/5 19:00,2.26,-6,249,1852.2,1994.36,1833.3,1893.29,1.3,178,4.124067549
3740,2019/6/5 20:00,1.89,-6,304,1774.15,1982.54,1841.4,1866.03,1,182,3.9293149
3741,2019/6/5 21:00,2.33,-5.6,416,2112.88,2267.35,2984.1,2454.78,0.8,209,4.854590034
3742,2019/6/5 22:00,3.24,-5.6,363,2894.92,2679.2,2633.53,2735.88,1,204,5.902733416
3743,2019/6/5 23:00,5.03,-4.9,273,1976.84,1932.3,1928.36,1945.83,0.1,179,4.318418492
3744,2019/6/6 0:00,4.87,-5.1,277,1884.4,1869.75,1971,1908.38,0,172,4.187377961
3745,2019/6/6 1:00,5.6,-4.4,315,2524.5,2308.5,2671.32,2501.44,0,250,5.406957466
3746,2019/6/6 2:00,5.85,-4.5,299,2741.64,2217.06,3408.58,2789.09,0,137,5.763226365
3747,2019/6/6 3:00,6.95,-4,634,3136.64,3630.12,5270.52,4012.43,0,55,7.993289246
3748,2019/6/6 4:00,11.58,-3.7,342,3211.04,3073.8,3877.6,3387.48,0,83,7.081203003
3749,2019/6/6 5:00,13.47,-2.5,609,5096,5113.36,5289,5166.12,0,252,10.78361435
3750,2019/6/6 6:00,14.84,-2,619,5091.06,5080.05,5238.72,5136.61,0,12,11.00526896
3751,2019/6/6 7:00,15.64,-2.4,617,5118.39,5207.68,5266.56,5197.54,0,191,10.87444601
3752,2019/6/6 8:00,16.8,-2.6,578,5089.63,5220.32,5211.48,5173.81,0.7,191,10.86304761
3753,2019/6/6 9:00,16.66,-2.5,515,4402.71,4978.4,4108.45,4496.52,1.5,175,10.0088234
3754,2019/6/6 10:00,17.06,-1.8,626,4867.94,5141.74,5372,5127.23,0,171,10.57875168
3755,2019/6/6 11:00,18.35,-1.9,459,3834,4794.25,3918.51,4182.25,0,84,8.60417734
3756,2019/6/6 12:00,17.89,-2.5,623,4963.64,4916.96,5196.93,5025.84,1.9,269,10.54840716
3757,2019/6/6 13:00,17.03,-2.1,586,4480,4796.61,4095.99,4457.53,0.8,212,9.342463312
3758,2019/6/6 14:00,17.28,-1.5,594,4899.84,4848.78,4992.6,4913.74,0,269,10.38764353
3759,2019/6/6 15:00,16.74,-1.1,593,4878.12,4888.14,4994.26,4920.17,0,259,10.35962808
3760,2019/6/6 16:00,17.37,-2.1,594,4790.24,4738.81,5010.15,4846.4,1.3,284,10.18321456
3761,2019/6/6 17:00,17.55,-1.5,592,4797.76,4793.04,4992.8,4861.2,0,282,10.21548776
3762,2019/6/6 18:00,18.35,-1.2,590,4812.06,4854.44,4967.48,4877.99,1.9,277,10.26417126
3763,2019/6/6 19:00,15.72,-2.2,586,4799.38,4855.11,4961.2,4871.9,0,329,10.18449232
3764,2019/6/6 20:00,16.58,-1,577,4718.05,4738.2,4844.7,4766.98,0,243,10.0451723
3765,2019/6/6 21:00,15.45,-1.9,572,4748.8,4715.82,4851.4,4772.01,1,28,10.18322711
3766,2019/6/6 22:00,16.06,-1.4,564,4732.48,4635.5,4802.98,4723.65,0,24,10.15203194
3767,2019/6/6 23:00,16.64,-1.4,565,4696.65,4630.08,4791.38,4706.04,0,352,9.927252519
3768,2019/6/7 0:00,16.33,-1.4,557,4614.4,4568.08,4740.34,4640.94,0,42,9.921241683
3769,2019/6/7 1:00,16.7,-1.7,551,4576,4548.94,4677.48,4600.81,0.7,20,9.812509911
3770,2019/6/7 2:00,17.29,-1.5,546,4505.6,4446.26,4638.26,4530.04,0,41,9.691953886
3771,2019/6/7 3:00,16.43,0,530,4378.83,4294.08,4432.92,4368.61,0,255,9.307217602
3772,2019/6/7 4:00,17.64,0,526,4275.47,4260.85,4466,4334.11,0,247,9.194930434
3773,2019/6/7 5:00,16.85,-0.9,483,4018.75,4018.56,4089.58,4042.3,0,323,8.687665727
3774,2019/6/7 6:00,15.51,-1.2,464,3869.54,3851.12,3966.11,3895.59,1.4,59,8.257661115
3775,2019/6/7 7:00,15.39,-1.3,447,3824.32,3809.63,3829.1,3821.02,0.8,89,8.143376042
3776,2019/6/7 8:00,10.85,-0.9,446,3680.16,3673.6,3801.84,3718.53,0.1,28,7.770293247
3777,2019/6/7 9:00,11.01,-1,414,3524.4,3526.88,3579.52,3543.6,1.5,71,7.429335889
3778,2019/6/7 10:00,10.58,-0.9,406,3423.98,3439.98,3483.36,3449.11,0,86,7.254326165
3779,2019/6/7 11:00,9.18,-0.6,385,3266.88,3260.24,3354.78,3293.97,0,353,7.02052996
3780,2019/6/7 12:00,9.47,-0.7,362,3198.65,3109.47,3095.4,3134.51,0,347,6.840852252
3781,2019/6/7 13:00,8.18,-1.2,361,3096.9,3128.23,3089.58,3104.9,0.8,30,6.488260738
3782,2019/6/7 14:00,7.41,-1.1,361,3088.21,3098.9,3154,3113.7,1.2,0,6.462118011
3783,2019/6/7 15:00,7.97,-0.8,345,3001.5,3016.98,3032.4,3016.96,0,253,6.308068886
3784,2019/6/7 16:00,8.77,-1,339,2968.15,2890.44,2972.55,2943.71,0,95,6.260160214
3785,2019/6/7 17:00,8.05,-1.1,332,2834.1,2843.82,2917.08,2865,0.1,59,6.02234871
3786,2019/6/7 18:00,7.05,-1.3,295,2493.12,2466.24,2631.92,2530.43,2.1,38,5.347492695
3787,2019/6/7 19:00,5.91,-1.2,284,2419.66,2389.5,2540.16,2449.77,0,92,5.170684291
3788,2019/6/7 20:00,5.56,-1,264,2291.64,2365.74,2470.5,2375.96,0,283,5.027068963
3789,2019/6/7 21:00,4.99,-1.5,249,2396.58,2372.76,2403,2390.78,0.5,73,5.065824368
3790,2019/6/7 22:00,4.01,-1.5,232,2250.96,2186.71,2193.98,2210.55,0.9,76,4.718090389
3791,2019/6/7 23:00,3.74,-1.7,229,2039.18,2067.9,2193.48,2100.19,0,71,4.413108596
3792,2019/6/8 0:00,3.43,-1.5,213,1996.26,2064.16,2091.93,2050.78,0,21,4.320277516
3793,2019/6/8 1:00,3.31,-1.2,190,1964.16,1921.57,1901.2,1928.98,0,40,4.179470096
3794,2019/6/8 2:00,2.2,-1.7,175,1693.84,1745.03,1788.4,1742.42,1.1,342,3.547406113
3795,2019/6/8 3:00,1.07,-1.9,141,1473.12,1475.28,1466.3,1471.57,0,37,3.206631119
3796,2019/6/8 4:00,0.93,-1.9,136,1402.2,1386.49,1407.6,1398.76,0,94,3.030981884
3797,2019/6/8 5:00,0.56,-1.9,131,1344.56,1325.02,1386.49,1352.02,0,75,2.921287705
3798,2019/6/8 6:00,0.45,-1.8,118,1220.78,1178.13,1244.4,1214.44,1.4,30,2.631036571
3799,2019/6/8 7:00,-0.19,-2,105,1108.08,1101.6,1128.8,1112.83,0,357,2.154761622
3800,2019/6/8 8:00,-0.48,-2.1,85,1029,967.02,965.6,987.21,0,1,2.300102226
3801,2019/6/8 9:00,-0.91,-2.2,82,878.49,898.92,931.6,903,0,69,1.971361947
3802,2019/6/8 10:00,-2.29,-2.5,54,641.25,616.07,633.56,630.29,0,63,1.462041462
3803,2019/6/8 11:00,-2.64,-2.6,47,585.51,554.32,563.64,567.82,0.7,82,1.285984521
3804,2019/6/8 12:00,-3.12,-2.7,45,478.54,462.3,539.2,493.35,0,94,1.109625802
3805,2019/6/8 13:00,-3.48,-2.9,34,436.8,435.5,428.16,433.49,1.8,75,0.93621126
3806,2019/6/8 14:00,-3.98,-3,28,359.64,337.62,344.76,347.34,1.5,72,0.788721807
3807,2019/6/8 15:00,-4.33,-3,26,290.84,269.37,322.42,294.21,0.3,77,0.624891415
3808,2019/6/8 16:00,-4.73,-3.3,16,218.46,238.32,236.16,230.98,1.6,74,0.512592633
3809,2019/6/8 17:00,-5.04,-3.5,5,183.96,179.01,176.31,179.76,1.9,98,0.40023837
3810,2019/6/8 18:00,0.01,0.1,1,0,0,0,0,0.1,1,0.379993053
3811,2019/6/8 19:00,-13.7,-13.1,38,267.15,272,291.54,276.9,1.4,84,0.467407837
3812,2019/6/8 20:00,-13.64,-13.1,42,287.7,299.2,317.25,301.38,2.5,77,0.506730366
3813,2019/6/8 21:00,-13.46,-13,46,326.18,336.5,341.5,334.73,2.8,75,0.586145555
3814,2019/6/8 22:00,-13.35,-13,46,334.56,344.5,349.35,342.8,2.8,75,0.606153651
3815,2019/6/8 23:00,-12.46,-12.6,74,488.6,496.8,528.96,504.79,2.1,58,0.960407972
3816,2019/6/9 0:00,-12.33,-12.5,79,520.22,543.66,566.19,543.36,2.2,88,1.01215661
3817,2019/6/9 1:00,-11.72,-12.2,102,637.91,646.35,680.12,654.79,1.7,82,1.275411896
3818,2019/6/9 2:00,-11.44,-12.2,105,687.96,690.9,702,693.62,2.9,72,1.389659208
3819,2019/6/9 3:00,-9.18,-12,105,672.6,671.04,690.03,677.89,1.4,74,1.436710243
3820,2019/6/9 4:00,-10.83,-11.8,132,798.91,820.17,857.66,825.58,2,66,1.65217394
3821,2019/6/9 5:00,-10.41,-11.6,141,911.3,901.12,934.99,915.8,1.6,85,1.869876344
3822,2019/6/9 6:00,-10.1,-11.5,154,938.98,964.48,1029.3,977.59,1.8,30,1.995446279
3823,2019/6/9 7:00,-9.94,-11.4,157,1056.41,1051.94,1064.55,1057.63,1.8,56,2.200906498
3824,2019/6/9 8:00,-9.29,-11.1,164,1100.5,1101.36,1117.77,1106.54,2,94,2.287028792
3825,2019/6/9 9:00,-9.06,-11,167,1115.48,1117.77,1135.62,1122.96,3.6,104,2.345976846
3826,2019/6/9 10:00,-8.87,-11,170,1112.32,1148.58,1147.52,1136.14,1.9,70,2.354149855
3827,2019/6/9 11:00,-8.54,-10.7,175,1136.66,1163.25,1200.2,1166.7,0.9,81,2.356786759
3828,2019/6/9 12:00,-8.33,-10.7,173,1159.48,1175.68,1171.96,1169.04,1.6,23,2.483010038
3829,2019/6/9 13:00,-8.31,-10.7,184,1210.88,1217.92,1244.31,1224.37,2.4,71,2.568317166
3830,2019/6/9 14:00,-8.21,-10.4,181,1151.28,1198.5,1182.72,1177.5,2.1,70,2.446696609
3831,2019/6/9 15:00,-8,-10.2,199,1263.74,1283.1,1316.48,1287.77,2.8,94,2.674686209
3832,2019/6/9 16:00,-6.37,-9.2,224,1512.98,1524.96,1541.76,1526.57,1.5,45,3.218016277
3833,2019/6/9 17:00,-6.31,-9,227,1536.36,1532.54,1575,1547.97,3,73,3.264144843
3834,2019/6/9 18:00,-6.27,-9.1,225,1541.76,1551,1558.44,1550.4,2,98,3.247637077
3835,2019/6/9 19:00,-5.83,-8.9,226,1534.72,1542.2,1547,1541.31,4,69,3.302547188
3836,2019/6/9 20:00,-5.71,-8.8,237,1565.46,1579.5,1631,1591.99,3.3,84,3.354647791
3837,2019/6/9 21:00,-5.25,-8.5,239,1630.96,1635.66,1670.61,1645.74,3,84,3.475309095
3838,2019/6/9 22:00,-4.85,-8.2,243,1687.2,1682.4,1684.59,1684.73,2.5,96,3.560881079
3839,2019/6/9 23:00,-4.31,-7.9,256,1738.48,1726.53,1765.94,1743.65,2.1,64,3.686290938
3840,2019/6/10 0:00,-3.89,-7.6,259,1740.51,1733.04,1779.9,1751.15,1,39,3.704686235
3841,2019/6/10 1:00,-3.68,-7.5,259,1745.49,1750,1760.88,1752.12,2.6,110,3.697759166
3842,2019/6/10 2:00,-3.85,-7.5,261,1736,1750,1760.88,1748.96,1.4,98,3.672197784
3843,2019/6/10 3:00,-3.77,-7.3,268,1764,1779.9,1837.44,1793.78,2.1,91,3.744140878
3844,2019/6/10 4:00,-3.35,-6.8,278,1793.86,1830.48,1907.04,1843.79,3.8,74,3.869275813
3845,2019/6/10 5:00,-1.83,-6.6,312,2178.48,2230.4,2220.8,2209.89,2.6,96,4.600316351
3846,2019/6/10 6:00,-0.81,-5.5,347,2373,2418.57,2546.56,2446.04,1.5,72,4.992192818
3847,2019/6/10 7:00,0.01,-5.4,348,2554.32,2546.1,2590.64,2563.69,4,63,5.365037451
3848,2019/6/10 8:00,0.16,-5.4,315,2449.68,2383.94,2387.36,2406.99,3.4,93,5.097641001
3849,2019/6/10 9:00,0.74,-5,351,2557.17,2473.2,2666.43,2565.6,2.4,83,5.331997516
3850,2019/6/10 10:00,1.08,-4.5,349,2432.32,2507.96,2544.48,2494.92,2.2,94,5.135343946
3851,2019/6/10 11:00,1.28,-4.2,352,2556.7,2555.64,2648.8,2587.05,2.9,80,5.357239763
3852,2019/6/10 12:00,1.29,-3.9,353,2625.8,2569.38,2627.38,2607.52,1.9,96,5.410122637
3853,2019/6/10 13:00,1.58,-4,369,2788.76,2771.44,2657.8,2739.33,3.3,73,5.707540984
3854,2019/6/10 14:00,2.43,-3.7,418,3040.96,2872.8,3119.04,3010.93,3.7,97,6.25156631
3855,2019/6/10 15:00,3.66,-2.9,421,3155.46,3239.5,3259.96,3218.31,3.6,72,6.584586149
3856,2019/6/10 16:00,3.95,-2.9,434,3180.6,3157.35,3255.18,3197.71,6.2,90,6.706721594
3857,2019/6/10 17:00,3.79,-2.9,451,3162.29,3257.2,3351.15,3256.88,5.6,86,6.728619513
3858,2019/6/10 18:00,3.43,-3,431,3347.68,3309.66,3341.8,3333.05,5.1,66,6.920149237
3859,2019/6/10 19:00,3.91,-2.7,426,3187.44,3116.61,3218.46,3174.17,5.1,84,6.620242913
3860,2019/6/10 20:00,4.41,-2.5,412,3121.31,3091.74,3143.77,3118.94,5.3,105,6.514290008
3861,2019/6/10 21:00,4.31,-2.4,399,3096.2,2985.2,3035.13,3038.84,2.5,93,6.318988672
3862,2019/6/10 22:00,4.2,-2,391,2884.86,2835.6,2928.96,2883.14,3.8,84,5.996741026
3863,2019/6/10 23:00,3.37,-2.2,383,2818.08,2796.2,2873.82,2829.37,3.8,101,5.862787196
3864,2019/6/11 0:00,4.2,-1.7,368,2689.95,2642.28,2996.76,2776.33,4.7,88,5.805049822
3865,2019/6/11 1:00,5.49,-1.7,445,3289.23,3285.36,3359.72,3311.44,4.4,65,6.851263831
3866,2019/6/11 2:00,5.33,-2,438,3291.2,3274.74,3317.3,3294.41,4.1,81,6.812549346
3867,2019/6/11 3:00,5.26,-1.7,436,3218.46,3175.13,3298.88,3230.82,3.4,88,6.663535809
3868,2019/6/11 4:00,4.68,-1.4,374,2991.54,2867.94,2824.64,2894.71,6.7,99,6.191078823
3869,2019/6/11 5:00,3.95,-1.6,351,2506.61,2451.6,2610.3,2522.84,3.6,89,5.277688999
3870,2019/6/11 6:00,3.74,-1.5,311,2383.5,2369.88,2311.98,2355.12,5.5,95,5.046978042
3871,2019/6/11 7:00,3.24,-1.7,300,2195.2,2199.26,2250.8,2215.09,3.6,92,4.662742277
3872,2019/6/11 8:00,3.47,-1.7,293,2154.04,2114.8,2209.68,2159.51,2.1,99,4.546541485
3873,2019/6/11 9:00,3.2,-1.5,292,2085.44,2080.1,2131.53,2099.02,5.3,98,4.497502287
3874,2019/6/11 10:00,2.22,-1.7,275,1911.15,1915.2,1973.87,1933.41,4.7,90,4.10936663
3875,2019/6/11 11:00,2.22,-1.2,298,2046.33,2041.3,2103.64,2063.76,3.1,85,4.23507739
3876,2019/6/11 12:00,2.14,-1.5,304,2078.58,2133.46,2154.6,2122.21,4.2,101,4.426576227
3877,2019/6/11 13:00,2.35,-1.4,310,2184.13,2185.6,2212.92,2194.22,4.6,97,4.615524108
3878,2019/6/11 14:00,2.79,-1.3,295,2126.6,2076.32,2101.2,2101.37,4.2,79,4.466523652
3879,2019/6/11 15:00,2.66,-1.4,298,2174.08,2167.76,2161.94,2167.93,5.2,82,4.619253889
3880,2019/6/11 16:00,2.47,-1.4,298,2102.22,2102.95,2077.05,2094.07,3.7,99,4.407902992
3881,2019/6/11 17:00,2.22,-1.4,274,1901.52,2052,1932.89,1962.14,5.3,90,4.138086311
3882,2019/6/11 18:00,2.54,-1.4,277,1952.25,2028.51,1977.8,1986.19,4.6,79,4.198629121
3883,2019/6/11 19:00,2.62,-1.5,249,1774.8,1848.22,1765.4,1796.14,3.2,89,3.801797101
3884,2019/6/11 20:00,2.39,-1.5,237,1532.16,1543.6,1607.16,1560.97,4.1,91,3.33363551
3885,2019/6/11 21:00,1.58,-1.5,208,1393.32,1417.02,1353.2,1387.85,4.1,96,2.979815721
3886,2019/6/11 22:00,0.22,-1.5,160,968.44,969.54,1037.34,991.77,4.4,87,2.076714824
3887,2019/6/11 23:00,-0.02,-1.8,162,1013.2,995.19,1049.35,1019.25,3.6,99,2.156042769
3888,2019/6/12 0:00,-0.2,-1.9,166,1063.3,1094.4,1081.6,1079.77,3.3,100,2.266150946
3889,2019/6/12 1:00,-0.31,-1.9,170,1114.92,1099.63,1104.84,1106.46,4.5,86,2.346549843
3890,2019/6/12 2:00,-0.1,-1.5,165,1009.36,994.26,1062.36,1021.99,3.4,109,2.13697944
3891,2019/6/12 3:00,-0.1,-1.6,150,958.8,943.81,947.8,950.14,3,95,2.036276032
3892,2019/6/12 4:00,-0.52,-1.6,138,881.07,851.76,868.17,867,5,80,1.831044292
3893,2019/6/12 5:00,-1.56,-2,121,649.92,634.5,673,652.47,3.9,101,1.358145288
3894,2019/6/12 6:00,-1.58,-1.9,97,629.61,611.52,626.82,622.65,3.2,94,1.321428595
3895,2019/6/12 7:00,-1.79,-2,93,592.24,579.64,603.9,591.93,4.9,90,1.206026443
3896,2019/6/12 8:00,-1.94,-2.2,93,585.51,576.2,604.8,588.84,5.7,84,1.188158744
3897,2019/6/12 9:00,-2.16,-2.2,91,572.9,567,581.16,573.69,4.3,89,1.173252117
3898,2019/6/12 10:00,-2.41,-2.4,80,515.13,506.92,515.13,512.39,4.9,80,1.039494689
3899,2019/6/12 11:00,-2.52,-2.4,70,446.89,446.89,458.16,450.65,3.6,105,0.930167053
3900,2019/6/12 12:00,-2.56,-2.4,66,440.88,432.25,438.24,437.12,3.3,93,0.925953623
3901,2019/6/12 13:00,-2.6,-2.4,64,427.52,412.92,422.4,420.95,4.1,104,0.868019981
3902,2019/6/12 14:00,-2.75,-2.4,63,392.35,382.22,409.2,394.59,3.8,101,0.809249953
3903,2019/6/12 15:00,-3.37,-2.7,37,233.64,246.62,259.2,246.49,5.8,101,0.438407115
3904,2019/6/12 16:00,-3.69,-2.9,23,178.92,179.48,178.92,179.11,3,76,0.408238802
3905,2019/6/12 17:00,-3.75,-2.9,22,166.14,165.62,173.07,168.28,5.2,81,0.299197932
3906,2019/6/12 18:00,-4.14,-3,11,113.4,111.96,111.42,112.26,2.8,96,0.270884758
3907,2019/6/12 19:00,-3.54,-3,8,100,99.04,97.12,98.72,2.5,96,0.275475641
3908,2019/6/12 20:00,-4.29,-3.1,7,93.3,93,91.65,92.65,3.2,90,0.216040655
3909,2019/6/12 21:00,0.01,0.1,1,0,0,0,0,0.1,1,0.379993053
3910,2019/6/12 22:00,-12.27,-12.4,69,732.33,694.82,688.94,705.36,0,344,1.208210101
3911,2019/6/12 23:00,-12.12,-12.4,67,685.79,676.8,656.58,673.06,1.2,9,1.38810665
3912,2019/6/13 0:00,-11.89,-12.3,79,805.69,797.78,748.36,783.94,0.9,359,1.327191999
3913,2019/6/13 1:00,-11.64,-12,90,854.26,883.75,892.81,876.94,0,27,1.771620121
3914,2019/6/13 2:00,-11.12,-11.7,91,929.5,939.84,901.12,923.49,0,331,1.649567106
3915,2019/6/13 3:00,-10.14,-11.1,116,1211.73,1150.2,1219.23,1193.72,0,9,2.526590831
3916,2019/6/13 4:00,-9.16,-11,132,1424,1511.56,1390.82,1442.13,1.5,350,2.728397981
3917,2019/6/13 5:00,-8.39,-10.6,152,1613.64,1592.64,1656.72,1621,0,317,3.214497701
3918,2019/6/13 6:00,-7.39,-10.2,181,1807.95,1819.56,1898.37,1841.96,0,57,3.801159206
3919,2019/6/13 7:00,-7.06,-10.1,184,1871.76,1878.85,1930.11,1893.57,0,34,3.94038346
3920,2019/6/13 8:00,-6.71,-10,192,1978.11,1983.86,1999.38,1987.12,0,48,4.145795612
3921,2019/6/13 9:00,-6.33,-10.1,204,2029.09,2037.45,2094.94,2053.83,0,0,4.288245576
3922,2019/6/13 10:00,-5.91,-10,211,2089.76,2096.82,2146.24,2110.94,0,38,4.400077905
3923,2019/6/13 11:00,-4.52,-9.5,220,2231.68,2243.2,2263.05,2245.98,0,30,4.704242627
3924,2019/6/13 12:00,-3.52,-9.5,241,2323.62,2334.66,2422,2360.09,0,16,4.924534468
3925,2019/6/13 13:00,-1.2,-8.5,304,2813.58,2851.04,2889.6,2851.41,0.1,103,5.900077027
3926,2019/6/13 14:00,0.03,-8.3,311,2954.84,2907.58,2965.28,2942.57,0.5,20,6.143039249
3927,2019/6/13 15:00,0.58,-7.7,336,3040.4,3024.71,3162.46,3075.86,0.7,78,6.350668536
3928,2019/6/13 16:00,0.74,-8,338,3093.24,3086.72,3192.1,3124.02,0.8,100,6.46160537
3929,2019/6/13 17:00,1.37,-8.1,341,3114.28,3096.2,3237.92,3149.47,0.4,94,6.527201818
3930,2019/6/13 18:00,1.01,-8,362,3217.63,3217.34,3358.44,3264.47,0.2,21,6.70843637
3931,2019/6/13 19:00,1.58,-7.8,369,3313.38,3387.68,3396.36,3365.81,0.8,68,6.909372064
3932,2019/6/13 20:00,1.43,-7.8,384,3431.85,3411.81,3537.94,3460.53,1.2,62,7.11353534
3933,2019/6/13 21:00,2.18,-7.7,395,3500.35,3515.6,3595.68,3537.21,1.5,53,7.267834463
3934,2019/6/13 22:00,2.64,-7.1,409,3594.14,3660.88,3723.5,3659.51,0,123,7.524752685
3935,2019/6/13 23:00,3.04,-6.9,424,3655.52,3782.03,3811.51,3749.69,0.5,89,7.659211264
3936,2019/6/14 0:00,3.08,-7.1,429,3722.22,3809.19,3857.82,3796.41,1.3,41,7.759682939
3937,2019/6/14 1:00,3.79,-6.7,434,3722.22,3794.62,3881.25,3799.36,1.7,73,7.783080562
3938,2019/6/14 2:00,4.56,-6.7,443,3808.1,3821.58,3965.61,3865.1,1.8,65,7.961800629
3939,2019/6/14 3:00,5.01,-6.4,448,3847.5,3871.67,3979.03,3899.4,0,64,8.060557637
3940,2019/6/14 4:00,5.49,-6.4,458,3903.4,3938.77,4021.36,3954.51,1.4,75,8.156415072
3941,2019/6/14 5:00,5.28,-6.5,461,3996.82,3898.51,4081.48,3992.27,2.4,65,8.300786505
3942,2019/6/14 6:00,6.18,-6.5,471,4132.22,3988.66,4084.08,4068.32,1.7,62,8.513775509
3943,2019/6/14 7:00,8.31,-5.9,482,4127.2,4091.16,4229.4,4149.25,1.1,79,8.664164965
3944,2019/6/14 8:00,9.33,-5.5,484,4144.12,4097.78,4236.57,4159.49,0,142,8.737820598
3945,2019/6/14 9:00,10.24,-5.4,487,4038.2,4178.3,4224.19,4146.9,1.3,105,8.605136032
3946,2019/6/14 10:00,10.32,-5.5,513,4329.63,4296.8,4460.8,4362.41,1.2,118,9.137404005
3947,2019/6/14 11:00,11.31,-5,525,4336.16,4355.64,4537.92,4409.91,0.9,111,9.229549352
3948,2019/6/14 12:00,11.43,-5,528,4342.56,4329.39,4584.06,4418.67,2,105,9.262708054
3949,2019/6/14 13:00,11.43,-5.4,525,4381.8,4296.6,4578.45,4418.95,0.3,120,9.309461174
3950,2019/6/14 14:00,12.24,-4.7,527,4401.22,4401,4492.98,4431.73,1.3,52,9.321037965
3951,2019/6/14 15:00,11.41,-4.5,539,4440.9,4348.84,4708.13,4499.29,0,81,9.51478055
3952,2019/6/14 16:00,10.28,-4.6,534,4388.5,4375.26,4597.12,4453.63,0.9,62,9.349344851
3953,2019/6/14 17:00,10.2,-4.7,535,4421.61,4453.74,4597.12,4490.82,0,26,9.431786879
3954,2019/6/14 18:00,10.43,-4.4,530,4454.24,4355.64,4582.5,4464.13,1.2,88,9.41254308
3955,2019/6/14 19:00,10.33,-4.9,543,4610.7,4564,4543.5,4572.73,0,86,9.657203537
3956,2019/6/14 20:00,10.99,-4.2,539,4609.64,4413.5,4600.17,4541.1,1.2,66,9.677821263
3957,2019/6/14 21:00,9.66,-4.5,552,4525.68,4550,4668.95,4581.54,0.1,71,9.609745031
3958,2019/6/14 22:00,11.51,-3.8,543,4387.96,4517.5,4510.55,4472,0,274,9.330115276
3959,2019/6/14 23:00,10.78,-4,570,4826.52,4589.55,4854.52,4756.86,0.6,31,10.26778229
3960,2019/6/15 0:00,12.43,-4,538,4551.84,4439.16,4516.06,4502.35,0.6,76,9.564315986
3961,2019/6/15 1:00,12.49,-4,562,4809.09,4806.24,4541.94,4719.09,0,0,9.954482136
3962,2019/6/15 2:00,16.1,-3.2,590,4788.27,4736.99,4970.02,4831.76,0,186,10.19996194
3963,2019/6/15 3:00,15.68,-3.7,574,4612.74,4646.4,4806.4,4688.51,1.5,32,9.928533882
3964,2019/6/15 4:00,14.87,-3.3,576,4659.2,4660.92,4808.58,4709.57,0,335,9.865272179
3965,2019/6/15 5:00,17.68,-3,580,4624.62,4548.18,4822.09,4664.96,0,267,9.854856189
3966,2019/6/15 6:00,16.99,-2.7,573,4614.4,4497.22,4777.5,4629.71,0,97,9.898346512
3967,2019/6/15 7:00,16.87,-2.7,572,4524.8,4580.03,4720.17,4608.33,2.6,124,9.72913431
3968,2019/6/15 8:00,17.56,-2.9,573,4556.07,4575.24,4764.76,4632.02,0,137,9.802294098
3969,2019/6/15 9:00,17.47,-3,564,4460.8,4581.63,4681.95,4574.79,1,118,9.654848976
3970,2019/6/15 10:00,18.07,-2.5,575,4502.88,4714.82,4737.1,4651.6,0.8,94,9.761464652
3971,2019/6/15 11:00,16.37,-3,592,4681.95,4690.53,4845.05,4739.18,0,281,9.954022156
3972,2019/6/15 12:00,18.47,-2.2,597,4730.75,4771.6,4885.36,4795.9,0,272,10.09991927
3973,2019/6/15 13:00,18.7,-1.7,589,4705.35,4749.8,4853.76,4769.64,0,195,10.0763206
3974,2019/6/15 14:00,19.01,-1.5,587,4739.28,4750.92,4848.78,4779.66,0,155,10.14640229
3975,2019/6/15 15:00,16.7,-2.4,589,4752.02,4692.65,4850.1,4764.92,0,94,10.15884453
3976,2019/6/15 16:00,18.14,-2.4,587,4744.56,4647.22,4856.44,4749.41,0,264,10.07620448
3977,2019/6/15 17:00,17.43,-2.4,582,4708.44,4700.04,4782.98,4730.49,0,72,10.07448893
3978,2019/6/15 18:00,17.89,-2,570,4606.36,4613.58,4668.3,4629.41,1.1,124,9.823212094
3979,2019/6/15 19:00,17.7,-2.4,566,4462.42,4460.22,4684.2,4535.61,1.6,122,9.612179845
3980,2019/6/15 20:00,16.37,-2.3,553,4443.6,4454.4,4601.6,4499.87,0,174,9.517375567
3981,2019/6/15 21:00,16.08,-2.5,552,4320.66,4369.32,4549.68,4413.22,0.2,103,9.31307331
3982,2019/6/15 22:00,17.18,-2.8,543,4326.75,4394.2,4478.11,4399.69,0,91,9.153651121
3983,2019/6/15 23:00,16.89,-1.9,545,4268.8,4396.8,4466,4377.2,0,34,9.217210935
3984,2019/6/16 0:00,16.49,-1.9,542,4326.4,4375.68,4466,4389.36,0,256,9.287156432
3985,2019/6/16 1:00,16.24,-2,524,4256.24,4332.42,4345.6,4311.42,1.7,104,9.100174996
3986,2019/6/16 2:00,16.29,-2.2,528,4192.5,4275.2,4307.2,4258.3,2.2,163,8.988901178
3987,2019/6/16 3:00,16.49,-2.1,536,4198.95,4256,4384.44,4279.8,1.8,124,9.033287748
3988,2019/6/16 4:00,15.95,-2,536,4296.38,4224.19,4410.54,4310.37,2.3,113,9.145952498
3989,2019/6/16 5:00,15.74,-1.7,534,4244.4,4237.01,4352.39,4277.93,1,141,9.051830875
3990,2019/6/16 6:00,15.2,-1.9,530,4270.2,4263.09,4373.42,4302.24,0,179,9.115239822
3991,2019/6/16 7:00,16.51,-1.6,525,4199.03,4102.4,4314.53,4205.32,1.8,108,8.947349458
3992,2019/6/16 8:00,16.14,-1.8,506,3877.68,3897.28,4134.48,3969.81,0,301,8.42377613
3993,2019/6/16 9:00,16.24,-1.5,493,3889.35,3877.68,4070.28,3945.77,1.1,158,8.389705982
3994,2019/6/16 10:00,15.12,-2.2,499,3939,3888.92,4102.1,3976.67,2.8,113,8.427463756
3995,2019/6/16 11:00,12.85,-2,479,3923.45,3853.92,3950.16,3909.18,1.9,89,8.246185553
3996,2019/6/16 12:00,13.45,-2.2,501,3982.4,3984.86,4107.81,4025.02,1.1,93,8.367508502
3997,2019/6/16 13:00,14.45,-1.5,489,3956.7,3894.48,4029.36,3960.18,0.9,223,8.436042312
3998,2019/6/16 14:00,13.83,-1,454,3714.72,3689.45,3768.56,3724.24,2.4,170,7.91074501
3999,2019/6/16 15:00,13.6,-1.4,446,3641.8,3643.74,3696.84,3660.79,0,270,7.875331619
4000,2019/6/16 16:00,13.2,-1.1,441,3496.48,3535.84,3644.68,3559,0,209,7.584552993
4001,2019/6/16 17:00,11.49,-2.2,424,3422.97,3451.85,3525.06,3466.63,0,191,7.379611577
4002,2019/6/16 18:00,12.25,-2,422,3415.02,3450.56,3534.66,3466.75,1.3,94,7.309191477
4003,2019/6/16 19:00,11.28,-2,400,3280.2,3239.01,3360.15,3293.12,0,172,7.042525597
4004,2019/6/16 20:00,10.97,-1.4,395,3305,3280.2,3319.36,3301.52,0,184,7.070287236
4005,2019/6/16 21:00,10.56,-1.7,391,3270.28,3285.17,3308.18,3287.88,1,190,7.005323253
4006,2019/6/16 22:00,10.53,-1.4,376,3187.2,3164.36,3197.46,3183.01,0.5,249,6.867625417
4007,2019/6/16 23:00,8.85,-1.5,347,2954.7,2930.22,2981.49,2955.47,0,159,6.309394497
4008,2019/6/17 0:00,8.14,-1.9,337,2835.84,2783.04,2881.44,2833.44,0.7,215,6.075367177
4009,2019/6/17 1:00,9.14,-1.4,279,2524.14,2441.22,2457.54,2474.3,0,249,5.480260129
4010,2019/6/17 2:00,8.76,-1.5,280,2421.21,2337.66,2427.88,2395.58,1.1,150,5.21521344
4011,2019/6/17 3:00,7.76,-1.5,273,2123.52,2197.72,2401.71,2240.98,1.3,239,4.785988839
4012,2019/6/17 4:00,6.08,-2,238,2075.32,2028.74,2116.8,2073.62,0,169,4.509173734
4013,2019/6/17 5:00,5.89,-2,230,2055.7,2042.22,2019,2038.97,0,177,4.453664698
4014,2019/6/17 6:00,5.89,-2,230,2055.7,2042.22,2019,2038.97,0,177,4.453664698
4015,2019/6/17 7:00,4.62,-2.1,218,1928.36,1925.52,1922.68,1925.52,1.1,137,4.14988839
4016,2019/6/17 8:00,4.37,-2.3,219,1874.04,1875.29,1926.6,1891.98,0.1,195,4.074161085
4017,2019/6/17 9:00,3.85,-2,209,1876.9,1846.88,1854.98,1859.59,0.2,165,4.027079006
4018,2019/6/17 10:00,3.64,-2,205,1797.84,1802,1830.6,1810.15,1.6,212,3.835635442
4019,2019/6/17 11:00,3.62,-2,186,1727.2,1693.2,1683.92,1701.44,2.1,181,3.659036945
4020,2019/6/17 12:00,2.7,-2.2,160,1305.6,1306.61,1394.62,1335.61,0.5,182,2.860425589
4021,2019/6/17 13:00,2.47,-2,144,1298.8,1260.38,1317.26,1292.15,1.1,212,2.748705349
4022,2019/6/17 14:00,0.16,-2.4,96,901.56,920.7,896.28,906.18,1.4,159,1.919203013
4023,2019/6/17 15:00,-0.35,-2.5,89,812.77,723.6,843.2,793.19,1.8,192,1.659022361
4024,2019/6/17 16:00,-0.75,-2.5,75,739.02,721.18,711.9,724.03,1,204,1.513579216
4025,2019/6/17 17:00,-2.73,-2.9,39,400.2,390.58,368.48,386.42,1.4,182,0.823541153
4026,2019/6/17 18:00,-3.6,-3.1,24,248.9,243.09,242.35,244.78,1.2,174,0.539949848
4027,2019/6/17 19:00,-4.69,-3.2,21,209.28,222.02,220.32,217.21,0,141,0.534758137
4028,2019/6/17 20:00,-5.71,-3.7,15,167.96,167.7,165.88,167.18,0,124,0.260055841
4029,2019/6/17 21:00,-5.91,-3.8,13,160.5,161.5,160.25,160.75,0,128,0.422355206
4030,2019/6/17 22:00,-6.08,-3.8,13,149.27,147.89,152.16,149.77,0,110,0.413178961
4031,2019/6/17 23:00,-6.72,-4,6,101.12,100.96,100.48,100.85,0.1,162,0.262725307
4032,2019/6/18 0:00,-9.35,-8.5,7,86.66,101.92,99.52,96.03,1.8,104,0.168920561
4033,2019/6/18 1:00,-9.33,-8.4,10,98.88,107.61,109.98,105.49,2.5,90,0.181053999
4034,2019/6/18 2:00,-9.29,-8.4,11,107.44,110.84,118.37,112.22,3.6,91,0.17516525
4035,2019/6/18 3:00,-9.25,-8.4,12,118.56,127.8,121.8,122.72,2.6,92,0.217208656
4036,2019/6/18 4:00,-8.98,-8.2,24,175.5,183.96,187.63,182.36,2.5,103,0.332403367
4037,2019/6/18 5:00,-8.91,-8.2,24,174.69,185.36,190.53,183.53,3.4,85,0.323499988
4038,2019/6/18 6:00,-8.89,-8.2,27,182,198.3,202.74,194.35,3.8,89,0.335212791
4039,2019/6/18 7:00,-8.83,-8.2,28,201.81,223.38,207.68,210.96,2.6,85,0.397920169
4040,2019/6/18 8:00,-8.64,-8,38,241.92,254.6,264,253.51,4,86,0.455225117
4041,2019/6/18 9:00,-8.44,-8,44,274.29,281.82,293.92,283.34,3.6,101,0.527541272
4042,2019/6/18 10:00,-8.39,-7.9,49,284.66,295.24,313.49,297.8,2.8,92,0.5681702
4043,2019/6/18 11:00,-8.21,-8,58,341,357.75,385.89,361.55,3.2,93,0.685250736
4044,2019/6/18 12:00,-7.77,-7.9,75,463.76,464.44,478.1,468.77,3.2,96,0.93308405
4045,2019/6/18 13:00,-7.77,-7.9,76,451.44,450.12,466.48,456.01,2.1,95,0.9280144
4046,2019/6/18 14:00,-7.79,-8,75,451.44,446.82,465.12,454.46,4.9,91,0.907801064
4047,2019/6/18 15:00,-7.58,-7.7,91,509.86,510.75,514.52,511.71,3.8,112,1.018510667
4048,2019/6/18 16:00,-7.35,-7.5,91,522.12,525.14,552.42,533.23,3.8,112,1.049815845
4049,2019/6/18 17:00,-7.18,-7.5,100,543.52,547.2,562.52,551.08,3.7,90,1.111043434
4050,2019/6/18 18:00,-7.08,-7.4,99,547.47,544,558.42,549.96,4.4,100,1.110100667
4051,2019/6/18 19:00,-6.91,-7.2,92,502.24,498.59,517.56,506.13,5.2,93,1.022017712
4052,2019/6/18 20:00,-6.87,-7.3,99,548.8,558.42,551.61,552.94,5.9,95,1.136893671
4053,2019/6/18 21:00,-6.85,-7.3,102,560.88,567.72,572.88,567.16,3.6,97,1.150707628
4054,2019/6/18 22:00,-6.37,-7,118,678.16,681.12,671.3,676.86,4,99,1.393095792
4055,2019/6/18 23:00,-6.35,-6.9,103,549.99,573.72,606.98,576.9,3.6,102,1.146778872
4056,2019/6/19 0:00,-5.85,-6.5,151,850.34,868.14,865.62,861.37,4.5,82,1.773660489
4057,2019/6/19 1:00,-5.23,-6.4,138,745.2,754.6,777.44,759.08,4.6,95,1.576532334
4058,2019/6/19 2:00,-5.23,-6.2,137,728.22,757.9,755.7,747.27,4.4,88,1.539214502
4059,2019/6/19 3:00,-5.14,-6.2,137,678.15,660.57,656.64,665.12,4.4,88,1.414965079
4060,2019/6/19 4:00,-5.43,-6.4,138,811.98,794.6,826.8,811.13,4,83,1.693080311
4061,2019/6/19 5:00,-5.48,-6.4,137,800.4,809.48,827.64,812.51,4.3,83,1.678966418
4062,2019/6/19 6:00,-5.23,-6,155,831.6,836.11,876.3,848,3.3,94,1.741799468
4063,2019/6/19 7:00,-4.47,-5.8,192,1134.48,1134.88,1115.73,1128.36,3.6,101,2.371121868
4064,2019/6/19 8:00,-4.89,-5.9,106,622.84,636.38,645.05,634.76,3.6,88,1.351898398
4065,2019/6/19 9:00,-5.08,-5.8,111,739.37,712.4,706.58,719.45,2.4,91,1.534012277
4066,2019/6/19 10:00,-5.08,-5.8,106,674.24,669.34,660.57,668.05,5.2,97,1.392051556
4067,2019/6/19 11:00,-5.6,-5.9,96,634.5,748,608.4,663.63,3.1,91,1.331113846
4068,2019/6/19 12:00,-4.85,-5.7,125,756.8,760.35,778.62,765.26,3.2,68,1.594826624
4069,2019/6/19 13:00,-4.06,-5.3,205,1008.42,1114.12,1207.56,1110.03,4.9,109,2.220948593
4070,2019/6/19 14:00,-3.52,-5,221,1308.48,1276.96,1278.35,1287.93,5.2,100,2.59505356
4071,2019/6/19 15:00,-3.89,-5.1,168,992.16,917.9,978.38,962.81,6.5,94,2.09508975
4072,2019/6/19 16:00,-3.48,-5,194,1153.7,1034.06,1185.03,1124.26,5.2,75,2.425384264
4073,2019/6/19 17:00,-3,-4.9,217,1191.96,1190.24,1257.62,1213.27,5.9,78,2.599141111
4074,2019/6/19 18:00,-3.85,-5,134,769.44,795.76,791.12,785.44,6.3,75,1.659043328
4075,2019/6/19 19:00,-3.93,-4.6,118,749.92,720.8,712.95,727.89,3.4,89,1.547044409
4076,2019/6/19 20:00,-4,-4.7,114,688.82,683,687.81,686.54,5.5,99,1.426925162
4077,2019/6/19 21:00,-4.23,-5,144,816.56,813.96,797.94,809.49,3.8,89,1.697046092
4078,2019/6/19 22:00,-3.96,-4.9,126,737.64,747.74,738.72,741.37,2.3,89,1.574555916
4079,2019/6/19 23:00,-4.5,-5.3,123,675.18,673.2,700.4,682.93,4.4,92,1.406737614
4080,2019/6/20 0:00,-4.62,-5.3,123,682,683,687.81,684.27,4.2,80,1.42047555
4081,2019/6/20 1:00,-5.43,-6,110,585.66,581.36,592.24,586.42,3.1,28,1.248364003
4082,2019/6/20 2:00,-5.5,-5.8,118,642.02,666.39,678.15,662.19,4.3,60,1.336063952
4083,2019/6/20 3:00,0.01,0.1,1,0,0,0,0,0.1,1,0.379993053
4084,2019/6/20 4:00,-5.75,-6,100,584.8,572.7,582.12,579.87,4.2,78,1.190790774
4085,2019/6/20 5:00,-5.71,-6,103,560.06,564.98,595.98,573.67,2.5,43,1.203758808
4086,2019/6/20 6:00,-5.98,-6.2,104,541.15,548.8,582.96,557.64,2.8,80,1.138868633
4087,2019/6/20 7:00,-6,-6.3,90,572.7,523.5,511.73,535.98,4.4,36,1.14442546
4088,2019/6/20 8:00,-6.46,-6.5,61,401.79,398.46,386.4,395.55,1.7,52,0.881810428
4089,2019/6/20 9:00,-6.62,-6.5,57,375.65,358.81,346.29,360.25,0.2,318,0.603426619
4090,2019/6/20 10:00,-6.64,-6.7,66,339.66,296.56,318.66,318.29,2,31,0.758583813
4091,2019/6/20 11:00,-6.98,-7,83,465.12,467.16,467.16,466.48,3.3,63,0.955963546
4092,2019/6/20 12:00,-6.89,-7,97,560.52,561.33,558.4,560.08,1.3,3,1.2449464
4093,2019/6/20 13:00,-6.93,-7,84,469.89,497.86,490.61,486.12,2.7,2,1.012340019
4094,2019/6/20 14:00,-6.98,-7.2,111,566.06,602.86,632.04,600.32,3.3,73,1.185593917
4095,2019/6/20 15:00,-6.92,-7.2,98,631.54,599.42,582.12,604.36,2.9,12,1.305632355
4096,2019/6/20 16:00,-6.91,-7.2,89,582.96,540.54,542.1,555.2,3.9,356,0.904437786
4097,2019/6/20 17:00,-7.08,-7.2,85,470.56,449.15,501.51,473.74,2.9,73,0.969997954
4098,2019/6/20 18:00,-7.31,-7.2,83,418.46,434.07,445.9,432.81,1,31,0.960622113
4099,2019/6/20 19:00,-7.62,-7.4,71,358.81,333.12,381.9,357.94,2.8,26,0.75233717
4100,2019/6/20 20:00,-7.67,-7.4,74,357.24,345.5,399.6,367.45,2.8,334,0.495423776
4101,2019/6/20 21:00,-7.64,-7.4,80,412.2,380.6,454.93,415.91,1.6,332,0.601712043
4102,2019/6/20 22:00,-7.83,-7.5,65,350.37,306.9,348.4,335.22,2.8,19,0.72130685
4103,2019/6/20 23:00,-8.29,-7.6,52,300.08,276.34,322.08,299.5,2.7,14,0.613146471
4104,2019/6/21 0:00,-8.35,-7.6,60,307.35,272.8,314.43,298.19,4.1,348,0.385094582
4105,2019/6/21 1:00,-8.27,-7.6,44,292.83,268.32,278.46,279.87,0.3,159,0.591385302
4106,2019/6/21 2:00,-8.46,-7.8,34,201,196.04,227.46,208.17,3.2,16,0.318309228
4107,2019/6/21 3:00,-15.31,-14,69,402.99,367.64,427.18,399.27,1.4,272,0.563211644
4108,2019/6/21 4:00,-13.46,-13.2,111,680.2,609,676.8,655.33,1.1,280,1.131735947
4109,2019/6/21 5:00,-11.39,-12,156,938.24,837.33,1002.84,926.14,1.8,272,1.71540911
4110,2019/6/21 6:00,-10.58,-11.7,174,1038.8,942.34,1144.22,1041.79,2,276,1.958147586
4111,2019/6/21 7:00,-10.02,-11.3,185,1138.48,1039.72,1235.85,1138.02,2,279,2.171275574
4112,2019/6/21 8:00,-9.5,-11,208,1294.04,1191.32,1409.98,1298.45,2.1,273,2.527257193
4113,2019/6/21 9:00,-9.14,-10.9,221,1404.37,1324.75,1487.35,1405.49,2.7,276,2.774022732
4114,2019/6/21 10:00,-8.81,-10.5,238,1515.54,1419.33,1654.62,1529.83,2.4,294,3.003284042
4115,2019/6/21 11:00,-8.56,-10.4,245,1642.69,1522,1703.25,1622.65,1.9,270,3.260286777
4116,2019/6/21 12:00,-8.39,-10.2,254,1663.2,1537.22,1766.14,1655.52,3.8,280,3.34612232
4117,2019/6/21 13:00,-7.99,-10,273,1739.43,1643.76,1882.32,1755.17,3.3,278,3.524182151
4118,2019/6/21 14:00,-6.35,-8.9,335,2186.6,2023.86,2331.56,2180.67,1.9,269,4.415988426
4119,2019/6/21 15:00,-6,-8.5,339,2230.47,2083.8,2381.4,2231.89,1.4,277,4.51176761
4120,2019/6/21 16:00,-5.58,-8.2,347,2295,2159.3,2442.96,2299.09,1.9,281,4.645694161
4121,2019/6/21 17:00,-4.83,-7.9,367,2423.52,2283.04,2542.5,2416.35,2.1,283,4.900138118
4122,2019/6/21 18:00,-4.62,-7.7,369,2473.4,2347.5,2610,2476.97,2.6,276,5.017934762
4123,2019/6/21 19:00,-4.54,-7.6,377,2596.56,2450.16,2666.44,2571.05,4,283,5.237948213
4124,2019/6/21 20:00,-4.12,-7.4,395,2682.23,2558.78,2853.35,2698.12,3.9,304,5.451972766
4125,2019/6/21 21:00,-4.04,-7.4,401,2856.7,2704.52,2909.4,2823.54,4.7,272,5.746869799
4126,2019/6/21 22:00,-3.66,-7.2,407,2919.05,2804.88,3009.15,2911.03,2.9,280,5.885830022
4127,2019/6/21 23:00,-2.73,-6.4,427,3173.89,3055.32,3258.99,3162.73,3.3,288,6.387805521
4128,2019/6/22 0:00,-2.5,-6.5,434,3272.04,3205.95,3385.6,3287.86,4.7,281,6.629868708
4129,2019/6/22 1:00,-2.27,-6.7,437,3333.36,3326.05,3429.76,3363.06,5,274,6.775179905
4130,2019/6/22 2:00,-1.71,-6.3,437,3475.06,3448.17,3603.83,3509.02,5,274,7.089865713
4131,2019/6/22 3:00,-0.73,-5.8,459,3712.06,3648.26,3780.4,3713.57,4.1,272,7.519710476
4132,2019/6/22 4:00,0.11,-5.7,478,3924.18,3845.98,4056.97,3942.38,4.9,286,8.004872297
4133,2019/6/22 5:00,0.43,-5.2,495,4077.9,4041.5,4235.04,4118.15,4.2,284,8.348627225
4134,2019/6/22 6:00,0.64,-5.2,495,4122,4094.52,4249.65,4155.39,4.2,284,8.723623846
4135,2019/6/22 7:00,1.22,-5.2,514,4314.36,4310.24,4500.16,4374.92,3,307,8.891149813
4136,2019/6/22 8:00,1.16,-4.7,514,4334.97,4315.5,4480.2,4376.89,2.7,285,8.90770444
4137,2019/6/22 9:00,0.56,-5,512,4321.23,4316.04,4479.58,4372.28,2.8,274,8.881491855
4138,2019/6/22 10:00,0.54,-4.9,510,4313.14,4296.07,4431.56,4346.92,4.5,277,8.835949826
4139,2019/6/22 11:00,0.89,-4.7,508,4225.76,4233.3,4391.69,4283.58,5.2,273,8.710994574
4140,2019/6/22 12:00,1.29,-5,509,4335.52,4296.6,4432.32,4354.81,5.5,281,8.891950844
4141,2019/6/22 13:00,1.1,-5,518,4273.78,4250,4500.97,4341.58,3.9,281,8.818900633
4142,2019/6/22 14:00,-0.58,-5.3,276,1988.32,3088.3,2139.79,2405.47,4.2,314,4.598471879
4143,2019/6/22 15:00,2.12,-4,581,4808.7,4671.3,4848.06,4776.02,4.8,289,9.81007478
4144,2019/6/22 16:00,3.66,-3.5,590,4691.76,4664.08,4804.8,4720.21,3.8,288,9.663078279
4145,2019/6/22 17:00,3.28,-3.5,586,4684.98,4947.16,4969.18,4867.11,2.6,282,9.877215608
4146,2019/6/22 18:00,3.01,-3.5,574,5093.88,4697.54,4752.78,4848.07,6.9,292,10.10674199
4147,2019/6/22 19:00,2.93,-3.2,586,4780.4,4495.64,4819.1,4698.38,4,278,9.706981384
4148,2019/6/22 20:00,3.43,-3.2,582,4888.8,4925.14,5075.22,4963.05,4,289,10.18122197
4149,2019/6/22 21:00,4.2,-2.9,644,5499.84,5204.82,5350.35,5351.67,2.8,311,11.28018619
4150,2019/6/22 22:00,5.05,-2.9,620,5279.6,5226.9,5440.4,5315.63,6,280,11.0251954
4151,2019/6/22 23:00,4.31,-3,608,5197.5,5183.68,5277.2,5219.46,5.2,281,10.78610369
4152,2019/6/23 0:00,3.24,-3.3,612,5176.32,5183.68,5335.68,5231.89,1.9,280,10.81445208
4153,2019/6/23 1:00,3.39,-2.8,611,5272.8,5208,5299.7,5260.17,3.2,312,10.89940156
4154,2019/6/23 2:00,3.59,-2.5,613,5197.5,5180.12,5331.93,5236.52,3.4,309,10.80281945
4155,2019/6/23 3:00,3.53,-2.5,614,5251.5,5259.5,5354.58,5288.53,4.5,272,10.92085473
4156,2019/6/23 4:00,3.68,-2.7,616,5230.24,5238.27,5346.6,5271.7,3.4,287,10.89187547
4157,2019/6/23 5:00,4.31,-3,605,5161.91,5165.7,5280.77,5202.79,3.7,297,10.7410175
4158,2019/6/23 6:00,4.39,-2.7,605,5134.99,5123.56,5222.61,5160.39,2.4,277,10.67833711
4159,2019/6/23 7:00,4.99,-2.4,601,5098.7,5103.52,5243.8,5148.67,4.3,293,10.62054312
4160,2019/6/23 8:00,4.56,-2.7,577,4845.12,4763.7,4958.69,4855.84,5,295,10.01291799
4161,2019/6/23 9:00,4.72,-2,577,4832.58,4815.18,4984.05,4877.27,4.1,308,10.01216632
4162,2019/6/23 10:00,4.26,-2.4,576,4845.6,4816.28,4925.76,4862.55,3.8,268,10.01502624
4163,2019/6/23 11:00,4.93,-1.5,560,4596.8,4549.2,4723.84,4623.28,1.2,311,9.474106613
4164,2019/6/23 12:00,4.91,-2.3,540,4509,4509.12,4616.64,4544.92,4.3,289,9.332350365
4165,2019/6/23 13:00,3.85,-2.2,532,4461.24,4414.88,4522.56,4466.23,2.6,295,9.476230458
4166,2019/6/23 14:00,4.31,-2.2,531,4420.56,4347.84,4536.02,4434.81,4.7,278,9.117275006
4167,2019/6/23 15:00,4.16,-1.9,517,4318,4314.24,4421.25,4351.16,6,290,8.952199072
4168,2019/6/23 16:00,3.64,-1.6,510,4290.3,4245.28,4387.24,4307.61,3.2,283,8.811714254
4169,2019/6/23 17:00,3.64,-2,496,4187.48,4104,4278.64,4190.04,4,273,8.592190242
4170,2019/6/23 18:00,3.33,-1.9,473,3964.4,3940.14,4101.9,4002.15,4.5,284,8.190796171
4171,2019/6/23 19:00,3.31,-2.2,471,3928.32,3919.83,4021.38,3956.51,5.1,282,8.108986401
4172,2019/6/23 20:00,2.81,-2,458,3858.95,3818.28,3938.2,3871.81,4.5,283,7.925029008
4173,2019/6/23 21:00,2.74,-2,428,3692.15,3659.4,3729.18,3693.58,4.3,273,7.581340444
4174,2019/6/23 22:00,2.24,-2.2,407,3522.56,3452.4,3548.01,3507.66,4.1,294,7.383514993
4175,2019/6/23 23:00,1.95,-2.5,407,3431.22,3374.02,3555.15,3453.46,4.1,294,7.08381035
4176,2019/6/24 0:00,1.43,-2.5,359,3185.51,3155.6,3249.51,3196.87,4.8,274,6.592222014
4177,2019/6/24 1:00,0.24,-2.9,295,2789.88,2743.27,2806.65,2779.93,4,278,5.755161166
4178,2019/6/24 2:00,-0.41,-3,293,2592.84,2588.08,2637.2,2606.04,2.5,284,5.351010725
4179,2019/6/24 3:00,-0.71,-3,235,2311.02,2279.97,2318.2,2303.06,2.7,320,4.737942903
4180,2019/6/24 4:00,-0.79,-3,231,2282.88,2238.39,2297.44,2272.9,2.7,280,4.673270758
4181,2019/6/24 5:00,-1.25,-3.1,205,2094.96,2044.35,2102.82,2080.71,3,272,4.25961614
4182,2019/6/24 6:00,-1.29,-3,201,2056.15,2015.5,2054.24,2041.96,4.4,274,4.203098122
4183,2019/6/24 7:00,-1.33,-3,201,1994.65,1992.96,2030.49,2006.03,4.4,274,4.104930922
4184,2019/6/24 8:00,-1.98,-3.4,162,1668,1610.08,1718.64,1665.57,4.1,282,3.357292094
4185,2019/6/24 9:00,-2.23,-3.5,146,1589.26,1557,1591.55,1579.27,3.6,277,3.153184327
4186,2019/6/24 10:00,-2.35,-3.5,137,1547.34,1487.3,1515.1,1516.58,4.3,290,3.041809958
4187,2019/6/24 11:00,-2.89,-3.7,128,1366.12,1313.55,1424.75,1368.14,3.8,298,2.648447179
4188,2019/6/24 12:00,-3.98,-4.1,80,997.92,988.13,970.2,985.42,4.3,273,1.853686868
4189,2019/6/24 13:00,-4.89,-4.4,55,740.88,670.32,679.14,696.78,2.4,285,1.229473808
4190,2019/6/24 14:00,-5.02,-4.4,52,635.19,631.12,643.9,636.74,3.7,279,1.079798944
4191,2019/6/24 15:00,-5.23,-4.5,49,580.55,554.04,605.2,579.93,4.5,276,0.989681123
4192,2019/6/24 16:00,-5.48,-4.6,40,544.8,516.04,507,522.61,4.4,287,1.000092479
4193,2019/6/24 17:00,-5.87,-5,34,433.28,405,414.19,417.49,4.5,283,0.684763894
4194,2019/6/24 18:00,-6.12,-5.2,32,363.42,381.33,388.6,377.78,6,274,0.634182321
4195,2019/6/24 19:00,-15.37,-15.1,67,794.76,844.74,800.8,813.43,0.8,122,1.470852793
4196,2019/6/24 20:00,-14.87,-15,73,890.52,884.37,880.68,885.19,0.8,120,1.67071496
4197,2019/6/24 21:00,-14.21,-14.9,79,989.14,1003.58,940.58,977.77,0.8,112,1.902742295
4198,2019/6/24 22:00,-13.73,-14.7,88,1041.12,1019.56,1022.45,1027.71,0.8,127,2.010302197
4199,2019/6/24 23:00,-13.19,-14.5,95,1095.92,1123.2,1117.55,1112.22,0.7,120,2.163777486
4200,2019/6/25 0:00,-10.81,-14.4,103,1269.09,1294.17,1226.07,1263.11,0.8,129,2.588504673
4201,2019/6/25 1:00,-11.64,-14.2,115,1335.7,1328.48,1351.72,1338.63,1.7,105,2.737383239
4202,2019/6/25 2:00,-10.72,-13.9,125,1436,1435.14,1463.7,1444.95,1.6,131,2.956628214
4203,2019/6/25 3:00,-9.48,-13.3,143,1623.05,1580.15,1649.1,1617.43,1.4,108,3.378522188
4204,2019/6/25 4:00,-7.25,-12.3,191,1973.4,1989.27,2060.57,2007.75,1.7,128,4.175162349
4205,2019/6/25 5:00,-6.99,-12.1,198,2084.88,2039.18,2120.58,2081.55,0.2,140,1.984718796
4206,2019/6/25 6:00,-5.56,-11.7,215,2162.45,2134.09,2301,2199.18,1,119,4.583424228
4207,2019/6/25 7:00,-1.96,-10.3,268,2575.62,2537.08,2665.68,2592.79,1.3,92,5.445591269
4208,2019/6/25 8:00,-1.44,-10,276,2635.23,2623.92,2739.21,2666.12,0.7,121,5.576895181
4209,2019/6/25 9:00,-0.47,-9.2,294,2768.04,2702.7,2866.22,2778.99,1.3,120,5.819460144
4210,2019/6/25 10:00,-0.14,-9.3,303,2814.75,2820.51,2924.46,2853.24,2.3,134,5.957506186
4211,2019/6/25 11:00,0.24,-8.5,327,2992.8,2954.84,3118.5,3022.05,1.8,120,6.268843022
4212,2019/6/25 12:00,0.16,-7.9,354,3183.1,3128.06,3323.71,3211.62,2.7,153,6.622869212
4213,2019/6/25 13:00,0.03,-8.2,359,3215.52,3180.9,3344.44,3246.95,1.5,169,6.686701083
4214,2019/6/25 14:00,0.24,-7.9,362,3264.03,3220.06,3383.88,3289.32,3,138,6.776216881
4215,2019/6/25 15:00,1.37,-7,393,3522.28,3489.96,3593.01,3535.08,1.2,147,7.273147703
4216,2019/6/25 16:00,1.72,-6.7,387,3522.56,3579.27,3690.68,3597.5,2.2,122,7.354563265
4217,2019/6/25 17:00,2.41,-6.5,434,3858.4,3834.74,3941.96,3878.37,1.7,138,7.96404801
4218,2019/6/25 18:00,2.81,-6.2,485,3897.65,3987.72,4133.67,4006.35,2.8,120,8.146664652
4219,2019/6/25 19:00,3.53,-6.4,495,4193.62,4092,4284.49,4190.04,2.7,120,8.650559353
4220,2019/6/25 20:00,4.53,-5.7,488,2629.64,2689.95,4903.94,3407.84,3,123,7.055082517
4221,2019/6/25 21:00,1.06,-6.4,249,1816.78,1890.4,1536.75,1747.98,3.1,148,3.885003254
4222,2019/6/25 22:00,-0.89,-6.5,260,1538.7,1520.7,1589.28,1549.56,2.7,146,3.34241483
4223,2019/6/25 23:00,-1.73,-6.5,269,1670.4,1646.96,1692.95,1670.1,4.1,163,3.589539613
4224,2019/6/26 0:00,-3.02,-6.7,209,1442.79,1336.66,1304.72,1361.39,4.1,158,3.007992426
4225,2019/6/26 1:00,-3.27,-6.2,233,1470,1457.4,1440.01,1455.8,1.7,139,3.085131297
4226,2019/6/26 2:00,-3.27,-6.4,220,1512.49,1452.55,1396.95,1454,3.9,131,3.162302732
4227,2019/6/26 3:00,-2.43,-5.7,265,1614.69,1630.98,1714.18,1653.28,2.5,179,3.411807374
4228,2019/6/26 4:00,-2.16,-6,281,1700.3,1728.06,1872.24,1766.87,5.4,168,3.737047786
4229,2019/6/26 5:00,-1.91,-5.9,270,1769.7,1731.9,1818.28,1773.29,5.4,169,3.813195488
4230,2019/6/26 6:00,-1.89,-5.9,267,1810.41,1762.76,1822.59,1798.59,1.7,183,3.779532415
4231,2019/6/26 7:00,-1.68,-5.6,265,1741.94,1649.52,1780.2,1723.89,0.7,131,3.675138483
4232,2019/6/26 8:00,-1.64,-5.5,261,1755.82,1670.13,1818.28,1748.08,3.3,182,3.689044204
4233,2019/6/26 9:00,-1.12,-5.3,277,1776.64,1768.96,1871.36,1805.65,2.9,234,3.739404084
4234,2019/6/26 10:00,-0.85,-5.2,326,1884.6,2254.54,2300.76,2146.63,2.4,199,4.222541226
4235,2019/6/26 11:00,0.53,-5.1,340,2324.9,2173.5,2657.28,2385.23,1.9,187,4.91620927
4236,2019/6/26 12:00,0.56,-5.1,317,2172.88,2132.1,2152.8,2152.59,3,175,4.55642173
4237,2019/6/26 13:00,1.08,-5,356,2294.37,2335.58,2349.54,2326.5,2.3,207,4.834265392
4238,2019/6/26 14:00,1.35,-4.7,338,2208.48,2147.18,2390.83,2248.83,0.8,218,4.686595071
4239,2019/6/26 15:00,0.76,-5.1,275,1747.52,1794.7,1783.6,1775.27,3.9,189,3.793891512
4240,2019/6/26 16:00,-0.27,-5.3,285,2070,2125.92,2128.28,2108.07,1.7,195,4.380928183
4241,2019/6/26 17:00,-0.06,-5,293,2124.44,2097.6,2218.58,2146.87,2.5,193,4.47878897
4242,2019/6/26 18:00,0.77,-4.9,379,2730.42,3162.44,3141.84,3011.57,2.7,156,5.989221198
4243,2019/6/26 19:00,2.22,-4.6,405,3837.24,3609.95,3549.6,3665.6,1.5,171,7.683844874
4244,2019/6/26 20:00,3.97,-4.3,344,2832.96,2619,2383.04,2611.67,2,238,5.698845632
4245,2019/6/26 21:00,3.45,-4.4,357,2527.1,2380,2475.2,2460.77,0.6,241,5.272708593
4246,2019/6/26 22:00,3.56,-4.4,381,2451.6,2469.24,2665.6,2528.81,2,240,5.270942654
4247,2019/6/26 23:00,7.99,-3.1,597,5272.9,5226.9,5304,5267.93,0,292,11.01801767
4248,2019/6/27 0:00,9.33,-2.9,597,5085.21,5129.36,5156.16,5123.58,1.2,260,10.65996359
4249,2019/6/27 1:00,14.62,-2.6,591,4870.84,4873.94,4943.4,4896.06,0.6,226,10.29273586
4250,2019/6/27 2:00,13.3,-2.8,598,4914.9,4918.95,4963.64,4932.5,0.6,217,10.34760105
4251,2019/6/27 3:00,14.66,-2.4,592,4867.51,4859.94,4989.68,4905.71,3.1,213,10.30888727
4252,2019/6/27 4:00,15.05,-2.5,594,4850.4,4849.32,4963.96,4887.89,1.7,259,10.25490338
4253,2019/6/27 5:00,14.14,-2.3,598,4923.67,4856.85,5078.95,4953.16,3.2,269,10.38582952
4254,2019/6/27 6:00,13.81,-2.6,591,4846.03,4885.92,4944.24,4892.06,2.4,260,10.22940146
4255,2019/6/27 7:00,14.22,-2.3,595,4899.95,4871.91,5007.78,4926.55,3.2,260,10.33087326
4256,2019/6/27 8:00,14.39,-1.5,588,4848.03,4838.54,4922.52,4869.7,0,278,10.23449658
4257,2019/6/27 9:00,14.3,-1.9,592,4854.52,4827.6,4976.64,4886.25,3.1,262,10.24465716
4258,2019/6/27 10:00,13.58,-1.7,584,4792.2,4757.17,4927,4825.46,4.1,255,10.12647234
4259,2019/6/27 11:00,13.41,-1.7,592,4777.5,4761.92,4936.61,4825.34,1.9,270,10.07826903
4260,2019/6/27 12:00,13.79,-1.9,587,4822.07,4834.08,4923.67,4859.94,3.8,256,10.47448665
4261,2019/6/27 13:00,13.03,-1.4,581,4786.49,4836.93,4948.68,4857.37,1.2,235,10.13795731
4262,2019/6/27 14:00,12.64,-1.4,582,4728.42,4726.26,4912.93,4789.2,2.5,234,10.00243556
4263,2019/6/27 15:00,12.83,-1.2,574,4727,4713.96,4847.04,4762.67,2.8,254,9.963449684
4264,2019/6/27 16:00,13.06,-1.2,577,4660.5,4667,4860,4729.17,3.7,185,9.936018984
4265,2019/6/27 17:00,12.43,-1.4,573,4693.71,4706.73,4875.99,4758.81,3.7,277,9.927188773
4266,2019/6/27 18:00,13.72,-0.9,568,4610.18,4543,4706,4619.73,1.8,270,9.697822498
4267,2019/6/27 19:00,13.72,-0.9,574,4636.3,4654.65,4769.28,4686.74,3.1,267,9.80322476
4268,2019/6/27 20:00,13.26,-1,551,4446.93,4687.2,4647.5,4593.88,3.3,279,9.551222099
4269,2019/6/27 21:00,12.76,-0.6,523,4578,4583.56,4564,4575.19,2,220,9.633087265
4270,2019/6/27 22:00,13.03,-0.6,551,4251,4316.24,4537.47,4368.24,1.1,220,9.084141572
4271,2019/6/27 23:00,13.26,-0.8,519,4251.03,4172.91,4336.02,4253.32,3.4,277,8.965977924
4272,2019/6/28 0:00,11.85,-0.8,530,4329.55,4323.06,4415.3,4355.97,2.4,269,9.115020184
4273,2019/6/28 1:00,12.93,-0.3,526,4264.05,4277.12,4407,4316.06,1.8,243,9.481912736
4274,2019/6/28 2:00,12.87,-0.5,532,4270.62,4244.52,4407.96,4307.7,5,280,9.063474826
4275,2019/6/28 3:00,12.72,-0.9,513,4151.7,4158,4264,4191.23,3.3,247,8.806148072
4276,2019/6/28 4:00,12.85,0,502,4080.65,4029.01,4211.85,4107.17,4.3,280,8.664213033
4277,2019/6/28 5:00,13.1,-0.4,495,4074.1,4015.15,4152.48,4080.58,2.5,285,8.624783363
4278,2019/6/28 6:00,12.95,-0.1,489,3960.59,3955.68,4126.24,4014.17,2.3,280,8.455596958
4279,2019/6/28 7:00,12.16,-0.7,481,3950.8,3888.1,4032.6,3957.17,3.3,270,8.359414322
4280,2019/6/28 8:00,11.91,-0.4,475,3852.03,3860.24,4013.31,3908.53,2.8,278,8.229059959
4281,2019/6/28 9:00,11.91,0,473,3852.84,3821.4,3986.95,3887.06,3.1,278,8.195339438
4282,2019/6/28 10:00,11.41,-0.2,453,3846.22,3787.53,3813.12,3815.62,4,278,8.091269314
4283,2019/6/28 11:00,11.91,-0.2,449,3694.99,3675.16,3787.53,3719.23,2.1,269,7.884322982
4284,2019/6/28 12:00,11.82,0.2,432,3511.2,3545.42,3648.72,3568.45,3.8,269,7.580599331
4285,2019/6/28 13:00,11.12,0,423,3576.01,3488.74,3568.18,3544.31,6.5,279,7.59770006
4286,2019/6/28 14:00,10.72,-0.5,424,3543.12,3440.97,3560.31,3514.8,3.3,279,7.490443553
4287,2019/6/28 15:00,10.6,-0.2,423,3507.27,3427.71,3598.88,3511.29,3.9,287,7.467827122
4288,2019/6/28 16:00,10.18,0,397,3334.87,3283.38,3408.37,3342.21,4.9,281,7.381494793
4289,2019/6/28 17:00,9.99,0,391,3224.58,3223.44,3349.98,3266,4.5,274,6.965082465
4290,2019/6/28 18:00,8.97,0,388,3095.4,3177.75,3345,3206.05,6.5,281,6.846868655
4291,2019/6/28 19:00,8.43,-0.1,372,3066.81,3082.34,3232.32,3127.16,4.8,263,6.637662673
4292,2019/6/28 20:00,7.49,0,342,2954.12,2925.16,3001.58,2960.29,5.5,278,6.32431576
4293,2019/6/28 21:00,7.51,0,334,2908.62,2864.5,2945.38,2906.17,3,279,6.185727499
4294,2019/6/28 22:00,7.58,0,306,2739.12,2686.5,2732.38,2719.33,2.9,258,5.815907149
4295,2019/6/28 23:00,7.01,-0.1,296,2637.42,2633.53,2697.24,2656.06,3.4,268,5.66080056
4296,2019/6/29 0:00,6.72,-0.3,285,2546.25,2467.4,2629.64,2547.76,3.4,267,5.442979419
4297,2019/6/29 1:00,6.26,-0.3,259,2393.6,2406.56,2451.19,2417.12,4.7,283,5.186694972
4298,2019/6/29 2:00,5.45,-0.1,244,2257.2,2237.2,2315.39,2269.93,3.2,279,4.805439858
4299,2019/6/29 3:00,5.12,-0.2,244,2104.29,2094.4,2115.36,2104.68,3.2,279,4.451681264
4300,2019/6/29 4:00,3.85,-0.3,184,1814.12,1738.24,1855.04,1802.47,2.8,264,3.765019276
4301,2019/6/29 5:00,2.81,-0.5,137,1497.96,1484.58,1445.84,1476.13,3.1,279,3.018859642
4302,2019/6/29 6:00,-0.68,-0.9,60,724.39,704.08,725.46,717.98,2,279,1.296544844
4303,2019/6/29 7:00,-0.87,-0.9,57,676,663.46,680.74,673.4,1.7,273,1.219192989
4304,2019/6/29 8:00,-1.12,-0.9,53,593.12,577.06,634.5,601.56,2.2,260,1.068287396
4305,2019/6/29 9:00,-1.46,-1.1,45,551.86,543.51,543.51,546.29,2.2,272,0.897169936
4306,2019/6/29 10:00,-2.85,-1.4,21,324.38,315.84,306.44,315.55,1.6,274,0.518576553
4307,2019/6/29 11:00,0.01,0.1,1,0,0,0,0,0.1,1,0.379993053
4308,2019/6/29 12:00,-10.87,-10,2,41.37,24.68,64.24,43.43,2.5,63,0.050674308
4309,2019/6/29 13:00,-10.83,-10,4,49.36,25,52.47,42.28,4.2,79,0.032755199
4310,2019/6/29 14:00,0.01,0.1,1,0,0,0,0,0.1,1,0.379993053
4311,2019/6/29 15:00,-10.1,-10,59,73.08,52.4,93.15,72.88,4.2,73,0.140148036
4312,2019/6/29 16:00,-10.04,-9.9,59,80.6,52.88,92.4,75.29,4.2,73,0.150247645
4313,2019/6/29 17:00,-10.02,-10,58,82.55,53.41,92.55,76.17,5.3,67,0.138346411
4314,2019/6/29 18:00,-10,-9.9,66,88.48,57.33,106.25,84.02,4.8,71,0.166081336
4315,2019/6/29 19:00,-10.04,-10,45,70.62,39.66,110.16,73.48,2,60,0.181780099
4316,2019/6/29 20:00,-10.12,-10,45,70.95,38.7,118.08,75.91,2,60,0.17938004
4317,2019/6/29 21:00,-9.81,-9.9,44,163.89,50.48,229.52,147.96,5.1,76,0.274334424
4318,2019/6/29 22:00,-9.85,-9.9,60,190.4,54.9,302.82,182.71,2.1,86,0.373649627
4319,2019/6/29 23:00,-8.52,-9.7,149,389.76,152.62,419.1,320.49,1.5,76,0.853646601
4320,2019/6/30 0:00,-8.31,-9.7,183,321.71,135.93,433.84,297.16,3.3,93,0.693649624
4321,2019/6/30 1:00,-7.73,-9.5,188,326.48,151.75,536.64,338.29,2.1,73,0.784701726
4322,2019/6/30 2:00,-7.81,-9.5,227,331.56,149.24,591.85,357.55,3.4,66,0.759892512
4323,2019/6/30 3:00,-7.35,-9.5,241,372.6,197.64,695.89,422.04,4,71,0.860990062
4324,2019/6/30 4:00,-7.21,-9.4,205,384.16,187.34,614.1,395.2,3.2,80,0.881739285
4325,2019/6/30 5:00,-7.54,-9.4,230,303.6,149.04,621.53,358.06,3.4,46,0.729080274
4326,2019/6/30 6:00,-6.95,-9.2,226,359.84,171.6,654.72,395.39,2.6,66,0.879018329
4327,2019/6/30 7:00,-7.25,-9.3,201,323.04,144.24,619.44,362.24,1.6,83,0.82075063
4328,2019/6/30 8:00,-7.31,-9.3,200,323.83,144.72,614.04,360.86,4.1,75,0.744045311
4329,2019/6/30 9:00,-7.29,-9.1,200,310.05,138.92,613.35,354.11,2.8,62,0.754084982
4330,2019/6/30 10:00,-7.04,-9,229,355.68,158.86,669.75,394.76,2.4,11,0.877288017
4331,2019/6/30 11:00,-6.96,-9,232,368.35,155.74,682.88,402.32,3.3,63,0.86119488
4332,2019/6/30 12:00,-6.64,-9,241,357.24,162.54,688.94,402.91,2.8,75,0.879377478
4333,2019/6/30 13:00,-6.5,-8.9,239,361.4,159.64,701.68,407.57,1.7,55,0.94250863
4334,2019/6/30 14:00,-6.79,-9,243,345.94,151.5,690.9,396.11,3.2,66,0.838612895
4335,2019/6/30 15:00,-6.46,-8.8,241,369.94,163.89,711.96,415.26,1.4,83,0.960520435
4336,2019/6/30 16:00,-6.1,-8.7,245,384.72,159.12,731.3,425.05,1.9,350,0.701294995
4337,2019/6/30 17:00,-5.9,-8.6,251,406.58,167.13,761.25,444.99,2.2,54,1.022465297
4338,2019/6/30 18:00,-5.73,-8.6,267,401.85,173.6,800.06,458.5,2.4,51,1.023974202
4339,2019/6/30 19:00,-5.7,-8.7,265,407.74,174.16,805.51,462.47,3.1,73,0.983700634
4340,2019/6/30 20:00,-5.16,-8.3,273,420.08,180.09,825.44,475.2,1.6,26,1.120323618
4341,2019/6/30 21:00,-5.31,-8.5,257,409.26,165.1,788.64,454.33,0.2,30,1.170912489
4342,2019/6/30 22:00,-5.27,-8.2,254,397.6,159.25,774.9,443.92,0,287,0.919247376
4343,2019/6/30 23:00,-5.16,-8.2,250,388.26,151.44,767.52,435.74,2.4,33,1.004037481
4344,2019/7/1 0:00,-5.23,-8.3,287,394.35,169.26,854.92,472.84,1.2,284,0.898531929
4345,2019/7/1 1:00,-4.25,-7.7,303,451.71,186.76,932.4,523.62,0.1,264,1.121111453
4346,2019/7/1 2:00,-3.33,-7.6,477,947.2,315.04,2074.18,1112.14,0,209,2.241259884
4347,2019/7/1 3:00,-3.58,-7.7,464,938.53,305.76,2318,1187.43,2.6,295,2.153180001
4348,2019/7/1 4:00,-2.48,-7.4,500,1394.82,347.33,2936.7,1559.62,0.6,235,3.005460847
4349,2019/7/1 5:00,-4.17,-8,307,767.52,193.32,1787.72,916.19,0,225,1.814516841
4350,2019/7/1 6:00,-4.06,-7.7,521,1285.86,277.78,3176.8,1580.15,0.1,320,2.761128402
4351,2019/7/1 7:00,-4.5,-8.1,425,942.34,233.6,2316.42,1164.12,1.2,323,2.104968051
4352,2019/7/1 8:00,-4.35,-7.8,473,1191.4,299.71,2785.26,1425.46,2.7,347,2.548062415
4353,2019/7/1 9:00,-3.77,-7.6,550,1448.85,411.04,2928.9,1596.26,1.7,311,2.968773568
4354,2019/7/1 10:00,-2.68,-7.4,570,1116.5,411.6,3834.88,1787.66,2.8,327,2.951674473
4355,2019/7/1 11:00,-2.02,-7.1,584,1708.77,430.7,3829.76,1989.74,1.6,297,3.766627737
4356,2019/7/1 12:00,-3.02,-7.9,304,1237.6,276.64,3727.5,1747.25,3.6,289,3.273123785
4357,2019/7/1 13:00,-3.85,-7.9,294,952.9,188.5,1912.32,1017.91,3.2,302,2.213237522
4358,2019/7/1 14:00,-4.77,-8,286,1184,266.03,2255.86,1235.3,3.3,347,2.387190335
4359,2019/7/1 15:00,-4.66,-7.9,261,926.1,325.6,1832.6,1028.1,3,346,1.924507989
4360,2019/7/1 16:00,-5.18,-8.2,463,944.28,173.76,1548.36,888.8,2.2,342,1.84672484
4361,2019/7/1 17:00,-5.2,-8,471,1542.15,290.94,3524.7,1785.93,1.1,332,3.25052843
4362,2019/7/1 18:00,-4.66,-7.6,470,1680.86,373,3163.45,1739.1,1.1,321,3.336077305
4363,2019/7/1 19:00,-4,-8,475,1143.92,222.27,3427.5,1597.9,2.2,345,2.697177257
4364,2019/7/1 20:00,-4.08,-7.8,490,1685.44,355.2,3368.96,1803.2,1.7,327,3.461041499
4365,2019/7/1 21:00,-3.91,-7.9,481,1698.24,344.98,3361.44,1801.55,1.6,332,3.476245211
4366,2019/7/1 22:00,-4.58,-8.4,204,741.6,166.75,1376.4,761.58,5.1,350,1.54079634
4367,2019/7/1 23:00,-5.4,-8.3,314,711.98,159.28,1458.24,776.5,2.7,296,1.495876851
4368,2019/7/2 0:00,-5.56,-8.3,436,1251.6,274.17,2641.32,1389.03,3.2,298,2.63608626
4369,2019/7/2 1:00,-4.5,-7.8,429,1530.88,317.77,2868.93,1572.53,2,288,3.097768097
4370,2019/7/2 2:00,-3.96,-7.7,421,1449.92,303.81,2606.52,1453.42,1.4,278,2.910702429
4371,2019/7/2 3:00,-4.27,-7.5,337,1354.24,296,2669.16,1439.8,2,287,2.769649714
4372,2019/7/2 4:00,-3.89,-7.3,371,1350.54,294,2632,1425.51,1.2,305,2.733944941
4373,2019/7/2 5:00,-5.41,-8.2,239,1033.2,211.41,1924.93,1056.51,2.4,274,2.068249099
4374,2019/7/2 6:00,-5.69,-8.2,318,1061.06,221.4,2284.62,1189.03,3.1,297,2.229788637
4375,2019/7/2 7:00,-6,-8.4,318,1113,197.64,2065.25,1125.3,4.6,309,2.263682423
4376,2019/7/2 8:00,-7.68,-9,143,402.64,92.95,853.3,449.63,2.2,317,0.679747027
4377,2019/7/2 9:00,-6.62,-8.7,241,619.92,154.14,1231.2,668.42,2.3,264,1.266237646
4378,2019/7/2 10:00,-7.66,-8.8,195,729.22,139.27,1333.22,733.9,1.6,322,1.259545107
4379,2019/7/2 11:00,-7.69,-8.9,193,752.76,160.38,1478.1,797.08,2,312,1.418762139
4380,2019/7/2 12:00,-7.73,-8.7,189,730.62,161.48,1438.23,776.78,1.7,318,1.362845229
4381,2019/7/2 13:00,-7.62,-8.6,189,713.92,146.6,1368.36,742.96,2,318,1.312201052
4382,2019/7/2 14:00,-7.66,-8.5,173,693.72,146.6,1340.34,726.89,1.4,271,1.313109672
4383,2019/7/2 15:00,-8.18,-8.8,146,609.22,130.32,1156.54,632.03,2.5,297,1.073570655
4384,2019/7/2 16:00,-8.23,-8.7,139,549,116.48,1110,591.83,1,314,0.957458679
4385,2019/7/2 17:00,-8.33,-8.7,117,495.72,108.45,946.15,516.77,1,271,0.859404282
4386,2019/7/2 18:00,-8.7,-8.9,96,404.88,93.99,789.66,429.51,1.5,303,0.621572985
4387,2019/7/2 19:00,-9.43,-9.1,68,307.45,76.78,575.12,319.78,0.1,303,0.447232173
4388,2019/7/2 20:00,-10.93,-9.9,28,166.32,39.42,269.42,158.39,0,281,0.178699923
4389,2019/7/2 21:00,0.01,0.1,1,0,0,0,0,0.1,1,0.379993053
4390,2019/7/2 22:00,-14.58,-13.5,86,475.8,157.95,864.8,499.52,2.4,282,0.701382693
4391,2019/7/2 23:00,-13.46,-12.9,111,579.86,192.96,1087.5,620.11,1.8,279,0.949460716
4392,2019/7/3 0:00,-13.46,-12.9,111,616.56,192.96,1087.5,632.34,1.8,279,1.005891879
4393,2019/7/3 1:00,-12.5,-12.6,128,690.9,230.88,1239.15,720.31,2.5,293,1.201731437
4394,2019/7/3 2:00,-11.43,-12.2,154,789.66,255.85,1458.6,834.7,3.3,277,1.498154009
4395,2019/7/3 3:00,-9.25,-11.4,212,1029.99,321.3,1932.8,1094.7,1.5,283,2.030309593
4396,2019/7/3 4:00,-8.98,-11.4,218,1058.2,327.6,1967.24,1117.68,1.8,270,2.107845819
4397,2019/7/3 5:00,-8.71,-11.2,228,1095.2,347.05,2026.08,1156.11,1.8,284,2.180476863
4398,2019/7/3 6:00,-8.18,-11,248,1169.2,357.28,2149.88,1225.45,2.4,269,2.34505747
4399,2019/7/3 7:00,-7.52,-10.7,285,1219.35,364.23,2334.3,1305.96,2.8,283,2.533185708
4400,2019/7/3 8:00,-6.93,-10.5,303,1361.6,395.89,2432.19,1396.56,2.6,281,2.780774047
4401,2019/7/3 9:00,-6.16,-10.1,345,1428.2,387.44,2639,1484.88,2.7,293,2.957078069
4402,2019/7/3 10:00,-4.62,-9.5,333,1487.99,317.86,2386.12,1397.32,3.2,289,2.977812226
4403,2019/7/3 11:00,-4.31,-9,370,1420.08,325.71,2544.35,1430.05,3.7,284,2.982228229
4404,2019/7/3 12:00,-4.23,-8.9,422,1425.9,332.64,2857.66,1538.73,3,294,3.062372881
4405,2019/7/3 13:00,-3.75,-8.6,359,1348.5,313.2,2714.4,1458.7,2.3,289,2.864873553
4406,2019/7/3 14:00,-3.58,-8.6,438,1727.52,385,2801.25,1637.92,4.2,277,3.572301849
4407,2019/7/3 15:00,-3.41,-8.4,464,1734.3,376.3,3290.61,1800.4,2.5,272,3.686607647
4408,2019/7/3 16:00,-2.33,-7.9,464,2179.71,420.6,3588.26,2062.86,4.4,272,4.662805713
4409,2019/7/3 17:00,-2.08,-7.5,451,2089.47,417.13,3199.2,1901.93,3,275,4.151534854
4410,2019/7/3 18:00,-2.37,-7.8,471,1896.88,379.48,3536.04,1937.47,3.4,274,4.126021103
4411,2019/7/3 19:00,-2.48,-7.5,434,1759.3,469.3,3473.55,1900.72,2.7,287,3.830428242
4412,2019/7/3 20:00,-2.06,-7.5,439,2108.3,462.72,2935.3,1835.44,3.6,275,4.007861102
4413,2019/7/3 21:00,-2.12,-7.5,338,1966.56,349.86,2545.6,1620.67,2.8,282,3.638725076
4414,2019/7/3 22:00,-2.64,-7.6,347,1488.3,328.44,2402.12,1406.29,3.3,270,3.004532633
4415,2019/7/3 23:00,-3,-7.7,322,1332.16,285.2,2106.54,1241.3,3.1,270,2.663222728
4416,2019/7/4 0:00,-3.33,-7.5,311,1412.32,301.56,2184.16,1299.35,2.9,282,2.751426508
4417,2019/7/4 1:00,-3.1,-7.4,380,1453.32,324.45,2500.83,1426.2,2.9,279,2.940520107
4418,2019/7/4 2:00,-2.79,-7.2,400,1873.08,338.87,2745.16,1652.37,2.4,288,3.549824621
4419,2019/7/4 3:00,-2.58,-7.3,400,1781.15,370.77,2966.45,1706.12,2.7,280,3.57937166
4420,2019/7/4 4:00,-2.16,-7,379,1908.72,375.44,2667.1,1650.42,4,285,3.686517312
4421,2019/7/4 5:00,-2.06,-6.8,348,1597.83,355.74,2596.08,1516.55,2.4,272,3.166771525
4422,2019/7/4 6:00,-2.21,-6.7,371,1544.25,340.75,2353.05,1412.68,3.2,283,3.016375596
4423,2019/7/4 7:00,-1.67,-6.5,422,1764.18,392.58,2771.4,1642.72,3,296,3.459767022
4424,2019/7/4 8:00,-0.37,-6.1,416,1893.6,392.04,3241.2,1842.28,3,274,3.914076034
4425,2019/7/4 9:00,3.16,-5.7,621,3294.62,685.9,4555.82,2845.45,4.5,290,6.722407443
4426,2019/7/4 10:00,3.76,-5.5,618,3964.92,684,4593.6,3080.84,4.8,277,7.563484981
4427,2019/7/4 11:00,4.22,-5.7,569,4067.98,669.28,4106.7,2947.99,5.4,270,7.410279103
4428,2019/7/4 12:00,5.62,-5.1,563,4165.56,738.4,4293.52,3065.83,3.4,277,7.437612086
4429,2019/7/4 13:00,6.82,-4.4,619,4583.04,835.38,5117.56,3511.99,2.4,282,8.463852444
4430,2019/7/4 14:00,6.95,-4.7,652,4115.46,927.01,5082.7,3375.06,3.8,279,8.157770444
4431,2019/7/4 15:00,7.99,-4.4,657,4581.6,1063.3,4765.8,3470.23,3.2,278,8.457440552
4432,2019/7/4 16:00,10.6,-5,623,4388.76,1753.92,4569.27,3570.65,5,277,8.458745235
4433,2019/7/4 17:00,11.24,-5,654,4941.72,2661.33,4816.28,4139.78,4.8,279,9.553505785
4434,2019/7/4 18:00,11.41,-4.9,643,4715.28,2930.22,4840.56,4162.02,3.9,278,9.278981529
4435,2019/7/4 19:00,11.22,-5,608,4802.92,3166.32,4647.63,4205.62,4.8,281,9.352780585
4436,2019/7/4 20:00,11.97,-4.2,670,5175.63,4164.88,5453.25,4931.25,2.2,271,10.68755808
4437,2019/7/4 21:00,13.41,-3.5,648,4866.65,4421.76,4934.07,4740.83,3.4,270,10.03171823
4438,2019/7/4 22:00,12.18,-4.1,557,4786.26,5147.1,4375.7,4769.69,5.4,277,9.816323632
4439,2019/7/4 23:00,11.39,-3.7,583,4329.63,4715.69,4667.1,4570.81,2.7,283,9.366543153
4440,2019/7/5 0:00,10.2,-4.5,565,4173.12,4195.04,4495.28,4287.81,4.8,282,8.892504851
4441,2019/7/5 1:00,10.28,-4.4,610,4688.25,4722.36,4841.82,4750.81,3.4,292,9.30252424
4442,2019/7/5 2:00,10.22,-3.9,599,4840.56,4628.4,4686.96,4718.64,3.9,281,9.880227879
4443,2019/7/5 3:00,11.3,-4,602,4541.07,4588.5,4693.58,4607.72,3.7,275,9.542024672
4444,2019/7/5 4:00,11.81,-4.1,608,4594.28,4554.56,4719.54,4622.79,4,275,9.609665233
4445,2019/7/5 5:00,11.6,-3.7,635,4494.6,4561.44,4798.2,4618.08,2.8,289,9.510766495
4446,2019/7/5 6:00,11.28,-4.2,623,4527.85,4652.54,4798.2,4659.53,3.2,274,9.596610418
4447,2019/7/5 7:00,11.31,-3,542,4606.41,4633.61,4494.6,4578.21,1.6,289,9.627677994
4448,2019/7/5 8:00,10.49,-3.7,611,4217.18,4579.68,4851,4549.29,4.2,272,9.300760631
4449,2019/7/5 9:00,11.1,-3.4,570,4507.8,4613.4,4454.84,4525.35,4.5,284,9.387179717
4450,2019/7/5 10:00,11.39,-4.3,608,4778.4,4724.44,4890.6,4797.81,4.6,276,9.992657789
4451,2019/7/5 11:00,12.16,-3.7,655,5232.46,5269.14,5250.12,5250.57,2.8,277,10.95201999
4452,2019/7/5 12:00,12.45,-3.4,657,5158.72,5250.12,5210.94,5206.59,4.8,270,10.80471283
4453,2019/7/5 13:00,13.3,-4,631,4823.88,5052.33,5137.76,5004.66,4.4,281,10.34136023
4454,2019/7/5 14:00,12.54,-4.1,592,4566.15,4650.5,4473.65,4563.43,4.9,277,11.01829784
4455,2019/7/5 15:00,12.35,-3.3,595,4421.76,4454.66,4724.44,4533.62,4.4,284,9.416066706
4456,2019/7/5 16:00,12.72,-3.2,526,4540.8,4395.53,4309.86,4415.4,3,299,9.376246247
4457,2019/7/5 17:00,9.16,-3.7,510,3376.8,3448.39,3873.51,3566.23,5.1,264,7.445276039
4458,2019/7/5 18:00,7.43,-3.5,491,3780,3551.98,3904.32,3745.43,3.3,280,7.816867452
4459,2019/7/5 19:00,7.72,-3,529,3253.5,3661.12,3978.24,3630.95,2.7,282,7.337472003
4460,2019/7/5 20:00,7.12,-2.8,494,3747.44,4012.58,3781.14,3847.05,2.2,272,7.920122373
4461,2019/7/5 21:00,8.41,-3.2,583,4121.04,3845.8,4254.5,4073.78,4.2,275,8.44294246
4462,2019/7/5 22:00,9.76,-3.1,534,3780.88,4241.8,3828.58,3950.42,4.2,276,8.076333203
4463,2019/7/5 23:00,10.64,-3.3,582,3475.78,4087.59,4335.12,3966.16,4.6,277,8.088022808
4464,2019/7/6 0:00,6.58,-3.2,364,2490.75,2535,2656.68,2560.81,3.4,300,7.044717242
4465,2019/7/6 1:00,5.91,-3.6,450,3421.83,3245.62,3313.52,3326.99,5.4,276,6.997342192
4466,2019/7/6 2:00,3.87,-3.4,506,3171.68,3536.28,4029.7,3579.22,4.5,285,7.188669602
4467,2019/7/6 3:00,6.16,-3.3,534,4542.67,4509.1,4643.7,4565.16,5.6,275,9.463032781
4468,2019/7/6 4:00,7.64,-3.2,530,4515.75,4132.22,4422,4356.66,4.9,279,9.148664458
4469,2019/7/6 5:00,10.2,-3.2,530,4374.72,4247.8,4428.78,4350.43,4.9,279,9.113322739
4470,2019/7/6 6:00,8.18,-2.9,517,4272.32,4214.7,4382.19,4289.74,3.1,280,8.906583072
4471,2019/7/6 7:00,7.33,-2.6,517,4273.16,4229.1,4220.16,4240.81,3.1,280,8.803182808
4472,2019/7/6 8:00,8.08,-3,495,4085.11,4113.8,4173.12,4124.01,4.2,277,8.566839653
4473,2019/7/6 9:00,7.83,-2.7,485,4124.88,4079.04,4120.5,4108.14,3.4,284,8.565290022
4474,2019/7/6 10:00,6.99,-3,466,3793.5,3697.21,3892.7,3794.47,4.2,277,7.910094151
4475,2019/7/6 11:00,6.6,-2.9,443,3845.36,3767.66,3817.99,3810.34,4.3,278,7.963514501
4476,2019/7/6 12:00,5.64,-3,452,3737.36,3676.11,3777.66,3730.38,4.5,278,8.03222197
4477,2019/7/6 13:00,6.27,-3.2,451,3692.4,3696.42,3791.2,3726.67,4.1,279,7.745701233
4478,2019/7/6 14:00,6.16,-2.9,377,3296.04,3268.8,3334.98,3299.94,3.7,282,6.966734974
4479,2019/7/6 15:00,4.49,-3.4,336,2936.9,2932.6,3012.03,2960.51,3.9,276,6.253159024
4480,2019/7/6 16:00,4.41,-3.6,332,2890.7,2868.6,2975.4,2911.57,2.7,284,6.155248133
4481,2019/7/6 17:00,4.41,-3.7,317,2842.75,2831.76,2871.22,2848.58,4.8,279,6.066266477
4482,2019/7/6 18:00,3.72,-3.8,277,2556.19,2552.48,2572.5,2560.39,4.2,282,5.473341482
4483,2019/7/6 19:00,3.58,-3.8,271,2490.56,2500.68,2538.2,2509.81,3.3,280,5.340985286
4484,2019/7/6 20:00,3.3,-3.9,261,2452.84,2435.52,2462.74,2450.37,3.3,269,5.22292438
4485,2019/7/6 21:00,2.43,-3.8,238,2238.84,2273.7,2291.04,2267.86,4.1,279,5.000659687
4486,2019/7/6 22:00,1.87,-4.1,225,2183.56,2162.83,2176.65,2174.35,3.8,269,4.625855429
4487,2019/7/6 23:00,1.33,-4,220,2079,2041.4,2141.37,2087.26,3.7,279,4.404456596
4488,2019/7/7 0:00,1.05,-4,198,1957.08,1940.4,1961.19,1952.89,4.2,274,4.134842523
4489,2019/7/7 1:00,0.64,-4.1,188,1894.62,1854.56,1882.24,1877.14,2.9,259,3.940855105
4490,2019/7/7 2:00,-0.02,-4.2,169,1737.5,1700.3,1720.59,1719.46,2.7,269,3.570520598
4491,2019/7/7 3:00,-0.35,-4.1,160,1614.69,1623.96,1633.12,1623.92,2.5,283,3.306720254
4492,2019/7/7 4:00,-0.62,-4.2,155,1561.5,1538.46,1600.83,1566.93,2.9,279,3.189532319
4493,2019/7/7 5:00,-0.94,-4.2,134,1444.19,1406.79,1417.8,1422.93,2.6,275,2.883897717
4494,2019/7/7 6:00,-1.56,-4.2,125,1275.12,1247.4,1337.49,1286.67,3,279,2.535323357
4495,2019/7/7 7:00,-2,-4.4,110,1217.92,1198.89,1202.34,1206.38,2.7,272,2.374760152
4496,2019/7/7 8:00,-2.29,-4.4,101,1159.2,1115.73,1122.66,1132.53,3.4,279,2.22486352
4497,2019/7/7 9:00,-3,-4.7,86,996.48,963.27,988.13,982.63,2.3,278,1.862663131
4498,2019/7/7 10:00,-3.35,-4.7,79,876.3,912.12,903.9,897.44,2.3,278,1.636163332
4499,2019/7/7 11:00,-4.6,-4.9,58,665.42,656.64,652.65,658.24,2,264,1.41774431
4500,2019/7/7 12:00,-4.79,-4.9,54,617.4,609.65,606.09,611.05,2.1,257,1.086697787
4501,2019/7/7 13:00,-5.54,-5,43,462.4,496.4,497.86,485.55,1.9,270,0.778008713
4502,2019/7/7 14:00,-16.71,-17.4,92,1073,1081.92,1001.88,1052.27,2,276,1.928285125
4503,2019/7/7 15:00,-16.35,-17.1,100,1112.64,1114.16,1081.88,1102.89,2.2,276,2.031430642
4504,2019/7/7 16:00,-15.66,-17,108,1219.1,1250.01,1169.6,1212.9,1.9,277,2.275053419
4505,2019/7/7 17:00,-13.02,-16.3,151,1611.09,1615.51,1647.54,1624.71,2,281,3.222535848
4506,2019/7/7 18:00,-12.14,-16.2,164,1730.26,1759.34,1783.5,1757.7,2.2,274,3.531572737
4507,2019/7/7 19:00,-11.46,-16.1,169,1863.68,1899.5,1841.84,1868.34,2,276,3.808324265
4508,2019/7/7 20:00,-10.73,-15.7,187,1972,1925.07,1982.75,1959.94,2.2,282,4.039803973
4509,2019/7/7 21:00,-10.73,-15.7,187,2040.06,2054.58,1982.75,2025.8,2.2,282,4.175958096
4510,2019/7/7 22:00,-8.79,-15,226,2221.71,2277.45,2336.75,2278.64,3.1,276,4.687789431
4511,2019/7/7 23:00,-7.5,-13.9,259,2473.65,2487.99,2620.7,2527.45,3,282,5.081468024
4512,2019/7/8 0:00,-7.43,-13.9,262,2531.1,2530.88,2649.42,2570.47,2.8,277,5.297073562
4513,2019/7/8 1:00,-7.14,-13.9,267,2595.54,2552.52,2685,2611.02,3.7,282,5.411017705
4514,2019/7/8 2:00,-6.89,-13.9,274,2616.9,2627.72,2720.8,2655.14,3.1,282,5.47845511
4515,2019/7/8 3:00,-6.43,-13.5,286,2663.52,2677.5,2823.48,2721.5,3.2,277,5.595548482
4516,2019/7/8 4:00,-5.91,-13.4,296,2738.45,2795.65,2912.08,2815.39,2.2,276,5.774215881
4517,2019/7/8 5:00,-4.91,-12.5,323,2946.5,2931.12,3101.04,2992.89,3.3,265,6.140663376
4518,2019/7/8 6:00,-4.89,-12,339,3051.48,3064.04,3228.9,3114.81,2.5,271,6.348885045
4519,2019/7/8 7:00,-4.94,-12,344,3157.68,3221.4,3268.78,3215.95,2.2,281,6.552604932
4520,2019/7/8 8:00,-4.75,-11.7,379,3332.32,3372.16,3484.8,3396.43,4,275,6.856325565
4521,2019/7/8 9:00,-3.21,-11.2,403,3442.56,3545.1,3652.21,3546.62,1.9,270,7.16733772
4522,2019/7/8 10:00,-2.7,-11,411,3517.02,3587.72,3711.69,3605.48,2.2,286,7.306054629
4523,2019/7/8 11:00,-2.43,-10.8,417,3631.37,3619.2,3735.92,3662.16,2.2,276,7.456453124
4524,2019/7/8 12:00,-1,-10.4,437,3726.78,3753,3839.22,3773,1.6,265,7.695255539
4525,2019/7/8 13:00,-0.66,-10.2,441,3754.54,3765.95,3880.8,3800.43,1.9,272,7.754614271
4526,2019/7/8 14:00,1.16,-9.8,490,4084.8,4099.55,4280.64,4155,3.4,278,8.468845311
4527,2019/7/8 15:00,1.1,-9.2,502,4182.23,4192.2,4362.45,4245.63,2.8,276,8.658194103
4528,2019/7/8 16:00,2.03,-9.2,546,4521,4555.61,4624,4566.87,5,282,9.327091105
4529,2019/7/8 17:00,2.45,-8.8,546,4528.48,4569.27,4664.88,4587.54,5,282,9.379440837
4530,2019/7/8 18:00,2.56,-8.4,554,4623.91,4644.42,4692,4653.44,2.3,275,9.581045613
4531,2019/7/8 19:00,2.74,-8.7,568,4698.98,4712.26,4786.39,4732.54,3.1,278,9.749349639
4532,2019/7/8 20:00,3.28,-8.7,572,4732.95,4711.72,4820.58,4755.08,1.7,277,9.839485548
4533,2019/7/8 21:00,3.37,-8.4,571,4746.4,4752.54,4799.93,4766.29,1.9,287,9.865001898
4534,2019/7/8 22:00,4.72,-8.2,592,4853.68,4906.17,4939.82,4899.89,3.4,282,10.12640801
4535,2019/7/8 23:00,6.1,-7.8,608,4912.9,4984.05,5045.1,4980.68,2.9,277,10.31675395
4536,2019/7/9 0:00,6.26,-7.6,612,5007.12,5029.18,5076.8,5037.7,3.2,279,10.46447333
4537,2019/7/9 1:00,6.93,-8,632,5159.99,5180.35,5228.1,5189.48,3.9,267,10.79334708
4538,2019/7/9 2:00,6.3,-7.2,638,5159,5187,5298.72,5214.91,3.1,272,10.85314432
4539,2019/7/9 3:00,6.3,-7.2,638,5182.59,5204.55,5298.72,5228.62,3.1,272,10.88845686
4540,2019/7/9 4:00,4.91,-6.8,644,5286.3,5278.8,5393.15,5319.42,2.9,288,11.11180319
4541,2019/7/9 5:00,4.66,-6.7,652,5265.03,5326.65,5474.52,5355.4,3.4,268,11.12686311
4542,2019/7/9 6:00,4.87,-6.1,653,5360,5387.94,5441.22,5396.39,3.4,308,11.24535727
4543,2019/7/9 7:00,4.68,-5.9,659,5435.1,5426.4,5507.82,5456.44,3,293,11.40019508
4544,2019/7/9 8:00,4.12,-6,671,5505.87,5546.1,5664.64,5572.2,3.6,281,11.58747349
4545,2019/7/9 9:00,3.6,-6,671,5584.32,5596.13,5664.64,5615.03,3.4,290,11.71183712
4546,2019/7/9 10:00,4.05,-5.9,673,5570.88,5612.6,5684.68,5622.72,1.2,293,11.75898022
4547,2019/7/9 11:00,3.66,-5.8,678,5639.67,5592.65,5712.35,5648.22,2.3,272,11.8278539
4548,2019/7/9 12:00,3.87,-5.9,682,5695,5551.04,5750.24,5665.43,2.6,294,12.0407857
4549,2019/7/9 13:00,4.51,-5.5,683,5671.32,5613.76,5750.24,5678.44,1.2,302,11.93506443
4550,2019/7/9 14:00,5.18,-5.9,686,5667.66,5634.45,5785.88,5696,3.4,298,11.88931628
4551,2019/7/9 15:00,5.31,-5.9,686,5682.84,5682.6,5785.88,5717.11,3.7,297,11.89962205
4552,2019/7/9 16:00,6.35,-5.6,688,5710.4,5663.64,5821.2,5731.75,3.2,328,11.9702121
4553,2019/7/9 17:00,10.05,-4.9,690,5678.85,5702.76,5713.5,5698.37,2.6,276,11.88911453
4554,2019/7/9 18:00,8.07,-4.9,690,5641.6,5737.6,5731.08,5703.43,2,286,11.87352819
4555,2019/7/9 19:00,7.91,-5.1,699,5621.92,5720,5791.5,5711.14,1.8,325,11.89716073
4556,2019/7/9 20:00,7.95,-5,698,5587.15,5765.99,5826.45,5726.53,0,262,11.78429619
4557,2019/7/9 21:00,8.47,-4.9,695,5796.98,5752.5,5939.72,5829.73,2.3,293,12.17722503
4558,2019/7/9 22:00,8.97,-4.5,695,5750.92,5710.64,5928,5796.52,1.2,269,12.10143501
4559,2019/7/9 23:00,9.28,-4.3,690,5726.5,5758.3,5784.18,5756.33,3.7,280,11.93722457
4560,2019/7/10 0:00,9.99,-3.9,685,5696.25,5746.95,5722.7,5721.97,2,287,11.94444941
4561,2019/7/10 1:00,9.87,-4.2,687,5724.18,5749.4,5746.95,5740.18,0.2,298,12.03541685
4562,2019/7/10 2:00,9.6,-4.1,692,5763.68,5736.48,5844.96,5781.71,2.4,285,12.07432264
4563,2019/7/10 3:00,8.74,-4.5,684,5731.25,5760.72,5835.4,5775.79,2.1,283,12.03880957
4564,2019/7/10 4:00,8.06,-4.2,673,5698.28,5668,5731.08,5699.12,0.9,294,11.96043596
4565,2019/7/10 5:00,8.06,-4.2,671,5630.94,5603,5711.52,5648.49,0.1,309,11.83775619
4566,2019/7/10 6:00,8.37,-4.2,671,5641.04,5609.5,5672.4,5640.98,2.5,282,11.79906487
4567,2019/7/10 7:00,11.78,-4.3,656,5411.6,5419.94,5590,5473.85,3.8,281,11.397108
4568,2019/7/10 8:00,12.24,-4,661,5426.43,5447.74,5600.68,5491.62,3.7,286,11.42808332
4569,2019/7/10 9:00,11.26,-4.1,652,5439.96,5457.24,5504.79,5467.33,3.6,275,11.39465078
4570,2019/7/10 10:00,11.14,-4.9,635,5152.17,5202.96,5161,5172.04,4.5,271,10.7458856
4571,2019/7/10 11:00,7.64,-4.9,630,5191.29,5224.52,5303.48,5239.76,6.9,272,10.87552754
4572,2019/7/10 12:00,10.56,-5.2,624,5185.84,5166.56,5204.78,5185.73,4.6,281,10.79930913
4573,2019/7/10 13:00,10.16,-4.7,608,4968.36,5011.34,5055.6,5011.77,6.9,276,10.45269368
4574,2019/7/10 14:00,9.76,-4.2,601,4989.16,4979.13,4998.1,4988.8,3.8,283,10.37787786
4575,2019/7/10 15:00,8.59,-4.2,597,4842.42,4887.75,4972.5,4900.89,3.7,277,10.13929315
4576,2019/7/10 16:00,7.35,-4.3,580,4784.23,4796.73,4835.75,4805.57,2.4,279,9.951811438
4577,2019/7/10 17:00,8.31,-4.3,577,4709.76,4689.01,4801.86,4733.54,4.8,273,9.816388471
4578,2019/7/10 18:00,8.41,-4.7,565,4595.84,4608.97,4730.2,4645,5.1,287,9.620244083
4579,2019/7/10 19:00,6.99,-4.2,559,4603.2,4582.8,4710.42,4632.14,4.1,277,9.573539027
4580,2019/7/10 20:00,6.99,-4.4,559,4515.68,4522.5,4677.35,4571.84,4.1,277,9.429546182
4581,2019/7/10 21:00,6.02,-4.7,548,4502.32,4522.54,4629.9,4551.59,5.3,278,9.385495662
4582,2019/7/10 22:00,6.47,-4,544,4468.62,4468.92,4609.77,4515.77,4.1,295,9.303841028
4583,2019/7/10 23:00,6.26,-4,548,4414.28,4495.7,4542.67,4484.22,2.1,286,9.213297077
4584,2019/7/11 0:00,6.01,-3.9,522,4401,2954.7,4408.71,3921.47,1.9,280,8.457125706
4585,2019/7/11 1:00,7.6,-4.5,492,4029.75,3976.6,4113.23,4039.86,5.8,276,8.428680738
4586,2019/7/11 2:00,7.57,-4.5,471,3794.62,3815.91,3910.13,3840.22,2.2,282,8.010108896
4587,2019/7/11 3:00,7.87,-4,454,3728.42,3776.64,3817.99,3774.35,1.9,272,7.900549532
4588,2019/7/11 4:00,7.14,-4.3,440,3673.3,3673.3,3722.88,3689.83,4.1,282,7.729608471
4589,2019/7/11 5:00,6.87,-4.4,436,3589.56,3612.64,3616.69,3606.3,4.1,287,7.557138662
4590,2019/7/11 6:00,6.6,-4.5,435,3537.59,3558.72,3684.2,3593.5,4.1,280,7.511142962
4591,2019/7/11 7:00,5.8,-4.4,405,3430.46,3428.95,3520.4,3459.94,3.3,280,7.256305231
4592,2019/7/11 8:00,5.22,-4.2,400,3370.95,3318.4,3478.14,3389.16,2.1,279,7.101922496
4593,2019/7/11 9:00,5.55,-4.4,395,3298,3282.38,3405.31,3328.56,2.5,264,6.984351202
4594,2019/7/11 10:00,3.26,-5,251,2188.8,1841.4,1961.96,1997.39,4,285,4.478706857
4595,2019/7/11 11:00,2.12,-5.2,240,2242.5,2318.4,2144.05,2234.98,3,278,4.769476899
4596,2019/7/11 12:00,1.72,-4.7,239,2076.9,2308.15,2123.5,2169.52,2,260,4.509882304
4597,2019/7/11 13:00,1.79,-4.8,292,2144.46,2269.76,2635.8,2350.01,2.1,275,4.810613189
4598,2019/7/11 14:00,1.83,-5,220,1954.26,2052,2075.55,2027.27,2.2,254,4.25078084
4599,2019/7/11 15:00,0.99,-5,181,1577.81,1674.27,1760.45,1670.84,1.6,270,3.609039971
4600,2019/7/11 16:00,-0.04,-5.2,140,1504.2,1690.02,1458.56,1550.93,2.9,265,3.174082892
4601,2019/7/11 17:00,-1.62,-5.1,167,1445.6,1543.16,1593.84,1527.53,1,232,3.058545822
4602,2019/7/11 18:00,-1.48,-4.9,166,1695.8,1598.5,1656.27,1650.19,1.2,278,3.415857719
4603,2019/7/11 19:00,-1.87,-4.9,162,1496.4,1414.5,1297.2,1402.7,3.1,282,2.909324373
4604,2019/7/11 20:00,-2.52,-5,114,1028.1,1178.1,1135.2,1113.8,4,283,2.105887973
4605,2019/7/11 21:00,-4.35,-5.4,89,1049.45,1028.1,1018.71,1032.09,5.3,279,2.040488438
4606,2019/7/11 22:00,-5.33,-5.6,69,756.8,633.33,709.28,699.8,3.3,282,1.28509215
4607,2019/7/11 23:00,-6.43,-5.8,61,648.6,662.4,664.32,658.44,6.5,279,1.505269211
4608,2019/7/12 0:00,-6.54,-5.8,58,621.9,626.99,627.9,625.6,5.9,281,1.13157602
4609,2019/7/12 1:00,-14.99,-15.9,125,1346.88,1354.2,1317.68,1339.59,1.5,269,2.542652641
4610,2019/7/12 2:00,-14.75,-15.8,129,1399.68,1398.12,1370.25,1389.35,1.1,276,2.651381178
4611,2019/7/12 3:00,-13.27,-15.2,157,1650.29,1650.29,1682,1660.86,1,278,3.250488937
4612,2019/7/12 4:00,-12.95,-15,166,1701.18,1744.8,1773.8,1739.93,2.2,303,3.393170342
4613,2019/7/12 5:00,-12.39,-14.9,175,1877.75,1923.9,1863.25,1888.3,0.9,305,3.753851538
4614,2019/7/12 6:00,-11.45,-14.4,207,2044.5,2069.1,2137.12,2083.57,2.4,303,4.171330278
4615,2019/7/12 7:00,-11.02,-14.4,212,2164.76,2173.22,2169,2168.99,2.1,283,4.403544106
4616,2019/7/12 8:00,-8,-12.5,340,3034.18,3057.32,3203.2,3098.23,1.4,310,6.239783351
4617,2019/7/12 9:00,-7.5,-12.2,349,3179.04,3196.88,3277.26,3217.73,2.1,281,6.48325389
4618,2019/7/12 10:00,-6.99,-11.7,388,3427.02,3486.1,3497.52,3470.21,3.3,288,6.935314241
4619,2019/7/12 11:00,-6.91,-11.4,402,3424.72,3497.52,3577.42,3499.89,2,302,6.985177017
4620,2019/7/12 12:00,-5.81,-10.9,420,3617.88,3628.84,3711.75,3652.82,2.2,275,7.326208001
4621,2019/7/12 13:00,-5.43,-10.7,436,3713.56,3734.64,3822.72,3756.97,1.7,285,7.542695627
4622,2019/7/12 14:00,-3.66,-10.1,502,4222.9,4240.34,4336.8,4266.68,1.6,296,8.634396097
4623,2019/7/12 15:00,-3.33,-9.6,514,4314.43,4294.32,4439.28,4349.34,1.6,310,8.823012171
4624,2019/7/12 16:00,-2.7,-9.4,526,4328.37,4391.1,4462.92,4394.13,2.7,313,8.893505259
4625,2019/7/12 17:00,-3.04,-9.4,528,4413.25,4449.56,4483.71,4448.84,0,304,9.059819016
4626,2019/7/12 18:00,-1.89,-9,550,4524.88,4574.7,4657.76,4585.78,1.3,317,9.359485589
4627,2019/7/12 19:00,-0.42,-8.6,601,4911.45,4930.86,5039.4,4960.57,3.8,338,10.2411762
4628,2019/7/12 20:00,0.7,-8,619,5106.8,5091.04,5167.19,5121.68,2.7,325,10.70164775
4629,2019/7/12 21:00,-0.06,-8,624,5160.4,5165.51,5254.5,5193.47,1.9,169,10.69956179
4630,2019/7/12 22:00,0.45,-7.4,633,5203.66,5260.29,5338,5267.32,2.3,309,11.00576748
4631,2019/7/12 23:00,0.56,-7.7,635,5264.13,5267.06,5322.3,5284.5,2.3,289,11.07055833
4632,2019/7/13 0:00,1.06,-7.3,638,5255.46,5278.5,5369.76,5301.24,2,328,11.10492201
4633,2019/7/13 1:00,1.06,-7.3,638,5322.3,5290.9,5369.76,5327.65,2,328,11.19816238
4634,2019/7/13 2:00,1.45,-7,649,5402.46,5338.08,5466.14,5402.23,0.2,334,11.33823899
4635,2019/7/13 3:00,0.72,-7.6,655,5403.66,5467.5,5517.12,5462.76,3.6,6,11.23454347
4636,2019/7/13 4:00,2.35,-7,660,5451.3,5473.9,5542.46,5489.22,1,272,11.48243875
4637,2019/7/13 5:00,3.22,-6.9,665,5448.52,5482.74,5557.76,5496.34,1.6,315,11.54598537
4638,2019/7/13 6:00,2.7,-7.7,663,5427,5512.56,5577.8,5505.79,2.2,318,11.58151069
4639,2019/7/13 7:00,3.7,-6.5,661,5437.52,5464.72,5494.5,5465.58,1.5,289,11.45332998
4640,2019/7/13 8:00,3.76,-6.5,674,5556.11,5403.45,5604.16,5521.24,1.5,318,11.68186688
4641,2019/7/13 9:00,3.95,-6.7,677,5597.84,5491.28,5639.2,5576.11,2.3,263,11.72247263
4642,2019/7/13 10:00,4.05,-6.4,684,5664.64,5695.17,5683.84,5681.22,0.5,296,11.92318171
4643,2019/7/13 11:00,4.78,-6.5,694,5709.52,5711.04,5772.84,5731.13,1.7,309,12.06107902
4644,2019/7/13 12:00,4.18,-6.7,627,5494.5,5547.78,4727.68,5256.65,1.4,309,11.11484794
4645,2019/7/13 13:00,5.01,-6.4,690,5624.08,5777.24,5796.97,5732.76,0.5,308,11.93074284
4646,2019/7/13 14:00,4.97,-6.7,702,5633.62,5838.74,5920.2,5797.52,1,352,12.03629172
4647,2019/7/13 15:00,5.95,-6.6,691,5728.8,5803.3,5926.14,5819.41,1.1,346,12.15451713
4648,2019/7/13 16:00,7.47,-5.5,671,5724.6,5696.19,5765.99,5728.93,0,352,12.02853893
4649,2019/7/13 17:00,7.53,-5.5,676,5669.91,5731.25,5713.76,5704.97,0.4,273,11.90474438
4650,2019/7/13 18:00,7.24,-6.3,677,5713.53,5661.28,5807.88,5727.56,1.8,312,12.04666514
4651,2019/7/13 19:00,6.74,-5.9,690,5777.24,5735.31,5820.6,5777.72,0.1,321,12.15943359
4652,2019/7/13 20:00,7.08,-5.6,689,5775,5739.87,5802.8,5772.56,0,24,12.20840308
4653,2019/7/13 21:00,7.33,-6.7,685,5746.56,5717.69,5760.72,5741.66,0.7,49,12.0456348
4654,2019/7/13 22:00,6.93,-6.7,684,5715.96,5657.04,5741.28,5704.76,0.4,264,11.98766412
4655,2019/7/13 23:00,6.66,-7.1,681,5700.64,5702.76,5754.24,5719.21,1,38,11.95825193
4656,2019/7/14 0:00,7.39,-7,677,5676.72,5663.7,5717.69,5686.04,2.1,3,11.85635853
4657,2019/7/14 1:00,7.29,-5.7,676,5652.22,5654.98,5668.04,5658.41,2.3,261,11.82055986
4658,2019/7/14 2:00,10.66,-6.1,677,5534.1,5574.81,5602.34,5570.42,1.1,326,11.68981396
4659,2019/7/14 3:00,7.06,-7,662,5495.45,5502.88,5520.96,5506.43,0.8,307,11.5854239
4660,2019/7/14 4:00,7.74,-6.2,662,5492.52,5395,5548.95,5478.82,1.8,285,11.53021431
4661,2019/7/14 5:00,8.76,-6.3,662,5469.25,5393.19,5551,5471.15,1.4,355,11.66980109
4662,2019/7/14 6:00,7.6,-6.5,662,5482.35,5422.83,5553.03,5486.07,1.3,325,11.55092728
4663,2019/7/14 7:00,9.62,-5.5,648,5266.2,5326.56,5371.92,5321.56,0.7,14,11.20726284
4664,2019/7/14 8:00,10.6,-6.4,648,5183.4,5256.75,5306.56,5248.9,0,341,10.93911661
4665,2019/7/14 9:00,9.01,-4.9,641,5192,5224.45,5266.59,5227.68,0.9,304,10.90920151
4666,2019/7/14 10:00,8.37,-5.4,640,5209.48,5245.08,5310.48,5255.01,1.1,350,10.9448828
4667,2019/7/14 11:00,7.97,-5.6,637,5177.16,5162.43,5237.06,5192.22,1.4,10,10.97599716
4668,2019/7/14 12:00,11.22,-5.3,624,5045.25,5033.66,5124.72,5067.88,2.5,280,10.57403108
4669,2019/7/14 13:00,9.14,-5.4,622,5031.52,5031,5099.93,5054.15,0.8,319,10.54637463
4670,2019/7/14 14:00,11.03,-5.5,611,4878.84,4932.4,4975.43,4928.89,1.1,262,10.2512079
4671,2019/7/14 15:00,9.14,-4.9,601,4833.06,4884.44,4891.92,4869.81,2.3,298,10.10006704
4672,2019/7/14 16:00,7.89,-5.6,598,4828.16,4860.96,4878.84,4855.99,1.4,6,10.17916363
4673,2019/7/14 17:00,7.16,-5.7,596,4810.7,4856.04,4881.51,4849.42,0,326,10.31026163
4674,2019/7/14 18:00,9.08,-5.5,587,4737.6,4774.95,4780.74,4764.43,0,336,9.913132722
4675,2019/7/14 19:00,9.79,-5.9,581,4698.12,4742.88,4716,4719,0.2,323,9.850692818
4676,2019/7/14 20:00,7.58,-5.4,567,4581.04,4587,4600.2,4589.41,0.9,304,9.536576803
4677,2019/7/14 21:00,10.33,-6,536,4270.06,4257.44,4388.86,4305.45,1.3,322,9.002868681
4678,2019/7/14 22:00,9.1,-5.2,530,4223.79,4204.42,4329.48,4252.56,0,293,8.88436509
4679,2019/7/14 23:00,8.37,-5.5,527,4229.4,4230.4,4296.6,4252.13,0.9,260,8.856385799
4680,2019/7/15 0:00,8.93,-5.7,516,4077.92,4111.42,4216.94,4135.43,0,274,8.631076785
4681,2019/7/15 1:00,9.93,-5.5,502,4037.67,4033.54,4079.97,4050.39,0,264,8.543788243
4682,2019/7/15 2:00,10.85,-5.5,493,3978.62,3955.68,4000.64,3978.31,0,289,8.457188612
4683,2019/7/15 3:00,10.22,-5,490,3890.25,3894,3979.22,3921.16,2,285,8.254167383
4684,2019/7/15 4:00,8.43,-6.3,450,3633.92,3636.36,3689.64,3653.31,0,278,7.76416774
4685,2019/7/15 5:00,8.82,-5.2,409,3381.69,3364.9,3448.39,3398.33,1.9,274,7.26208137
4686,2019/7/15 6:00,7.95,-5.9,405,3283,3261.63,3420.16,3321.6,0.9,274,7.086080003
4687,2019/7/15 7:00,5.62,-5.9,374,3071.25,3080.18,3221.72,3124.38,1.2,282,6.628781075
4688,2019/7/15 8:00,6.12,-6,346,2960.88,2943,3019.5,2974.46,0,39,6.285058155
4689,2019/7/15 9:00,5.56,-5.9,341,2911.68,2918.42,2990.25,2940.12,0,299,6.329609144
4690,2019/7/15 10:00,2.95,-5.9,303,2619.72,2590.8,2711.51,2640.68,0,329,5.654661945
4691,2019/7/15 11:00,3.29,-5.9,285,2572.5,2543.2,2604.4,2573.37,0,318,5.5549952
4692,2019/7/15 12:00,3.6,-5.9,282,2516.58,2516.58,2574.18,2535.78,0,277,5.455783943
4693,2019/7/15 13:00,2.2,-5.5,267,2410.99,2373.36,2492.95,2425.77,0,282,5.17755476
4694,2019/7/15 14:00,1.74,-5.7,248,2277.28,2346.12,2356.35,2326.58,0,276,5.049236598
4695,2019/7/15 15:00,1.79,-6.2,233,2202.06,2222.64,2223,2215.9,0,270,4.753677027
4696,2019/7/15 16:00,1.83,-6.1,227,2115.23,2123.5,2185.15,2141.29,0,276,4.583431794
4697,2019/7/15 17:00,0.89,-6.6,197,1875.32,1889.25,1964.82,1909.8,0,346,4.061443138
4698,2019/7/15 18:00,0.06,-6.9,166,1688.05,1688.05,1710.63,1695.58,1.1,198,3.622811794
4699,2019/7/15 19:00,-2.66,-6.4,106,1223.07,1190.24,1198.89,1204.07,0,276,2.455785444
4700,2019/7/15 20:00,-2.83,-6.5,102,1169.48,1138.16,1155.64,1154.43,0,242,2.378556185
4701,2019/7/15 21:00,-4.22,-6.9,81,948.04,968.8,963.27,960.04,0,237,1.900846645
4702,2019/7/15 22:00,-6.06,-7.2,61,718.64,702.78,716.56,712.66,0,251,1.423130322
4703,2019/7/15 23:00,-6.35,-7,59,663.36,670.27,677.18,670.27,0,250,1.247550091
4704,2019/7/16 0:00,-7.21,-7,47,522.88,556.47,547.2,542.18,0,263,0.945448545
4705,2019/7/16 1:00,-7.83,-6.8,36,474.03,464.44,453.42,463.96,0,272,0.806098239
4706,2019/7/16 2:00,-7.83,-6.8,36,217.6,228.82,453.42,299.95,0,272,0.371308753
4707,2019/7/16 3:00,-11.58,-11.5,42,228.14,247.16,261.3,245.53,0,89,0.481324908
4708,2019/7/16 4:00,-11.48,-11.6,44,269.6,284.76,289.82,281.39,0,93,0.556976795
4709,2019/7/16 5:00,-11.44,-11.6,41,275.52,280.44,274.29,276.75,0,79,0.57691407
4710,2019/7/16 6:00,-11.33,-11.6,42,274.29,284.34,272.24,276.96,0,91,0.568981576
4711,2019/7/16 7:00,-11.33,-11.6,48,291.11,307.28,321.01,306.47,0,72,0.622899539
4712,2019/7/16 8:00,-11,-11.4,52,329.76,341.5,351.39,340.88,0,83,0.69453188
4713,2019/7/16 9:00,-10.89,-11.4,46,312.8,313.72,311.42,312.65,0,59,0.681380945
4714,2019/7/16 10:00,-10.89,-11.4,47,301.95,328.32,317.72,316,0,65,0.661760853
4715,2019/7/16 11:00,-10.66,-11.4,56,358.28,367.2,366.66,364.05,0,87,0.660155695
4716,2019/7/16 12:00,-10.52,-11.3,59,370.44,379.68,389.88,380,0,96,0.776457059
4717,2019/7/16 13:00,-10.5,-11.2,59,377.3,394.98,397.88,390.05,0,78,0.807411635
4718,2019/7/16 14:00,-10.31,-11.3,58,376.2,380.24,393.82,383.42,0,67,0.817943347
4719,2019/7/16 15:00,-10.27,-11.2,57,382.48,385.89,388.17,385.51,0,65,0.831086013
4720,2019/7/16 16:00,-10.27,-11.2,56,370.44,376.2,385.84,377.49,0,84,0.790032305
4721,2019/7/16 17:00,-10.12,-11.1,58,379.12,387.6,402.97,389.9,0,64,0.831028392
4722,2019/7/16 18:00,-10.06,-11,60,386.96,396.72,410.4,398.03,0,28,0.88391598
4723,2019/7/16 19:00,-9.98,-10.9,61,392.73,400.02,416.02,402.92,0,64,0.861613968
4724,2019/7/16 20:00,-9.85,-11,62,413.4,425.32,420.29,419.67,0,45,0.925040637
4725,2019/7/16 21:00,-9.71,-10.8,65,429.66,436.48,438.75,434.96,0,11,0.993018851
4726,2019/7/16 22:00,-9.52,-10.8,64,416.63,424.7,436.48,425.94,0,49,0.936161827
4727,2019/7/16 23:00,-9.17,-10.5,81,474.03,500.05,510.75,494.94,0,25,0.950030093
4728,2019/7/17 0:00,-9.14,-10.5,79,511.34,516,511.5,512.95,0,335,0.866157285
4729,2019/7/17 1:00,-8.77,-10.3,97,522.88,547.47,534.3,534.88,0,352,0.901956299
4730,2019/7/17 2:00,-8.81,-10.4,110,538.98,573.53,570.21,560.91,0,329,0.961520317
4731,2019/7/17 3:00,-8.5,-10.4,122,626.4,750.6,611.43,662.81,0,18,1.456111744
4732,2019/7/17 4:00,-8,-10.2,171,750.6,832.8,861.8,815.07,0,358,1.433065277
4733,2019/7/17 5:00,-7.58,-10,185,838.8,896,938,890.93,0,326,1.640625819
4734,2019/7/17 6:00,-6.75,-9.5,190,945,1024.92,989.74,986.55,0,321,1.86902063
4735,2019/7/17 7:00,-5.97,-9.6,146,825.86,815.38,757.9,799.71,0,308,1.595115007
4736,2019/7/17 8:00,-6.31,-9.8,156,626.99,667.36,699.72,664.69,0,312,1.242988214
4737,2019/7/17 9:00,-5.14,-9.4,186,718.64,745.2,750.2,738.01,0,293,1.480889927
4738,2019/7/17 10:00,-5.02,-9.7,204,744.12,802.62,809.64,785.46,0,276,1.649505268
4739,2019/7/17 11:00,-4.93,-9.5,213,779.7,839.36,836.11,818.39,0,276,1.659995183
4740,2019/7/17 12:00,-3.69,-8.9,235,880.11,919.03,907.83,902.32,0,276,1.889652922
4741,2019/7/17 13:00,-3.31,-8.3,237,884.48,917.7,908.16,903.45,0,239,1.945710845
4742,2019/7/17 14:00,-2.6,-7.8,223,866.88,891.39,853.75,870.67,0,239,1.908359274
4743,2019/7/17 15:00,-2.5,-7.7,215,840.58,857.5,820.8,839.63,0,239,1.850899136
4744,2019/7/17 16:00,-2.58,-7.8,205,799.24,800.28,778.62,792.71,0,329,1.635867454
4745,2019/7/17 17:00,-2.56,-8.4,200,725.04,771.79,752.4,749.74,0,0,1.863263879
4746,2019/7/17 18:00,-3.21,-8.7,195,696.66,708.24,709.28,704.73,0,23,1.767193809
4747,2019/7/17 19:00,-3.39,-8.4,202,700.74,729.74,722.92,717.8,0,14,1.778002901
4748,2019/7/17 20:00,-3.39,-8.2,209,734.02,788.9,750.2,757.71,0,14,1.843693861
4749,2019/7/17 21:00,-2.58,-8.5,248,872.49,909.48,884.94,888.97,0,17,2.14711527
4750,2019/7/17 22:00,-2.27,-8,239,876.3,897.35,866.14,879.93,0,54,2.124076706
4751,2019/7/17 23:00,-3.46,-8.5,206,696.66,740.11,715.05,717.27,0,3,1.781174945
4752,2019/7/18 0:00,-2.56,-7.9,271,816.34,908.16,927.45,883.98,0,39,2.043700196
4753,2019/7/18 1:00,-2.12,-7.9,249,856.25,835.7,866.14,852.7,0,83,2.070561986
4754,2019/7/18 2:00,-2.43,-8,226,743.04,777.48,757.02,759.18,0,20,1.890391541
4755,2019/7/18 3:00,-2.14,-8,275,745.56,791.12,835.17,790.62,0,75,1.897810755
4756,2019/7/18 4:00,-2.08,-8,299,815.15,850.64,884,849.93,0,112,2.011088308
4757,2019/7/18 5:00,-0.91,-7.5,374,1183.32,1167.9,1195.43,1182.22,0,38,2.756134405
4758,2019/7/18 6:00,-0.56,-7.8,328,1217.92,1142.08,1057.98,1139.33,0,51,2.805269401
4759,2019/7/18 7:00,-0.64,-8.2,297,1031.08,1041,1040.39,1037.49,0,49,2.494590595
4760,2019/7/18 8:00,-0.87,-7.2,306,897,919.03,913.71,909.91,0,65,2.215819711
4761,2019/7/18 9:00,-0.65,-7.8,302,869.4,1086.44,883.2,946.35,0,75,2.195745944
4762,2019/7/18 10:00,-0.66,-8,309,884.48,1117.34,871.68,957.83,0,87,2.21932779
4763,2019/7/18 11:00,-0.98,-7.2,310,879.48,864.28,903.9,882.55,0,319,1.9100541
4764,2019/7/18 12:00,-1.29,-8,290,840,868.75,838.14,848.96,0,17,2.234542821
4765,2019/7/18 13:00,-1.02,-7,285,830.62,887.04,810.66,842.77,0,7,2.111080954
4766,2019/7/18 14:00,-0.85,-7.5,287,843.37,1175.68,796.92,938.66,0,93,2.12509682
4767,2019/7/18 15:00,-1.12,-7.8,399,1037.48,1108.42,1202.35,1116.08,0,46,2.514476438
4768,2019/7/18 16:00,-0.92,-7.5,357,1097.4,913.32,1186.6,1065.77,0,66,2.58062857
4769,2019/7/18 17:00,-0.73,-7.5,302,863.46,863.04,846.68,857.73,0,99,2.133863782
4770,2019/7/18 18:00,-0.5,-7.7,303,911.3,953.36,826.8,897.15,0.8,115,2.187764282
4771,2019/7/18 19:00,-0.23,-7.7,480,1224.84,1668.28,1078,1323.71,2.3,95,2.757072067
4772,2019/7/18 20:00,-0.16,-7.5,520,1624.94,1836,1587.76,1682.9,1.5,78,3.474200374
4773,2019/7/18 21:00,0.66,-7.4,493,1837.32,2239.17,1805.44,1960.64,0,117,3.965020975
4774,2019/7/18 22:00,1.5,-7,534,2106.15,2885.12,2095.92,2362.4,0,53,4.480373622
4775,2019/7/18 23:00,2.34,-7.2,552,2936.43,4234.04,2686.04,3285.5,0,20,5.912768677
4776,2019/7/19 0:00,4.97,-7.2,486,4043.36,4022.87,3273.45,3779.89,0,20,7.897149483
4777,2019/7/19 1:00,5.91,-7.1,318,3168.8,2166.4,2322.2,2552.47,0.5,27,6.211589245
4778,2019/7/19 2:00,3.91,-7.5,490,2438.6,3664.32,2869.02,2990.65,2,85,5.558223408
4779,2019/7/19 3:00,4.95,-7,629,4684.3,4482,4502.25,4556.18,0,119,9.546295051
4780,2019/7/19 4:00,4.43,-7.2,337,2254.41,2709.7,2318.8,2427.64,1.6,83,5.054576809
4781,2019/7/19 5:00,3.82,-7.4,403,3015.3,3205.8,2369.88,2863.66,1.4,57,6.065272189
4782,2019/7/19 6:00,4.24,-7,568,3679.26,3767.2,3734.64,3727.03,1.3,91,7.49866592
4783,2019/7/19 7:00,4.06,-7.3,318,4127.11,2537.04,2166.4,2943.52,1.1,102,7.753076576
4784,2019/7/19 8:00,2.51,-7.4,378,2325.3,2390.65,2482,2399.32,1.2,28,5.034719297
4785,2019/7/19 9:00,1.83,-7.5,246,1947.04,1768.97,1773.2,1829.74,2.4,96,4.17790827
4786,2019/7/19 10:00,-1.68,-7.7,228,1767.5,1764.6,1616.94,1716.35,2.3,85,3.778483418
4787,2019/7/19 11:00,-1.68,-7.7,228,3577.42,1764.6,1616.94,2319.65,2.3,85,6.564441745
4788,2019/7/19 12:00,-0.98,-7.3,393,1975.34,4251.15,3824.87,3350.45,2.4,61,5.863173055
4789,2019/7/19 13:00,1.27,-7,658,3851.49,4617.2,2654.56,3707.75,1.7,91,6.438494171
4790,2019/7/19 14:00,5.39,-7.2,322,2304.96,2575.6,2693.99,2524.85,2.2,48,5.300208171
4791,2019/7/19 15:00,4.12,-7.2,288,2722.54,1869.75,2102.95,2231.75,2.1,34,5.384309265
4792,2019/7/19 16:00,3.95,-7,288,3946.68,4270.91,1849.6,3355.73,1.7,67,7.311674767
4793,2019/7/19 17:00,5.24,-6.8,330,2794.8,3364.14,2744.56,2967.83,2.2,116,6.102976191
4794,2019/7/19 18:00,1.68,-7.2,181,1299.6,1103.22,1413.3,1272.04,1.9,101,2.949659596
4795,2019/7/19 19:00,-1.06,-7.7,152,1096,1092.33,1099.63,1095.99,2.5,91,2.485966284
4796,2019/7/19 20:00,-1,-7.1,525,3859.94,3866.92,3926.85,3884.57,2,93,7.800223946
4797,2019/7/19 21:00,1.81,-6.7,535,3703.76,3759.28,3720.6,3727.88,2.5,77,7.49928992
4798,2019/7/19 22:00,1.81,-6.7,535,3759.28,3759.28,3720.6,3746.39,2.5,77,7.571497656
4799,2019/7/19 23:00,6.52,-6.7,387,3757.35,2982.24,3845.36,3528.32,2.7,111,7.631495076
4800,2019/7/20 0:00,6.2,-6.8,355,3844.26,3437.46,3944,3741.91,2.6,100,7.947585302
4801,2019/7/20 1:00,6.95,-6.7,524,3607.28,3190.72,3850.56,3549.52,1.3,109,8.113952576
4802,2019/7/20 2:00,6.57,-6.6,192,3415.5,2220.33,1493.86,2376.56,1.7,86,6.437343076
4803,2019/7/20 3:00,5.53,-7,185,3237.42,2999.11,1480.74,2572.42,2.6,95,6.213143399
4804,2019/7/20 4:00,4.12,-6.9,441,1502.34,3376.1,2525.4,2467.95,2,122,4.278173855
4805,2019/7/20 5:00,4.41,-7,206,2945.25,3143.82,2030.56,2706.54,2,97,5.986151773
4806,2019/7/20 6:00,3.72,-6.8,198,3121.3,2370.16,1515.1,2335.52,2.6,97,5.91554343
4807,2019/7/20 7:00,2.47,-7.1,304,1925.15,1534.02,1476.09,1645.09,1.2,87,4.02225849
4808,2019/7/20 8:00,-0.43,-7.2,377,2885.22,2583.96,2976.48,2815.22,1.8,96,5.881055676
4809,2019/7/20 9:00,-0.54,-7.3,257,1605.29,1293.81,2555.28,1818.13,1.3,96,3.656698954
4810,2019/7/20 10:00,0.8,-7,401,3150.96,3111.57,3213.22,3158.58,1.2,112,6.487432745
4811,2019/7/20 11:00,1.82,-7,387,3024.04,2954.84,3092.75,3023.88,0,104,6.280413474
4812,2019/7/20 12:00,2.53,-7.1,128,2734.26,1111.66,2147.18,1997.7,0.9,109,4.995690473
4813,2019/7/20 13:00,1.18,-7.5,159,860.16,897.35,942.56,900.02,0.7,92,2.116736386
4814,2019/7/20 14:00,0.16,-6.7,310,2321.3,2268.96,2508.66,2366.31,1.5,129,4.939898741
4815,2019/7/20 15:00,0.43,-7,302,2404.71,2318.2,2477.58,2400.16,1.6,108,5.074550693
4816,2019/7/20 16:00,0.45,-7,261,2063.1,2062.16,2139,2088.09,0.8,109,4.446303224
4817,2019/7/20 17:00,0.32,-7,245,1968.12,1130.25,2034.48,1710.95,0.8,112,3.961174685
4818,2019/7/20 18:00,-0.66,-7.4,143,1314.33,832.48,954.8,1033.87,0.6,64,2.787687964
4819,2019/7/20 19:00,-1.31,-7.5,191,1223.2,1671.84,870.66,1255.23,0.9,85,2.771652043
4820,2019/7/20 20:00,-2.19,-7.2,216,1761.48,1758.96,1728.56,1749.67,0.1,71,3.775690854
4821,2019/7/20 21:00,-2.39,-7.5,174,1348.3,1575.22,1575.22,1499.58,1.4,108,3.037360301
4822,2019/7/20 22:00,-3,-7.5,144,1022.14,708.24,1210.88,980.42,0.9,115,2.202001841
4823,2019/7/20 23:00,-3.95,-7.7,104,803.88,760.35,852.5,805.58,0.9,94,1.770431661
4824,2019/7/21 0:00,-4.48,-7.7,95,748,762.57,798.08,769.55,0,112,1.655832862
4825,2019/7/21 1:00,-5.56,-7.7,93,833.69,771.68,762.57,789.31,0.4,114,1.748250059
4826,2019/7/21 2:00,-5.71,-7.8,83,738.3,727.16,660.48,708.65,0,97,1.593547637
4827,2019/7/21 3:00,-7.66,-8,41,335.5,444.6,326.83,368.98,0,80,0.792041955
4828,2019/7/21 4:00,-8.54,-8.3,51,274.7,371.8,379.12,341.87,0,102,0.645850722
4829,2019/7/21 5:00,-17.12,-18.9,196,1163.76,1111.48,1077.48,1117.57,0,273,2.186856558
4830,2019/7/21 6:00,-12.94,-18.1,218,1370.8,1311.2,1374.54,1352.18,0,238,2.780828715
4831,2019/7/21 7:00,-14.67,-18,224,1437.85,1400.6,1446.9,1428.45,0,234,2.868925643
4832,2019/7/21 8:00,-13.7,-17.7,231,1584.72,1559.14,1550.78,1564.88,0,280,3.16562812
4833,2019/7/21 9:00,-12.56,-17,249,1736.28,1674,1778.58,1729.62,0,275,3.518961937
4834,2019/7/21 10:00,-10.91,-16.2,269,1997.27,1884.16,2031.36,1970.93,0,278,4.077921165
4835,2019/7/21 11:00,-9.16,-15.5,279,2059.02,1999.2,2141.83,2066.68,0,265,4.277379023
4836,2019/7/21 12:00,-10.12,-15.3,282,2178.56,2093.52,2159.4,2143.83,0,275,4.446230516
4837,2019/7/21 13:00,-10.08,-14.9,296,2261.88,2206.33,2372.5,2280.24,0,262,4.648542139
4838,2019/7/21 14:00,-8.85,-14,321,2543.88,2442.72,2660.82,2549.14,0.7,267,5.201431745
4839,2019/7/21 15:00,-8.29,-13.7,321,2642.64,2573.75,2736.72,2651.04,1.4,267,5.409444972
4840,2019/7/21 16:00,-8.18,-13.3,334,2708.16,2617.2,2852.56,2725.97,0.8,272,5.540527825
4841,2019/7/21 17:00,-8.18,-13.4,343,2762.25,2700.52,2924.96,2795.91,0.3,267,5.666931067
4842,2019/7/21 18:00,-7.83,-12.9,344,2913.69,2866.34,2981.86,2920.63,1,269,5.935372579
4843,2019/7/21 19:00,-7.37,-12.7,359,2987,2888,3113.27,2996.09,1,261,6.075554571
4844,2019/7/21 20:00,-7.52,-12.4,363,3014.91,2973.6,3175.2,3054.57,0.4,286,6.171880401
4845,2019/7/21 21:00,-6.45,-11.7,380,3262.35,3190.65,3384.24,3279.08,0,265,6.655939563
4846,2019/7/21 22:00,-6.45,-11.5,387,3298.2,3310.8,3470.04,3359.68,0.6,332,6.781522053
4847,2019/7/21 23:00,-6.35,-11.4,390,3405.78,3455.04,3488.8,3449.87,0.3,257,6.963605841
4848,2019/7/22 0:00,-5.96,-11,401,3434.34,3494.7,3652.56,3527.2,1.3,294,7.063473111
4849,2019/7/22 1:00,-5.39,-10.5,410,3519.45,3639.68,3729.45,3629.53,1,327,7.28377367
4850,2019/7/22 2:00,-3.85,-9.7,420,3768.31,3804.1,3897.56,3823.32,1.4,278,7.73084802
4851,2019/7/22 3:00,-3.54,-9.8,425,3846.96,3889.26,3960.65,3898.96,0.4,260,7.913687078
4852,2019/7/22 4:00,-2.75,-9.6,425,3871,3886.4,3991.29,3916.23,0.6,260,7.969649439
4853,2019/7/22 5:00,-1.96,-9.4,443,4039.08,4029.6,4163.05,4077.24,0,282,8.770744754
4854,2019/7/22 6:00,-1.12,-9.3,452,4080.72,4116,4222.8,4139.84,0,313,8.470825008
4855,2019/7/22 7:00,1.05,-8.5,479,4273.14,4296.6,4431.95,4333.9,0.7,304,8.893070403
4856,2019/7/22 8:00,1.18,-7.8,496,3968.23,3903.2,4201.77,4024.4,0.8,279,8.197750665
4857,2019/7/22 9:00,2.51,-7.6,559,4759.04,4697.54,4765.18,4740.59,0,308,9.842467557
4858,2019/7/22 10:00,2.97,-6.9,596,4779,4811.52,4864.2,4818.24,0.1,292,9.940599595
4859,2019/7/22 11:00,3.54,-6.9,612,4866.28,4870.32,4922.46,4886.35,0,269,10.11310817
4860,2019/7/22 12:00,3.78,-6.7,624,4877.01,4949.14,4955.04,4927.06,1.1,330,10.20383003
4861,2019/7/22 13:00,3.99,-7.2,651,4970.67,5044.26,4966.72,4993.88,0,330,10.39494989
4862,2019/7/22 14:00,3.6,-7.5,623,4589.86,4736.52,4475.6,4600.66,0,321,9.506384771
4863,2019/7/22 15:00,4.28,-6.3,695,5111.16,5201.46,5152.3,5154.97,0.7,273,10.69978662
4864,2019/7/22 16:00,4.74,-6.4,701,5015.84,5073.95,5214.78,5101.52,1.6,323,10.92828463
4865,2019/7/22 17:00,4.91,-6.5,592,3953.68,3291.48,4495.28,3913.48,0,267,7.968281732
4866,2019/7/22 18:00,3.05,-6.5,614,4298.52,4447.45,4183.86,4309.94,0,167,8.69686538
4867,2019/7/22 19:00,3.39,-6.6,700,5243.7,5004.12,4670.82,4972.88,0,239,10.51253309
4868,2019/7/22 20:00,4.85,-6.4,663,5066.05,4912.83,5097.4,5025.43,2,308,10.52390649
4869,2019/7/22 21:00,5.41,-6.5,711,4931.2,5501.22,5363.67,5265.36,0.3,350,10.70895469
4870,2019/7/22 22:00,6.26,-6.4,668,4915.08,5188.85,5017.96,5040.63,0,324,10.38654248
4871,2019/7/22 23:00,8.51,-5.5,685,4979.04,5018.4,5331.7,5109.71,0.1,298,10.52888164
4872,2019/7/23 0:00,8.97,-6.4,673,5323.22,5202.96,5403.75,5309.98,1.8,30,11.28606694
4873,2019/7/23 1:00,9.55,-6.5,682,5072.56,5188.47,5204.41,5155.15,1.5,22,10.71453585
4874,2019/7/23 2:00,9.76,-5.9,714,5139.11,5325.18,5480.52,5314.94,0,53,11.04980048
4875,2019/7/23 3:00,9.89,-6.4,701,5362.8,5501.94,5570.5,5478.41,0,326,11.37997966
4876,2019/7/23 4:00,10.66,-6,685,5406.84,5353.5,5335.01,5365.12,1.6,328,11.3286417
4877,2019/7/23 5:00,10.16,-5.1,705,5577,5471.62,5538.32,5528.98,0,259,11.66512305
4878,2019/7/23 6:00,11.39,-4.8,683,5193.5,5200.3,5372.85,5255.55,0,286,10.9525535
4879,2019/7/23 7:00,11.39,-5.9,675,5216.4,5248.8,5304,5256.4,0.6,293,10.99334704
4880,2019/7/23 8:00,10.66,-5.8,723,5624.64,5726.64,5844.87,5732.05,0.5,283,11.89974969
4881,2019/7/23 9:00,10.56,-5.7,748,5701.8,5803.68,5788.23,5764.57,0,331,12.05846294
4882,2019/7/23 10:00,10.72,-5.7,730,5732.42,5856.6,5873.45,5820.82,2.5,324,12.09444274
4883,2019/7/23 11:00,9.7,-5.6,686,5742.94,5730.02,5745.36,5739.44,0.3,298,12.07649919
4884,2019/7/23 12:00,9.2,-5.6,667,5268.16,5523.3,5499,5430.15,0.6,275,11.18585011
4885,2019/7/23 13:00,9.37,-5.4,678,5424.64,5297.5,5416.32,5379.49,0,353,11.36628787
4886,2019/7/23 14:00,9.87,-5.2,614,4863.92,4869.48,4662.42,4798.61,0.8,296,10.07478005
4887,2019/7/23 15:00,9.16,-5.5,656,4767.66,4785.68,5174.5,4909.28,1.6,12,10.38814745
4888,2019/7/23 16:00,8.18,-5.9,601,4796.1,4826.52,4911.54,4844.72,0.7,48,10.15066815
4889,2019/7/23 17:00,13.45,-4.8,734,5355.72,5512.6,5780.28,5549.53,1.4,7,11.56762066
4890,2019/7/23 18:00,12.12,-5.4,640,5182.58,5714.28,5467.15,5454.67,0.7,328,11.13373768
4891,2019/7/23 19:00,11.37,-5,757,5579.07,4870.4,5547,5332.16,0.2,347,11.61565436
4892,2019/7/23 20:00,12.33,-4.5,633,5449.99,5414.5,5351.64,5405.38,0,281,11.13255482
4893,2019/7/23 21:00,13.45,-4.6,612,4766.12,5079.7,5083.13,4976.32,0,276,10.20836766
4894,2019/7/23 22:00,14.27,-5,662,5292.46,5000.45,5082.6,5125.17,0,358,11.0321472
4895,2019/7/23 23:00,13.03,-4.9,560,5122.78,5374.72,4803.21,5100.24,2.7,354,10.68500906
4896,2019/7/24 0:00,10.91,-5.2,578,4257.14,4615,4186.09,4352.74,1.2,36,8.778316599
4897,2019/7/24 1:00,9.72,-5.7,530,5266.59,5510.38,4629.2,5135.39,0,317,10.91407449
4898,2019/7/24 2:00,11.31,-4.9,527,4126.5,4082.21,4055.44,4088.05,0,247,8.667519703
4899,2019/7/24 3:00,11.14,-4.5,636,4250.95,4641.63,5078.95,4657.18,0.8,353,9.270469592
4900,2019/7/24 4:00,13.06,-4.8,748,5435.04,5766.4,5632.45,5611.3,0.1,8,11.42782606
4901,2019/7/24 5:00,15.62,-5.2,675,4894.74,5302.25,5367.84,5188.28,1.4,49,10.65049489
4902,2019/7/24 6:00,16.01,-4.9,674,5209.59,5439.49,5743.08,5464.05,0,26,11.40167572
4903,2019/7/24 7:00,12.1,-4.6,690,5458.2,5625.9,5676.8,5586.97,1.8,23,11.5996076
4904,2019/7/24 8:00,11.14,-4.7,684,5428.33,5553.3,5647.21,5542.95,0,18,11.63471116
4905,2019/7/24 9:00,14.74,-4.7,677,5437.89,5376.28,5516.42,5443.53,0,58,11.57422401
4906,2019/7/24 10:00,14.93,-4.4,673,5418.72,5389.02,5477.76,5428.5,1.2,29,11.7077752
4907,2019/7/24 11:00,14.18,-4.4,671,5331.69,5372.1,5435.6,5379.8,0,318,11.26705395
4908,2019/7/24 12:00,16.49,-4.3,670,5323.32,5353.04,5382.43,5352.93,0,73,11.27902014
4909,2019/7/24 13:00,15.95,-4.4,672,5338.06,5389,5384.24,5370.43,0.9,76,11.26754389
4910,2019/7/24 14:00,15.68,-5,673,5312.58,5382.43,5363.12,5352.71,0.1,137,11.17159151
4911,2019/7/24 15:00,17.45,-4.5,671,5227.92,5329.8,5339.78,5299.17,0,4,11.13585873
4912,2019/7/24 16:00,17.33,-4.7,670,5222.25,5306.6,5373.9,5300.92,0,112,11.08772497
4913,2019/7/24 17:00,17.99,-4.3,674,5260.5,5291.88,5384.8,5312.39,0,298,11.14425311
4914,2019/7/24 18:00,19.08,-3.4,619,4992.8,5133.2,4757.74,4961.25,0,94,10.41025057
4915,2019/7/24 19:00,15.56,-4,565,3040,3407.9,4416.96,3621.62,0.9,58,7.432037775
4916,2019/7/24 20:00,10.22,-3.9,593,4687.88,4467.36,4460.28,4538.51,1.7,351,9.980207127
4917,2019/7/24 21:00,9.81,-3.7,530,4381,4525.68,4587.34,4498.01,0.7,289,9.313420057
4918,2019/7/24 22:00,13.22,-4.2,604,4439.5,4431.56,4367.77,4412.94,0,138,9.249420117
4919,2019/7/24 23:00,14.51,-4,588,4423.38,4531.2,4591.02,4515.2,0.1,82,9.443941834
4920,2019/7/25 0:00,14.41,-4,597,4474.18,4437.16,4558.87,4490.07,0,82,9.477272752
4921,2019/7/25 1:00,13.89,-3.8,583,4435.2,4502.1,4527.9,4488.4,0,358,9.382478554
4922,2019/7/25 2:00,7.78,-3.6,427,3194.76,3146.28,3135.6,3158.88,0,348,6.810747189
4923,2019/7/25 3:00,9.64,-3.4,485,3890.25,3963.4,3938.22,3930.62,0,138,8.210559849
4924,2019/7/25 4:00,10.35,-4.6,372,2912.7,3016.65,2840.29,2923.21,0,127,6.30516016
4925,2019/7/25 5:00,9.51,-4.4,308,2608.28,2011.32,2401.2,2340.27,0,128,5.41167877
4926,2019/7/25 6:00,8.06,-4.2,244,2231.1,2217.7,2281.4,2243.4,0,284,4.998190286
4927,2019/7/25 7:00,7.51,-4.5,187,2180.75,2007,1425.45,1871.07,0.6,130,4.561486271
4928,2019/7/25 8:00,5.16,-4.3,249,1761.75,1882.06,2014.48,1886.1,0,124,4.031516081
4929,2019/7/25 9:00,5.2,-4.4,212,1871.28,1800.82,1806.32,1826.14,0,268,4.070041848
4930,2019/7/25 10:00,3.31,-4.8,182,1345.24,1347.23,1326.92,1339.8,0,251,2.959293567
4931,2019/7/25 11:00,2.49,-4.5,168,1208.62,1162.8,1177.98,1183.13,0,279,2.590974816
4932,2019/7/25 12:00,2.04,-4.9,175,1244.88,1319.2,1220.4,1261.49,0,251,2.726761929
4933,2019/7/25 13:00,2.08,-4.2,244,1674.27,1511.64,1733.76,1639.89,0,290,3.551306321
4934,2019/7/25 14:00,1.58,-4.5,120,932.88,897.75,946.11,925.58,0,269,1.993369192
4935,2019/7/25 15:00,0.72,-4.6,142,901.74,896.28,1179.86,992.63,0,249,2.016995133
4936,2019/7/25 16:00,0.37,-4.7,154,1132.12,1191.9,1031.33,1118.45,0,271,2.377926826
4937,2019/7/25 17:00,0.37,-4.5,171,1471.83,1447.46,1541.12,1486.8,0,287,3.102088068
4938,2019/7/25 18:00,0.51,-4.4,139,1257.21,1103.22,1280.28,1213.57,0,262,2.607962866
4939,2019/7/25 19:00,-1.25,-5,74,548.58,543.51,536.8,542.96,0,110,1.323377848
4940,2019/7/25 20:00,-1.71,-5.2,70,509.96,515.9,513.59,513.15,0,116,1.232712016
4941,2019/7/25 21:00,-2.66,-5.5,66,448.9,444.18,465.5,452.86,0,93,1.112328031
4942,2019/7/25 22:00,-3.81,-5.4,57,389.18,395.89,414.16,399.74,0,109,0.94879051
4943,2019/7/25 23:00,-4.14,-5.4,47,403.2,400.8,371.28,391.76,0,116,0.946782861
4944,2019/7/26 0:00,-4.79,-5.4,39,289.96,283.37,301.76,291.7,0,129,0.704980948
4945,2019/7/26 1:00,-4.98,-5.5,29,278.04,270.19,269.37,272.53,0,121,0.497603755
4946,2019/7/26 2:00,-5.77,-5.9,26,215.16,216.48,219.64,217.09,1.3,96,0.508733395
4947,2019/7/26 3:00,-11.73,-13,93,863.94,875.76,833.04,857.58,1.9,105,1.714567096
4948,2019/7/26 4:00,-11.56,-12.9,102,937.96,942.48,935.34,938.59,2.2,105,1.880921081
4949,2019/7/26 5:00,-9.81,-12.4,140,1312.11,1152.41,1281.64,1248.72,2.4,103,2.681568409
4950,2019/7/26 6:00,-9.64,-12.5,79,1135.26,1046.64,841.2,1007.7,2,101,2.259361873
4951,2019/7/26 7:00,-7.87,-11.5,242,1970.06,1864.8,1981.68,1938.85,1.4,104,4.074771149
4952,2019/7/26 8:00,-5.41,-10.9,138,1116.8,929.96,939.6,995.45,1.8,110,2.353801543
4953,2019/7/26 9:00,-6.18,-10.7,168,1109.16,1145.89,1104.42,1119.82,2.2,124,2.195957729
4954,2019/7/26 10:00,-5.87,-10.3,144,1214.46,1216.19,1010.32,1146.99,2.1,111,2.558069405
4955,2019/7/26 11:00,-6.1,-10,150,932.64,933.98,975.8,947.47,1.9,115,2.019123489
4956,2019/7/26 12:00,-6.1,-9.9,149,977.2,1040.02,1042.5,1019.91,1.2,129,2.110049067
4957,2019/7/26 13:00,-5.79,-9.5,161,974.4,1006.56,1037.48,1006.15,0.8,118,2.120086288
4958,2019/7/26 14:00,-4.39,-9,211,1324.89,1232,1380.06,1312.32,1,110,2.85443796
4959,2019/7/26 15:00,-4.12,-9,217,1372,1418.04,1411.02,1400.35,2.4,139,2.976650865
4960,2019/7/26 16:00,-3.87,-9,211,1441.15,1516.32,1491.58,1483.02,1.5,103,3.146105376
4961,2019/7/26 17:00,-3.75,-8.9,197,1462.24,1387.03,1287.6,1378.96,2.5,96,3.109906402
4962,2019/7/26 18:00,-3.89,-8.8,190,1136.11,1170.96,1197.16,1168.08,1.8,110,2.511371198
4963,2019/7/26 19:00,-4.14,-8.7,190,1110.4,1138.16,1171.17,1139.91,1.8,110,2.445921653
4964,2019/7/26 20:00,-4.23,-8.9,192,1160.34,1169.28,1212.78,1180.8,2.4,121,2.540853345
4965,2019/7/26 21:00,-4.27,-8.6,202,1214.52,1218,1271.85,1234.79,1.4,109,2.645835599
4966,2019/7/26 22:00,-3.48,-8.5,289,1600.56,1631,1776.06,1669.21,2.1,115,3.490747498
4967,2019/7/26 23:00,-2.14,-8.2,312,2337.28,2844.16,2202.52,2461.32,2.6,161,4.973575475
4968,2019/7/27 0:00,-0.73,-7.9,417,2885.22,3001.4,2786,2890.87,1.7,126,5.897343169
4969,2019/7/27 1:00,0.03,-7.7,394,2906.49,2916.24,2896.74,2906.49,3.1,132,6.001205673
4970,2019/7/27 2:00,0.83,-7.7,339,2588.62,2463.3,2234.68,2428.87,3.2,130,5.288478237
4971,2019/7/27 3:00,0.03,-7.6,266,1854.56,1781.92,1847.64,1828.04,1.9,114,4.005004676
4972,2019/7/27 4:00,-0.91,-7.7,268,1726.08,1739.43,1760.22,1741.91,2.2,108,3.767853368
4973,2019/7/27 5:00,-0.64,-7.5,279,1849.7,1793.1,1846.04,1829.61,1.6,123,3.967082499
4974,2019/7/27 6:00,-0.12,-7,299,2157.6,2094.96,2079.91,2110.82,2.3,111,4.549522493
4975,2019/7/27 7:00,-0.21,-7,327,2006.13,2300.1,1981.98,2096.07,3.7,114,4.385812935
4976,2019/7/27 8:00,0.03,-6.9,327,2216.46,2596.08,2172.88,2328.47,4,145,4.808287218
4977,2019/7/27 9:00,5.22,-6.3,440,3669.21,3912.48,3216.4,3599.36,2.9,136,7.354875502
4978,2019/7/27 10:00,6.14,-6.1,371,2985.2,4016.25,2938.64,3313.36,3.8,117,6.553398854
4979,2019/7/27 11:00,6.6,-5.5,388,3019.42,2690.48,2693.25,2801.05,3.3,137,6.129636027
4980,2019/7/27 12:00,6.27,-5.7,354,2645.2,2646,2436.75,2575.98,2.7,111,5.587108462
4981,2019/7/27 13:00,5.05,-6,348,2346.12,2250.8,2240.49,2279.14,4.5,146,5.055891503
4982,2019/7/27 14:00,3.39,-5.9,327,2642.7,2363.28,2157.18,2387.72,3.4,107,5.343223327
4983,2019/7/27 15:00,3.09,-5.9,327,2118.3,2067.87,2075.55,2087.24,4.7,114,4.62427423
4984,2019/7/27 16:00,2.08,-6.2,337,2432.43,2152.8,2435.3,2340.18,2.8,125,5.071732171
4985,2019/7/27 17:00,1.68,-5.9,343,2114.46,2118.3,2245.75,2159.5,1.9,140,4.555517236
4986,2019/7/27 18:00,1.39,-5.9,343,2234.68,2231.46,2263.2,2243.11,3.1,115,4.766847636
4987,2019/7/27 19:00,1.52,-6,325,2321.55,2131.36,2141.37,2198.09,3.3,114,4.819312661
4988,2019/7/27 20:00,2.76,-5.4,402,3361.05,3041.4,2774.25,3058.9,3.6,102,6.557769989
4989,2019/7/27 21:00,3.12,-5.3,496,2840.01,2549.3,3141.84,2843.72,4.7,146,5.971763353
4990,2019/7/27 22:00,3.28,-5,372,2948.92,2609.85,2686.17,2748.31,3.9,128,5.938281432
4991,2019/7/27 23:00,4.35,-5.2,452,4204.44,3558.43,3478.2,3747.02,4.8,103,8.083470574
4992,2019/7/28 0:00,4.76,-5.2,584,3216.93,3238.83,4344.34,3600.03,6.2,104,7.725719489
4993,2019/7/28 1:00,4.28,-4.9,426,2761.74,2619.72,2894.92,2758.79,4,110,5.831048168
4994,2019/7/28 2:00,3.91,-5.2,428,2868.96,2764.58,3009.6,2881.05,3.9,121,6.039027418
4995,2019/7/28 3:00,3.87,-4.9,431,2798.88,2811.24,3080.14,2896.75,4.3,109,6.02646119
4996,2019/7/28 4:00,2.51,-5.3,362,2304.36,2291.04,2531.84,2375.75,4.6,104,5.061296873
4997,2019/7/28 5:00,2.3,-5.1,391,2273.04,2256.3,2463.04,2330.79,4.3,103,4.937095236
4998,2019/7/28 6:00,2.76,-5.2,461,3176.28,3382.99,2930.88,3163.38,4.5,133,6.401584106
4999,2019/7/28 7:00,4.74,-4.7,565,3852.8,4637.57,4001.07,4163.81,5.1,97,8.092462211
5000,2019/7/28 8:00,6.09,-4.7,527,3265.36,3564.75,3617.6,3482.57,5,102,7.072718993
5001,2019/7/28 9:00,4.6,-5,368,2544.48,2431.48,2449.02,2474.99,3.9,106,5.364264872
5002,2019/7/28 10:00,3.55,-5,378,2663.4,3015.93,2568.75,2749.36,6.2,112,5.7257599
5003,2019/7/28 11:00,3.45,-4.9,413,2822.1,2833.18,2945.5,2866.93,4.6,107,5.993144418
5004,2019/7/28 12:00,4.85,-5,351,3025.69,3023.64,2462.02,2837.12,6,103,6.113503159
5005,2019/7/28 13:00,4.14,-5.2,367,2691,2716.56,2547.59,2651.72,3.2,115,5.630360547
5006,2019/7/28 14:00,4.6,-4.9,592,3634.66,3602.49,4080.79,3772.65,4.1,107,7.718466186
5007,2019/7/28 15:00,7.51,-4.7,448,3719.25,3607.28,3498.06,3608.2,3.8,111,7.558440127
5008,2019/7/28 16:00,7.14,-4.5,416,3395,3243.86,3151.68,3263.51,5.6,102,6.95889951
5009,2019/7/28 17:00,6.35,-4.9,366,2867.94,2920.82,2696,2828.25,5.3,114,6.064353363
5010,2019/7/28 18:00,5.43,-4.9,385,2718.34,2957.39,2767.6,2814.44,3.3,111,5.857122001
5011,2019/7/28 19:00,4.77,-5,365,2704.68,2760.55,2953.06,2806.1,4.2,102,5.764447146
5012,2019/7/28 20:00,4.6,-4.4,464,3592.58,3579.84,3696.44,3622.95,3.8,82,7.467222649
5013,2019/7/28 21:00,5.83,-4.6,399,3071.31,2972.03,2863.71,2969.02,3.8,121,6.305795024
5014,2019/7/28 22:00,5.43,-4.6,392,2653.92,3001.18,3178.12,2944.41,4.3,110,6.067145932
5015,2019/7/28 23:00,4.56,-4.5,307,2622.72,2175.58,2128.92,2309.07,4.6,110,5.276242978
5016,2019/7/29 0:00,3.74,-4.5,329,2273.7,2264.04,2284.56,2274.1,4.3,110,4.918335128
5017,2019/7/29 1:00,3.16,-4.7,332,2270.1,2223.32,2332.44,2275.29,2.3,136,4.843734257
5018,2019/7/29 2:00,3.26,-4.6,482,2577.96,2754.87,3285.94,2872.92,4,123,5.811580918
5019,2019/7/29 3:00,4.45,-4.4,509,3390.75,3745.5,3495.24,3543.83,4.5,93,7.085664914
5020,2019/7/29 4:00,5.14,-4.3,494,3481.56,3220.5,3327.1,3343.05,5.7,106,7.053620916
5021,2019/7/29 5:00,6.64,-4,447,3026,3206.25,3415.5,3215.92,3.2,99,6.603107278
5022,2019/7/29 6:00,5.68,-4.2,494,3411.3,3775.24,3701.88,3629.47,5.3,112,7.376282105
5023,2019/7/29 7:00,4.91,-3.9,393,2759.32,3032.96,2850.17,2880.82,4.2,85,5.946785057
5024,2019/7/29 8:00,4.1,-4,405,2870.15,2764.86,2908.64,2847.88,4.4,101,6.005605642
5025,2019/7/29 9:00,3.51,-4.1,337,2579.36,2830.3,2606.8,2672.15,4.4,104,5.566373365
5026,2019/7/29 10:00,2.95,-4.2,387,2339.26,2305.08,2617.47,2420.6,4.1,91,5.095512995
5027,2019/7/29 11:00,3.05,-3.8,387,3274.88,2855.2,3000.3,3043.46,4.1,91,6.509614121
5028,2019/7/29 12:00,3.49,-4,294,3203.85,2530.22,2250.8,2661.62,4.9,104,6.079909585
5029,2019/7/29 13:00,0,-4.3,249,1529.32,1522.4,1573.23,1541.65,5.9,102,3.401587799
5030,2019/7/29 14:00,0.01,-4.3,246,1605.44,1584.7,1639.82,1609.99,3.6,106,3.462750015
5031,2019/7/29 15:00,-1.33,-4.4,165,1016.76,1013.8,1046.52,1025.69,4.2,109,2.215685341
5032,2019/7/29 16:00,-1.42,-4.4,157,982.41,1003.02,1004.01,996.48,4.4,103,2.150306607
5033,2019/7/29 17:00,-1.58,-4.4,164,956.32,976.69,1033.6,988.87,4.8,91,2.118810509
5034,2019/7/29 18:00,-1.64,-4.2,187,1107.68,1157.52,1238.4,1167.87,3.7,92,2.431531714
5035,2019/7/29 19:00,-1.39,-4.5,168,1084.87,1093.92,1074.84,1084.54,3,105,2.342913774
5036,2019/7/29 20:00,-1.56,-4.2,161,964.6,976.69,1020.65,987.31,2.6,87,2.112422784
5037,2019/7/29 21:00,-1.92,-4.4,142,931.6,927.45,907.06,922.04,4.4,97,2.002092329
5038,2019/7/29 22:00,-2.08,-4.4,139,883.65,881.07,879.78,881.5,5.3,91,1.916325005
5039,2019/7/29 23:00,-2.46,-4.4,119,802.62,793.44,774.06,790.04,4.6,90,1.708958636
5040,2019/7/30 0:00,-2.73,-4.4,116,749.92,728.67,746.9,741.83,5,93,1.591100179
5041,2019/7/30 1:00,-2.87,-4.5,100,678.15,665.42,675,672.86,3.8,95,1.440509213
5042,2019/7/30 2:00,-3.08,-4.5,97,653.76,638.26,673.2,655.07,4.9,87,1.385544427
5043,2019/7/30 3:00,-3.6,-4.7,96,680.13,694.62,727.6,700.78,3,112,1.432854842
5044,2019/7/30 4:00,-3.5,-4.6,101,763.84,946.67,803.58,838.03,2.6,98,1.657250026
5045,2019/7/30 5:00,-3.58,-4.6,119,967.4,932.96,974.12,958.16,5,91,2.010951594
5046,2019/7/30 6:00,-3.37,-4.7,108,836.92,813.96,831.27,827.38,4.4,82,1.749690579
5047,2019/7/30 7:00,-4.27,-4.9,67,539.57,524.94,537.6,534.04,4.3,90,1.105448126
5048,2019/7/30 8:00,-5.33,-5.2,34,306.82,303.6,290.4,300.27,5.1,83,0.591416211
5049,2019/7/30 9:00,-5.45,-5.3,32,266.8,275.94,268.14,270.29,2.9,91,0.562393303
5050,2019/7/30 10:00,-5.62,-5.4,31,244.94,241.61,253.5,246.68,4.6,85,0.477467878
5051,2019/7/30 11:00,-5.94,-5.5,17,155.04,182.28,159.5,165.61,6.4,84,0.28155868
5052,2019/7/30 12:00,-6.14,-5.5,14,118.94,120.84,133.98,124.59,4.5,101,0.219863432
5053,2019/7/30 13:00,-6.25,-5.6,12,106.25,113.04,112.5,110.6,4.1,99,0.204022491
5054,2019/7/30 14:00,-6.29,-5.5,15,100.48,113.76,125.8,113.35,3.6,85,0.161296138
5055,2019/7/30 15:00,-6.33,-5.5,18,133.77,152.64,146.51,144.31,5.2,84,0.234456478
5056,2019/7/30 16:00,-6.31,-5.6,14,115.38,140.58,121.6,125.85,4.9,93,0.211436947
5057,2019/7/30 17:00,-14.7,-14.6,117,795.3,759.15,803.64,786.03,0,251,1.412156257
5058,2019/7/30 18:00,-14.25,-14.5,130,902.72,879.67,919.8,900.73,0,3,1.863355452
5059,2019/7/30 19:00,-13.83,-14.3,146,1010.53,977.4,1052.7,1013.54,1.7,351,1.780811278
5060,2019/7/30 20:00,-13,-13.9,165,1189.9,1142.96,1239.75,1190.87,1.3,17,2.455221714
5061,2019/7/30 21:00,-12.75,-13.8,173,1210.75,1219.1,1315.87,1248.57,0,284,2.336620712
5062,2019/7/30 22:00,-10.5,-13,237,1756.89,1764.18,1909.38,1810.15,2.5,348,3.545347349
5063,2019/7/30 23:00,-8.66,-12,296,2397.6,2358.32,2513,2422.97,1.8,44,4.95560194
5064,2019/7/31 0:00,-8.73,-12,316,2473.03,2384.28,2645.5,2500.94,0,279,5.056922129
5065,2019/7/31 1:00,-7.23,-11.2,328,2649.2,2612.8,2673.75,2645.25,0,305,5.428704358
5066,2019/7/31 2:00,-5.54,-10.9,328,2693.67,2741.7,2591.28,2675.55,0,252,5.545038928
5067,2019/7/31 3:00,-4.5,-10.5,352,2675.2,2730.78,2879.36,2761.78,0,346,5.65256314
5068,2019/7/31 4:00,-3.08,-10.5,367,2864.16,2914.83,2977.92,2918.97,0,78,5.950323295
5069,2019/7/31 5:00,0.18,-9.9,414,3217.8,3247.7,3316.16,3260.55,0,298,6.775037229
5070,2019/7/31 6:00,1.35,-8.8,420,3302.4,3346.7,3414.39,3354.5,0,261,6.952964445
5071,2019/7/31 7:00,1.97,-8.4,433,3373.17,3414.39,3490.13,3425.9,0,294,7.115496455
5072,2019/7/31 8:00,1.55,-8.7,437,3440,3449.15,3560.34,3483.16,0,4,7.1161321
5073,2019/7/31 9:00,2.57,-9.2,463,3591,3590.4,3641.88,3607.76,0,14,7.400444118
5074,2019/7/31 10:00,2.57,-9.2,463,3614.6,3642.26,3641.88,3632.91,0,14,7.441129091
5075,2019/7/31 11:00,3.82,-8.8,493,3704.64,3676.11,3786.36,3722.37,0,354,7.749924499
5076,2019/7/31 12:00,3.51,-8.4,500,3753.6,3823.92,3876,3817.84,1,300,7.851918765
5077,2019/7/31 13:00,2.66,-8.5,523,3734.5,3754.87,3823.92,3771.1,0.4,351,7.74583849
5078,2019/7/31 14:00,3.2,-7.9,568,4196.22,4144.5,4205.25,4181.99,1,0,8.607365487
5079,2019/7/31 15:00,4.12,-7.9,569,4062.76,3911.93,4131,4035.23,0,225,8.307478299
5080,2019/7/31 16:00,3.74,-7.5,544,3823.92,3920.8,3901.5,3882.07,0,46,7.868516176
5081,2019/7/31 17:00,3.45,-7.4,557,3907.28,3882.24,4009.5,3933.01,0,13,8.346044137
5082,2019/7/31 18:00,3.43,-7.9,529,3921.5,3871.67,4060.42,3951.2,0,65,8.11170255
5083,2019/7/31 19:00,4.97,-7.7,542,3923.59,4104.66,3805.88,3944.71,0,14,7.971378478
5084,2019/7/31 20:00,6.45,-6.7,611,4308.1,4475.61,4462.24,4415.32,0,322,9.034919231
5085,2019/7/31 21:00,6.05,-6.5,592,4301.67,4068.12,4442.22,4270.67,0,264,8.833116998
5086,2019/7/31 22:00,5.35,-6.9,593,3905.22,4059.55,4288.81,4084.53,0,74,8.244304786
5087,2019/7/31 23:00,5.66,-6.5,549,4314.8,4156.25,4235.76,4235.6,0,285,8.862049745
5088,2019/8/1 0:00,6.93,-6.3,554,4200.9,4248.15,4236.32,4228.46,0.7,333,8.759949696
5089,2019/8/1 1:00,8.12,-5.4,549,4488.51,4362.4,4303,4384.64,0.7,325,9.250326214
5090,2019/8/1 2:00,7.68,-5.7,608,4481.88,3803.8,4118.03,4134.57,0,288,8.93200644
5091,2019/8/1 3:00,9.33,-5.8,596,4958.35,5001.98,4925.6,4961.98,0,318,10.67092993
5092,2019/8/1 4:00,10.08,-5.7,570,4375.26,4685.49,4736.32,4599.02,0,288,9.401444182
5093,2019/8/1 5:00,10.81,-5,613,4663.02,4471.61,4818.28,4650.97,0,265,9.723099583
5094,2019/8/1 6:00,8.33,-5.5,640,4842.09,4950.78,4733.52,4842.13,0,257,10.04759712
5095,2019/8/1 7:00,8.59,-5.3,394,4290.16,4382.08,3841.2,4171.15,0.7,315,9.025035369
5096,2019/8/1 8:00,7.87,-5.2,566,3944.16,3972,4302.55,4072.9,0,297,8.312978017
5097,2019/8/1 9:00,9.72,-4.5,581,4879.68,4964.11,4455.36,4766.38,0.6,287,10.04962298
5098,2019/8/1 10:00,11.45,-4.8,556,4277.15,4485.76,4244.46,4335.79,0,2,8.917104253
5099,2019/8/1 11:00,9.49,-4.5,535,4026.96,4125.66,4198.23,4116.95,0,275,8.547090928
5100,2019/8/1 12:00,10.22,-5.4,593,3954.56,4401.9,4389.04,4248.5,0,259,8.592068429
5101,2019/8/1 13:00,10.95,-4.4,640,4435.47,4823.91,4764.57,4674.65,0.2,306,9.556917034
5102,2019/8/1 14:00,11.85,-4.4,637,4682.64,4865.44,4643.4,4730.49,2.4,278,9.77537581
5103,2019/8/1 15:00,11.45,-4.6,368,3454.37,2432.88,2381.28,2756.18,1.1,284,6.701839742
5104,2019/8/1 16:00,4.29,-6,512,3893.76,2903.6,3113.88,3303.75,1.8,8,7.506516515
5105,2019/8/1 17:00,4.7,-5.7,491,3355.44,4053.63,2857.58,3422.22,0,107,6.784425849
5106,2019/8/1 18:00,6.12,-5,411,2818.2,2441.85,3019.5,2759.85,0,6,5.872907688
5107,2019/8/1 19:00,5.09,-5,341,2048.28,2184,2103.36,2111.88,0,303,4.550332068
5108,2019/8/1 20:00,3.29,-5,359,2126.25,2325.62,2264.4,2238.76,1.8,348,4.669527045
5109,2019/8/1 21:00,3.08,-5,562,2308.45,2465.22,2764.58,2512.75,1.2,339,4.94305612
5110,2019/8/1 22:00,3.74,-5.2,503,2620.52,3902.13,3966.15,3496.27,1,323,6.681748301
5111,2019/8/1 23:00,4.62,-4.6,572,4340.85,4455.14,3798.74,4198.24,0,236,8.676666977
5112,2019/8/2 0:00,7.7,-3.8,665,4696.7,3256.74,5010.38,4321.27,0,321,9.185780343
5113,2019/8/2 1:00,9.1,-3.7,667,4668.66,3724,4539.87,4310.84,0,23,9.961091
5114,2019/8/2 2:00,11.29,-3.5,649,4532.96,2750.44,4244.52,3842.64,0,315,8.646342597
5115,2019/8/2 3:00,11.39,-3.2,498,3776.92,3929.4,3449.25,3718.52,0.4,289,9.510625416
5116,2019/8/2 4:00,9.87,-3.5,613,3816.4,2779.7,3105.55,3233.88,0.9,312,7.251525217
5117,2019/8/2 5:00,8.37,-3.8,540,3939.6,3927.56,3743.95,3870.37,0,287,8.155776012
5118,2019/8/2 6:00,6.6,-3.7,723,4285.84,4702.35,5344,4777.4,2,279,9.537543676
5119,2019/8/2 7:00,7.95,-3.6,642,4866.42,5001.81,4672.31,4846.85,0,336,10.10909889
5120,2019/8/2 8:00,9.83,-3.4,562,4487.79,4929.12,4764.57,4727.16,0.5,19,9.651709677
5121,2019/8/2 9:00,10.35,-3.5,690,4982.39,5081.67,5048.88,5037.65,0.9,11,10.53556107
5122,2019/8/2 10:00,10.53,-4.2,726,5266.59,5022,4735.65,5008.08,0,335,10.8371279
5123,2019/8/2 11:00,7.31,-4.1,609,4202.46,3035.1,4540.51,3926.02,3,31,8.994810624
5124,2019/8/2 12:00,6.39,-4.5,466,2387.86,2647.68,3012.79,2682.78,4.2,28,5.553165671
5125,2019/8/2 13:00,4.37,-4.3,450,1803.6,1679.19,2482.48,1988.42,3.2,285,4.117473767
5126,2019/8/2 14:00,3.93,-4.6,276,2397.72,2536.4,2028,2320.71,1.6,8,5.85562782
5127,2019/8/2 15:00,3.95,-4.4,403,1967.04,2601.3,3826.02,2798.12,0,293,5.099567705
5128,2019/8/2 16:00,4.93,-3.9,329,2572.6,2648.82,2213.54,2478.32,1.2,340,5.402896863
5129,2019/8/2 17:00,4.43,-4.4,535,3852.12,2630.64,2553.75,3012.17,1.2,75,7.189514809
5130,2019/8/2 18:00,4.99,-4.2,385,3488.4,2945.38,3442.53,3292.1,0,79,7.045518394
5131,2019/8/2 19:00,5.53,-4.7,463,2223.84,2549.28,2931.9,2568.34,2.4,68,5.170789006
5132,2019/8/2 20:00,2.56,-4.8,355,2905.32,2216.16,3082.64,2734.71,1.6,77,5.835164761
5133,2019/8/2 21:00,2.1,-4.6,251,2240.24,2098.11,2176,2171.45,2.7,40,4.721815253
5134,2019/8/2 22:00,1.47,-4.6,217,1891.91,1770.6,1708.56,1790.36,1.7,57,3.992763965
5135,2019/8/2 23:00,0.05,-4.8,221,1607.58,1568.64,1673.84,1616.69,0,52,3.515087938
5136,2019/8/3 0:00,-0.62,-4.7,258,2079.91,1573.2,1669.41,1774.17,2.5,28,4.1283566
5137,2019/8/3 1:00,0.7,-4.5,390,3275.68,2954.1,3128.16,3119.31,3.3,80,6.538480056
5138,2019/8/3 2:00,1.41,-4.7,375,2798.88,2877,2923.24,2866.37,1.4,44,5.842435
5139,2019/8/3 3:00,2.33,-4.4,377,2871.22,2911.25,2980.34,2920.94,0.9,21,5.980849801
5140,2019/8/3 4:00,2.76,-4.6,374,2908.64,2917.2,3016.83,2947.56,1.2,67,6.070047344
5141,2019/8/3 5:00,2.83,-4.3,226,2938.65,2856,1950.75,2581.8,2.2,51,5.795298115
5142,2019/8/3 6:00,2.3,-4.4,353,2052,2373.36,2093.04,2172.8,2.1,54,4.476617083
5143,2019/8/3 7:00,2.24,-4,352,2742.22,2695.98,2854.94,2764.38,0.9,44,5.705855703
5144,2019/8/3 8:00,2.47,-4.1,328,2621.28,2558.78,2630.4,2603.49,0.7,69,5.455744355
5145,2019/8/3 9:00,2.04,-4.3,308,2418.39,2397.63,2483.32,2433.11,0.8,62,5.095036384
5146,2019/8/3 10:00,0.24,-4.3,266,2182.3,2173.5,2208,2187.93,3.2,79,4.611428783
5147,2019/8/3 11:00,-0.73,-4.7,222,1897.35,1854.56,1912.68,1888.2,1.8,79,3.999502466
5148,2019/8/3 12:00,-0.93,-4.5,217,1820.9,1794.87,1846.04,1820.6,1.2,87,3.843793818
5149,2019/8/3 13:00,-1.02,-4.6,212,1735.53,1760.22,1794,1763.25,1.7,67,3.703961431
5150,2019/8/3 14:00,-1.1,-4.5,208,1681.9,1670.13,1771.52,1707.85,1.9,60,3.592357087
5151,2019/8/3 15:00,-1.62,-4.7,188,1605.45,1517.67,1591.6,1571.57,2,79,3.370583707
5152,2019/8/3 16:00,-2.1,-4.9,163,1396.95,1384,1418.6,1399.85,2.8,101,2.957253127
5153,2019/8/3 17:00,-2.27,-4.9,154,1351.35,1369.15,1356.32,1358.94,1.8,86,2.869301634
5154,2019/8/3 18:00,-3.37,-4.9,118,1057.23,1040.39,1048.8,1048.81,1.3,44,2.259696128
5155,2019/8/3 19:00,-3.5,-4.8,113,967.4,978.54,1012.83,986.26,1.3,73,2.068118541
5156,2019/8/3 20:00,-3.89,-5,101,919.24,912.12,920.58,917.31,2.6,77,1.916550322
5157,2019/8/3 21:00,-4.73,-5.1,76,679.14,678.15,697.68,684.99,1.1,91,1.439555195
5158,2019/8/3 22:00,-4.95,-5.1,72,634.26,617.4,671.3,640.99,1.3,95,1.332001483
5159,2019/8/3 23:00,-5.1,-5.2,63,595.08,581.4,571.2,582.56,1.2,101,1.196902989
5160,2019/8/4 0:00,-5.25,-5.3,59,547.2,545.6,545.6,546.13,1.2,88,1.162341299
5161,2019/8/4 1:00,-5.75,-5.4,51,418.5,454.93,461.04,444.82,0.9,81,0.931982017
5162,2019/8/4 2:00,-6.25,-5.4,41,357.75,361.8,362.88,360.81,0.6,92,0.795478152
5163,2019/8/4 3:00,-11.17,-13.1,165,1189,1167.25,1146.39,1167.55,0,129,2.421736936
5164,2019/8/4 4:00,-10.68,-13,174,1230.32,1189,1267,1228.77,0,121,2.536814006
5165,2019/8/4 5:00,-10.19,-12.7,182,1286.94,1241.84,1332,1286.93,0,149,2.644484381
5166,2019/8/4 6:00,-8.66,-12.2,204,1478.05,1416.43,1574.61,1489.7,0,124,3.101013029
5167,2019/8/4 7:00,-8.04,-12.2,212,1550.15,1505.7,1663.2,1573.02,0,127,3.273255522
5168,2019/8/4 8:00,-7.71,-11.9,216,1607.83,1562.4,1680.12,1616.78,0,118,3.391311231
5169,2019/8/4 9:00,-6.23,-11.1,233,1806.84,1680.12,1825.8,1770.92,0,122,3.786160262
5170,2019/8/4 10:00,-5.43,-10.2,249,1856.4,1775.68,1960.75,1864.28,0,128,3.915822489
5171,2019/8/4 11:00,-4.23,-10.5,267,2057.68,2014.96,2151.3,2074.65,0,186,4.351034772
5172,2019/8/4 12:00,-3.5,-10.2,276,2124.74,2073.2,2204.99,2134.31,0,205,4.491588255
5173,2019/8/4 13:00,-3.5,-10,280,2207.2,2101.6,2244.36,2184.39,0,194,4.616361596
5174,2019/8/4 14:00,-2.64,-9.5,292,2282.98,2276.54,2386.28,2315.27,0,194,4.838066304
5175,2019/8/4 15:00,-3,-9.6,299,2297.16,2318.96,2432.25,2349.46,0,219,4.875663425
5176,2019/8/4 16:00,-2.5,-9,311,2322.24,2333.55,2573.25,2409.68,0,175,4.949819253
5177,2019/8/4 17:00,-2.31,-9.1,320,2647.92,2523.77,2711.04,2627.58,0,236,5.508679832
5178,2019/8/4 18:00,-1.75,-8.8,338,2700.15,2597.4,2843.1,2713.55,0.5,239,5.638504674
5179,2019/8/4 19:00,-1.29,-8.4,343,2716,2674,2934.36,2774.79,0.8,253,5.727425394
5180,2019/8/4 20:00,0.01,-7.9,364,2971.92,2925.95,3064.95,2987.61,1.3,257,6.208515775
5181,2019/8/4 21:00,1.66,-7.2,380,3063.6,3118.8,3148.73,3110.38,0.7,258,6.475004405
5182,2019/8/4 22:00,2.64,-6.9,394,3061.6,3176.18,3237.92,3158.57,0,241,6.551064534
5183,2019/8/4 23:00,3.06,-6.7,396,3087,3222.03,3279.08,3196.04,0.5,230,6.612026354
5184,2019/8/5 0:00,4.2,-6.4,406,3225.86,3314.52,3324.24,3288.21,0.6,215,6.846801749
5185,2019/8/5 1:00,4.24,-6.4,427,3290.04,3374.63,3456.11,3373.59,2.1,193,6.953926771
5186,2019/8/5 2:00,4.68,-6.3,433,3357.33,3440.8,3498.48,3432.2,2.4,190,7.079392711
5187,2019/8/5 3:00,5.56,-5.9,447,3495.2,3469.5,3571.54,3512.08,1.4,230,7.319359348
5188,2019/8/5 4:00,7.74,-5,510,3747.44,3782.26,3830.4,3786.7,1.5,197,7.827869254
5189,2019/8/5 5:00,8.01,-5.4,535,3822.64,3856.29,3879.3,3852.74,3.4,212,7.933717699
5190,2019/8/5 6:00,7.84,-5.2,592,4014,3874.4,4068.7,3985.7,2.2,182,8.201262951
5191,2019/8/5 7:00,10.2,-4.2,629,4162.5,4256.46,4309.36,4242.77,0,241,8.710863424
5192,2019/8/5 8:00,9.08,-4.8,629,4276.52,4236.57,4402.3,4305.13,3.2,202,8.834642644
5193,2019/8/5 9:00,9.18,-4.4,617,4422.09,4442.02,4560.6,4474.9,1.5,189,9.205465319
5194,2019/8/5 10:00,9.08,-4.2,625,4389.04,4455.14,4520.74,4454.97,2.3,190,9.122318381
5195,2019/8/5 11:00,10.03,-3.9,613,4395.69,4507.3,4658.64,4520.54,2.7,190,9.288389441
5196,2019/8/5 12:00,10.33,-3.8,631,4540.51,4524.88,4750.76,4605.38,3.8,199,9.537203942
5197,2019/8/5 13:00,11.33,-3.3,631,4638.9,4742.2,4840.45,4740.52,2.4,251,10.10998929
5198,2019/8/5 14:00,12.68,-2.9,624,4716,4824.8,4771.83,4770.88,1.8,235,9.891912899
5199,2019/8/5 15:00,13.01,-2.9,631,4766.12,4882.5,4841.54,4830.05,1.4,240,10.01918527
5200,2019/8/5 16:00,13.16,-2.7,636,4945.25,4931.28,4998.5,4958.34,2.4,238,10.35143063
5201,2019/8/5 17:00,13.62,-2.5,630,4827.6,4914,4922.52,4888.04,2.7,244,10.15821061
5202,2019/8/5 18:00,13.89,-2,645,4984.32,5042.73,5050.35,5025.8,2.3,186,10.47629757
5203,2019/8/5 19:00,15.12,-1.7,652,5063.25,5139.12,5087.6,5096.66,3.1,269,10.62917352
5204,2019/8/5 20:00,14.89,-2,646,5021.83,5070.31,5111.3,5067.81,1.3,255,10.58557334
5205,2019/8/5 21:00,15.87,-1.7,655,5065.38,5168.1,5176.15,5136.54,3.2,271,10.69877579
5206,2019/8/5 22:00,15.79,-1.8,658,5047.55,5076.72,5187.36,5103.88,1.2,244,10.66697198
5207,2019/8/5 23:00,16.05,-1.9,657,5142.42,5211.33,5229.28,5194.34,3,265,10.84243116
5208,2019/8/6 0:00,16.89,-1.7,665,5241.6,5204.29,5289.02,5244.97,2.4,267,11.02000904
5209,2019/8/6 1:00,16.99,-1.2,674,5212.46,5269.88,5302.48,5261.61,2.2,266,11.00189986
5210,2019/8/6 2:00,16.95,-1.2,678,5264.15,5350.8,5382.66,5332.54,3.3,270,11.11739662
5211,2019/8/6 3:00,17.62,-1.2,677,5317.2,5361.51,5382.66,5353.79,2.7,253,11.20611437
5212,2019/8/6 4:00,17.76,-1,674,5298.21,5373.9,5386.5,5352.87,1.5,196,11.19635577
5213,2019/8/6 5:00,17.45,-0.6,673,5306.58,5329.8,5352.79,5329.72,0.3,220,11.19849641
5214,2019/8/6 6:00,18.32,-0.7,680,5315.12,5361.3,5364.82,5347.08,2.8,246,11.2006414
5215,2019/8/6 7:00,19.33,0,683,5289.89,5388.24,5411.01,5363.05,2.5,269,11.20930801
5216,2019/8/6 8:00,18.66,-0.3,683,5249.92,5413.98,5403.11,5355.67,1.5,265,11.15459262
5217,2019/8/6 9:00,18.24,-0.4,675,5253.9,5426.6,5396.82,5359.11,2.1,263,11.15559824
5218,2019/8/6 10:00,17.68,-0.7,686,5249.92,5418,5466.01,5377.98,2.5,186,11.18229915
5219,2019/8/6 11:00,18.53,-0.3,679,5346.5,5396.82,5484.88,5409.4,0.8,275,11.33906696
5220,2019/8/6 12:00,20.37,0.3,680,5356.84,5407.08,5440.85,5401.59,0,259,11.36596897
5221,2019/8/6 13:00,20.62,0,675,5346.5,5364.82,5396.82,5369.38,1.4,265,11.32604854
5222,2019/8/6 14:00,20.39,0,677,5319.16,5325,5392.2,5345.45,2.9,267,11.23706324
5223,2019/8/6 15:00,19.83,0.3,667,5304.6,5363.12,5323.23,5330.32,2.1,179,11.20253505
5224,2019/8/6 16:00,19.76,1,669,5233.28,5285.61,5335.77,5284.89,2.2,275,11.09038424
5225,2019/8/6 17:00,19.74,0.4,666,5229,5268.85,5348.7,5282.18,1.8,264,11.08998848
5226,2019/8/6 18:00,19.91,0.8,664,5262.64,5295.96,5331.72,5296.77,2.7,263,11.13268746
5227,2019/8/6 19:00,19.6,1,661,5214,5252.15,5310.9,5259.02,3,198,11.07063994
5228,2019/8/6 20:00,19.53,1,659,5205.75,5229.18,5315.05,5249.99,2.8,279,11.0227004
5229,2019/8/6 21:00,19.53,0.8,671,5191.2,5214.58,5361.3,5255.69,2.4,269,11.02028566
5230,2019/8/6 22:00,19.47,0.8,635,4902.87,5315.05,5229,5148.97,1.7,265,10.62491083
5231,2019/8/6 23:00,19.76,1.2,665,5216.4,5170.38,5325.64,5237.47,2.6,276,11.03003342
5232,2019/8/7 0:00,19.06,1.1,666,5241.24,5148.96,5296.16,5228.79,2.4,255,11.04641381
5233,2019/8/7 1:00,19.16,1.1,655,5162.55,5147.1,5167.89,5159.18,1,173,10.90910864
5234,2019/8/7 2:00,18.53,0.8,645,4962.72,5043.36,5106.56,5037.55,2.9,248,10.55334882
5235,2019/8/7 3:00,17.39,1.1,578,4724.17,4038.54,4203.96,4322.22,1.2,225,9.545158615
5236,2019/8/7 4:00,17.14,2.1,630,4947.2,4931.74,4985.6,4954.85,0.1,231,10.44659855
5237,2019/8/7 5:00,18.89,2,615,4827.24,4855.11,4898.53,4860.29,1.4,186,10.27031171
5238,2019/8/7 6:00,18.49,2,614,4783.87,4799.38,4842.45,4808.57,1.1,149,10.18037216
5239,2019/8/7 7:00,18.47,1.6,589,4624.62,4464.72,4607.28,4565.54,0.5,186,9.759264611
5240,2019/8/7 8:00,18.14,2,607,4504.95,4566.48,4728.51,4599.98,1.9,257,9.635514545
5241,2019/8/7 9:00,17.49,1.9,599,4612.74,4630.99,4678.92,4640.88,0.5,222,9.722031615
5242,2019/8/7 10:00,18.08,2,591,4587.22,4548.18,4545.78,4560.39,2.3,197,9.666148141
5243,2019/8/7 11:00,18.08,2,591,4050.9,4548.18,4545.78,4381.62,2.3,197,9.077134288
5244,2019/8/7 12:00,15.78,1.8,422,3429.52,3357.93,3462.56,3416.67,1.7,226,7.384074182
5245,2019/8/7 13:00,15.47,2.1,501,3472.74,3608.44,3862.59,3647.92,0,191,7.6152619
5246,2019/8/7 14:00,15.45,2.2,566,4309.5,4308.82,4262.88,4293.73,1.7,241,9.05474886
5247,2019/8/7 15:00,16.16,2.3,556,4283.14,4282.98,4173.15,4246.42,3.8,182,8.958504179
5248,2019/8/7 16:00,15.43,2.4,511,3900.49,3902.25,3984.86,3929.2,4.2,191,8.318912106
5249,2019/8/7 17:00,14.45,2,499,3879.4,3639.09,3927.29,3815.26,2.1,173,8.09691052
5250,2019/8/7 18:00,14.16,2.1,517,3861,3784.32,3959.28,3868.2,1.7,171,8.13867779
5251,2019/8/7 19:00,14.47,2.6,525,3840.9,3926,4004.64,3923.85,1.5,225,8.216496564
5252,2019/8/7 20:00,14.76,2.3,517,3788.82,3836.71,3971.5,3865.68,2.8,278,8.142281307
5253,2019/8/7 21:00,14.93,2.8,505,3840.9,3834.39,3873.45,3849.58,1.5,195,8.131820971
5254,2019/8/7 22:00,14.16,3.1,492,3773.58,3698.5,3744,3738.69,0,195,7.947071717
5255,2019/8/7 23:00,14.16,3,477,3518.52,3625.12,3556.52,3566.72,2.8,209,7.519880934
5256,2019/8/8 0:00,13.74,3,463,3483.36,3467.43,3492.36,3481.05,0.6,261,7.416649526
5257,2019/8/8 1:00,13.43,3,451,3455.82,3436.11,3425.65,3439.19,2.7,243,7.314833889
5258,2019/8/8 2:00,12.2,3.1,348,3070.94,2832.9,2670.77,2858.2,2.1,206,6.259951951
5259,2019/8/8 3:00,10.37,2.5,401,3152.1,3140.72,3202.29,3165.04,1.8,191,6.644882379
5260,2019/8/8 4:00,10.64,2.9,378,2803.11,2181.27,2965.9,2650.09,1.4,208,5.659893645
5261,2019/8/8 5:00,9.64,2.7,301,2361.18,2731.56,2617.56,2570.1,1.1,232,5.354394546
5262,2019/8/8 6:00,9.37,2.9,347,2635.86,2637.36,2781.39,2684.87,1.7,197,5.629096886
5263,2019/8/8 7:00,9.22,3,343,2643.74,2625.24,2748.04,2672.34,4,236,5.653938624
5264,2019/8/8 8:00,9.06,3,326,2575.65,2587.96,2631.92,2598.51,2.3,186,5.460560589
5265,2019/8/8 9:00,8.74,2.8,300,2382.05,2358.04,2435.16,2391.75,2,186,5.055602815
5266,2019/8/8 10:00,8.55,3.2,271,2140.49,2160.87,2261.22,2187.53,2,253,4.543678043
5267,2019/8/8 11:00,8.12,3,244,1978.02,1379.04,1979.45,1778.84,4.2,200,3.951036127
5268,2019/8/8 12:00,4.64,2.9,128,1184.48,1130.64,1147.41,1154.18,2.8,214,2.389015386
5269,2019/8/8 13:00,4.1,2.8,108,1008,966.24,993.08,989.11,1.1,199,2.111345179
5270,2019/8/8 14:00,3.91,2.8,103,952.82,935.47,954.24,947.51,2.7,182,1.952601713
5271,2019/8/8 15:00,2.85,2.7,78,713.69,709.14,733.7,718.84,1.1,200,1.506810187
5272,2019/8/8 16:00,2.51,2.6,75,625.1,609.96,704.9,646.65,0.9,220,1.321494523
5273,2019/8/8 17:00,1.49,2.5,52,423.04,406.1,467.18,432.11,0,174,1.031946019
5274,2019/8/8 18:00,0.01,0.1,1,0,0,0,0,0.1,1,0.379993053
5275,2019/8/8 19:00,-2.39,-2.6,103,733.32,735.48,745.8,738.2,2,251,1.379875766
5276,2019/8/8 20:00,-2.25,-2.5,107,746.65,758.13,768.4,757.73,1.4,240,1.451128424
5277,2019/8/8 21:00,-1.33,-2.2,129,931.6,935.71,953.54,940.28,1.5,195,1.906251272
5278,2019/8/8 22:00,-0.87,-2.1,131,947.98,1000.1,972.7,973.59,1.1,211,1.959054893
5279,2019/8/8 23:00,-0.58,-2,142,1012.32,997.18,1046.52,1018.67,0.8,253,2.039736466
5280,2019/8/9 0:00,1.43,-1.2,207,1504.53,1452.66,1600.71,1519.3,1.5,228,3.130668743
5281,2019/8/9 1:00,1.72,-1,203,1538.88,1497.96,1589.2,1542.01,1.3,245,3.183625123
5282,2019/8/9 2:00,2.37,-0.9,209,1682.64,1698.18,1516.26,1632.36,1.3,249,3.217061781
5283,2019/8/9 3:00,2.74,-0.9,259,1797.32,1792.08,1889.25,1826.22,2,222,3.78485767
5284,2019/8/9 4:00,3.35,-0.8,261,1867.32,1871.42,1951.08,1896.61,2.8,281,3.924504629
5285,2019/8/9 5:00,3.68,-0.8,264,1849.5,1833.12,1895.96,1859.53,2.4,238,3.892684426
5286,2019/8/9 6:00,4.24,-0.8,287,2120.4,2147.76,2018.72,2095.63,3.2,240,4.430174973
5287,2019/8/9 7:00,4.66,-0.5,292,2202.48,2171.94,2181.96,2185.46,2.2,272,4.611971187
5288,2019/8/9 8:00,4.95,-0.4,265,1799.35,1753.43,1985.6,1846.13,2.9,193,3.89460639
5289,2019/8/9 9:00,4.51,-0.2,218,1566.18,1532.28,1523.2,1540.55,2.7,265,3.252079149
5290,2019/8/9 10:00,4.14,0,237,1591.39,1575.28,1654.32,1607,1.9,234,3.366565651
5291,2019/8/9 11:00,4.29,0.2,258,1609.23,1649.97,1722.12,1660.44,1.7,258,3.431840669
5292,2019/8/9 12:00,4.45,0.3,257,1679.6,1700,1733.12,1704.24,1.1,256,3.570569256
5293,2019/8/9 13:00,4.7,0.1,250,1586.52,1643.18,1683.92,1637.87,2.9,270,3.388619862
5294,2019/8/9 14:00,4.58,0.3,225,1502.94,1505.16,1500.79,1502.96,2.4,251,3.151276292
5295,2019/8/9 15:00,4.62,0.2,247,1609.23,1608.88,1685,1634.37,3,236,3.422570823
5296,2019/8/9 16:00,5.16,0.5,269,1897.2,1940.12,1886.04,1907.79,1.9,274,4.000743951
5297,2019/8/9 17:00,5.93,0.8,300,2005.08,1954.6,2159.22,2039.63,3.1,253,4.288304641
5298,2019/8/9 18:00,6.12,0.6,311,2152.43,2197.24,2332.32,2227.33,2.9,260,4.659519556
5299,2019/8/9 19:00,8.89,1.1,380,2815.68,2912.48,2941.01,2889.72,3.2,260,6.09812113
5300,2019/8/9 20:00,9.06,1.5,372,2811.49,2823.18,2816.49,2817.05,1.9,253,5.978723548
5301,2019/8/9 21:00,9.33,1.4,434,2932.27,3048.19,3239.8,3073.42,4.3,279,6.445478985
5302,2019/8/9 22:00,11.14,1.8,479,3725.04,3600.09,3729.6,3684.91,2.5,251,7.752476862
5303,2019/8/9 23:00,12.1,2.2,506,3793.26,3801.6,3901.28,3832.05,2,255,8.011458752
5304,2019/8/10 0:00,12.68,2.4,515,3888.1,3909.15,3961.71,3919.65,2.7,260,8.209616224
5305,2019/8/10 1:00,12.68,2.1,514,3946.17,3915.1,3992.44,3951.24,3.9,234,8.297172966
5306,2019/8/10 2:00,13.58,2.2,534,4009.02,4185.6,4040.55,4078.39,3.8,235,8.519110845
5307,2019/8/10 3:00,13.93,2.5,528,4000.64,4002.05,4061.34,4021.34,3.2,246,8.558749891
5308,2019/8/10 4:00,13.7,2.3,480,3878.22,3738.33,3682.02,3766.19,4.5,240,8.015043541
5309,2019/8/10 5:00,13.06,2.4,441,3197.88,3250.52,3560.94,3336.45,3.1,244,7.043348219
5310,2019/8/10 6:00,13.22,3.1,543,4112.5,4020.38,4192,4108.29,4.8,247,8.64563903
5311,2019/8/10 7:00,13.56,3.1,534,3776.92,3793.2,3962.24,3844.12,2.4,258,8.021327326
5312,2019/8/10 8:00,13.5,3.2,559,3904.38,3943.1,4133.28,3993.59,6.2,257,8.428190209
5313,2019/8/10 9:00,13.99,3.2,526,4165.98,3774.34,3969.3,3969.87,3.4,261,8.463768171
5314,2019/8/10 10:00,14.87,3.8,617,4420.81,4316,4400.5,4379.1,3.6,284,9.158315101
5315,2019/8/10 11:00,15.41,3.8,586,4600.17,3888.47,4664.87,4384.5,3.3,274,9.356197425
5316,2019/8/10 12:00,14.62,3.7,441,4613.76,4671.34,4633.86,4639.65,3.9,257,9.835483043
5317,2019/8/10 13:00,14.72,3.9,463,3812.1,2923.38,2631.59,3122.36,3.4,260,7.118558095
5318,2019/8/10 14:00,15.78,4.4,594,4607.9,4717.44,4722.26,4682.53,3.2,285,9.775728532
5319,2019/8/10 15:00,17.39,4.8,621,4462.92,4723.2,4811.67,4665.93,2.9,260,9.674710283
5320,2019/8/10 16:00,18.26,5.5,622,4780.8,4791.38,4860.31,4810.83,4.4,261,10.15497453
5321,2019/8/10 17:00,18.39,5.5,625,4806.4,4818.06,4865.4,4829.95,5.6,282,10.22487404
5322,2019/8/10 18:00,19.01,5.6,629,4753.1,4832.35,4914.9,4833.45,3.6,281,10.13861112
5323,2019/8/10 19:00,20.7,6.9,632,4899.42,4909.18,4975.39,4928,2.2,270,10.39311711
5324,2019/8/10 20:00,20.66,6.9,637,4905.75,4881.04,4969.1,4918.63,2.5,262,10.3891535
5325,2019/8/10 21:00,20.6,7,633,4872.72,4890.25,4950.23,4904.4,2.8,276,10.32465825
5326,2019/8/10 22:00,21.2,7.1,636,4874.75,4892.12,4957.92,4908.26,3.8,264,10.38388134
5327,2019/8/10 23:00,21.91,7.3,633,4868.46,4854.44,4939.14,4887.35,5.1,279,10.40164409
5328,2019/8/11 0:00,21.93,7.6,634,4869.9,4859.25,4954.92,4894.69,4.6,275,10.39676213
5329,2019/8/11 1:00,22.66,8.2,618,4772.8,4788.9,4845.24,4802.31,2.4,264,10.17207318
5330,2019/8/11 2:00,22.39,8.3,621,4748.95,4766.52,4802.82,4772.76,4.1,236,10.16582861
5331,2019/8/11 3:00,22.16,8.3,618,4695.76,4712.4,4805.56,4737.91,3.9,287,10.03447727
5332,2019/8/11 4:00,21.93,8.9,612,4694.64,4664.16,4652.34,4670.38,2.1,242,9.887968392
5333,2019/8/11 5:00,21.97,8.7,612,4680.9,4678.6,4687.2,4682.23,4.7,247,9.994799981
5334,2019/8/11 6:00,22.05,9,597,4529.7,4572.83,4595.91,4566.15,1.8,259,9.654115691
5335,2019/8/11 7:00,22.3,9.7,591,4467.48,4465.9,4527.88,4487.09,3.1,284,9.511555432
5336,2019/8/11 8:00,22.2,9.8,587,4421.87,4408.56,4502.76,4444.4,4.8,271,9.493095959
5337,2019/8/11 9:00,22.18,9.8,587,4435.93,4434.45,4477.64,4449.34,4.7,273,9.498614368
5338,2019/8/11 10:00,22.18,9.8,578,4377.84,4378.5,4414.08,4390.14,3.6,272,9.340383479
5339,2019/8/11 11:00,22.54,10.1,577,4340.1,4365.9,4356.96,4354.32,3.6,263,9.274457504
5340,2019/8/11 12:00,22.6,10.6,565,4170.27,4163.28,4225.5,4186.35,4.1,281,8.931446829
5341,2019/8/11 13:00,22.26,10.6,559,4177.22,4164.3,4188.76,4176.76,3.7,254,8.908436517
5342,2019/8/11 14:00,22.28,11,549,4095.19,4057.05,4139.36,4097.2,4.2,265,8.754004357
5343,2019/8/11 15:00,22.1,11.1,534,3905.76,3855.2,3994.2,3918.39,3.7,267,8.350406305
5344,2019/8/11 16:00,22.12,11.8,514,3797.66,3722.9,3774.28,3764.95,3.8,246,8.050547582
5345,2019/8/11 17:00,22.14,12,496,3594.1,3519.48,3653.49,3589.02,4.6,279,7.708516288
5346,2019/8/11 18:00,22.24,12,489,3557.46,3514.67,3583.44,3551.86,3,253,7.581971551
5347,2019/8/11 19:00,22.33,12.4,444,3342.24,3286.4,3237.03,3288.56,2.5,258,7.086578299
5348,2019/8/11 20:00,22.34,12.1,414,2765.7,2857.5,3199.08,2940.76,2,219,6.199856437
5349,2019/8/11 21:00,19.1,12.3,209,1894.4,1728.09,1386,1669.5,0.5,244,4.098632688
5350,2019/8/11 22:00,18.28,12.1,202,1207.12,1221.12,1167.35,1198.53,2.4,238,2.765985694
5351,2019/8/11 23:00,17.16,12.4,217,1262.77,1337.6,1591.11,1397.16,1.9,266,2.997564366
5352,2019/8/12 0:00,16.51,12.1,149,1121.12,1062.12,995.38,1059.54,0,268,2.658093556
5353,2019/8/12 1:00,14.18,12,204,1513.05,1201.56,960.52,1225.04,1.4,278,2.993686734
5354,2019/8/12 2:00,14.41,12.1,226,1460.25,1187.67,1499.19,1382.37,1.8,246,3.093901568
5355,2019/8/12 3:00,13.57,11.9,118,750.48,717.55,698.5,722.18,1.5,232,1.725848615
5356,2019/8/12 4:00,12.7,11.8,110,643.37,637,660.4,646.92,0,274,1.323956613
5357,2019/8/12 5:00,12.55,11.8,120,779.58,758.74,747.63,761.98,0,238,1.895882009
5358,2019/8/12 6:00,12.53,11.9,106,627.2,599.72,644.38,623.77,0,270,1.564988421
5359,2019/8/12 7:00,12.41,11.8,94,593.34,578.76,573.3,581.8,0.1,265,1.480016014
5360,2019/8/12 8:00,12.05,12,141,872.1,897.94,949.62,906.55,0,265,2.067514648
5361,2019/8/12 9:00,12.35,12.1,115,952.56,784.46,770.4,835.81,0,255,2.129027862
5362,2019/8/12 10:00,12.64,12.3,101,695.52,707.07,705.96,702.85,0,194,1.781949307
5363,2019/8/12 11:00,12.37,12.1,81,494.52,463.98,515.78,491.43,0,197,1.386936513
5364,2019/8/12 12:00,8.91,11,21,209.44,189.72,181.5,193.55,0,172,0.77315256
5365,2019/8/12 13:00,7.76,10.9,15,145.92,150.25,151,149.06,0,172,0.634966602
5366,2019/8/12 14:00,-1.71,-1,66,387.44,400.8,400.77,396.34,1.6,268,0.696555882
5367,2019/8/12 15:00,-1.62,-1.2,78,450.84,452.2,467.18,456.74,4.6,3,0.902094978
5368,2019/8/12 16:00,-1.56,-1.2,90,551.61,543.51,546.12,547.08,1.9,18,1.252740762
5369,2019/8/12 17:00,-1.37,-1,106,644.1,652.81,652.81,649.91,3.2,353,1.022298952
5370,2019/8/12 18:00,-1.1,-1,116,681,665.28,693.19,679.82,3.9,52,1.409151938
5371,2019/8/12 19:00,-0.33,-0.6,145,804.44,808.8,907.18,840.14,6,52,1.665087334
5372,2019/8/12 20:00,0.28,-0.4,173,1023.78,1002.54,1061.75,1029.36,4.4,47,2.13246774
5373,2019/8/12 21:00,0.58,-0.1,184,1096,1069.17,1196.8,1120.66,4.4,67,2.294193262
5374,2019/8/12 22:00,2.89,0.5,268,1711.82,1789.46,1859.13,1786.8,4.9,66,3.704159834
5375,2019/8/12 23:00,3.26,0.8,277,1907.99,1856.4,1918.74,1894.38,2.3,9,3.968644643
5376,2019/8/13 0:00,3.16,0.9,240,1539,1534.54,1629.98,1567.84,0.3,49,3.361193429
5377,2019/8/13 1:00,3.45,1,294,1973.87,1618.03,1886.37,1826.09,4.3,358,3.829709157
5378,2019/8/13 2:00,5.99,1.8,401,2951.2,2875.5,2852.72,2893.14,2.8,25,5.964031609
5379,2019/8/13 3:00,6.49,2,423,2956.08,2869.44,3028.5,2951.34,1.9,314,6.121458964
5380,2019/8/13 4:00,7.6,2.8,451,3239.04,3139.6,3236.1,3204.91,3.9,8,6.613797617
5381,2019/8/13 5:00,8.24,2.8,459,3361.71,3351.69,3406.8,3373.4,1.4,119,6.923282912
5382,2019/8/13 6:00,8.1,3.1,464,3360,3341.67,3449.88,3383.85,4.3,51,7.02655656
5383,2019/8/13 7:00,9.28,3.4,474,3541.77,3521.76,3581.79,3548.44,3.7,68,7.312855932
5384,2019/8/13 8:00,9.79,3.6,528,3937.52,4057.56,4045.32,4013.47,4.9,52,8.317849615
5385,2019/8/13 9:00,10.39,3.7,524,4032.6,4046.7,4013.8,4031.03,2.3,110,8.341914516
5386,2019/8/13 10:00,11.02,3.7,532,3972.61,3956.2,4086.88,4005.23,2.7,27,8.324210135
5387,2019/8/13 11:00,10.47,3.6,536,3999.05,3940.82,4105.2,4015.02,4,1,8.4085469
5388,2019/8/13 12:00,10.76,3.8,524,4005.66,4106.56,4184.88,4099.03,2.5,311,8.447635856
5389,2019/8/13 13:00,10.85,4,564,4151.98,4362.54,4368.57,4294.36,4.7,66,8.937444806
5390,2019/8/13 14:00,12.18,4.6,560,4329.55,4466.2,4473.92,4423.22,3.6,71,9.241796939
5391,2019/8/13 15:00,12.14,4.1,564,4441.32,4388.34,4420.29,4416.65,3,89,9.27970233
5392,2019/8/13 16:00,12.72,4.6,559,4440.9,4394.88,4381.23,4405.67,4.4,0,9.311424375
5393,2019/8/13 17:00,12.18,4.7,606,4655.28,4518.76,4809.09,4661.04,3.2,359,9.587323218
5394,2019/8/13 18:00,12.39,5.3,603,4864.85,4801.68,4795.2,4820.58,2.9,49,10.24040796
5395,2019/8/13 19:00,14.06,6.2,626,5001.31,4902,4880.37,4927.89,2.1,287,10.36192808
5396,2019/8/13 20:00,14.06,6,627,4923.67,4963.96,4992.3,4959.98,4.1,346,10.26593981
5397,2019/8/13 21:00,13.37,6.1,615,5180.5,5042.52,5053.98,5092.33,7,50,11.0003387
5398,2019/8/13 22:00,14.16,6.4,620,4945.92,5021.83,5022.54,4996.76,6.3,28,10.71908544
5399,2019/8/13 23:00,14.41,6.5,605,5019.42,4969.08,5049.6,5012.7,4.9,39,10.77660006
5400,2019/8/14 0:00,14.35,6.7,621,4894.4,4862.79,5156.86,4971.35,2.1,70,10.63391767
5401,2019/8/14 1:00,14.62,6.8,620,4947.15,4769.04,5031.85,4916.01,2.1,25,10.6514398
5402,2019/8/14 2:00,14.62,6.7,607,4856.85,4776.48,4883.2,4838.84,2.6,1,10.37760077
5403,2019/8/14 3:00,14.35,6.3,612,4689.96,4751.77,4816.9,4752.88,4.3,47,10.10243111
5404,2019/8/14 4:00,15.49,6.6,605,4783.92,4826.73,4857.6,4822.75,2.3,2,10.25944925
5405,2019/8/14 5:00,14.99,6.5,604,4847.1,4807.5,4723.2,4792.6,3.2,18,10.18068843
5406,2019/8/14 6:00,14.35,6.4,584,4450.94,4596.72,4576.74,4541.47,3.9,71,9.546043924
5407,2019/8/14 7:00,14.64,6.6,590,4627.37,4443.13,4675.44,4581.98,3.6,17,9.855542625
5408,2019/8/14 8:00,14.6,6.6,600,4639.68,4477.24,4745.34,4620.75,5.3,73,9.974343068
5409,2019/8/14 9:00,14.41,7,622,4452.14,4469.36,4603.88,4508.46,4.3,48,9.548139488
5410,2019/8/14 10:00,14.64,7,684,4701.6,3094,2820.92,3538.84,3,51,8.267984408
5411,2019/8/14 11:00,13.99,6.5,526,5041.35,3487.33,4082.96,4203.88,4.7,61,9.743897462
5412,2019/8/14 12:00,10.53,6,416,2676,2703.49,4979.13,3452.87,6.5,58,7.956900026
5413,2019/8/14 13:00,11.72,6.1,541,3674,4191.66,4336.2,4067.29,2.6,74,8.272271234
5414,2019/8/14 14:00,12.66,6,513,3930,3680.64,4043,3884.55,5.3,57,8.288779822
5415,2019/8/14 15:00,12.33,6.3,491,3725.19,3664.04,3805.55,3731.59,3.2,46,7.738847971
5416,2019/8/14 16:00,11.74,6,491,3933.6,3780.12,3714.72,3809.48,3.6,46,7.937239541
5417,2019/8/14 17:00,12.06,6.6,521,3790.08,3322.32,3937.59,3683.33,2.9,21,7.778901986
5418,2019/8/14 18:00,12.16,6.2,476,3755.4,3637.21,3653.92,3682.18,3.8,22,7.661819823
5419,2019/8/14 19:00,11.87,6.5,430,3080.26,3166.74,3070.08,3105.69,1.9,60,6.359745323
5420,2019/8/14 20:00,11.43,6.3,414,3106.7,3044.58,3092.6,3081.29,1.7,8,6.330227529
5421,2019/8/14 21:00,11.8,6.9,399,2987.72,2893.01,3041.91,2974.21,2.7,13,6.110216852
5422,2019/8/14 22:00,11.41,6.6,375,2745.6,2699.4,2774.39,2739.8,3,86,5.664792801
5423,2019/8/14 23:00,10.95,6.3,363,2714.2,2617.44,2822.47,2718.04,2,19,5.584013746
5424,2019/8/15 0:00,10.24,6.6,292,2327.13,2304.08,2330.24,2320.48,1.7,30,4.816339892
5425,2019/8/15 1:00,10.18,6.5,256,2121.35,2065.44,2085.3,2090.7,1.9,37,4.300845572
5426,2019/8/15 2:00,10.09,6.6,251,1875.3,1885.76,2015.52,1925.53,2.3,22,3.99396692
5427,2019/8/15 3:00,9.77,6.2,229,1882.92,1776.84,1563.66,1741.14,2.9,75,3.829494291
5428,2019/8/15 4:00,9.43,6.5,228,1571.31,1782.2,1770.02,1707.84,2.6,69,3.473996775
5429,2019/8/15 5:00,7.76,6,147,1186.77,1164.66,1405.8,1252.41,3.9,53,2.537446171
5430,2019/8/15 6:00,5.41,5.4,88,705.24,705.23,617.5,675.99,2,67,1.586555855
5431,2019/8/15 7:00,5.18,5.4,77,618.52,581.17,697.48,632.39,3.3,77,1.274132879
5432,2019/8/15 8:00,4.5,5.2,51,264.18,305.28,359.52,309.66,3.4,39,0.679669176
5433,2019/8/15 9:00,4.26,5.2,53,421.2,427.02,447.12,431.78,2,76,1.025462632
5434,2019/8/15 10:00,4.16,5.1,28,394.67,365.37,252.4,337.48,2.5,83,0.897271153
5435,2019/8/15 11:00,0.01,0.1,1,0,0,0,0,0.1,1,0.379993053
5436,2019/8/15 12:00,-2.31,-1.8,13,126.4,131.25,137.72,131.79,1,89,0.424047499
5437,2019/8/15 13:00,-2.31,-1.7,13,197.78,178.36,150.24,175.46,1,89,0.541336955
5438,2019/8/15 14:00,-2.31,-1.7,13,219.64,216.92,15.93,150.83,1,89,0.590405841
5439,2019/8/15 15:00,-1.98,-1.6,27,214.83,217.26,226.8,219.63,1.7,77,0.569972795
5440,2019/8/15 16:00,-2.04,-1.6,16,155,178.92,163.28,165.73,1.5,101,0.452522745
5441,2019/8/15 17:00,-2.02,-1.6,32,189,180.32,230.04,199.79,1.6,85,0.527399747
5442,2019/8/15 18:00,-1.96,-1.5,32,239.76,231.48,276.06,249.1,2.9,82,0.554317179
5443,2019/8/15 19:00,-1.85,-1.5,41,267.32,303.15,321.44,297.3,1.8,83,0.679288903
5444,2019/8/15 20:00,-1.66,-1.4,31,217.94,271.32,265.27,251.51,1.7,76,0.599791687
5445,2019/8/15 21:00,-1.5,-1.2,46,299,316.8,348.74,321.51,2.5,57,0.72004952
5446,2019/8/15 22:00,-1.37,-1.1,47,345.28,339.56,360.25,348.36,1.1,90,0.855356509
5447,2019/8/15 23:00,-1.33,-1.2,47,327,327.5,358.05,337.52,2.3,70,0.775905884
5448,2019/8/16 0:00,-1.31,-1.1,56,349.27,340.6,375.06,354.98,2.3,90,0.811364455
5449,2019/8/16 1:00,-1.1,-1,64,460.23,413.54,483.26,452.34,2.2,70,1.029221088
5450,2019/8/16 2:00,-1.04,-1,46,387.04,374.49,325,362.18,1.6,81,0.91271578
5451,2019/8/16 3:00,-0.96,-0.8,68,335.07,354.75,381.64,357.15,0.7,86,0.898545182
5452,2019/8/16 4:00,-0.83,-0.9,75,469.31,394.2,449.88,437.8,3.2,72,1.000706192
5453,2019/8/16 5:00,-0.73,-0.8,85,466.9,479.61,516.36,487.62,2.8,62,1.055792275
5454,2019/8/16 6:00,-0.66,-0.8,50,429,465.76,381.06,425.27,2.5,76,0.969154153
5455,2019/8/16 7:00,-0.58,-0.8,78,560.28,574.48,540.27,558.34,3.4,60,1.198717934
5456,2019/8/16 8:00,-0.25,-0.6,86,619.16,641.28,655.62,638.69,2.7,64,1.355979325
5457,2019/8/16 9:00,-0.21,-0.5,103,508.44,724.39,515.13,582.65,1.8,51,1.255442375
5458,2019/8/16 10:00,0.91,0,185,1128.8,1093.19,1027.52,1083.17,2.1,81,2.384327573
5459,2019/8/16 11:00,1.37,0,163,1096.41,1118.84,1118.7,1111.32,2.4,77,2.35411482
5460,2019/8/16 12:00,1.49,0,120,682.89,555.24,802.8,680.31,0.9,307,1.303450968
5461,2019/8/16 13:00,1.33,0.1,163,907.18,624.96,915.28,815.81,1.4,322,1.615849818
5462,2019/8/16 14:00,1.64,0.3,161,862.72,882.94,980.2,908.62,1.9,36,1.961912288
5463,2019/8/16 15:00,4.06,0.9,205,1063.71,1154.12,1125.6,1114.48,1.5,38,2.455342205
5464,2019/8/16 16:00,4.1,1,200,1011.7,1052.28,1117.23,1060.4,3,76,2.130206572
5465,2019/8/16 17:00,4.09,1.1,200,1125.58,1139,1175.68,1146.75,1.1,1,2.579971719
5466,2019/8/16 18:00,4.8,1.9,302,1414.93,1384.32,1595.01,1464.75,1.7,91,3.106845732
5467,2019/8/16 19:00,6.49,2.3,218,1359.15,1092.3,1092.3,1181.25,1.1,40,2.951185825
5468,2019/8/16 20:00,5.64,2.6,201,1214.51,1378.62,1342.68,1311.94,1.2,316,2.594084275
5469,2019/8/16 21:00,7.35,3,311,3892.7,2525.21,2423.66,2947.19,1.3,39,7.207801317
5470,2019/8/16 22:00,11.14,3.7,484,3336.66,3184.72,3009.06,3176.81,2.5,61,6.632791699
5471,2019/8/16 23:00,11.37,3.6,392,4621.75,3219.29,1942.38,3261.14,2.3,82,7.770968005
5472,2019/8/17 0:00,9.89,3.3,387,2078.32,2371.4,2059.54,2169.75,4.3,80,4.546349829
5473,2019/8/17 1:00,9.55,3.8,338,2439.09,1825.43,1564.2,1942.91,1.4,48,4.739782099
5474,2019/8/17 2:00,9.87,3.9,579,3088.21,3344.95,3029.4,3154.19,2.7,50,6.226402742
5475,2019/8/17 3:00,11.31,4,396,2811.6,3088.21,2529.45,2809.75,3.3,24,5.81372237
5476,2019/8/17 4:00,11.43,4.6,464,3122.72,4824.8,4074.1,4007.21,2.9,83,7.92667872
5477,2019/8/17 5:00,11.97,4.5,382,4125,3211.14,2278.97,3205.04,4.3,75,7.319859558
5478,2019/8/17 6:00,8.51,3.7,350,2070.3,2291.6,2057.44,2139.78,4.2,67,4.452805287
5479,2019/8/17 7:00,7.78,3.6,327,1821.12,1659.12,1858.14,1779.46,3.4,75,3.813783857
5480,2019/8/17 8:00,7.35,3.4,275,1639.05,1612.29,1649.96,1633.77,4.2,50,3.500283848
5481,2019/8/17 9:00,5.97,3.2,208,1512,1249.16,1225.44,1328.87,6,70,3.005668728
5482,2019/8/17 10:00,5.08,3,155,983.43,848.64,833.12,888.4,2.2,57,2.139670159
5483,2019/8/17 11:00,4.58,2.8,147,788.97,755.55,849.92,798.15,4,48,1.722549112
5484,2019/8/17 12:00,4.43,2.8,164,936.24,908.48,909.68,918.13,3.1,63,2.028829075
5485,2019/8/17 13:00,4.18,2.8,162,884.4,844.55,919.08,882.68,1.9,127,1.95621667
5486,2019/8/17 14:00,3.97,2.8,122,724.85,756.96,695.1,725.64,3.6,68,1.584431181
5487,2019/8/17 15:00,3.89,2.7,120,638.26,636.32,677.74,650.77,3.9,78,1.404045882
5488,2019/8/17 16:00,3.99,2.6,125,751.45,687.44,716.04,718.31,4.6,56,1.570772487
5489,2019/8/17 17:00,3.99,2.8,163,872.46,895.05,914.94,894.15,1.8,41,1.916070359
5490,2019/8/17 18:00,4.05,2.7,156,845.82,811.3,901.8,852.97,3.4,346,1.54542506
5491,2019/8/17 19:00,3.85,2.6,171,995.32,944.7,824.6,921.54,2.3,49,2.149750193
5492,2019/8/17 20:00,4.31,2.9,219,987.16,1031.22,1185.9,1068.09,2.1,70,2.243027247
5493,2019/8/17 21:00,4.45,3,235,1167.75,1253.64,1322.64,1248.01,2.5,59,2.578726466
5494,2019/8/17 22:00,6.7,3.6,287,1866.98,1743.48,1721.9,1777.45,2,62,3.856849084
5495,2019/8/17 23:00,7.18,3,266,1970.6,1756.84,1574.12,1767.19,2.2,63,3.994155182
5496,2019/8/18 0:00,7.18,3,266,1616.56,1596.52,1445.04,1552.71,2.2,63,3.444067728
5497,2019/8/18 1:00,7.2,3.8,244,1371.96,1374.48,1414.32,1386.92,2,3,3.026902531
5498,2019/8/18 2:00,6.93,3.8,332,1542.8,1632.96,1905.64,1693.8,1.6,339,3.385088319
5499,2019/8/18 3:00,8.91,4,460,2572.8,3037.26,3150.18,2920.08,3.1,79,5.784184009
5500,2019/8/18 4:00,9.33,4,300,1559.46,1628.52,1955.1,1714.36,3,34,3.565416999
5501,2019/8/18 5:00,8.93,4.1,277,1811.52,1879.12,1766.24,1818.96,1.1,86,3.927598579
5502,2019/8/18 6:00,7.49,4.4,260,1445.04,1573.68,1564.68,1527.8,2.9,53,3.180406379
5503,2019/8/18 7:00,7.76,4.5,287,3005.8,2152.86,3148.05,2768.9,3.6,75,5.795737003
5504,2019/8/18 8:00,7.75,4.6,225,1207.27,1449.78,1452,1369.68,2,46,2.812233636
5505,2019/8/18 9:00,6.76,4.6,157,846.08,842.24,894.88,861.07,2.5,76,1.932953418
5506,2019/8/18 10:00,5.06,4.5,94,556.75,548.52,567.24,557.5,2.5,63,1.172737906
5507,2019/8/18 11:00,4.99,4.6,92,555.9,553.35,562.02,557.09,3.7,38,1.227665479
5508,2019/8/18 12:00,4.91,4.3,67,494.76,433.49,417.95,448.73,2.7,69,1.143677106
5509,2019/8/18 13:00,4.18,4.2,41,392.84,345.6,324.87,354.44,3.4,49,0.876345129
5510,2019/8/18 14:00,3.76,4,44,233.47,239.78,254.2,242.48,1.1,337,0.414324867
5511,2019/8/18 15:00,3.33,3.4,66,323,315.56,365.37,334.64,1.6,0,0.939271759
5512,2019/8/18 16:00,3.2,3.2,79,354.75,385.8,424.38,388.31,3.8,51,0.838511734
5513,2019/8/18 17:00,2.95,3,78,429.66,381.73,452.2,421.2,4.1,88,0.917113199
5514,2019/8/18 18:00,2.78,3,44,294.86,314.09,300.33,303.09,4.9,43,0.615639307
5515,2019/8/18 19:00,2.78,3,44,248.04,239.4,300.33,262.59,4.9,43,0.523088151
5516,2019/8/18 20:00,2.41,2.7,34,209.88,212.84,212.84,211.85,3.9,31,0.511649736
5517,2019/8/18 21:00,2.24,2.6,31,241.68,241.68,237.88,240.41,5,62,0.449570047
5518,2019/8/18 22:00,2.24,2.7,27,229.32,215.56,201.92,215.6,4.6,52,0.480203289
5519,2019/8/18 23:00,2.03,2.5,27,167.94,190.2,205.59,187.91,3.2,31,0.481057364
5520,2019/8/19 0:00,1.83,2.2,23,173.88,186,186,181.96,3.6,58,0.452949307
5521,2019/8/19 1:00,0.76,1.4,15,110.7,111.42,127.68,116.6,0.9,321,0.182368504
5522,2019/8/19 2:00,0.39,1,9,99.04,97.44,102.51,99.66,2.3,8,0.38574048
5523,2019/8/19 3:00,-0.25,0.4,4,73.2,71.28,71.76,72.08,4.7,359,0.009090829
5524,2019/8/19 4:00,-0.41,0.3,3,66.11,72.6,71.76,70.16,2.7,41,0.274191097
5525,2019/8/19 5:00,-0.66,0,2,54.09,60.3,58.9,57.76,3.4,339,0.015739641
5526,2019/8/19 6:00,-4.87,-6.2,168,1429.12,1394.99,1373.96,1399.36,3.2,357,2.693527505
5527,2019/8/19 7:00,-4.1,-6,198,1741.35,1682.56,1626.24,1683.38,2.9,31,3.605555989
5528,2019/8/19 8:00,-3.94,-5.9,210,1787.55,1762.02,1729,1759.52,1.4,98,3.692627403
5529,2019/8/19 9:00,-3.85,-6.2,218,1823.36,1840.05,1778,1813.8,2.4,356,3.630897759
5530,2019/8/19 10:00,-1.66,-5.9,265,2226.62,2166.9,2181.61,2191.71,2.7,80,4.635341642
5531,2019/8/19 11:00,-1.44,-5.5,299,2376.77,2359.24,2373.36,2369.79,3.9,73,5.075485116
5532,2019/8/19 12:00,-0.18,-5.1,361,2765.07,2813.58,2834.37,2804.34,2,34,5.727558507
5533,2019/8/19 13:00,0.51,-4.9,385,3035.34,2881.47,2896.48,2937.76,1.5,55,6.110678588
5534,2019/8/19 14:00,0.91,-5,402,3015.3,2910.24,3146.4,3023.98,3.3,91,6.229104895
5535,2019/8/19 15:00,1.31,-4.5,435,3120.92,3022.8,3175.95,3106.56,4.3,79,6.419185939
5536,2019/8/19 16:00,1.64,-4.6,440,3393.78,3613.07,3331.95,3446.27,2.2,71,6.925945545
5537,2019/8/19 17:00,1.7,-5,435,1959.1,2593.08,2545.6,2365.93,3.3,70,4.59072257
5538,2019/8/19 18:00,1.7,-4.2,490,3859.68,3775.68,3779.55,3804.97,2.5,25,7.800257925
5539,2019/8/19 19:00,2.37,-4.4,466,3481.56,3326.21,3669.16,3492.31,3.9,67,7.221308334
5540,2019/8/19 20:00,2.29,-4.4,461,3524.31,3578.92,3583.6,3562.28,5.2,63,7.32021152
5541,2019/8/19 21:00,2.26,-4.5,461,3483.09,3589.4,3607.78,3560.09,4.5,74,7.255096067
5542,2019/8/19 22:00,2.58,-4.1,481,3613.07,3733.25,3748.08,3698.13,3,23,7.485623831
5543,2019/8/19 23:00,3.03,-4.2,491,3675.98,3738.69,3809.19,3741.29,4.5,43,7.667513213
5544,2019/8/20 0:00,3.22,-4.3,499,3786.36,3814.8,3880.58,3827.25,2.6,95,7.785838235
5545,2019/8/20 1:00,3.01,-4.5,507,3857.76,3843.14,3941.08,3880.66,3,80,8.328155181
5546,2019/8/20 2:00,3.72,-3.9,519,3997.47,4008.68,4062.76,4022.97,3.4,59,8.244633791
5547,2019/8/20 3:00,4.55,-3.2,576,4374.26,4368.4,4509.12,4417.26,2.1,83,9.114986546
5548,2019/8/20 4:00,5.27,-3.4,584,4495.68,4468.92,4569.4,4511.33,3.7,87,9.354192442
5549,2019/8/20 5:00,5.02,-3.3,600,4562.98,4582.8,4668.66,4604.81,1.8,13,9.598441423
5550,2019/8/20 6:00,5.7,-3.1,601,4596.59,4582.29,4695.68,4624.85,2.6,58,9.636474807
5551,2019/8/20 7:00,6.12,-3,604,4636.4,4656.24,4715.69,4669.44,3.3,70,9.702283216
5552,2019/8/20 8:00,5.93,-3.5,609,4649.55,4676,4789.56,4705.04,3.8,49,9.816352134
5553,2019/8/20 9:00,6.81,-3,614,4616.1,4667.92,4821.25,4701.76,2.3,68,9.784339449
5554,2019/8/20 10:00,6.2,-3.2,627,4769.52,4768.05,4880.4,4805.99,2.2,36,10.23541814
5555,2019/8/20 11:00,7.18,-2.8,631,4848.48,4833.92,4940.16,4874.19,1.9,90,10.19108714
5556,2019/8/20 12:00,7.51,-3,638,4853.16,4892.94,4985.76,4910.62,2.8,24,10.29945788
5557,2019/8/20 13:00,7.66,-3,657,5032.17,5047.94,5084,5054.7,3.9,70,10.55231349
5558,2019/8/20 14:00,7.97,-3,651,5064.3,5052.33,5101.8,5072.81,2.4,49,10.66576096
5559,2019/8/20 15:00,10.41,-1.9,657,5008.51,5054.4,5010.28,5024.4,1.2,279,10.45440027
5560,2019/8/20 16:00,10.47,-1.6,664,5028.1,5060.88,5034.96,5041.31,1.3,355,10.47433952
5561,2019/8/20 17:00,10.77,-1.6,664,5086.8,5127.1,5159.55,5124.48,2.7,53,10.76427163
5562,2019/8/20 18:00,10.37,-2.3,664,5107.74,5094.65,5154.5,5118.96,1.9,13,10.83872498
5563,2019/8/20 19:00,9.7,-1.9,671,5155.92,5190.48,5298.93,5215.11,3.2,48,10.96669914
5564,2019/8/20 20:00,12.41,-1.8,690,5417.28,5250.3,5389.02,5352.2,2.3,54,11.29326929
5565,2019/8/20 21:00,12.74,-1.7,690,5391.36,5269.02,5429.38,5363.25,2.7,74,11.38877377
5566,2019/8/20 22:00,12.93,-1.3,688,5322.18,5320.92,5433.61,5358.9,2.4,57,11.31930446
5567,2019/8/20 23:00,13.56,-1.4,695,5345.94,5363.2,5459.09,5389.41,2.2,338,11.22387729
5568,2019/8/21 0:00,12.26,-2,695,5394.77,5395.2,5499.56,5429.84,3.4,57,11.40395899
5569,2019/8/21 1:00,12.89,-0.2,703,5338.76,5431.5,5553.3,5441.19,1.2,270,11.28530133
5570,2019/8/21 2:00,13.51,0,702,5333.12,5423,5525.08,5427.07,1.5,285,11.26927735
5571,2019/8/21 3:00,12.35,-0.2,699,5409.6,5393.16,5505.94,5436.23,1.9,36,11.53859098
5572,2019/8/21 4:00,10.66,-1.2,697,5439.32,5444.16,5557.72,5480.4,4.2,22,11.48048674
5573,2019/8/21 5:00,13.06,-1.3,701,5474.04,5378.32,5584.86,5479.07,0.8,260,11.51890331
5574,2019/8/21 6:00,14.87,-1.1,697,5401.76,5386.83,5499.9,5429.5,2.4,84,11.4502878
5575,2019/8/21 7:00,12.37,0,699,5471.62,5448.5,5546.52,5488.88,0.6,197,11.49970861
5576,2019/8/21 8:00,15.22,-0.5,693,5403.86,5378.32,5477.76,5419.98,1.4,15,11.5371424
5577,2019/8/21 9:00,12.49,-0.7,691,5398.65,5367.6,5523.2,5429.82,0.2,0,11.66094114
5578,2019/8/21 10:00,12.51,0.2,691,5392.8,5342.04,5472,5402.28,4.7,351,11.15613373
5579,2019/8/21 11:00,14.49,0,684,5312,5154.42,5293.9,5253.44,2.6,13,11.26444147
5580,2019/8/21 12:00,12.12,-0.2,683,5312,5206.62,5274.88,5264.5,2.4,348,11.02225956
5581,2019/8/21 13:00,11.35,-0.2,680,5352.48,5222.4,5195.07,5256.65,0.4,1,11.32107972
5582,2019/8/21 14:00,12.97,-0.5,678,5294.66,5239.8,5219.46,5251.31,2.2,354,11.00475065
5583,2019/8/21 15:00,13.83,0.6,672,5020.44,5174.52,5177.04,5124,2.4,317,10.59050485
5584,2019/8/21 16:00,12.87,0.3,655,5028.48,4989.68,5103.9,5040.69,0.9,282,10.53833754
5585,2019/8/21 17:00,13.07,0.5,652,4984.56,4966.5,5070.31,5007.12,1.8,116,10.54938151
5586,2019/8/21 18:00,13.2,0,642,4871.91,4820.32,4940.7,4877.64,2.3,48,10.3593575
5587,2019/8/21 19:00,11.22,0,634,4862.97,4814.64,4907.5,4861.7,4.1,327,10.06638745
5588,2019/8/21 20:00,10.14,0.7,620,4716.64,4682.01,4760.37,4719.67,2.9,320,10.00310949
5589,2019/8/21 21:00,10.55,0.9,600,4473.36,4474.17,4555.44,4500.99,1.4,272,9.304238198
5590,2019/8/21 22:00,8.39,0.5,595,4468.2,4421.89,4533.3,4474.46,2.1,312,9.19626733
5591,2019/8/21 23:00,8.64,0,572,4283.28,4172.16,4316.45,4257.3,2.8,60,8.901972668
5592,2019/8/22 0:00,8.24,0.6,560,4176.56,4052.4,4223.79,4150.92,1.3,331,8.554787084
5593,2019/8/22 1:00,9.16,1,539,3974.6,3946.8,3919.73,3947.04,0.3,225,8.215223728
5594,2019/8/22 2:00,9.52,0.7,534,3969.36,3874.92,3867.6,3903.96,0.2,5,8.154173498
5595,2019/8/22 3:00,9.24,1,518,3798.99,3741.26,3744.96,3761.74,3.9,287,7.822554775
5596,2019/8/22 4:00,8.95,0.6,508,3756.24,3687.34,3665.28,3702.95,0.8,262,7.754868305
5597,2019/8/22 5:00,8.97,1.1,504,3649.68,3574.8,3607.9,3610.79,2.1,281,6.352939919
5598,2019/8/22 6:00,6.81,0.9,452,3339.44,3258.03,3281.19,3292.89,1,290,6.885446704
5599,2019/8/22 7:00,7.7,1.1,414,2901.1,2872.4,3041.52,2938.34,0.7,285,6.14440243
5600,2019/8/22 8:00,7.16,1.4,392,2824.91,2798.07,2930.22,2851.07,3.3,34,5.8964892
5601,2019/8/22 9:00,6.37,0.3,379,2694.72,2663.87,2807.3,2721.96,1.1,2,5.611869218
5602,2019/8/22 10:00,7.58,0.2,368,2671.81,2609.1,2672,2650.97,1.5,83,5.573598963
5603,2019/8/22 11:00,5.82,1.2,346,2501.2,2463.75,2480.32,2481.76,3.1,271,5.205201303
5604,2019/8/22 12:00,5.18,0.6,326,2474.7,2440.36,2436.75,2450.6,2.1,0,5.111503761
5605,2019/8/22 13:00,4.85,0.8,301,2414.28,2352.48,2393.04,2386.6,0.7,292,5.046833973
5606,2019/8/22 14:00,4.81,0.6,311,2261.07,2207.02,2379.78,2282.62,1.9,337,4.7575807
5607,2019/8/22 15:00,4.81,0.9,294,2112.24,2149.68,2136.16,2132.69,0.5,4,4.469689015
5608,2019/8/22 16:00,4.22,0,278,2148.8,2088.24,2142.48,2126.51,2.7,43,4.488301428
5609,2019/8/22 17:00,4.1,0.1,274,2052,2022.57,2101.8,2058.79,1.3,58,4.325270611
5610,2019/8/22 18:00,4.35,0.4,258,1994.36,1955.52,2031,1993.63,0.8,277,4.194047097
5611,2019/8/22 19:00,4.35,0.4,258,2006,1938,2031,1991.67,0.8,277,4.202193255
5612,2019/8/22 20:00,3.47,0.6,240,1825.08,1819.72,1875.29,1840.03,1.4,269,3.798019596
5613,2019/8/22 21:00,2.7,0.5,219,1756.98,1732.28,1782.63,1757.3,1.2,304,3.596813439
5614,2019/8/22 22:00,2.68,0.3,214,1716.84,1648.02,1755.31,1706.72,1.2,340,3.483087389
5615,2019/8/22 23:00,2.68,0.5,209,1634.76,1607.16,1707.5,1649.81,0.9,265,3.392719142
5616,2019/8/23 0:00,2.93,0.6,202,1573.2,1520.86,1643.62,1579.23,1.5,307,3.199048922
5617,2019/8/23 1:00,2.56,0.4,190,1527.68,1495.77,1575.42,1532.96,0.6,221,3.206214753
5618,2019/8/23 2:00,1.85,0.6,155,1295.8,1259.85,1319.2,1291.62,1,315,2.547897451
5619,2019/8/23 3:00,1.74,0.5,150,1244.88,1207.14,1284.04,1245.35,1.5,275,2.468468237
5620,2019/8/23 4:00,0.58,0.1,117,967.02,994.26,1028.31,996.53,2.2,20,2.089134661
5621,2019/8/23 5:00,-0.17,0.1,89,782,776.34,798.86,785.73,0.9,71,1.624904371
5622,2019/8/23 6:00,-0.46,0,82,709.8,661.5,730.08,700.46,0.6,235,1.410003741
5623,2019/8/23 7:00,-0.77,0,73,621,632.62,656.69,636.77,1.7,341,1.009994891
5624,2019/8/23 8:00,-1.04,0,73,570.35,556.93,563.64,563.64,0.4,341,0.964902937
5625,2019/8/23 9:00,0.01,0.1,1,0,0,0,0,0.1,1,0.379993053
5626,2019/8/23 10:00,-2.5,-6.9,224,1859.34,1855.92,1834,1849.75,2.1,273,3.835433502
5627,2019/8/23 11:00,-2.19,-6.8,230,1905.54,1873.32,1898.1,1892.32,1.7,264,3.943288683
5628,2019/8/23 12:00,-1.72,-6.5,240,1905.54,1981,1982.32,1956.29,2.2,279,4.019788667
5629,2019/8/23 13:00,0.57,-5.6,283,2342.15,2255.04,2349.1,2315.43,2.9,270,4.896432466
5630,2019/8/23 14:00,3.37,-4.1,349,2659.54,2682.26,2771.44,2704.41,3.2,281,5.67948401
5631,2019/8/23 15:00,3.6,-4.2,354,2685.2,2761.74,2833.18,2760.04,2.2,264,5.765796834
5632,2019/8/23 16:00,4.26,-3.5,378,2772.98,2777.04,2957.39,2835.8,3.4,274,5.935946576
5633,2019/8/23 17:00,5.62,-2.7,407,3078.12,2974.02,3098.46,3050.2,3.1,267,6.418547495
5634,2019/8/23 18:00,6.1,-2.9,416,3128,3023.88,3130.19,3094.02,2.6,270,6.525044998
5635,2019/8/23 19:00,6.66,-2.5,422,3230,3150.56,3193.89,3191.48,3.4,275,6.730999413
5636,2019/8/23 20:00,7.35,-2.1,452,3313.52,3316.08,3361.5,3330.37,2.6,272,6.967077741
5637,2019/8/23 21:00,7.54,-2.2,456,3339.44,3402,3388.5,3376.65,3.2,278,7.053917487
5638,2019/8/23 22:00,8.35,-1.5,472,3346.56,3467.52,3480.96,3431.68,2.2,277,7.142496874
5639,2019/8/23 23:00,9.72,-1.4,483,3497.4,3556.44,3552.39,3535.41,2.9,271,7.406312258
5640,2019/8/24 0:00,10.26,-1.2,503,3585.84,3650.85,3702.96,3646.55,2.9,270,7.612688874
5641,2019/8/24 1:00,10.99,-0.9,520,3803.8,3783.85,3918.33,3835.33,2.4,281,8.274894859
5642,2019/8/24 2:00,12.14,-0.4,542,3932.95,3940.82,4066.03,3979.93,3.1,275,8.310368789
5643,2019/8/24 3:00,12.6,-0.6,549,3991.86,3987.48,4092.76,4024.03,2.7,272,8.414840561
5644,2019/8/24 4:00,12.97,-0.1,555,4099.34,3975.85,4151.98,4075.72,3,267,8.555472452
5645,2019/8/24 5:00,13.26,0.1,576,4244.1,4211.65,4303.36,4253.04,3.8,266,8.891119115
5646,2019/8/24 6:00,13.35,0.3,580,4303.32,4290.25,4349.2,4314.26,4.4,279,9.017454908
5647,2019/8/24 7:00,13.7,0.3,595,4421.61,4375.26,4453.74,4416.87,4.2,274,9.235577556
5648,2019/8/24 8:00,14.43,0.9,611,4512.23,4524.88,4589.55,4542.22,4.1,274,9.480834565
5649,2019/8/24 9:00,14.54,1,618,4539.15,4530.96,4622.1,4564.07,3.4,286,9.513179632
5650,2019/8/24 10:00,15.45,1,633,4640.35,4646.16,4741.64,4676.05,3.7,277,9.757069425
5651,2019/8/24 11:00,16.08,1.5,638,4670.58,4675.44,4762.63,4702.88,3.1,261,10.04183135
5652,2019/8/24 12:00,16.32,1.8,641,4761.02,4726.05,4790.35,4759.14,3.3,250,9.979595559
5653,2019/8/24 13:00,16.93,2,652,4750.8,4756.22,4906.09,4804.37,4,280,10.04686578
5654,2019/8/24 14:00,17.47,1.7,654,4808.58,4792.5,4896,4832.36,3,281,10.12230777
5655,2019/8/24 15:00,18.1,2.6,659,4797.76,4836.04,4866.68,4833.49,2.4,260,10.12542442
5656,2019/8/24 16:00,18.24,3,669,4906.22,4929,4902.2,4912.47,2.4,274,10.31255928
5657,2019/8/24 17:00,18.35,2.8,669,4952.25,4955.86,4933.95,4947.35,4.2,274,10.39026222
5658,2019/8/24 18:00,18.95,2.7,675,4998.4,4998.96,4959.35,4985.57,3.3,267,10.48494661
5659,2019/8/24 19:00,18.87,3.3,688,5113.44,5095.65,5190.6,5133.23,3.7,254,10.79456725
5660,2019/8/24 20:00,19.37,3.4,689,5124.45,5122.72,5209.59,5152.25,3.2,264,10.82614403
5661,2019/8/24 21:00,19.24,3.3,699,5214,5161.58,5325.64,5233.74,2.7,254,11.01615641
5662,2019/8/24 22:00,19.78,4,703,5199.44,5205.75,5344.57,5249.92,4.4,280,11.01386395
5663,2019/8/24 23:00,19.87,4.1,703,5251.92,5247.9,5357.19,5285.67,4.4,278,11.0992875
5664,2019/8/25 0:00,21.41,4.1,706,5292,5266.8,5364.82,5307.87,3.9,266,11.18238326
5665,2019/8/25 1:00,21.26,4.5,711,5252.15,5254.26,5381.25,5295.89,3,257,11.13675355
5666,2019/8/25 2:00,21.22,4.7,706,5120.68,5264.66,5412.5,5265.95,3.4,254,10.99843249
5667,2019/8/25 3:00,20.8,4.8,709,5340.21,5329.5,5462.5,5377.4,6.1,209,11.41396958
5668,2019/8/25 4:00,20.37,5.1,712,5388.74,5314.74,5469.88,5391.12,4.5,287,11.34268323
5669,2019/8/25 5:00,20.16,4.9,709,5340.4,5214.41,5344.28,5299.7,3.6,272,11.20464848
5670,2019/8/25 6:00,20.09,5.3,710,5397.28,5388.24,5482.44,5422.65,3.2,240,11.40689443
5671,2019/8/25 7:00,20.45,5.8,703,5342.4,5346.5,5400.8,5363.23,4.5,282,11.27291596
5672,2019/8/25 8:00,21.1,5.7,703,5342.04,5300,5432.2,5358.08,4.5,282,11.28661758
5673,2019/8/25 9:00,21.33,5.4,708,5331.72,5335.77,5457.32,5374.94,3.9,266,11.30315051
5674,2019/8/25 10:00,21.01,5.4,699,5294.04,5270.92,5394.52,5319.83,3.4,240,11.22089285
5675,2019/8/25 11:00,20.99,6,705,5227.1,5283.04,5421.16,5310.43,6,267,11.2108035
5676,2019/8/25 12:00,20.89,6.4,696,5344.57,5356.84,5415.69,5372.37,4.4,273,11.30864723
5677,2019/8/25 13:00,20.85,5.6,695,5313.02,5321.34,5350.56,5328.31,3.6,256,11.22716934
5678,2019/8/25 14:00,20.89,6,702,5277.31,5310.9,5413.36,5333.86,4,258,11.21383742
5679,2019/8/25 15:00,20.47,6.3,699,5331.95,5271.02,5335.77,5312.91,3.7,254,11.22603301
5680,2019/8/25 16:00,21.01,6.1,691,5237.3,5229,5333.92,5266.74,3.9,250,11.11259635
5681,2019/8/25 17:00,21.14,6.5,681,5243.61,5079.55,5057.16,5126.77,5,268,10.91399301
5682,2019/8/25 18:00,20.58,6.3,676,4959.35,5071.5,4894.48,4975.11,4.6,261,10.47048358
5683,2019/8/25 19:00,20.66,6.3,684,5158.95,5048,5134.5,5113.82,4.5,262,10.84481434
5684,2019/8/25 20:00,20.87,6.5,672,5087.6,5057.16,5090.4,5078.39,5.1,251,10.84531194
5685,2019/8/25 21:00,21.3,7,668,5010.14,5021.1,4998.88,5010.04,6,269,10.65014291
5686,2019/8/25 22:00,21.28,7,662,5033.96,5013.13,5002.2,5016.43,6.6,267,10.71802441
5687,2019/8/25 23:00,20.26,7.1,663,4933.95,4960.8,5033.96,4976.24,5.9,275,10.55466293
5688,2019/8/26 0:00,19.76,6.4,661,4996.98,4940.3,5008.6,4981.96,4.8,266,10.54524003
5689,2019/8/26 1:00,19.83,6.9,659,4931.74,4895.85,4997.45,4941.68,5.8,266,10.50126588
5690,2019/8/26 2:00,19.53,6.6,650,4837.23,4847.57,4924.01,4869.6,4,272,10.25145557
5691,2019/8/26 3:00,20.08,7,635,4763.64,4730.75,4808.16,4767.52,6.6,271,10.2082807
5692,2019/8/26 4:00,20.39,7.2,650,4739.28,4777.5,4812.06,4776.28,7.1,277,10.22464465
5693,2019/8/26 5:00,20.26,7.1,647,4750.92,4744.56,4814.52,4770,5.8,271,10.14230079
5694,2019/8/26 6:00,19.7,7.2,614,4530.51,4439.28,4490.85,4486.88,4.2,266,9.550568178
5695,2019/8/26 7:00,18.3,7.1,615,4538.28,4551.1,4606.36,4565.25,6.5,273,9.731383496
5696,2019/8/26 8:00,18.06,6.8,612,4430.27,4455.48,4551.1,4478.95,4.8,276,9.440605591
5697,2019/8/26 9:00,18.01,7,619,4494,4474.74,4552.44,4507.06,3,252,9.466843425
5698,2019/8/26 10:00,18.26,7.3,599,4327.39,4262.4,4384,4324.6,4.3,280,9.127146331
5699,2019/8/26 11:00,18.62,7,595,4321.24,4275.2,4325.64,4307.36,3,280,9.084939561
5700,2019/8/26 12:00,18.66,7.5,589,4243.2,4204.8,4255.74,4234.58,4.8,276,8.97171719
5701,2019/8/26 13:00,18.78,7.1,574,4108.77,3961.8,4121.55,4064.04,5.6,281,8.67874172
5702,2019/8/26 14:00,17.95,7.3,546,3882.9,3844.68,3830.24,3852.61,5.6,274,8.210695633
5703,2019/8/26 15:00,17.85,7.1,540,3791.42,3715.88,3733.88,3747.06,4.1,275,7.968462045
5704,2019/8/26 16:00,16.89,7.2,498,3528.42,3568.5,3521.91,3539.61,5.5,270,7.555038578
5705,2019/8/26 17:00,15.49,7.5,491,3413.88,3395.6,3408.66,3406.05,4.2,266,7.202988813
5706,2019/8/26 18:00,14.89,7.2,453,3158.82,3173.58,3194.8,3175.73,4.2,267,6.736677742
5707,2019/8/26 19:00,14.6,7.1,436,3193.02,3082.16,3196.41,3157.2,3.3,243,6.691683229
5708,2019/8/26 20:00,14.22,7.4,457,3054.18,3014.94,3196.4,3088.51,5.8,280,6.574996557
5709,2019/8/26 21:00,14.31,7.2,453,3184.98,3139.2,3270.26,3198.15,4.5,269,6.771070014
5710,2019/8/26 22:00,14.2,7,432,3186.45,3094.47,3153.6,3144.84,5.1,247,6.696242519
5711,2019/8/26 23:00,14.01,7.6,412,2811.96,2892.96,3032.65,2912.52,3.1,258,6.107424745
5712,2019/8/27 0:00,13.74,7,391,2674.48,2680.56,2848.91,2734.65,3.8,265,5.79831231
5713,2019/8/27 1:00,12.45,7,368,2561.94,2544.85,2603.05,2569.95,4.2,270,5.450439521
5714,2019/8/27 2:00,12.24,7,349,2508.98,2485.36,2491.97,2495.44,6.9,266,5.387529939
5715,2019/8/27 3:00,11.81,7.2,318,2410.32,2390.4,2372.99,2391.24,4.9,272,5.090972135
5716,2019/8/27 4:00,11.56,7,304,2174.69,2111.52,2217.76,2167.99,4.3,263,4.603321974
5717,2019/8/27 5:00,9.68,6.5,253,1870.4,1798.2,1858.14,1842.25,3.8,267,3.873157099
5718,2019/8/27 6:00,9.47,6.5,248,1807.57,1809,1820.91,1812.49,3.8,287,3.770956267
5719,2019/8/27 7:00,9.01,6.4,221,1750.16,1760.88,1690.04,1733.69,3.8,276,3.600385653
5720,2019/8/27 8:00,8.72,6.4,201,1711.05,1596,1596.52,1634.52,4.7,270,3.430205106
5721,2019/8/27 9:00,8.37,6.4,215,1610.4,1554.11,1638.36,1600.96,5,243,3.311709006
5722,2019/8/27 10:00,8.2,6.5,178,1514.09,1420.71,1427.38,1454.06,5.1,261,3.013929908
5723,2019/8/27 11:00,7.68,6.2,175,1351.98,1317.93,1378.62,1349.51,4.3,272,2.719608359
5724,2019/8/27 12:00,7.27,6.1,159,1272.06,1215.76,1247.29,1245.04,4,276,2.499418605
5725,2019/8/27 13:00,7.08,6.1,155,1193.93,1153.91,1222.44,1190.09,3.9,254,2.376922913
5726,2019/8/27 14:00,7.01,6.1,149,1148.96,1067.2,1187.26,1134.47,4,236,2.285204909
5727,2019/8/27 15:00,6.78,6,119,1015.92,958.45,973.14,982.5,3.3,268,1.955880862
5728,2019/8/27 16:00,6.45,6,94,904.2,863.29,832.86,866.78,2.6,252,1.753872902
5729,2019/8/27 17:00,5.29,5.8,71,525.69,528.93,567.24,540.62,2.9,250,1.024379864
5730,2019/8/27 18:00,5.06,5.7,77,568.11,550.2,618.45,578.92,3.7,246,1.076320784
5731,2019/8/27 19:00,4.74,5.7,74,566.74,564.16,604.44,578.45,3.2,255,1.135520016
5732,2019/8/27 20:00,4.58,5.7,68,584.73,542.82,564.16,563.9,4.2,223,1.078258634
5733,2019/8/27 21:00,0.01,0.1,1,0,0,0,0,0.1,1,0.379993053
5734,2019/8/27 22:00,-1.41,-3.4,166,1337.49,1319.81,1294.04,1317.11,1.8,273,2.633248664
5735,2019/8/27 23:00,-0.02,-2.9,194,1538.7,1527.11,1522.69,1529.5,1.7,276,3.114090755
5736,2019/8/28 0:00,0.47,-2.6,205,1584.68,1591.6,1626.04,1600.77,2.1,274,3.249715169
5737,2019/8/28 1:00,1.74,-2.1,231,1850.72,1825.85,1788.8,1821.79,2.8,274,3.794995283
5738,2019/8/28 2:00,2.43,-1.8,246,1908.53,1949.87,1924.85,1927.75,2,267,3.99752471
5739,2019/8/28 3:00,3.06,-1.7,251,2015.84,2016.84,1939.72,1990.8,1.5,281,4.193086202
5740,2019/8/28 4:00,4.87,-1,286,2318.76,2223.32,2288.16,2276.75,2.6,284,4.848255841
5741,2019/8/28 5:00,5.45,-0.7,308,2359.6,2281.35,2393.34,2344.76,3,277,4.982605732
5742,2019/8/28 6:00,5.87,-0.7,314,2420.8,2335.83,2430.82,2395.82,2.2,280,5.106538807
5743,2019/8/28 7:00,6.6,-0.3,323,2491.36,2498.13,2487.68,2492.39,2.3,281,5.333036157
5744,2019/8/28 8:00,7.57,0.2,348,2589.08,2614.08,2694.72,2632.63,2.2,282,5.580813181
5745,2019/8/28 9:00,9.16,1.3,381,2749.59,2757.24,2945.88,2817.57,3.1,279,5.965492041
5746,2019/8/28 10:00,9.83,1.1,391,2963.67,2865.72,2981.36,2936.92,2.6,277,6.277671486
5747,2019/8/28 11:00,10.01,1.6,407,3012.68,2917.08,3029.91,2986.56,1.8,295,6.369113133
5748,2019/8/28 12:00,10.47,1.5,422,3083.58,2992.24,3104.78,3060.2,2.4,283,6.517720208
5749,2019/8/28 13:00,12.24,3.3,460,3281.82,3371.84,3312.8,3322.15,1.8,274,7.008800545
5750,2019/8/28 14:00,12.47,3.6,474,3331.44,3387.72,3423,3380.72,2.2,281,7.107771781
5751,2019/8/28 15:00,12.72,3.7,478,3330.99,3419.1,3429.52,3393.2,1.7,285,7.128428369
5752,2019/8/28 16:00,13.22,3.8,487,3379.8,3473.96,3519.67,3457.81,2.1,281,7.256682062
5753,2019/8/28 17:00,13.68,4,502,3492.36,3568.5,3595.46,3552.11,2.4,277,7.458624127
5754,2019/8/28 18:00,14.03,4,504,3531.6,3606.54,3628.8,3588.98,1.4,253,7.532606754
5755,2019/8/28 19:00,15.14,5.2,535,3901.41,3908.3,3921.6,3910.44,2,292,8.219874041
5756,2019/8/28 20:00,15.37,6.1,561,4044.15,3929.6,4121.64,4031.8,2.2,283,8.432060704
5757,2019/8/28 21:00,15.64,5.9,568,4095.84,3974.2,4185.73,4085.26,1.7,285,8.539647382
5758,2019/8/28 22:00,15.89,6.6,571,4153.78,4012.5,4198.23,4121.5,3.1,268,8.652040822
5759,2019/8/28 23:00,16.14,6.6,583,4217.94,4192.14,4293.74,4234.61,2,267,8.847247997
5760,2019/8/29 0:00,15.87,6.7,588,4262.88,4204.62,4325.64,4264.38,1.6,294,8.891251433
5761,2019/8/29 1:00,16.8,7.1,589,4339.2,4305.72,4332.02,4325.65,1,280,9.07423739
5762,2019/8/29 2:00,17.51,7.2,602,4338.4,4312.08,4406.3,4352.26,0.6,268,9.102259349
5763,2019/8/29 3:00,18.24,7.5,613,4412.64,4411.36,4474.56,4432.85,1.1,257,9.284023669
5764,2019/8/29 4:00,19.45,7.8,619,4379.76,4438.34,4500.94,4439.68,1.2,261,9.28018821
5765,2019/8/29 5:00,21.37,8.2,624,4470.51,4453.52,4534.38,4486.14,1.6,284,9.448226379
5766,2019/8/29 6:00,21.72,8.5,634,4537.5,4490.84,4584.14,4537.49,1,355,9.504352112
5767,2019/8/29 7:00,22.53,8.5,643,4567.68,4543.46,4635,4582.05,1.7,276,9.662915052
5768,2019/8/29 8:00,22.56,9,613,4514.67,4560.84,4493.94,4523.15,1.4,15,9.592541229
5769,2019/8/29 9:00,22.93,9.3,651,4517.76,4565.8,4675.44,4586.33,1.2,314,9.571736478
5770,2019/8/29 10:00,23.47,9.8,653,4699.6,4594.05,4718.56,4670.74,1.2,251,9.8967765
5771,2019/8/29 11:00,22.93,9.8,616,4616.46,4490.64,4354.2,4487.1,1.4,279,9.639413982
5772,2019/8/29 12:00,24.62,10,641,4575.6,4738.49,4701.71,4671.93,1.8,275,9.825383562
5773,2019/8/29 13:00,24.89,10.6,684,4875.16,4823.28,4979.52,4892.65,1.3,287,10.3165362
5774,2019/8/29 14:00,26.99,11.2,684,4973.44,4674.96,4956.66,4868.35,2.7,294,10.40874941
5775,2019/8/29 15:00,27.22,10.8,693,4963.14,4932.54,5020.68,4972.12,2,295,10.53417766
5776,2019/8/29 16:00,28.03,11.2,682,5047.98,5016.96,4947.74,5004.23,1.5,258,10.6834208
5777,2019/8/29 17:00,27.6,11.6,700,4948.44,4948.44,5100,4998.96,1.6,313,10.52173621
5778,2019/8/29 18:00,27.91,11.4,704,5041.08,4922.19,5126.53,5029.93,1.2,273,10.6783309
5779,2019/8/29 19:00,27.35,10.6,703,5073.6,4969.38,5120.52,5054.5,0.7,56,10.84380768
5780,2019/8/29 20:00,30.87,10.5,700,4996.89,4900.5,5086.44,4994.61,2.2,263,10.64896137
5781,2019/8/29 21:00,32.01,11.5,718,4853.61,4905.3,5102.46,4953.79,0.5,285,10.40261309
5782,2019/8/29 22:00,29.07,12.6,702,5085.51,5065.06,5167.32,5105.96,1,292,10.8084932
5783,2019/8/29 23:00,29.29,12.3,701,5092.92,5009.9,5117.59,5073.47,0.4,267,10.79185169
5784,2019/8/30 0:00,27.52,11.3,703,5070,5091.5,5125.6,5095.7,0.2,95,10.80721856
5785,2019/8/30 1:00,28.62,11.6,698,5110.98,5086.44,5134.85,5110.76,2.9,277,10.86444341
5786,2019/8/30 2:00,31.53,11.7,690,5017.22,4964.68,5070.15,5017.35,0.5,212,10.68381576
5787,2019/8/30 3:00,31.95,11.4,692,5011.24,4931.36,5066.82,5003.14,1.6,279,10.6697815
5788,2019/8/30 4:00,29.58,12.5,680,5055.56,5140.17,5031.6,5075.78,1.1,292,10.77897726
5789,2019/8/30 5:00,29.97,12.3,654,4836.06,4855.76,4819.88,4837.23,2.2,268,10.33183536
5790,2019/8/30 6:00,29.37,13.1,647,4735.36,4867.72,4994.31,4865.8,2.6,266,10.28103532
5791,2019/8/30 7:00,28.87,11.8,647,4878.27,4857.89,4824,4853.39,2.7,263,10.39110909
5792,2019/8/30 8:00,29.08,12,648,4783.68,4735.88,4738.09,4752.55,2.3,255,10.17742841
5793,2019/8/30 9:00,29.87,11.6,653,4755.3,4644,4785.9,4728.4,0.9,248,10.10723726
5794,2019/8/30 10:00,31.72,12.8,662,4693.81,4583.24,4740.18,4672.41,2.4,280,9.997230851
5795,2019/8/30 11:00,28.68,12.5,645,4771.02,4719,4581.22,4690.41,2.4,270,9.909734078
5796,2019/8/30 12:00,28.74,12.3,634,4602.56,4644.76,4546.62,4597.98,0.4,183,9.822076839
5797,2019/8/30 13:00,28.97,12.5,640,4431.1,4510.01,4632.68,4524.6,2.9,274,9.602536292
5798,2019/8/30 14:00,26.24,12.6,637,4485.96,4506.6,4690.9,4561.15,2,269,9.588846489
5799,2019/8/30 15:00,28.6,13,602,4182.23,4164.8,4335.04,4227.36,3.1,283,9.02164999
5800,2019/8/30 16:00,27.78,13.2,602,4301.44,4256.91,4378.71,4312.35,2.7,297,9.174256242
5801,2019/8/30 17:00,24.93,13.5,604,4333.8,4280.4,4376.82,4330.34,3.1,306,9.153731705
5802,2019/8/30 18:00,24.7,12.6,581,4221.58,4177.09,4256.56,4218.41,1.4,271,8.925350629
5803,2019/8/30 19:00,25.43,12.8,583,4173.12,4096.4,4220.28,4163.27,2,282,8.824084042
5804,2019/8/30 20:00,25.49,13.3,588,4216.59,4139.52,4249.65,4201.92,1,308,8.847786531
5805,2019/8/30 21:00,24.78,12.7,590,4154.49,4130.08,4227.12,4170.56,3.2,273,8.855554989
5806,2019/8/30 22:00,25.91,12.8,589,4135.4,4103.52,4245.66,4161.53,2,254,8.814179568
5807,2019/8/30 23:00,25.85,13,583,4149.18,4142.52,4173.62,4155.11,5.3,281,8.777007661
5808,2019/8/31 0:00,26.01,12.6,595,4154.96,4091.59,4233.96,4160.17,1.5,262,8.808394022
5809,2019/8/31 1:00,25.41,12.9,558,3900,3862.56,3918.4,3893.65,6.1,284,8.461155481
5810,2019/8/31 2:00,24.74,12.6,569,3899.88,3843.91,3968.36,3904.05,3.7,274,8.332946361
5811,2019/8/31 3:00,24.6,12.5,558,3899.8,3781.25,3912.48,3864.51,2.8,282,8.238533982
5812,2019/8/31 4:00,23.68,12.8,513,3480.56,3450,3467.31,3465.96,2.9,271,7.412702764
5813,2019/8/31 5:00,23.68,12.8,513,3480.56,3450,3467.31,3465.96,2.9,271,7.412702764
5814,2019/8/31 6:00,23.43,12.7,473,3183.99,3161.31,3073.66,3139.65,3.3,284,6.797038753
5815,2019/8/31 7:00,22.32,13,456,3112.94,3051.06,3077.84,3080.61,2.9,257,6.603743356
5816,2019/8/31 8:00,21.97,13,440,3060.7,3020.96,2951.44,3011.03,3.4,275,6.490189708
5817,2019/8/31 9:00,21.81,12.7,438,2955.68,2929.08,2981.43,2955.4,5.4,267,6.405633863
5818,2019/8/31 10:00,21.33,12.8,425,2830.77,2751.84,2906.52,2829.71,3.9,280,6.074178493
5819,2019/8/31 11:00,21.45,12.9,420,2768.92,2741.16,2881.08,2797.05,4.1,256,5.996529119
5820,2019/8/31 12:00,20.62,12.8,407,2634.51,2617.6,2830.77,2694.29,4.2,266,5.7527426
5821,2019/8/31 13:00,20.55,12.6,396,2617.6,2604.8,2692.36,2638.25,2.2,274,5.657719129
5822,2019/8/31 14:00,20.56,13,386,2596.05,2575.17,2618.07,2596.43,5.5,281,5.624906843
5823,2019/8/31 15:00,19.83,12.8,364,2455.03,2444.8,2437.16,2445.66,3.1,266,5.263023062
5824,2019/8/31 16:00,19.35,12.6,365,2505.16,2464,2494.84,2488,2.5,280,5.355589167
5825,2019/8/31 17:00,18.89,12.5,338,2438.1,2376.36,2305.52,2373.33,2.1,244,5.162729303
5826,2019/8/31 18:00,18.64,12.8,336,2292.64,2234.16,2249.91,2258.9,4.2,278,4.85187464
5827,2019/8/31 19:00,18.18,12.6,320,2229.12,2163.84,2215.36,2202.77,2.5,268,4.754407929
5828,2019/8/31 20:00,18.08,12.6,304,2157.64,2128.5,2147.85,2144.66,2.8,275,4.619919647
5829,2019/8/31 21:00,17.35,12.6,289,1935,1909.2,2034.9,1959.7,2.8,263,4.253577097
5830,2019/8/31 22:00,17.35,12.6,289,1935,1909.2,2034.9,1959.7,2.8,263,4.186914149
5831,2019/8/31 23:00,16.62,12.6,283,1908.06,1856.89,1966.88,1910.61,3.1,248,4.06251979
5832,2019/9/1 0:00,16.1,12.5,251,1878.5,1817.2,1807,1834.23,4.9,273,3.887159968
5833,2019/9/1 1:00,15.8,12.5,241,1803.27,1708.08,1660.05,1723.8,3.7,254,3.695100001
5834,2019/9/1 2:00,14.93,12.1,209,1510.32,1497.3,1490.4,1499.34,4.8,270,3.126483076
5835,2019/9/1 3:00,14.43,12.2,204,1414.82,1425.69,1492.7,1444.4,5.3,261,2.948695863
5836,2019/9/1 4:00,13.43,12.1,163,1248,1186.64,1210.86,1215.17,3.2,260,2.543391633
5837,2019/9/1 5:00,12.89,12,146,1113.21,1062.72,1079,1084.98,5,252,2.187376418
5838,2019/9/1 6:00,12.01,11.9,112,848.88,824.23,856.68,843.26,4.1,272,1.650279002
5839,2019/9/1 7:00,11.78,11.8,101,728.85,742.9,780.45,750.73,2.9,273,1.486820992
5840,2019/9/1 8:00,11.47,11.8,98,698.76,681.58,745.2,708.51,4.5,261,1.344013289
5841,2019/9/1 9:00,11.18,11.7,88,673.92,670.8,670.8,671.84,2.8,276,1.432391161
5842,2019/9/1 10:00,10.97,11.7,82,631.12,603.48,637.56,624.05,2.7,257,1.274486123
5843,2019/9/1 11:00,0.01,0.1,1,0,0,0,0,0.1,1,0.379993053
5844,2019/9/1 12:00,4.97,3.3,176,1358.76,1376.34,1297.92,1344.34,4.3,277,2.70876894
5845,2019/9/1 13:00,5.28,3.3,185,1410.24,1437.36,1352,1399.87,4.7,279,2.845172432
5846,2019/9/1 14:00,6.12,3.7,204,1575.28,1532.25,1539,1548.84,3.7,273,3.191638318
5847,2019/9/1 15:00,7.7,4.3,237,1814.4,1827.84,1794.24,1812.16,3.8,282,3.781399775
5848,2019/9/1 16:00,8.2,4.6,237,1844.02,1901.76,1872.09,1872.62,3.8,282,3.899076126
5849,2019/9/1 17:00,9.97,5.3,283,2104.2,2070.8,2174.42,2116.47,4.7,280,4.502994641
5850,2019/9/1 18:00,11.14,6,311,2337.66,2264.4,2353.65,2318.57,4.2,276,4.948058038
5851,2019/9/1 19:00,11.68,6,321,2400.65,2413.32,2403.06,2405.68,4.1,279,5.121556169
5852,2019/9/1 20:00,12.24,6.7,343,2456.8,2494.8,2579.07,2510.22,3.4,287,5.312962873
5853,2019/9/1 21:00,12.47,6.8,348,2508.98,2551.46,2600.4,2553.61,5.7,279,5.470520739
5854,2019/9/1 22:00,13.41,7.8,381,2699.4,2678.06,2882.04,2753.17,3.3,278,5.793979635
5855,2019/9/1 23:00,14.02,8,391,2901.78,2811.96,2938.88,2884.21,5.1,281,6.159794711
5856,2019/9/2 0:00,14.24,8.4,404,2923.65,2833.92,2958.56,2905.38,4.2,286,6.167503376
5857,2019/9/2 1:00,14.47,8,414,2963.07,2897.22,3030.72,2963.67,4.9,278,6.314711251
5858,2019/9/2 2:00,14.8,8.3,418,3028.77,2931.97,3050.4,3003.71,3.8,286,6.382332617
5859,2019/9/2 3:00,15.74,8.9,440,3167.05,3114.81,3163.86,3148.57,6.9,283,6.779161646
5860,2019/9/2 4:00,15.7,9.3,449,3160.52,3191.5,3227.4,3193.14,4.7,282,6.763454542
5861,2019/9/2 5:00,15.62,9.5,453,3199.7,3248.49,3261.51,3236.57,5.7,285,6.878620537
5862,2019/9/2 6:00,15.72,9.6,474,3287.55,3341,3393,3340.52,6,280,7.09037802
5863,2019/9/2 7:00,15.97,10,481,3416.48,3465.66,3446.19,3442.78,5.4,286,7.28212334
5864,2019/9/2 8:00,16.22,10.4,497,3468.64,3525.12,3547.5,3513.75,5.7,285,7.426925598
5865,2019/9/2 9:00,17.45,10.8,523,3660.36,3632.16,3779.7,3690.74,5.8,282,7.828172246
5866,2019/9/2 10:00,17.45,11,523,3753.9,3754.52,3845.14,3784.52,4.6,280,7.964759898
5867,2019/9/2 11:00,18.01,11,529,3817.3,3788.31,3819.9,3808.5,5.7,278,8.089023527
5868,2019/9/2 12:00,18.16,11.1,536,3798.48,3788.31,3942.63,3843.14,5.8,284,8.1613003
5869,2019/9/2 13:00,17.85,11.2,542,3895.8,3839.59,3987.02,3907.47,5.7,282,8.283687179
5870,2019/9/2 14:00,17.87,11.1,539,3889.35,3840,4012.8,3914.05,5.6,281,8.295626963
5871,2019/9/2 15:00,18.18,11.2,548,3999.84,3846,4089.6,3978.48,7.4,275,8.584525377
5872,2019/9/2 16:00,18.24,11.5,548,3967.04,3936,4051.12,3984.72,4.5,275,8.387065566
5873,2019/9/2 17:00,18.45,11.5,558,4038.04,4064.04,4127.94,4076.67,6.4,289,8.685069916
5874,2019/9/2 18:00,19.22,11.8,544,3961.38,3923.92,4089.54,3991.61,6.8,275,8.577296152
5875,2019/9/2 19:00,20.08,12.1,565,4147,4101.98,4178.06,4142.35,4.6,276,8.771318464
5876,2019/9/2 20:00,20.01,12.4,589,4172.52,4152.9,4418.98,4248.13,5,286,8.959027037
5877,2019/9/2 21:00,20.2,12.2,588,4261.2,4311.2,4379.76,4317.39,6.4,283,9.229737738
5878,2019/9/2 22:00,21.08,11.9,597,4248.15,4291.28,4334.97,4291.47,6.4,279,9.190819108
5879,2019/9/2 23:00,21.72,12.6,611,4356.1,4347.59,4465.08,4389.59,4.4,280,9.272976131
5880,2019/9/3 0:00,21.97,13.1,616,4423.31,4376.46,4489.32,4429.7,3.1,272,9.311613816
5881,2019/9/3 1:00,21.93,13.3,633,4428.9,4482.16,4676.22,4529.09,4.8,281,9.431951946
5882,2019/9/3 2:00,22.51,13.1,633,4549.51,4545.75,4657.44,4584.23,6.7,281,9.858513468
5883,2019/9/3 3:00,22.66,13.3,635,4605.3,4562.5,4663.7,4610.5,5,271,9.803592336
5884,2019/9/3 4:00,23.07,13.5,636,4633.53,4556.25,4642.56,4610.78,4.1,271,9.774065234
5885,2019/9/3 5:00,23.2,13.5,630,4610.57,4491.83,4591.51,4564.64,6,275,9.798811086
5886,2019/9/3 6:00,23.35,14.2,638,4720.98,4575.6,4669.92,4655.5,4.3,272,9.900093211
5887,2019/9/3 7:00,22.7,14.5,668,4727.58,4775.49,4907.58,4803.55,4.5,278,10.1074472
5888,2019/9/3 8:00,23.05,14.3,677,5021.38,4931.64,5028.55,4993.86,4.9,279,10.60070261
5889,2019/9/3 9:00,23.05,14.3,677,5021.38,4931.64,5028.55,4993.86,4.9,279,10.60070261
5890,2019/9/3 10:00,0.3,-6321.7,677,4913.8,4869.84,1278.96,3687.53,3.1,672,10.81496538
5891,2019/9/3 11:00,24.22,14.8,667,4929,4800.26,5034.8,4921.35,4.3,281,10.49046434
5892,2019/9/3 12:00,24.22,14.8,667,4929,4800.26,5034.8,4921.35,4.3,281,10.4254323
5893,2019/9/3 13:00,24.28,14.8,679,4990.23,4964.96,5100.48,5018.56,3.7,280,10.57971934
5894,2019/9/3 14:00,24.53,14.8,700,5046.8,4985.68,5192.11,5074.86,5,283,10.75801771
5895,2019/9/3 15:00,25.05,14.9,694,5028.55,4993.92,5167.59,5063.35,2.6,295,10.62597509
5896,2019/9/3 16:00,25.37,14.9,684,5082,5085.72,5079.6,5082.44,6.4,278,10.88594403
5897,2019/9/3 17:00,25.14,15.3,701,5073.78,5073.48,5189.76,5112.34,2.9,278,10.74804028
5898,2019/9/3 18:00,25.08,15.1,680,5176.63,5069.1,5204.37,5150.03,2.1,284,10.88574228
5899,2019/9/3 19:00,24.37,15.6,679,5071.74,4997.96,5167.59,5079.1,4,271,10.7410934
5900,2019/9/3 20:00,23.99,15.3,671,5018.16,5030.64,5145.32,5064.71,3.7,286,10.65190485
5901,2019/9/3 21:00,23.66,15.5,668,4947.6,4897.2,5004.1,4949.63,3.2,280,10.41410974
5902,2019/9/3 22:00,24.1,16.1,656,4950.18,4871.52,4947.1,4922.93,3,284,10.34302302
5903,2019/9/3 23:00,22.97,15.6,666,5058.76,4993.8,5102.59,5051.72,4,260,10.68417327
5904,2019/9/4 0:00,23.22,15.6,667,5063.08,4918.14,5084.08,5021.77,3.8,279,10.62044156
5905,2019/9/4 1:00,23.22,15.6,667,5063.08,4918.14,5084.08,5021.77,3.8,279,10.62044156
5906,2019/9/4 2:00,24.2,15.9,685,5152.2,5069.51,5209.05,5143.59,5,298,10.89388935
5907,2019/9/4 3:00,23.95,15.8,668,4937.82,4819.9,5051.12,4936.28,4.2,269,10.44538803
5908,2019/9/4 4:00,24.54,15.8,660,4882.2,4953.04,4971.12,4935.45,4.1,281,10.40687335
5909,2019/9/4 5:00,24.33,15.8,652,4976.76,4913.85,4938.84,4943.15,1.8,267,10.43297676
5910,2019/9/4 6:00,25.2,16.1,641,4749.36,4671.03,4786.74,4735.71,2.1,295,9.937931218
5911,2019/9/4 7:00,25.16,15.6,668,4758.5,4867.8,5020.47,4882.26,2.8,244,10.21469182
5912,2019/9/4 8:00,23.49,15.3,655,4888.92,4809.3,4895.4,4864.54,5,350,10.22787929
5913,2019/9/4 9:00,23.64,15.6,655,4921.7,4895.4,4817.12,4878.07,5,350,10.27377582
5914,2019/9/4 10:00,24.16,15.7,650,4806.43,4615.89,4756.88,4726.4,2.4,350,9.901554245
5915,2019/9/4 11:00,23.64,15.1,638,4775.58,4817.12,4692.45,4761.72,6.3,347,10.10480279
5916,2019/9/4 12:00,22.91,15.6,646,4736.8,4775.58,4718.56,4743.65,3.1,345,9.888257606
5917,2019/9/4 13:00,23.22,15.5,648,4781.7,4744.73,4686.3,4737.58,2.9,353,9.916208912
5918,2019/9/4 14:00,23.18,15.7,644,4781.7,4650.8,4660.26,4697.59,2.3,273,9.922235048
5919,2019/9/4 15:00,23.22,16.1,643,4638.87,4607.68,4743.2,4663.25,4.1,342,9.71388885
5920,2019/9/4 16:00,23.68,15.8,643,4599.17,4683.03,4815.82,4699.34,2.1,295,9.717023591
5921,2019/9/4 17:00,23.05,15.5,627,4672.5,4678.26,4760.11,4703.62,2.9,286,9.848314581
5922,2019/9/4 18:00,23.26,15.2,640,4713.39,4646.01,4791.06,4716.82,3.4,344,9.833941712
5923,2019/9/4 19:00,23.68,16.5,627,4652.56,4641.18,4704.4,4666.05,3.3,345,9.712824259
5924,2019/9/4 20:00,22.93,16,638,4621.46,4625.2,4695.37,4647.34,2.9,278,9.713096015
5925,2019/9/4 21:00,23.68,15.4,634,4625.2,4602.82,4718.56,4648.86,2.8,335,9.672311137
5926,2019/9/4 22:00,22.22,15.3,627,4651.18,4419.66,4614.03,4561.62,3.2,319,9.570599435
5927,2019/9/4 23:00,22.87,16,626,4489.32,4495,4594.2,4526.17,2.9,280,9.436782065
5928,2019/9/5 0:00,23.01,15.2,617,4429.53,4369.26,4492.86,4430.55,2.3,322,9.357249517
5929,2019/9/5 1:00,21.41,15,588,4245.75,4161.64,4261.92,4223.1,3,317,8.796553049
5930,2019/9/5 2:00,21.76,15.5,583,4157.36,4049.76,4148.28,4118.47,2,289,8.56932271
5931,2019/9/5 3:00,22.89,15.6,545,3749.46,3725.78,3762.72,3745.99,1.6,268,7.812798536
5932,2019/9/5 4:00,22.99,15.4,537,3541.92,3589.38,3688.16,3606.49,2.1,347,7.392035097
5933,2019/9/5 5:00,22.39,15.2,510,3591,3505.6,3431.25,3509.28,4.1,359,7.439310998
5934,2019/9/5 6:00,22.35,14.7,515,3459.5,3461.78,3487.5,3469.59,0.8,328,7.210220583
5935,2019/9/5 7:00,21.5,14.5,489,3204.24,3220.48,3210.24,3211.65,0.7,79,6.68892204
5936,2019/9/5 8:00,22.45,15.7,471,3176.45,3146.28,3152.56,3158.43,1.3,308,6.63923249
5937,2019/9/5 9:00,22.66,15.1,435,2921.53,2885.4,2913.92,2906.95,0.9,338,6.173686013
5938,2019/9/5 10:00,21.59,15.3,429,2872.02,2822.4,2959.39,2884.6,0.9,31,5.970182565
5939,2019/9/5 11:00,20.95,15.5,416,2671.2,2741.16,2824.21,2745.52,1.5,55,5.627792297
5940,2019/9/5 12:00,19.81,14.6,396,2675.2,2620.32,2683.92,2659.81,0.6,54,5.578697673
5941,2019/9/5 13:00,20.24,14.6,388,2541.63,2510.64,2609.85,2554.04,1.3,69,5.333571661
5942,2019/9/5 14:00,19.85,14.6,361,2504.88,2454.96,2461.32,2473.72,1.8,21,5.150592488
5943,2019/9/5 15:00,19.14,14.4,352,2387.2,2323.2,2388.75,2366.38,1.7,53,4.950529038
5944,2019/9/5 16:00,18.76,14.6,333,2344.16,2274.84,2278.4,2299.13,2,352,4.94068656
5945,2019/9/5 17:00,18.41,14.8,318,2211.92,2095.73,2159.82,2155.82,0.7,280,4.757301542
5946,2019/9/5 18:00,18.26,14.6,299,2012.85,2006.46,2067.2,2028.84,1.9,295,4.351017907
5947,2019/9/5 19:00,17.93,14.5,275,1884.54,1852.49,1910.18,1882.4,1.3,5,4.023513422
5948,2019/9/5 20:00,17.43,14.5,255,1838.98,1800.4,1771.92,1803.77,0.3,23,4.009616392
5949,2019/9/5 21:00,16.6,14,223,1602.08,1549.63,1590.68,1580.8,0.5,65,3.569013788
5950,2019/9/5 22:00,16.43,13.9,219,1561.68,1517.48,1562.49,1547.22,1.9,48,3.364460539
5951,2019/9/5 23:00,16.08,13.8,211,1487.64,1429.68,1504.62,1473.98,2.2,81,3.199252549
5952,2019/9/6 0:00,15.74,13.7,196,1423.24,1386.72,1436.34,1415.43,3.6,81,2.971400572
5953,2019/9/6 1:00,15.49,13.6,189,1419.12,1326.64,1380.3,1375.35,3.3,59,2.940820417
5954,2019/9/6 2:00,14.89,13.7,156,1164.6,1141.65,1118.82,1141.69,3.6,25,2.43505894
5955,2019/9/6 3:00,14.66,13.5,142,1096.5,1003.08,1015.94,1038.51,2.4,21,2.390141404
5956,2019/9/6 4:00,13.87,13.3,122,904.4,933.8,922.35,920.18,2.8,84,2.008288726
5957,2019/9/6 5:00,13.37,13.1,98,719.04,684.8,719.04,707.63,3.4,79,1.580444719
5958,2019/9/6 6:00,13.22,13.1,93,658.17,666.64,697.6,674.14,3.6,51,1.422584353
5959,2019/9/6 7:00,12.95,13,86,627.2,572.4,652.8,617.47,3.4,57,1.400185865
5960,2019/9/6 8:00,12.66,12.8,77,540.6,566.04,580.58,562.41,3.7,63,1.231302531
5961,2019/9/6 9:00,-2.02,-3.4,180,1379.07,1374.12,1313.55,1355.58,1.4,90,2.887177962
5962,2019/9/6 10:00,-1.77,-3.2,184,1431.7,1464.34,1333.63,1409.89,2.5,92,2.973719079
5963,2019/9/6 11:00,-1.29,-3.1,198,1526.8,1540.68,1404.76,1490.75,1.3,79,3.19847489
5964,2019/9/6 12:00,-0.93,-2.7,209,1600.8,1557,1504.2,1554,2.1,82,3.315151159
5965,2019/9/6 13:00,-0.56,-2.7,218,1637.84,1633.12,1587,1619.32,1.4,90,3.432477633
5966,2019/9/6 14:00,-0.04,-2.7,228,1855.65,1789.69,1607.58,1750.97,1.4,67,3.82153021
5967,2019/9/6 15:00,0.68,-2.4,250,1922.38,1911.3,1805.18,1879.62,1.6,88,3.996910033
5968,2019/9/6 16:00,1.01,-2.3,260,1947.33,1985.43,1890.6,1941.12,2.4,62,4.085565995
5969,2019/9/6 17:00,1.43,-2.3,265,2042.4,2054.13,1913.94,2003.49,2.6,69,4.253244005
5970,2019/9/6 18:00,1.91,-1.7,282,2132.1,2092.3,2120.4,2114.93,1.8,103,4.43292326
5971,2019/9/6 19:00,2.47,-1.7,297,2235.6,2185.15,2202.06,2207.6,1.4,99,4.642175955
5972,2019/9/6 20:00,3.26,-1.8,319,2400.84,2325.62,2342.64,2356.37,2,40,4.967441986
5973,2019/9/6 21:00,3.51,-1.9,324,2445.14,2359.6,2363.07,2389.27,2.5,66,5.052911951
5974,2019/9/6 22:00,5.41,-1,366,2665.6,2698.44,2656.68,2673.57,1.7,83,5.55812689
5975,2019/9/6 23:00,5.66,-1,384,2778.48,2731.04,2906.8,2805.44,1.9,107,5.809583436
5976,2019/9/7 0:00,6.16,-0.7,395,2801.6,2808,2972.34,2860.65,3.1,95,5.919362675
5977,2019/9/7 1:00,6.53,-0.9,404,3008.2,2905.43,3028.4,2980.68,2.1,77,6.206341085
5978,2019/9/7 2:00,7.51,-0.9,425,3118.5,3008.31,3113.44,3080.08,2,118,6.432929951
5979,2019/9/7 3:00,7.25,-0.8,433,3192,3180.54,3195.9,3189.48,2.1,76,6.596361904
5980,2019/9/7 4:00,8.1,-0.6,456,3328.16,3253.16,3313.28,3298.2,2,119,6.852480469
5981,2019/9/7 5:00,8.66,-0.6,465,3324.62,3328.33,3368.35,3340.43,3.3,107,6.920555905
5982,2019/9/7 6:00,8.72,-0.4,473,3356.7,3418.1,3419.6,3398.13,1.7,84,6.991258543
5983,2019/9/7 7:00,9.59,-0.3,473,3366.72,3376.2,3467.49,3403.47,1.7,84,7.038527267
5984,2019/9/7 8:00,9.01,-0.4,480,3368.35,3418.1,3442.4,3409.62,2.3,85,7.02046252
5985,2019/9/7 9:00,10.62,-0.3,512,3686.28,3729.94,3679.2,3698.47,2.1,94,7.64638
5986,2019/9/7 10:00,9.84,0,527,3853.63,3828,3940.82,3874.15,3.1,58,8.035650957
5987,2019/9/7 11:00,9.74,0,534,3906.51,3901.94,3994.06,3934.17,2.4,82,8.137129327
5988,2019/9/7 12:00,12.08,0,572,4165.8,4082,4231.5,4159.77,2,46,8.722366552
5989,2019/9/7 13:00,12.99,0.3,581,4224.91,4108,4315.68,4216.2,2.7,79,8.875158413
5990,2019/9/7 14:00,12.14,0.2,588,4290.16,4244.4,4387.74,4307.43,2.7,73,9.02591412
5991,2019/9/7 15:00,11.85,0.5,600,4303.11,4348.3,4471.2,4374.2,2.5,122,9.088305874
5992,2019/9/7 16:00,13.3,0.4,609,4361.28,4431.56,4501.56,4431.47,0.4,301,9.175493713
5993,2019/9/7 17:00,15.76,0.9,616,4469.36,4429.31,4541.81,4480.16,2.9,110,9.443786223
5994,2019/9/7 18:00,15.87,0.2,620,4488.14,4493.41,4582.4,4521.32,1.5,78,9.523779031
5995,2019/9/7 19:00,16.16,0.1,622,4512.64,4479.39,4574.46,4522.16,2.2,111,9.527856056
5996,2019/9/7 20:00,18.18,0.7,636,4529.8,4572.84,4671.54,4591.39,2.6,124,9.668777426
5997,2019/9/7 21:00,20.2,1,652,4675.71,4674.6,4784.01,4711.44,0.9,168,9.944418072
5998,2019/9/7 22:00,15.24,0.7,671,4918.98,4880.43,4918.98,4906.13,0.7,300,10.30563068
5999,2019/9/7 23:00,16.51,1.6,676,4903.56,4896.56,4926.18,4908.77,1.7,325,10.27586719
6000,2019/9/8 0:00,18.18,1.8,679,4899.91,4909.41,4920.3,4909.87,0.9,279,10.32434425
6001,2019/9/8 1:00,18.45,2.1,681,4951.8,4948.64,4921.95,4940.8,0.7,17,10.4932567
6002,2019/9/8 2:00,22.7,2,683,4826.72,4808.04,4959.08,4864.61,1.2,275,10.25894578
6003,2019/9/8 3:00,19.08,1.5,679,4975,5055.4,5058.76,5029.72,1.3,70,10.61245207
6004,2019/9/8 4:00,17.1,1.8,691,5038.29,5128.2,5233.28,5133.26,2.5,85,10.81972989
6005,2019/9/8 5:00,18.1,1.8,706,5249.92,5068.75,5340.21,5219.63,0.4,95,11.23833744
6006,2019/9/8 6:00,18.51,1.5,700,5086.8,4977.77,5260.32,5108.3,2.2,39,10.94217547
6007,2019/9/8 7:00,21.66,1.6,711,5211.98,5195.14,5263.01,5223.38,1.5,45,11.10118583
6008,2019/9/8 8:00,23.28,2,707,5193.41,5104.5,5254.48,5184.13,0.2,323,11.02514943
6009,2019/9/8 9:00,20.22,1.9,708,5218.58,5243.46,5311.88,5257.97,4.2,67,11.13753278
6010,2019/9/8 10:00,18.95,1.5,709,5239.62,5272.8,5385.12,5299.18,2,27,11.23907529
6011,2019/9/8 11:00,20.24,2.3,708,5289.7,5286.26,5350,5308.65,1.4,329,11.18812664
6012,2019/9/8 12:00,22.43,2.9,714,5160.3,5223.68,5377.86,5253.95,1.7,285,11.00095842
6013,2019/9/8 13:00,21.28,3.2,713,5131.51,5222.1,5335.78,5229.8,1.6,287,10.9308404
6014,2019/9/8 14:00,20.95,3.3,712,5293.22,5255.9,5396.49,5315.2,1.9,299,11.19919527
6015,2019/9/8 15:00,19.01,2.8,718,5336.76,5251.89,5390.28,5326.31,0.8,62,11.39955022
6016,2019/9/8 16:00,17.68,2.1,715,5342.04,5333.52,5407.64,5361.07,2.2,43,11.37032271
6017,2019/9/8 17:00,18.39,2.2,715,5344.28,5339.78,5413.87,5365.98,2.1,86,11.34978917
6018,2019/9/8 18:00,18.31,2.3,711,5310.69,5291.52,5413.87,5338.69,2.9,27,11.34165766
6019,2019/9/8 19:00,18.24,2.3,714,5344.28,5310.24,5418.75,5357.76,5,20,11.34584131
6020,2019/9/8 20:00,15.85,2.8,712,5405.82,5388.74,5452.46,5415.67,2.6,6,11.48340141
6021,2019/9/8 21:00,17.01,2.3,713,5376.12,5316.96,5473.71,5388.93,2.6,27,11.48295141
6022,2019/9/8 22:00,18.62,3,700,5336.1,5310.69,5362.5,5336.43,2.1,80,11.32530192
6023,2019/9/8 23:00,18.1,2.8,709,5252.15,5218.58,5371.65,5280.79,1.2,60,11.26710503
6024,2019/9/9 0:00,17.41,3,711,5360.85,5331.25,5435.04,5375.71,1.9,39,11.44790372
6025,2019/9/9 1:00,17.33,2.6,707,5350.88,5312.88,5442.36,5368.71,0.5,318,11.31658881
6026,2019/9/9 2:00,19.12,3,707,5295.96,5287,5401.41,5328.12,2.8,2,11.32608063
6027,2019/9/9 3:00,18.72,2.8,704,5247.84,5172.66,5388.95,5269.82,1.1,14,11.33493559
6028,2019/9/9 4:00,23.22,2.8,703,5201.31,5140.8,5353.04,5231.72,2.5,92,11.15951137
6029,2019/9/9 5:00,22.55,2.8,708,5215.2,5182.16,5354.08,5250.48,2.3,48,11.19975845
6030,2019/9/9 6:00,20.6,4.3,700,5152.2,5170.8,5290.08,5204.36,1.7,290,10.9287132
6031,2019/9/9 7:00,18.7,4.6,700,5231.25,5158.44,5285.28,5224.99,1.7,287,11.02210173
6032,2019/9/9 8:00,17.93,4.5,700,5229.18,5075.52,5212.5,5172.4,1.7,287,10.96003121
6033,2019/9/9 9:00,17.41,3.8,690,5158.95,4985.76,5100,5081.57,2.4,273,10.75937389
6034,2019/9/9 10:00,18.97,3.9,690,5105.64,4976,5098.41,5060.02,0.7,269,10.73751026
6035,2019/9/9 11:00,18.91,3.9,693,5078.7,5064.99,5135.13,5092.94,2.3,327,10.88018797
6036,2019/9/9 12:00,21.97,4.3,678,4843.8,4897.2,4976.76,4905.92,0.2,321,10.30261599
6037,2019/9/9 13:00,22.1,4.8,672,4774,4854.6,4974.21,4867.6,1.8,269,10.20241794
6038,2019/9/9 14:00,21.51,3.4,665,4846.94,4832.94,4918.32,4866.07,0.9,95,10.35373149
6039,2019/9/9 15:00,21.51,3.4,665,4868.75,4806.54,4904.2,4859.83,0.9,95,10.37169173
6040,2019/9/9 16:00,21.37,3.8,661,4801.84,4777.14,4871.53,4816.84,0.7,40,10.2917036
6041,2019/9/9 17:00,21.37,3.8,661,4741.54,4732.39,4838.94,4770.96,0.7,40,10.17802178
6042,2019/9/9 18:00,21.37,3.8,661,4716.78,4709.16,4774,4733.31,0.7,40,10.08315527
6043,2019/9/9 19:00,24.12,4.1,650,4581.75,4571.97,4683.03,4612.25,0.6,208,9.792032365
6044,2019/9/9 20:00,24.12,4.1,650,4579.38,4567.02,4687.2,4611.2,0.6,208,9.788837068
6045,2019/9/9 21:00,21.16,5.4,640,4581.8,4607.36,4651.29,4613.48,0.7,0,9.799688607
6046,2019/9/9 22:00,20.58,5.5,636,4577.1,4487.5,4636.32,4566.97,0.4,287,9.641905766
6047,2019/9/9 23:00,21.78,4.9,630,4514.4,4493.75,4572.82,4526.99,0.9,271,9.584145775
6048,2019/9/10 0:00,24.2,4.7,596,4181.25,4149.6,4217.16,4182.67,1,234,8.978282796
6049,2019/9/10 1:00,23.95,4.7,590,4100,4074.72,4167.4,4114.04,1,262,8.825938464
6050,2019/9/10 2:00,22.6,3.7,582,4056.69,4056.25,4099.68,4070.87,1.8,86,8.668934878
6051,2019/9/10 3:00,22.01,4.5,576,4006.4,3987.62,4088.7,4027.57,1.6,104,8.576671295
6052,2019/9/10 4:00,19.18,4.3,570,3949.92,3817.55,4013.2,3926.89,2.3,99,8.337341298
6053,2019/9/10 5:00,18.95,4.6,542,3727.45,3701.52,3699.81,3709.59,1.9,15,7.792549288
6054,2019/9/10 6:00,17.55,4.8,528,3667.86,3567.2,3593.4,3609.49,1.2,213,7.708978872
6055,2019/9/10 7:00,17.91,4.4,491,3348.8,3292.16,3288.33,3309.76,1.1,188,7.117900585
6056,2019/9/10 8:00,17.49,4.1,486,3217.82,3198.59,3206.4,3207.6,2.1,162,6.854241598
6057,2019/9/10 9:00,16.87,3.9,478,3222.84,3140.9,3197.16,3186.97,1,118,6.801783153
6058,2019/9/10 10:00,16.66,4.7,473,3189.28,3139.38,3169.99,3166.22,0.9,197,6.792324609
6059,2019/9/10 11:00,17.06,4.5,451,3016.82,3002.81,3010.36,3010,0.5,357,6.556410582
6060,2019/9/10 12:00,17.14,5.3,419,2710.5,2739.04,2852.92,2767.49,0.6,246,6.005593157
6061,2019/9/10 13:00,16.79,5.3,403,2686.86,2638.05,2713.2,2679.37,0.8,172,5.828613287
6062,2019/9/10 14:00,16.41,5.1,393,2583.02,2549.18,2620.35,2584.18,1.2,272,5.681682005
6063,2019/9/10 15:00,15.16,5.2,365,2392.84,2405,2423.52,2407.12,0.8,252,5.289798025
6064,2019/9/10 16:00,14.39,5,338,2308.62,2239.44,2259.38,2269.15,2.2,276,5.01255478
6065,2019/9/10 17:00,13.97,5,331,2200.95,2109.19,2220.45,2176.86,2.2,272,4.796854814
6066,2019/9/10 18:00,12.43,5.3,304,2079.28,2007.36,2056.41,2047.68,1.1,279,4.335832809
6067,2019/9/10 19:00,11.81,5.2,263,1775.4,1766.12,1739.76,1760.43,0.4,293,3.934235525
6068,2019/9/10 20:00,11.58,5.5,249,1780.78,1709.4,1714.77,1734.98,0.3,292,3.903553905
6069,2019/9/10 21:00,11.18,5.5,241,1638.42,1594.78,1651.58,1628.26,0.8,14,3.643770194
6070,2019/9/10 22:00,10.37,4.7,221,1533.52,1555.24,1489.34,1526.03,1.1,37,3.432047042
6071,2019/9/10 23:00,9.74,4.6,202,1449.78,1383.9,1407.93,1413.87,0.8,4,3.257616241
6072,2019/9/11 0:00,8.8,4.9,195,1304.14,1295.56,1385.67,1328.46,0.4,305,2.858310104
6073,2019/9/11 1:00,7.99,4.4,173,1224.7,1193.4,1224.7,1214.27,0.6,36,2.802068234
6074,2019/9/11 2:00,7.91,4.8,163,1082.32,1103.87,1146.99,1111.06,0.1,338,2.34577765
6075,2019/9/11 3:00,7.66,5,148,1045.96,1006.24,1042.48,1031.56,0.7,277,2.224894367
6076,2019/9/11 4:00,6.02,4.7,117,834.12,790.8,822.12,815.68,0.3,357,1.647895293
6077,2019/9/11 5:00,4.66,4.2,86,586.51,564.16,627,592.56,0.2,33,1.376167214
6078,2019/9/11 6:00,4.24,4.2,72,547.8,518.24,540.38,535.47,0,51,1.448383219
6079,2019/9/11 7:00,3.89,4.3,66,483.22,497.04,499.32,493.19,0.4,53,1.290692385
6080,2019/9/11 8:00,0.01,0.1,1,0,0,0,0,0.1,1,0.379993053
6081,2019/9/11 9:00,-1.48,-3.6,196,1323.63,1327.45,1302.21,1317.76,1.6,118,2.797822519
6082,2019/9/11 10:00,-1.08,-3.9,198,1374.12,1358.28,1314.08,1348.83,1.5,115,2.91101601
6083,2019/9/11 11:00,-0.24,-3.5,221,1436.58,1480.88,1485.65,1467.7,0.8,169,3.079643066
6084,2019/9/11 12:00,0.93,-3,218,1487.01,1497.3,1453.79,1479.37,0.4,228,3.146753674
6085,2019/9/11 13:00,1.45,-2.8,168,1186.78,1436.4,1625.82,1416.33,1.3,218,2.717317721
6086,2019/9/11 14:00,1.64,-3,255,1821.6,1644.32,1728.72,1731.55,1.1,153,3.796517255
6087,2019/9/11 15:00,1.97,-2.6,282,1969.35,1892,2014.85,1958.73,1.5,192,4.131981023
6088,2019/9/11 16:00,2.74,-2.5,288,2032.55,1948.24,2092.3,2024.36,1.8,168,4.285717996
6089,2019/9/11 17:00,4.22,-2,312,2185.15,2074,2199.63,2152.93,1.6,172,4.594122739
6090,2019/9/11 18:00,5.82,-0.9,378,2322.18,2301.75,2616.12,2413.35,1.5,171,5.002589496
6091,2019/9/11 19:00,6.26,-0.7,304,2569.62,2630.64,2385.96,2528.74,2.2,194,5.381756781
6092,2019/9/11 20:00,5.87,-1,220,2177.28,2214.3,1691.64,2027.74,4.4,176,4.496435222
6093,2019/9/11 21:00,3.85,-0.9,280,2220.06,1882.06,1591.2,1897.77,4.4,200,4.306551454
6094,2019/9/11 22:00,3.51,-0.8,274,1822.1,1778.98,1979.65,1860.24,2.1,263,3.85464105
6095,2019/9/11 23:00,7.53,0.5,447,3165.75,3173.83,3246.75,3195.44,1.4,197,6.60828083
6096,2019/9/12 0:00,7.87,0.5,454,3132,3212.16,3244.65,3196.27,2.4,246,6.6195861
6097,2019/9/12 1:00,8.89,0.4,468,3284.24,3340,3326.64,3316.96,2.8,189,6.872300459
6098,2019/9/12 2:00,10.24,0.3,496,3515.09,3454.23,3454.23,3474.52,4,218,7.268851496
6099,2019/9/12 3:00,10.82,0.9,522,3555.11,3551.1,3616.38,3574.2,1.3,252,7.717068537
6100,2019/9/12 4:00,12.43,2.4,567,3927.64,3998.48,4158.81,4028.31,1.2,271,8.303307066
6101,2019/9/12 5:00,12.99,2.1,569,4099.34,3516.16,4093.11,3902.87,2.9,243,8.266626605
6102,2019/9/12 6:00,13.03,2.1,591,4192,4211.85,4375.52,4259.79,3.6,209,8.863611064
6103,2019/9/12 7:00,12.76,2.1,592,4231.2,4231.44,4342.32,4268.32,4,247,8.878673446
6104,2019/9/12 8:00,14.08,2.4,603,4375.1,4328.83,4425.48,4376.47,3.2,254,9.137864107
6105,2019/9/12 9:00,14.6,3,609,4153.24,4127.86,4517.5,4266.2,1.1,199,8.829143968
6106,2019/9/12 10:00,14.89,2.7,600,4478.5,4523.04,4529.52,4510.35,4,203,9.453260122
6107,2019/9/12 11:00,14.54,2.8,622,4576,4489.2,4593.06,4552.75,3.6,197,9.559590622
6108,2019/9/12 12:00,14.89,3.3,627,4472,4496.65,4650.45,4539.7,1.3,266,9.410730243
6109,2019/9/12 13:00,14.95,3,640,4698,4573.05,4799.78,4690.28,3.2,187,9.878563464
6110,2019/9/12 14:00,15.39,3.3,638,4631.1,4751.77,4704.94,4695.94,3.2,195,9.784625839
6111,2019/9/12 15:00,16.14,3.3,651,4738.91,4733.96,4800,4757.62,3.1,211,9.967333897
6112,2019/9/12 16:00,16.41,3.1,641,4722.21,4728.6,4680.96,4710.59,2.4,266,9.870946759
6113,2019/9/12 17:00,17.12,3.4,662,4862.79,4881.96,4786.7,4843.82,2.9,190,10.16189146
6114,2019/9/12 18:00,17.26,3.4,663,4881.96,4861.56,4907.52,4883.68,1.9,228,10.26015058
6115,2019/9/12 19:00,16.28,3.2,676,4992,4943.73,5097.36,5011.03,3.2,190,10.55140038
6116,2019/9/12 20:00,19.58,3.8,674,4938.86,4947.04,4989.58,4958.49,4.1,269,10.43091686
6117,2019/9/12 21:00,20.03,4.4,688,4905.75,4906.2,5126.35,4979.43,1.8,185,10.48257794
6118,2019/9/12 22:00,20.28,4.3,677,4920.3,4902.87,5134.5,4985.89,3.2,190,10.54070794
6119,2019/9/12 23:00,20.37,4.7,675,4965.97,4945.5,5115.6,5009.02,2.6,255,10.54099572
6120,2019/9/13 0:00,20.29,4.6,687,5005.44,4986.32,5105.64,5032.47,1.9,242,10.59821401
6121,2019/9/13 1:00,20.35,4.6,685,5013.36,4995.9,5103.78,5037.68,3,219,10.62834761
6122,2019/9/13 2:00,20.74,4.2,691,4970.7,5077.8,5120.68,5056.39,2.7,242,10.59340272
6123,2019/9/13 3:00,21.68,4.9,692,4987.5,5008,5131.5,5042.33,3.1,253,10.61389469
6124,2019/9/13 4:00,21.53,5.4,690,5068.75,5058.76,5227.1,5118.2,2.3,236,10.78543971
6125,2019/9/13 5:00,22.14,4.8,687,4992,4961.79,5110.83,5021.54,1.7,226,10.60494173
6126,2019/9/13 6:00,22.64,5.5,693,5068.75,5125.28,5181.26,5125.1,3.4,255,10.79645391
6127,2019/9/13 7:00,23.51,6,684,5004.48,5030.1,5071.6,5035.39,1.9,234,10.63969924
6128,2019/9/13 8:00,22.39,5.5,688,5091.24,5040.07,5143.89,5091.73,1.8,223,10.7837333
6129,2019/9/13 9:00,22.39,6,686,5058.08,5033.84,5123.22,5071.71,2.1,239,10.72279389
6130,2019/9/13 10:00,23.06,5.6,685,5041.92,4997.2,5117.04,5052.05,4.5,270,10.70834172
6131,2019/9/13 11:00,22.85,5.6,676,5008,4984,5071.22,5021.07,2.4,268,10.61744476
6132,2019/9/13 12:00,22.87,5.6,677,4951.12,4932.46,5050.64,4978.07,4.4,263,10.54792053
6133,2019/9/13 13:00,22.03,5.2,675,4926.24,4957.34,5087.96,4990.51,1.2,249,10.49437134
6134,2019/9/13 14:00,22.01,6,668,4912.5,4914.1,5024,4950.2,3.2,234,10.46239208
6135,2019/9/13 15:00,21.22,6.1,663,4874.75,4776.38,4915.68,4855.6,5.7,252,10.368075
6136,2019/9/13 16:00,21.28,6.3,661,4878.06,4777.74,4838.98,4831.59,3,243,10.24958837
6137,2019/9/13 17:00,21.7,6.3,663,4871.79,4831.25,4832.72,4845.25,1.1,188,10.21001173
6138,2019/9/13 18:00,21.2,6.1,656,4840.44,4787.5,4758.3,4795.41,3.3,263,10.15827924
6139,2019/9/13 19:00,21.7,6.5,652,4840.44,4795.16,4775,4803.53,2.5,252,10.18835663
6140,2019/9/13 20:00,21.51,6.1,651,4699.8,4697.44,4758.93,4718.72,4,267,9.979477565
6141,2019/9/13 21:00,20.57,6.8,645,4684.88,4697.44,4775,4719.11,4.4,255,9.983395189
6142,2019/9/13 22:00,20.29,5.8,644,4712.4,4686.05,4776.38,4724.94,1.7,242,9.964766426
6143,2019/9/13 23:00,20.53,6.3,638,4638.88,4599,4736.37,4658.08,2.7,277,9.813680383
6144,2019/9/14 0:00,21.26,6.5,628,4579.12,4547.67,4626.14,4584.31,2.8,252,9.706388645
6145,2019/9/14 1:00,20.89,5.8,626,4509.93,4469.64,4625,4534.86,3.1,179,9.63153318
6146,2019/9/14 2:00,21.58,7.3,614,4420.35,4374.24,4494.68,4429.76,1.4,189,9.392284467
6147,2019/9/14 3:00,22.22,6.8,612,4352.68,4293.75,4453.32,4366.58,2.8,272,9.264882766
6148,2019/9/14 4:00,22.28,6.9,611,4371.55,4320.64,4413.3,4368.5,4.3,273,9.31640335
6149,2019/9/14 5:00,20.87,6.8,592,4228.08,4190.16,4276.68,4231.64,2.9,277,8.981337506
6150,2019/9/14 6:00,20.41,7.3,587,4133.68,4108.17,4226.88,4156.24,2.6,273,8.787308857
6151,2019/9/14 7:00,20.35,7.1,574,4032.25,3994.2,4107.81,4044.75,2,234,8.570540819
6152,2019/9/14 8:00,19.7,6.9,555,3917.55,3848.38,3931.04,3898.99,2.1,247,8.290975128
6153,2019/9/14 9:00,19.68,6.9,555,3885.7,3829.65,3905.89,3873.75,2.9,270,8.244608615
6154,2019/9/14 10:00,19.91,6.8,554,3823.02,3760.02,3893.27,3825.44,1.6,251,8.123619759
6155,2019/9/14 11:00,18.54,7.2,531,3660.11,3578.4,3745.56,3661.36,2.1,251,7.755213656
6156,2019/9/14 12:00,18.39,7.1,521,3596.01,3557.55,3574.32,3575.96,1.7,207,7.593071985
6157,2019/9/14 13:00,18.49,7.4,520,3543.84,3532.8,3560.83,3545.82,1,172,7.501414492
6158,2019/9/14 14:00,18.53,6.7,512,3519.09,3494.4,3497.13,3503.54,1.8,171,7.436683507
6159,2019/9/14 15:00,19.47,7.7,499,3446.48,3378.07,3372.8,3399.12,1.5,256,7.311279302
6160,2019/9/14 16:00,19.39,7.5,498,3419.64,3348.36,3365.25,3377.75,2.1,204,7.231184893
6161,2019/9/14 17:00,19.45,7.3,495,3375.75,3335.58,3322.8,3344.71,2.5,249,7.196782572
6162,2019/9/14 18:00,19.28,7.5,485,3279.3,3237.05,3260.01,3258.79,1.9,280,7.021630111
6163,2019/9/14 19:00,17.77,7.3,478,3265.08,3207.12,3220,3230.73,1.9,209,6.896207179
6164,2019/9/14 20:00,16.87,7.1,470,3155.76,3094.34,3163.56,3137.89,2.6,204,6.82612273
6165,2019/9/14 21:00,16.14,7.3,452,3074.5,3008.55,3016.82,3033.29,3.3,240,6.47574775
6166,2019/9/14 22:00,16.12,7.5,448,2985.4,2894.08,3005.7,2961.73,1.7,230,6.307640647
6167,2019/9/14 23:00,15.87,7.6,416,2764.48,2639,2784.21,2729.23,3.7,185,5.823626086
6168,2019/9/15 0:00,15.54,7.4,406,2696.89,2604.96,2760.48,2687.44,1.3,229,5.760129047
6169,2019/9/15 1:00,15.7,7.3,403,2623.53,2604,2738.78,2655.44,1.8,268,5.689558845
6170,2019/9/15 2:00,15.64,7.3,394,2581.92,2535,2675.61,2597.51,2.4,232,5.565611151
6171,2019/9/15 3:00,15.28,7.2,388,2484.12,2470,2627.56,2527.23,2.9,263,5.416350944
6172,2019/9/15 4:00,14.47,6.9,362,2413.26,2328.24,2394.81,2378.77,2.9,184,5.116126782
6173,2019/9/15 5:00,13.99,6.8,358,2390.75,2328.24,2382.66,2367.22,2.6,202,5.084023246
6174,2019/9/15 6:00,14.03,7.2,335,2312.64,2227,2220.45,2253.36,1.6,253,4.926748792
6175,2019/9/15 7:00,13.01,6.9,307,2079.28,2033.6,2059.84,2057.57,2.1,183,4.448851275
6176,2019/9/15 8:00,12.28,6.8,290,1943.34,1872.45,1942.38,1919.39,2.8,175,4.139596641
6177,2019/9/15 9:00,11.66,6.7,267,1745.04,1721.34,1796.34,1754.24,3.1,203,3.760194238
6178,2019/9/15 10:00,11.41,6.6,256,1696.2,1645,1673.86,1671.69,1.5,237,3.663135658
6179,2019/9/15 11:00,11.58,6.9,252,1683,1607.96,1651.58,1647.51,1.9,238,3.602466392
6180,2019/9/15 12:00,11.06,6.8,231,1590.6,1548.65,1518,1552.42,1.7,261,3.387625407
6181,2019/9/15 13:00,10.14,6.6,217,1447.39,1447.59,1449.78,1448.25,2.8,183,3.105450681
6182,2019/9/15 14:00,8.79,6.4,174,1221,1178.36,1198.22,1199.19,2.4,190,2.588505973
6183,2019/9/15 15:00,7.89,6.3,140,970.2,909.42,929.19,936.27,2.7,163,2.057431468
6184,2019/9/15 16:00,7.31,6.2,132,897.6,850.11,879.13,875.61,2,200,1.905923097
6185,2019/9/15 17:00,6.99,6.2,122,831.6,789.6,821.25,814.15,2.4,197,1.748425203
6186,2019/9/15 18:00,6.8,6.1,116,785.4,768.69,796.18,783.42,2,223,1.651245985
6187,2019/9/15 19:00,6.25,6.1,96,644.84,636.32,656,645.72,1.9,215,1.304870805
6188,2019/9/15 20:00,5.35,5.9,70,475.23,487.5,497.04,486.59,2.8,179,1.029082932
6189,2019/9/15 21:00,0.01,0.1,1,0,0,0,0,0.1,1,0.379993053
6190,2019/9/15 22:00,-0.48,-1.9,175,1285.26,1262.7,1185.08,1244.35,2.3,269,2.492952736
6191,2019/9/15 23:00,0.39,-1.5,192,1393.8,1364.22,1305.3,1354.44,3.2,260,2.755204332
6192,2019/9/16 0:00,1.05,-1,213,1488.62,1504.2,1449.57,1480.8,3.1,238,3.023881334
6193,2019/9/16 1:00,1.87,-0.9,222,1675.8,1671.84,1486.45,1611.36,2.2,259,3.361813891
6194,2019/9/16 2:00,2.27,-0.6,239,1735.58,1703.76,1669.41,1702.92,2.7,241,3.541597128
6195,2019/9/16 3:00,2.41,-0.7,239,1781.92,1738.11,1650.85,1723.63,2.7,241,3.616351247
6196,2019/9/16 4:00,2.76,-0.5,254,1806.81,1834.29,1753.6,1798.23,3.3,257,3.725282243
6197,2019/9/16 5:00,3.16,-0.4,259,1907.08,1897.45,1831.62,1878.72,3,263,3.917953174
6198,2019/9/16 6:00,3.97,-0.1,296,2202.86,2083.86,2164.6,2150.44,2.6,255,4.525087197
6199,2019/9/16 7:00,4.49,0.1,311,2257.2,2151.96,2291.52,2233.56,2.5,253,4.685377484
6200,2019/9/16 8:00,6.18,0.7,356,2509.2,2511.67,2578.5,2533.12,3.1,274,5.31137957
6201,2019/9/16 9:00,6.24,0.8,356,2553.04,2552.29,2619,2574.78,3.1,274,5.398512452
6202,2019/9/16 10:00,6.52,1.1,368,2590.8,2541.76,2720.25,2617.6,3.2,255,5.473001412
6203,2019/9/16 11:00,8.16,1.7,425,3057.6,3041.8,3008.3,3035.9,2.9,257,6.358865245
6204,2019/9/16 12:00,8.49,2.1,435,3126.86,3086.6,3109.26,3107.57,3,269,6.505255755
6205,2019/9/16 13:00,8.95,2.1,442,3133.57,3124.8,3146.99,3135.12,5,267,6.582919516
6206,2019/9/16 14:00,9.14,2.2,440,3102.1,3144.3,3138.24,3128.21,4,266,6.548325438
6207,2019/9/16 15:00,9.47,2.5,466,3159.64,3239.8,3340,3246.48,3.7,289,6.754421074
6208,2019/9/16 16:00,10.01,2.8,470,3268.3,3185.35,3328.33,3260.66,4,272,6.82987079
6209,2019/9/16 17:00,11.22,3,482,3363.3,3183.48,3434.34,3327.04,2.9,251,6.981804559
6210,2019/9/16 18:00,11.95,3.4,505,3607.9,3583.8,3708.21,3633.3,2.6,243,7.791117236
6211,2019/9/16 19:00,14.68,4.1,550,3938.08,3803.14,3997.14,3912.79,1.8,263,8.217594075
6212,2019/9/16 20:00,15.99,4.6,570,4081.77,4043.52,4147.11,4090.8,4.7,261,8.629297497
6213,2019/9/16 21:00,16.41,4.8,578,4115.02,4108.45,4224.91,4149.46,4.6,272,8.742063262
6214,2019/9/16 22:00,17.03,5,598,4289.25,4230.94,4346.34,4288.84,3.1,228,9.024665744
6215,2019/9/16 23:00,17.62,5,598,4308.36,4288.81,4359.18,4318.78,3.3,275,9.087777508
6216,2019/9/17 0:00,17.85,5.2,608,4320.34,4301.11,4460.8,4360.75,4.5,247,9.207050177
6217,2019/9/17 1:00,17.83,5.7,612,4326.75,4307.82,4453.83,4362.8,4.4,275,9.183301618
6218,2019/9/17 2:00,18.14,5.8,625,4467.77,4499.82,4548.18,4505.26,2.5,169,9.473155123
6219,2019/9/17 3:00,18.68,5.9,627,4467.77,4434.66,4526.76,4476.4,4.1,269,9.432933303
6220,2019/9/17 4:00,19.08,5.9,625,4491.52,4452,4560.12,4501.21,3.9,236,9.5129067
6221,2019/9/17 5:00,19.7,6,639,4561.7,4534.68,4693.68,4596.69,4.4,273,9.701368748
6222,2019/9/17 6:00,20.26,6.5,660,4728.51,4775.2,4688.33,4730.68,3.9,267,9.959805585
6223,2019/9/17 7:00,21.66,6.8,659,4762.8,4728.84,4716.28,4735.97,3.7,278,10.01894377
6224,2019/9/17 8:00,22.1,6.9,666,4731.25,4715.04,4774.11,4740.13,4.9,274,10.0473197
6225,2019/9/17 9:00,22.25,7,668,4802.82,4797.92,4795.16,4798.63,4.4,283,10.15152187
6226,2019/9/17 10:00,22.16,7.1,667,4824.43,4838.98,4840.44,4834.62,4.3,267,10.22837459
6227,2019/9/17 11:00,22.91,7.1,673,4852.98,4804.8,4900,4852.59,3.4,261,10.27804833
6228,2019/9/17 12:00,23.72,7.6,690,4882.8,4839.16,4991,4904.32,1.3,261,10.35803342
6229,2019/9/17 13:00,24.2,7.6,688,4950,4778.41,4874.85,4867.75,3.8,268,10.38319745
6230,2019/9/17 14:00,25.14,9.1,704,5055.24,5038.88,5126.9,5073.67,3.8,248,10.76492338
6231,2019/9/17 15:00,24.89,8.7,697,5092.2,5036.85,5118.96,5082.67,2.1,253,10.78723744
6232,2019/9/17 16:00,24.74,8.9,699,5065.57,5018.4,5026.6,5036.86,4,263,10.70343307
6233,2019/9/17 17:00,25.72,10,709,5071.74,5053.22,5106.64,5077.2,2.5,201,10.77266928
6234,2019/9/17 18:00,25.83,9.7,658,5117.04,5063.38,4557.15,4912.52,3.7,256,10.55469749
6235,2019/9/17 19:00,25.81,9.3,647,5032.47,4753.95,4910.4,4898.94,3.9,271,10.5515563
6236,2019/9/17 20:00,26.26,9.8,700,5096.2,5059.36,5117.9,5091.15,2,191,10.81915267
6237,2019/9/17 21:00,26.6,10.4,698,5026.6,5034.8,5099.6,5053.67,3.3,270,10.71039882
6238,2019/9/17 22:00,26.51,10.4,705,5069.51,5065.19,5165.28,5099.99,2.6,201,10.66620439
6239,2019/9/17 23:00,26.12,10.3,694,4991.87,4981.62,5072.97,5015.49,1.9,171,10.64425189
6240,2019/9/18 0:00,26.45,10.8,702,5049,5006.16,5164.32,5073.16,3.8,253,10.78006791
6241,2019/9/18 1:00,26.64,10.5,697,5094.03,5030.64,5126.29,5083.65,3.2,250,10.81576507
6242,2019/9/18 2:00,27.08,11,695,5044.7,5008.1,5064.64,5039.15,2.9,249,10.7140658
6243,2019/9/18 3:00,26.39,10.8,692,5006.16,4945.08,5076.8,5009.35,2.7,221,10.65012773
6244,2019/9/18 4:00,26.33,10.8,697,5014.34,4983.7,5142.3,5046.78,3.6,218,10.73910407
6245,2019/9/18 5:00,26.2,10.8,695,5049,4993.8,5097.33,5046.71,1.4,239,10.70499507
6246,2019/9/18 6:00,26.01,10.5,683,4989.82,4965.4,4975.53,4976.92,1.6,251,10.56942543
6247,2019/9/18 7:00,26.66,11.2,675,4857.45,4742.4,4797.65,4799.17,2.4,263,10.2342673
6248,2019/9/18 8:00,27.03,11.1,685,4916.6,4712,4944.96,4857.85,2.6,207,10.39907494
6249,2019/9/18 9:00,26.97,11.5,664,4959.17,4759.69,4718.08,4812.31,2.6,267,10.35739492
6250,2019/9/18 10:00,26.97,11.1,677,4743,4704.7,4785.55,4744.42,1.2,282,10.04481813
6251,2019/9/18 11:00,26.79,11.2,669,4883.1,4822.56,4789.23,4831.63,4.5,275,10.22804621
6252,2019/9/18 12:00,27.39,11.8,681,4795.34,4755.24,4811.1,4787.23,2.6,174,10.21182836
6253,2019/9/18 13:00,27.47,11.7,650,4641.84,4736.88,4709.2,4695.97,3,280,9.967030189
6254,2019/9/18 14:00,27.6,11.4,660,4655.55,4672.6,4707.57,4678.57,2.7,266,9.944543782
6255,2019/9/18 15:00,27.35,11.5,662,4647.98,4681.8,4731.93,4687.24,1.8,257,9.923193482
6256,2019/9/18 16:00,27.47,11.7,652,4672.54,4661.93,4710.81,4681.76,3.4,277,9.97671615
6257,2019/9/18 17:00,28.1,11.9,645,4528.8,4482.24,4597.95,4536.33,1.3,216,9.655116426
6258,2019/9/18 18:00,27.37,12.6,620,4385.92,4261.16,4357.44,4334.84,3.3,268,9.290859028
6259,2019/9/18 19:00,26.8,12.1,611,4289.67,4225.05,4325.17,4279.96,3.3,276,9.149621767
6260,2019/9/18 20:00,27.16,12.8,595,4110.16,4029.36,4179.96,4106.49,3.6,265,8.802139034
6261,2019/9/18 21:00,27.43,12.6,585,3985.82,3930.08,4033.08,3982.99,3,158,8.54439714
6262,2019/9/18 22:00,26.33,13,570,3943.35,3881.04,3955.2,3926.53,2.9,273,8.399996463
6263,2019/9/18 23:00,25.62,12.6,573,3881.29,3819.15,3961.6,3887.35,1.1,268,8.221027773
6264,2019/9/19 0:00,25.35,12.4,573,3862.62,3843.96,3942.84,3883.14,2.8,286,8.259537674
6265,2019/9/19 1:00,26.28,12.8,560,3819.24,3738.76,3856.05,3804.68,0.8,301,8.063634228
6266,2019/9/19 2:00,25.04,13.5,562,3738.76,3702,3757.33,3732.7,2.5,273,7.92438388
6267,2019/9/19 3:00,24.29,13.8,562,3688.16,3701.4,3756.69,3715.42,2.4,288,7.821694299
6268,2019/9/19 4:00,24.55,12.8,553,3680.88,3612.02,3670.11,3654.34,3.2,285,7.806735297
6269,2019/9/19 5:00,24.91,12.7,536,3655.41,3563.04,3551.1,3589.85,2.1,274,7.71337775
6270,2019/9/19 6:00,25.74,13.9,528,3465.18,3403.8,3434.8,3434.59,0.4,283,7.330252098
6271,2019/9/19 7:00,25.58,12.8,488,3164.84,3151.2,3159.76,3158.6,0,274,6.879650454
6272,2019/9/19 8:00,24.51,13.3,484,3083.85,3138.72,3151.2,3124.59,2.4,272,6.691844692
6273,2019/9/19 9:00,24.3,13.3,484,3181.25,3130,3095.04,3135.43,2.4,272,6.766104206
6274,2019/9/19 10:00,24.24,13.6,477,3117.48,3064.64,3076.32,3086.15,2,274,6.638696248
6275,2019/9/19 11:00,23.43,12.9,471,3049.2,2998.54,3040.95,3029.56,1.2,257,6.520963812
6276,2019/9/19 12:00,23.51,12.6,458,3041.42,2940.63,2948.46,2976.84,2.1,269,6.466515731
6277,2019/9/19 13:00,23.84,12.8,460,2983.04,2857.4,2939.04,2926.49,0.6,251,6.380460961
6278,2019/9/19 14:00,23.95,13.1,448,2830.5,2741.88,2975.17,2849.18,1.1,277,6.116919923
6279,2019/9/19 15:00,23.31,13.3,425,2580.79,2478.26,2829.52,2629.52,0.6,308,5.626993497
6280,2019/9/19 16:00,22.18,12.9,417,2582.64,2528,2658.48,2589.71,2.4,270,5.592929392
6281,2019/9/19 17:00,22.2,13,402,2533.65,2497.96,2568.17,2533.26,3,260,5.489264148
6282,2019/9/19 18:00,22.06,13,396,2524.92,2468.7,2538.33,2510.65,1.8,278,5.474547638
6283,2019/9/19 19:00,21.8,13.4,384,2497.96,2425.7,2456.04,2459.9,2.6,274,5.355871088
6284,2019/9/19 20:00,19.68,13.1,311,1948.64,1866.41,2028.84,1947.96,0.1,310,4.231946993
6285,2019/9/19 21:00,19.35,12.8,290,1912.68,1811.92,1827.54,1850.71,2.6,274,4.115592887
6286,2019/9/19 22:00,19.22,12.8,284,1846.08,1791.18,1789.2,1808.82,2,266,4.042742653
6287,2019/9/19 23:00,18.74,12.9,278,1825.35,1759.08,1753.6,1779.34,2.6,286,3.934074792
6288,2019/9/20 0:00,18.45,12.7,272,1796.76,1710.38,1705.06,1737.4,2.5,277,3.862148509
6289,2019/9/20 1:00,18.06,12.8,244,1696.35,1607.5,1536,1613.28,2.1,267,3.643263137
6290,2019/9/20 2:00,16.01,12.7,192,1266.16,1204.28,1228.13,1232.86,1.9,277,2.758099864
6291,2019/9/20 3:00,15.03,12.5,163,1118.82,1062.6,1069.04,1083.49,1.5,196,2.518608119
6292,2019/9/20 4:00,13.05,12.4,113,758.74,719.04,736,737.93,1.7,255,1.665452166
6293,2019/9/20 5:00,12.64,12.3,107,641,618.86,699.78,653.21,2.1,268,1.401328451
6294,2019/9/20 6:00,11.72,12.3,83,576,548.68,562.32,562.33,1.2,260,1.3001358
6295,2019/9/20 7:00,0.01,0.1,1,0,0,0,0,0.1,1,0.379993053
6296,2019/9/20 8:00,3.08,0.1,187,1336.72,1327.95,1203.6,1289.42,1.2,257,2.724556482
6297,2019/9/20 9:00,3.82,0.4,200,1394,1387.2,1306.61,1362.6,1.7,269,2.846692529
6298,2019/9/20 10:00,5.45,0.7,232,1722.12,1699.27,1521,1647.46,2.1,271,3.529278246
6299,2019/9/20 11:00,5.89,1,248,1764.36,1737.32,1653.75,1718.48,1.1,275,3.69507858
6300,2019/9/20 12:00,6.22,1.2,252,1795.5,1772.62,1638.34,1735.49,2.1,250,3.735505574
6301,2019/9/20 13:00,6.72,1.3,261,1813.06,1833.28,1718.7,1788.35,1.4,276,3.835344873
6302,2019/9/20 14:00,7.87,1.8,282,2006.29,1901.76,1943,1950.35,2.3,276,4.214005925
6303,2019/9/20 15:00,9.49,2.5,316,2207.7,2110.88,2214.45,2177.68,1.1,283,4.731354169
6304,2019/9/20 16:00,10.55,3.1,331,2317.68,2280.95,2330.64,2309.76,1.2,265,4.848641645
6305,2019/9/20 17:00,11.12,3.2,347,2340.8,2370.48,2429.54,2380.27,1.2,272,5.121758263
6306,2019/9/20 18:00,11.68,3.2,353,2430.24,2490,2462.64,2460.96,1.8,256,5.299125486
6307,2019/9/20 19:00,14.85,4.6,425,2912.64,2794.84,2922.99,2876.82,1.5,246,6.209363473
6308,2019/9/20 20:00,15.03,4.9,433,2945.03,2925.44,2965.93,2945.47,1.7,261,6.331052375
6309,2019/9/20 21:00,15.8,5,441,3029,3037.32,3003,3023.11,2.4,274,6.522996345
6310,2019/9/20 22:00,16.24,5.4,452,3040.17,3039.12,3092.66,3057.32,1.8,267,6.564040889
6311,2019/9/20 23:00,17.12,5.9,468,3071.52,3157.36,3187.8,3138.89,1.4,272,6.704034983
6312,2019/9/21 0:00,17.53,5.9,469,3152.48,3200.68,3208.57,3187.24,1,247,6.830533349
6313,2019/9/21 1:00,18.1,6.3,485,3253.58,3283.05,3307.56,3281.4,2,258,7.025284105
6314,2019/9/21 2:00,19.49,6.9,508,3444.21,3418.65,3448.05,3436.97,2.7,265,7.455930818
6315,2019/9/21 3:00,20.33,7.5,518,3520.89,3497.13,3575.76,3531.26,1.7,277,7.553363172
6316,2019/9/21 4:00,20.49,7.5,531,3561.6,3556.74,3690.88,3603.07,3.3,214,7.684514167
6317,2019/9/21 5:00,21.41,8,540,3670.86,3608.72,3779.69,3686.42,1.2,251,7.845499148
6318,2019/9/21 6:00,21.89,8.5,549,3728.8,3634.56,3824.52,3729.29,2.5,271,7.958258234
6319,2019/9/21 7:00,22.06,8.5,554,3817.28,3671.4,3843.36,3777.35,2,250,8.075996573
6320,2019/9/21 8:00,22.66,8.5,568,3867.84,3849.3,3950.06,3889.07,2,238,8.283820917
6321,2019/9/21 9:00,22.72,9.1,571,3886.96,3849.48,3950,3895.48,2.1,275,8.288379027
6322,2019/9/21 10:00,23.53,9.3,588,3968.99,3950.06,4080.65,3999.9,2.6,284,8.499134402
6323,2019/9/21 11:00,24.85,9.6,597,4118.75,4068.19,4135.86,4107.6,2.9,285,8.784740915
6324,2019/9/21 12:00,25.34,10,603,4093.44,4048.92,4147.3,4096.55,1.6,286,8.714885961
6325,2019/9/21 13:00,25.83,10.4,590,4098.2,4066.83,4154,4106.34,2.7,277,8.785093874
6326,2019/9/21 14:00,25.87,10.4,584,4067.2,4023.8,4085.4,4058.8,2,225,8.698108467
6327,2019/9/21 15:00,25.64,10.6,578,3937.14,4004.64,4017.31,3986.36,2,263,8.505429829
6328,2019/9/21 16:00,25.89,11.1,591,4061,3992.55,4065.6,4039.72,3,249,8.663083586
6329,2019/9/21 17:00,26.16,11,624,4340,4269.64,4355.12,4321.59,2,242,9.145446053
6330,2019/9/21 18:00,26.51,11.8,637,4387.8,4340.98,4490.85,4406.54,2.8,252,9.36627254
6331,2019/9/21 19:00,27.18,11.6,645,4439.22,4434.15,4522.68,4465.35,3.7,255,9.534551491
6332,2019/9/21 20:00,28.01,12,648,4495.7,4459.1,4488.33,4481.04,3,227,9.587888414
6333,2019/9/21 21:00,28.22,12.1,648,4477.4,4457.88,4530.96,4488.75,3,227,9.5932373
6334,2019/9/21 22:00,27.64,12.3,665,4591.37,4603.63,4599.4,4598.13,3.4,275,9.783629801
6335,2019/9/21 23:00,27.89,12.3,665,4619.16,4599.4,4619.27,4612.61,2,247,9.808074586
6336,2019/9/22 0:00,28.43,12.5,671,4626.72,4614.72,4654.3,4631.91,3.6,261,9.880333139
6337,2019/9/22 1:00,28.62,12.7,671,4669.56,4617.7,4681.6,4656.29,3.4,251,9.945233083
6338,2019/9/22 2:00,28.45,13.1,682,4707.57,4762.38,4798.92,4756.29,3.8,278,10.09495441
6339,2019/9/22 3:00,28.25,13.4,684,4778.02,4730.24,4757.1,4755.12,2.3,278,10.09379286
6340,2019/9/22 4:00,29.01,13.1,693,4795.3,4711.2,4926.78,4811.09,2.7,223,10.23360269
6341,2019/9/22 5:00,29.05,13.6,699,4876.16,4823.76,4972.52,4890.81,3.8,259,10.41498334
6342,2019/9/22 6:00,29.47,13.3,702,4922.77,4882.35,5001.12,4935.41,2.4,273,10.46347288
6343,2019/9/22 7:00,29.22,14,707,4981.62,4926.78,5051.75,4986.72,2.9,232,10.60297073
6344,2019/9/22 8:00,29.25,14.1,707,4999.89,4967.05,5072.22,5013.05,3.2,254,10.64922995
6345,2019/9/22 9:00,29.43,14.6,710,4987.38,5001.68,5100.15,5029.74,5.3,272,10.74898079
6346,2019/9/22 10:00,29.12,14.5,703,4975.53,4902.54,5047.98,4975.35,4.2,267,10.60607363
6347,2019/9/22 11:00,28.91,14.1,703,5002,4947.05,5044.17,4997.74,3.4,281,10.61430947
6348,2019/9/22 12:00,29.85,14.5,707,5064.64,4991.25,5080.88,5045.59,2.6,262,10.72827082
6349,2019/9/22 13:00,30.58,14.8,710,4976.96,4926,5086.9,4996.62,4.2,258,10.66219761
6350,2019/9/22 14:00,30.35,15,705,4914.45,4876.2,5041.08,4943.91,4.4,267,10.54571567
6351,2019/9/22 15:00,31.01,14.9,697,4938.9,4892.4,5008.64,4946.65,3.8,271,10.54337071
6352,2019/9/22 16:00,30.78,14.7,695,4916.56,4902.39,4984.56,4934.5,3.2,267,10.4898059
6353,2019/9/22 17:00,30.72,14.8,689,4864.2,4844.08,4830.03,4846.1,3.3,267,10.33597773
6354,2019/9/22 18:00,30.85,15.3,688,4880.28,4783.68,4813.88,4825.95,4.2,266,10.34817597
6355,2019/9/22 19:00,29.2,15.1,683,4742.4,4730.24,4780.65,4751.1,1.7,256,10.03932875
6356,2019/9/22 20:00,28.93,15,675,4742.4,4708.62,4726.8,4725.94,3.6,266,10.06848964
6357,2019/9/22 21:00,29.03,14.8,665,4673.9,4673.9,4672.26,4673.35,4.2,287,9.969463526
6358,2019/9/22 22:00,28.95,15.5,665,4591.86,4591.95,4737.15,4640.32,4,267,9.868522678
6359,2019/9/22 23:00,28.91,15.3,656,4582.5,4543.14,4689.3,4604.98,4.3,282,9.818954495
6360,2019/9/23 0:00,28.95,15.1,653,4581.1,4537.05,4616.22,4578.12,3.7,278,9.755304325
6361,2019/9/23 1:00,28.7,15.1,660,4587.2,4568.9,4697,4617.7,5.1,245,9.935973436
6362,2019/9/23 2:00,28.35,15.3,649,4553.28,4522.68,4616.22,4564.06,1.9,233,9.658263677
6363,2019/9/23 3:00,28.47,15.4,649,4522.68,4477.4,4581.36,4527.15,3.2,250,9.626006783
6364,2019/9/23 4:00,28.58,15.2,640,4424.76,4429.75,4518.78,4457.76,5,285,9.554472317
6365,2019/9/23 5:00,27.82,15.1,632,4409.55,4302.36,4429.75,4380.55,3,209,9.346088305
6366,2019/9/23 6:00,27.72,15.1,629,4365.54,4307.55,4443.12,4372.07,3.4,290,9.267149254
6367,2019/9/23 7:00,27.39,15.1,619,4238.79,4201.12,4322.56,4254.16,3.2,265,9.040619642
6368,2019/9/23 8:00,27.45,15.2,604,4164.75,4071.76,4150.64,4129.05,2.7,257,8.780882818
6369,2019/9/23 9:00,26.97,15.6,606,4123,4047.12,4163.55,4111.22,1.4,247,8.652544086
6370,2019/9/23 10:00,27.66,15.2,594,4053.28,4022.48,4033.98,4036.58,3.2,276,8.605028368
6371,2019/9/23 11:00,27.66,15.3,590,4017,3923.7,4029.01,3989.9,3.2,272,8.498379781
6372,2019/9/23 12:00,27.28,15.3,591,3967.56,3905.44,4035.54,3969.51,4.3,274,8.485016545
6373,2019/9/23 13:00,26.77,15.8,564,3706.85,3738.76,3806.85,3750.82,4.5,265,8.01650283
6374,2019/9/23 14:00,26.87,15.5,563,3657.01,3645.27,3676.6,3659.63,4.8,257,7.86169416
6375,2019/9/23 15:00,26.14,15.3,562,3649.58,3650.78,3688.16,3662.84,5.2,280,7.871303273
6376,2019/9/23 16:00,25.6,15.1,539,3561.36,3512.5,3506.88,3526.91,2.6,248,7.505173419
6377,2019/9/23 17:00,25.49,15.1,534,3517.47,3468.75,3456.96,3481.06,3.1,279,7.42023143
6378,2019/9/23 18:00,25.45,15.1,535,3492.39,3425.76,3463.2,3460.45,6.1,286,7.499145624
6379,2019/9/23 19:00,24.78,15.3,518,3345.3,3279.21,3315.84,3313.45,2.8,276,7.030114254
6380,2019/9/23 20:00,24.6,15,514,3333.7,3261.46,3309.56,3301.57,2.4,276,7.005220481
6381,2019/9/23 21:00,24.49,15.3,495,3247.86,3166.35,3176.45,3196.89,3.6,271,6.827847812
6382,2019/9/23 22:00,23.72,15.3,468,3014.64,2960.78,2961,2978.81,2.1,231,6.346089445
6383,2019/9/23 23:00,22.41,15.1,443,2749.2,2704.96,2842.17,2765.44,4.5,268,5.872381342
6384,2019/9/24 0:00,22.26,15.3,443,2588.52,2510.64,2688.16,2595.77,3.6,268,5.482838713
6385,2019/9/24 1:00,22.06,15.3,396,2481.36,2432.05,2475.03,2462.81,2.3,244,5.281300529
6386,2019/9/24 2:00,21.68,15.1,390,2456.04,2380.08,2471.97,2436.03,2.4,215,5.205334739
6387,2019/9/24 3:00,20.72,15.4,365,2306.79,2344.16,2297.79,2316.25,3.8,279,4.910943489
6388,2019/9/24 4:00,20.55,15.1,366,2306.79,2251.44,2299.57,2285.93,2.8,268,4.888064116
6389,2019/9/24 5:00,20.64,15.4,357,2249.28,2233.6,2262.06,2248.31,2.9,244,4.785057483
6390,2019/9/24 6:00,20.24,15,337,2086.4,2016.12,2140.32,2080.95,2.5,269,4.480731733
6391,2019/9/24 7:00,19.6,14.9,295,1846.08,1817.6,1786.4,1816.69,2.9,273,3.946076605
6392,2019/9/24 8:00,18.6,14.8,268,1774.68,1717.88,1649.83,1714.13,2.5,187,3.756763467
6393,2019/9/24 9:00,18.47,14.8,258,1725.92,1646.08,1592.5,1654.83,2.6,243,3.640967101
6394,2019/9/24 10:00,17.76,15,251,1540.8,1508.7,1574.4,1541.3,3.1,253,3.285072477
6395,2019/9/24 11:00,17.53,14.8,228,1535.1,1485.33,1523.91,1514.78,1.8,260,3.339521729
6396,2019/9/24 12:00,17.09,14.6,210,1365.28,1303.26,1322.73,1330.42,2.8,267,2.890558226
6397,2019/9/24 13:00,16.87,14.8,195,1258.32,1237.13,1243.54,1246.33,2,242,2.758822549
6398,2019/9/24 14:00,16.41,14.6,180,1205.08,1142.76,1140.98,1162.94,2.3,268,2.566004604
6399,2019/9/24 15:00,16.14,14.5,175,1107.68,1072.14,1084.98,1088.27,3,256,2.341484778
6400,2019/9/24 16:00,14.93,14.5,137,889.6,890.99,871.76,884.12,2,269,1.926450151
6401,2019/9/24 17:00,14.64,14.4,128,838.4,805.14,810.26,817.93,2.4,276,1.76159137
6402,2019/9/24 18:00,14.49,14.4,124,789.66,742.4,780.8,770.95,1.9,273,1.708576973
6403,2019/9/24 19:00,14.14,14.3,119,696.51,681.59,751.66,709.92,2.3,295,1.461554589
6404,2019/9/24 20:00,13.08,14.1,85,508.8,478.04,526.22,504.35,2.5,218,1.142853233
6405,2019/9/24 21:00,0.01,0.1,1,0,0,0,0,0.1,1,0.379993053
6406,2019/9/24 22:00,7.12,3.7,208,1608.47,1559.04,1550.01,1572.51,2.4,279,3.299945736
6407,2019/9/24 23:00,2.13,27.7,213,1932.48,2099.25,55.02,1362.25,1.4,282,3.439683536
6408,2019/9/25 0:00,11.29,6.6,348,2473.8,2201.13,2485.36,2386.76,1.8,274,5.103581921
6409,2019/9/25 1:00,10.51,6.7,300,1604.46,2056.08,1707.96,1789.5,1.6,283,3.630936947
6410,2019/9/25 2:00,14.52,7.7,332,2669.76,2148.4,2594.47,2470.88,1.8,284,5.412219598
6411,2019/9/25 3:00,14.91,8.5,443,2286.73,2925.44,3049.51,2753.89,2.2,283,5.543939941
6412,2019/9/25 4:00,16.08,9.2,454,3185,3118.54,3167.12,3156.89,2.7,279,6.679840083
6413,2019/9/25 5:00,17.53,9.4,470,3222.06,3176.42,3229.26,3209.25,3,283,6.816727151
6414,2019/9/25 6:00,17.68,9.6,471,3255.84,3207.12,3254.94,3239.3,2,278,6.868422725
6415,2019/9/25 7:00,18.49,10.7,496,3271.52,3315.2,3387.78,3324.83,2.9,284,6.986165197
6416,2019/9/25 8:00,18.28,10.5,501,3312.72,3397.3,3412.26,3374.09,4.2,282,7.130913616
6417,2019/9/25 9:00,18.1,10.6,508,3368.12,3416.53,3470.72,3418.46,1.4,287,7.129064746
6418,2019/9/25 10:00,18.64,11,523,3565.62,3540.06,3553.66,3553.11,2.9,272,7.477316378
6419,2019/9/25 11:00,18.91,11.4,529,3640.88,3616.74,3624.53,3627.38,2.7,295,7.62236694
6420,2019/9/25 12:00,19.14,11.1,529,3686.4,3635.91,3669.12,3663.81,2.7,295,7.831867196
6421,2019/9/25 13:00,20.78,12.5,590,4032.24,3780.29,4145.11,3985.88,4.8,283,8.42770817
6422,2019/9/25 14:00,20.24,12.2,588,4064,4038.3,4101.5,4067.93,1.4,285,8.473286191
6423,2019/9/25 15:00,20.31,12.2,585,4013.22,3899.7,4019.47,3977.46,4.8,267,8.417732426
6424,2019/9/25 16:00,20.08,12.4,585,3968.84,3962.7,4291.74,4074.43,4.8,267,8.576318011
6425,2019/9/25 17:00,19.03,12,623,4356.6,4322.88,4468.98,4382.82,1.5,313,9.037003286
6426,2019/9/25 18:00,19.08,12.8,625,4443.66,4424,4453.32,4440.33,1.2,6,9.347305358
6427,2019/9/25 19:00,20.7,13,633,4480.1,4407.81,4482.16,4456.69,2,240,9.341164583
6428,2019/9/25 20:00,21.08,12.2,642,4495.06,4427.4,4596.96,4506.47,3.7,272,9.670305481
6429,2019/9/25 21:00,21.16,12.7,638,4511.65,4450,4556.25,4505.97,3.4,282,9.456831993
6430,2019/9/25 22:00,20.97,13.1,645,4547.67,4462.5,4618.75,4542.97,1.3,261,9.471524296
6431,2019/9/25 23:00,20.18,12.8,655,4651.52,4569.8,4597.74,4606.35,3.3,342,9.614994571
6432,2019/9/26 0:00,20.39,12.6,655,4666.04,4601.1,4592.64,4619.93,3.7,5,9.800759922
6433,2019/9/26 1:00,20.49,12.9,664,4642.02,4688.74,4668.75,4666.5,4.7,321,9.763178645
6434,2019/9/26 2:00,20.6,12.6,668,4763.86,4726.3,4725,4738.39,2.7,322,9.917258654
6435,2019/9/26 3:00,21.24,12.8,666,4838.98,4823.52,4654.88,4772.46,4.9,285,10.09114938
6436,2019/9/26 4:00,21.1,13.3,662,4723.68,4698.21,4625.2,4682.36,3.8,292,9.849532961
6437,2019/9/26 5:00,21.66,13.6,671,4723.68,4687.2,4667.26,4692.71,3,289,9.854284052
6438,2019/9/26 6:00,22.24,12.9,688,4875,4814.22,4865.34,4851.52,2.3,302,10.19789517
6439,2019/9/26 7:00,25.04,13.8,685,4630.95,4773.6,4360.35,4588.3,5.6,281,9.721052166
6440,2019/9/26 8:00,24.28,13.8,699,4581.8,4810.96,4899.72,4764.16,2.7,302,9.841491688
6441,2019/9/26 9:00,23.14,13.5,705,4784.87,4824.94,5071.74,4893.85,3.6,276,10.23544479
6442,2019/9/26 10:00,24.45,13.3,676,4741.65,4862.88,4916.6,4840.38,3.9,336,10.10428269
6443,2019/9/26 11:00,24.18,13.8,668,4982.95,4926.15,4954.98,4954.69,5.1,293,10.5330409
6444,2019/9/26 12:00,24.66,14.1,668,4851.3,4832.18,4877.64,4853.71,5.1,293,10.3089519
6445,2019/9/26 13:00,23.18,14.2,679,4920.02,4874.85,4995.33,4930.07,5.3,283,10.46442354
6446,2019/9/26 14:00,23.78,13.9,700,4917.49,4946.91,5112.42,4992.27,2.2,303,10.40456589
6447,2019/9/26 15:00,24.7,14.1,709,4983.69,4951.08,5132.4,5022.39,2.3,300,10.52156623
6448,2019/9/26 16:00,24.33,14.6,702,5047.08,5053.22,5091.84,5064.05,2.6,298,10.64262795
6449,2019/9/26 17:00,24.28,14.4,689,5075.8,4993.8,5049,5039.53,1.3,358,10.61055426
6450,2019/9/26 18:00,24.51,14.4,694,5005.8,4861.7,5028.53,4965.34,2,311,10.46580327
6451,2019/9/26 19:00,24.37,14.5,693,5028.55,4936.88,5024.25,4996.56,3.1,287,10.55806655
6452,2019/9/26 20:00,25.26,13.9,689,4993.92,4949.12,5046.4,4996.48,1.7,331,10.50011792
6453,2019/9/26 21:00,23.6,14.4,700,5059.2,4946.91,5102.34,5036.15,5,270,10.70483516
6454,2019/9/26 22:00,23.82,14.1,693,5055.24,5008.21,5104.08,5055.84,4.7,350,10.60671246
6455,2019/9/26 23:00,24.3,14.1,687,5018.16,5009.92,5071.64,5033.24,1.7,297,10.57885424
6456,2019/9/27 0:00,24.58,14.4,702,5057.23,4995.95,5055.12,5036.1,4.8,273,10.69560844
6457,2019/9/27 1:00,25.53,14.6,686,4997.7,4865.4,4865.4,4909.5,2.3,298,10.43318415
6458,2019/9/27 2:00,25.12,14.9,666,4824.94,4658.85,4741.36,4741.72,1.9,269,10.0466847
6459,2019/9/27 3:00,23.95,14.2,669,4722.97,4609.76,4743,4691.91,2.7,293,9.999733902
6460,2019/9/27 4:00,23.87,14.1,661,4665.9,4678.68,4694.04,4679.54,2.9,295,9.820373034
6461,2019/9/27 5:00,25.16,14.6,646,4462.64,4509.18,4608.64,4526.82,0.7,8,9.560861239
6462,2019/9/27 6:00,25.83,14.6,634,4462.64,4587.9,4593.3,4547.95,1.6,24,9.613568916
6463,2019/9/27 7:00,22.91,14.3,631,4380.48,4389.6,4544.6,4438.23,1.1,38,9.361575291
6464,2019/9/27 8:00,23.3,14.7,627,4354,4328.37,4406.34,4362.9,2.5,338,9.058269359
6465,2019/9/27 9:00,23.16,15.1,613,4367.23,4322.9,4452.57,4380.9,3.9,311,9.187655429
6466,2019/9/27 10:00,21.07,14.1,614,4340.1,4281.25,4449.12,4356.82,3.8,312,9.088014009
6467,2019/9/27 11:00,22.55,15,601,4231.76,4230.72,4282.74,4248.41,1.8,306,8.815711751
6468,2019/9/27 12:00,20.87,13.8,597,4107.12,4112.82,4232.25,4150.73,2.6,28,8.690300276
6469,2019/9/27 13:00,20.89,14,587,4044.6,3937.54,4143.75,4041.96,4.1,310,8.44739021
6470,2019/9/27 14:00,20.24,14,572,3905.89,3861.72,3962.7,3910.1,2.6,337,8.067591496
6471,2019/9/27 15:00,20.27,13.7,563,3892.76,3767.4,3880.93,3847.03,2.1,352,7.95666146
6472,2019/9/27 16:00,21.18,14.9,552,3689.88,3567.63,3672.42,3643.31,2,329,7.54079544
6473,2019/9/27 17:00,20.43,14.1,544,3619.5,3559.5,3585.3,3588.1,2.7,290,7.49088375
6474,2019/9/27 18:00,21.1,15,539,3544.06,3540.6,3572.1,3552.25,2,290,7.361650421
6475,2019/9/27 19:00,20.24,14.3,519,3359.15,3335.91,3337.99,3344.35,4.2,328,7.011007959
6476,2019/9/27 20:00,23.01,14.3,514,3327.4,3249.65,3315.82,3297.62,2.7,302,6.966363949
6477,2019/9/27 21:00,20.18,14.7,504,3288.12,3242.16,3248.48,3259.59,2.3,288,6.801891818
6478,2019/9/27 22:00,19.39,14.5,472,3107.28,3036.88,3044.86,3063.01,2.1,312,6.41299811
6479,2019/9/27 23:00,19.01,14.5,435,2784,2717.88,2758.4,2753.43,3.1,306,5.772808698
6480,2019/9/28 0:00,18.78,14.2,432,2745.6,2658.24,2724.26,2709.37,2.6,339,5.685296131
6481,2019/9/28 1:00,18.45,14.4,426,2653.74,2585.6,2692.36,2643.9,1,255,5.586760651
6482,2019/9/28 2:00,18.83,14.6,399,2471.7,2418.02,2498.49,2462.74,1.6,272,5.225459172
6483,2019/9/28 3:00,18.76,14.5,395,2488.41,2385,2472.93,2448.78,2.1,334,5.193545798
6484,2019/9/28 4:00,18.18,14.4,377,2340.52,2256.32,2361.6,2319.48,1.2,307,4.973804295
6485,2019/9/28 5:00,18.12,14.8,351,2205.49,2156.8,2195.64,2185.98,1.6,276,4.690133064
6486,2019/9/28 6:00,18.06,14.7,346,2147.85,2115.3,2166.58,2143.24,2,286,4.568407192
6487,2019/9/28 7:00,17.82,14.6,331,2080.12,2015.88,2064.03,2053.34,1.6,292,4.436982729
6488,2019/9/28 8:00,17.82,14.6,331,2080.12,2015.88,2064.03,2053.34,1.6,292,4.241945036
6489,2019/9/28 9:00,16.45,14.5,280,1771.77,1684.66,1702.8,1719.74,0.8,307,3.837354613
6490,2019/9/28 10:00,16.43,14.5,264,1713.04,1670.55,1612.5,1665.36,2.6,298,3.563520711
6491,2019/9/28 11:00,15.8,14.3,243,1488.1,1447.04,1491.76,1475.63,1.1,271,3.26843512
6492,2019/9/28 12:00,15.28,13.8,213,1356.6,1290,1306.94,1317.85,1.3,290,2.931721927
6493,2019/9/28 13:00,13.47,13.8,131,834.6,806.4,811.44,817.48,1.3,334,1.756382647
6494,2019/9/28 14:00,13.08,13.8,113,735.3,702.9,686.94,708.38,2.1,7,1.618388388
6495,2019/9/28 15:00,12.95,13.9,109,693.36,664.56,679.46,679.13,0.5,298,1.580407083
6496,2019/9/28 16:00,12.76,13.8,101,661.26,616.92,626.22,634.8,0.8,304,1.45783552
6497,2019/9/28 17:00,12.57,13.8,96,573.3,585.12,593.34,583.92,0.7,312,1.309226559
6498,2019/9/28 18:00,0.01,0.1,1,0,0,0,0,0.1,1,0.379993053
6499,2019/9/28 19:00,6.03,3.3,199,1363.5,1348,1160.83,1290.78,3,280,2.694222385
6500,2019/9/28 20:00,6.33,3.3,204,1413.3,1428.88,1346.7,1396.29,2.5,283,2.882220189
6501,2019/9/28 21:00,6.33,3.3,204,1478.4,1440.5,1362.13,1427.01,2.5,283,2.9785875
6502,2019/9/28 22:00,7.35,3.6,228,1523.24,1478.4,1407,1469.55,2.1,284,3.12276152
6503,2019/9/28 23:00,9.31,4.5,262,1750.16,1723.44,1611.72,1695.11,2.5,282,3.647641452
6504,2019/9/29 0:00,9.56,4.5,269,1816.96,1810.28,1687.51,1771.58,2.2,276,3.820809859
6505,2019/9/29 1:00,12.1,5.4,316,2131.64,2052.2,2181.3,2121.71,1.4,264,4.61105733
6506,2019/9/29 2:00,12.74,5.5,320,2227.42,2138.5,2201.06,2188.99,2.1,277,4.773417095
6507,2019/9/29 3:00,13.62,6.5,352,2355.64,2359.22,2384.2,2366.35,2.4,265,5.075924922
6508,2019/9/29 4:00,13.89,6.8,357,2387.84,2378.34,2430.05,2398.74,2.7,275,5.153281925
6509,2019/9/29 5:00,18.12,10.2,444,2947.65,2844.45,2962.4,2918.17,3.9,265,6.235049218
6510,2019/9/29 6:00,18.64,10.3,449,3037.95,2998.14,3001.04,3012.38,4.1,273,6.457455795
6511,2019/9/29 7:00,19.72,11.3,475,3142.72,3120.12,3174.4,3145.75,4.7,280,6.731262155
6512,2019/9/29 8:00,19.97,11.1,477,3144.27,3171.48,3210,3175.25,5,268,6.806850211
6513,2019/9/29 9:00,20.16,11.5,495,3239.32,3281.92,3316.41,3279.22,3.9,273,6.96428015
6514,2019/9/29 10:00,21.49,12,516,3394.16,3421.68,3448.96,3421.6,4.7,277,7.313442365
6515,2019/9/29 11:00,22.43,12.1,536,3599.76,3545.52,3596.08,3580.45,4.1,273,7.680690884
6516,2019/9/29 12:00,22.74,12.6,541,3625.2,3589.76,3697.66,3637.54,3.8,272,7.733299675
6517,2019/9/29 13:00,24.08,12.9,559,3748.5,3723.68,3837.38,3769.85,4.5,271,8.063114709
6518,2019/9/29 14:00,24.18,12.6,563,3780.29,3743.19,3874.76,3799.41,4.6,262,8.139134642
6519,2019/9/29 15:00,24.58,12.9,566,3805.68,3762.26,3887.5,3818.48,3.7,267,8.13864194
6520,2019/9/29 16:00,24.87,13.1,569,3874.86,3774.54,3943.8,3864.4,4.3,281,8.267089316
6521,2019/9/29 17:00,25.28,13.3,578,3931.29,3781.25,3999.66,3904.07,4.4,270,8.361432485
6522,2019/9/29 18:00,25.99,14.3,586,3993.43,3931.04,4055.13,3993.2,4.3,279,8.529534402
6523,2019/9/29 19:00,26.33,14.5,598,4036.78,4005.68,4117.23,4053.23,3.9,276,8.624822659
6524,2019/9/29 20:00,26.76,15,605,4185.54,4153.49,4270.38,4203.14,5,268,9.017172701
6525,2019/9/29 21:00,26.37,15.3,627,4271.1,4238.79,4354.2,4288.03,3.8,276,9.079601848
6526,2019/9/29 22:00,27.01,15.1,633,4302.8,4280.4,4383.96,4322.39,4,271,9.185176341
6527,2019/9/29 23:00,28.45,15,642,4385.92,4307.55,4455.36,4382.94,3.3,276,9.376870075
6528,2019/9/30 0:00,28.26,15.3,644,4391.1,4369.68,4473.72,4411.5,4,269,9.395554301
6529,2019/9/30 1:00,28.08,15.2,649,4417.72,4362.54,4504.32,4428.19,3.3,278,9.378163881
6530,2019/9/30 2:00,28.01,15.1,649,4463.78,4422.5,4488.33,4458.2,4.7,280,9.533232657
6531,2019/9/30 3:00,28.14,16.2,659,4510.44,4487.04,4524.87,4507.45,2.1,280,9.488520123
6532,2019/9/30 4:00,28.7,15.5,665,4567.5,4496.52,4531.45,4531.82,4.2,263,9.68590212
6533,2019/9/30 5:00,28.95,15.6,666,4575,4499.8,4536.04,4536.95,2.7,274,9.631857953
6534,2019/9/30 6:00,29.1,16.8,667,4597.95,4549.6,4561.7,4569.75,3.4,284,9.69363591
6535,2019/9/30 7:00,28.58,16.1,670,4616.22,4536.04,4611.66,4587.97,3.7,280,9.74541057
6536,2019/9/30 8:00,29.62,16,675,4648.2,4591.95,4588.83,4609.66,2.8,281,9.789316334
6537,2019/9/30 9:00,30.37,16.5,676,4664.94,4582.8,4606.92,4618.22,1.5,268,9.789614731
6538,2019/9/30 10:00,30.97,16,678,4638.72,4593.26,4612.3,4614.76,2.8,270,9.819034494
6539,2019/9/30 11:00,30.81,16.3,691,4755.3,4680,4681.79,4705.7,4.1,277,10.05506506
6540,2019/9/30 12:00,30.99,16.5,688,4727.52,4681.79,4784,4731.1,3.2,278,10.03417133
6541,2019/9/30 13:00,31.74,17.3,687,4725.7,4682.34,4758.09,4722.04,2.3,296,9.963868154
6542,2019/9/30 14:00,31.24,17.3,691,4690.17,4613.04,4789.75,4697.65,2.9,268,9.931925289
6543,2019/9/30 15:00,32.47,17,698,4778.02,4714.36,4837.35,4776.58,2.9,273,10.13208171
6544,2019/9/30 16:00,31.2,18,696,4764.06,4700.5,4837.35,4767.3,1.6,276,10.00794212
6545,2019/9/30 17:00,31.47,17.6,702,4811.82,4749.93,4893.48,4818.41,1.3,305,10.09689459
6546,2019/9/30 18:00,31.66,18.5,700,4829.73,4817.34,4878.08,4841.72,3,283,10.22011381
6547,2019/9/30 19:00,31.01,17.6,704,4809.72,4758.09,4904.11,4823.97,2.8,263,10.18847551
6548,2019/9/30 20:00,32.72,16.8,709,4749.93,4793.01,4879.3,4807.41,0.9,272,10.0725171
6549,2019/9/30 21:00,33.29,18.5,704,4741.92,4747.34,4876.92,4788.73,1,290,9.986812914
6550,2019/9/30 22:00,31.89,18,706,4861.15,4781.19,4934.85,4859.06,1.7,326,10.17847621
6551,2019/9/30 23:00,34.16,18.1,707,4860.32,4774.56,4928.26,4854.38,1.4,268,10.24005259
6552,2019/10/1 0:00,34.22,17.6,706,4815.72,4760.57,4867.2,4814.5,3.6,258,10.2758373
6553,2019/10/1 1:00,33.8,18.5,708,4794.46,4819.27,4953.49,4855.74,1.2,24,10.30728546
6554,2019/10/1 2:00,32.99,18.5,707,4849.8,4795.79,4928.26,4857.95,1.5,282,10.14421236
6555,2019/10/1 3:00,34.26,18.1,704,4802.85,4728.13,4888.08,4806.35,2.1,337,10.07776595
6556,2019/10/1 4:00,33.99,18.6,701,4777.12,4760.57,4876.4,4804.7,0.6,318,10.01479633
6557,2019/10/1 5:00,33.83,18.5,694,4859.25,4774.56,4841.36,4825.06,1,299,10.18138599
6558,2019/10/1 6:00,34.24,18.8,692,4821.6,4739.28,4821.41,4794.1,1.3,255,10.14231126
6559,2019/10/1 7:00,34.26,18.8,699,4800.35,4772.31,4864.72,4812.46,1.1,301,10.08776412
6560,2019/10/1 8:00,36.26,18.1,687,4701.87,4699.72,4777.12,4726.24,2.1,275,10.01992828
6561,2019/10/1 9:00,35.37,18.3,680,4651.08,4578.6,4726.8,4652.16,0.3,340,9.696911893
6562,2019/10/1 10:00,35.7,18.9,670,4588.38,4596.21,4584.09,4589.56,1.8,294,9.712687723
6563,2019/10/1 11:00,36.1,18.4,671,4560.99,4539.6,4572.72,4557.77,2.6,275,9.717586094
6564,2019/10/1 12:00,36.16,18.8,665,4474.4,4348.12,4505.85,4442.79,2.7,269,9.476297172
6565,2019/10/1 13:00,34.35,19.6,646,4448.6,4419.1,4388.05,4418.58,2.8,319,9.3604336
6566,2019/10/1 14:00,32.72,20.1,635,4342.14,4293.32,4339.36,4324.94,2.2,273,9.108200512
6567,2019/10/1 15:00,34.26,19.3,648,4303.84,4295.2,4395.5,4331.51,2.7,276,9.153521739
6568,2019/10/1 16:00,33.89,20,648,4405.99,4420.68,4489.9,4438.86,2.6,275,9.355355299
6569,2019/10/1 17:00,34.31,18.8,646,4394.13,4326.12,4442.7,4387.65,2.4,265,9.312404964
6570,2019/10/1 18:00,34.87,18.5,633,4339.36,4272.93,4352.71,4321.67,1,319,9.088172228
6571,2019/10/1 19:00,36.05,18.5,635,4250.56,4168.92,4273.36,4230.95,2.5,253,9.059589064
6572,2019/10/1 20:00,35.37,19.8,613,4010.16,3993.42,4138.35,4047.31,2.8,272,8.56904486
6573,2019/10/1 21:00,35.85,19.6,596,3978.24,3909.42,4037.54,3975.07,0.5,300,8.312954443
6574,2019/10/1 22:00,32.22,20.3,606,4008,3944.85,4094.52,4015.79,1.4,290,8.509169577
6575,2019/10/1 23:00,31.18,19.9,600,4032.71,4006.6,4065.57,4034.96,2.2,344,8.340635984
6576,2019/10/2 0:00,30.33,19.3,596,3991.86,3930.54,4020,3980.8,1.4,275,8.303218048
6577,2019/10/2 1:00,31.05,19.7,592,3906.98,3797.66,3996,3900.21,1.7,277,8.099773701
6578,2019/10/2 2:00,32.85,19.3,576,3756.69,3701.62,3828.72,3762.34,3.8,273,8.032883185
6579,2019/10/2 3:00,32.62,19.2,566,3642.12,3570,3594,3602.04,0.8,265,7.631602675
6580,2019/10/2 4:00,28.06,20.8,503,3217.36,3147.6,3151.8,3172.25,3.7,276,6.63950003
6581,2019/10/2 5:00,28.31,20.3,492,3197.04,3115.08,3133.44,3148.52,1.9,278,6.613554866
6582,2019/10/2 6:00,29.07,20.5,489,3075,2982.9,3042.78,3033.56,2.2,275,6.376590005
6583,2019/10/2 7:00,26.51,20.3,468,2932.6,2853.6,2919.84,2902.01,2.2,314,6.031893677
6584,2019/10/2 8:00,26.68,20.4,454,2883,2804.4,2804.4,2830.6,1.3,330,5.959152601
6585,2019/10/2 9:00,26.64,20.3,451,2837.97,2788.84,2779.8,2802.2,1.5,265,5.934702795
6586,2019/10/2 10:00,27.33,20.3,441,2728,2683.18,2718.3,2709.83,1.2,276,5.764002707
6587,2019/10/2 11:00,28.39,19.7,431,2690.12,2621.78,2623.64,2645.18,0.6,293,5.755075602
6588,2019/10/2 12:00,29.12,20,424,2593.36,2529.68,2574.6,2565.88,2,271,5.526499594
6589,2019/10/2 13:00,28.14,20.5,406,2445.52,2363.9,2457.84,2422.42,3.9,276,5.145847529
6590,2019/10/2 14:00,27.47,20.4,398,2342.22,2264.39,2418.64,2341.75,1.4,280,5.049577476
6591,2019/10/2 15:00,27.62,20.1,384,2336.25,2230.98,2323.68,2296.97,1.5,263,5.03006335
6592,2019/10/2 16:00,27.76,20.5,373,2285.28,2212.44,2229.92,2242.55,2.3,277,4.881539383
6593,2019/10/2 17:00,27.22,20.2,369,2207.2,2156.82,2230.98,2198.33,1,353,4.811982196
6594,2019/10/2 18:00,27.03,20.7,355,2161.08,2125.92,2153.33,2146.78,0.9,286,4.764812986
6595,2019/10/2 19:00,27.18,20.4,318,1937.52,1869.51,1934.34,1913.79,1,253,4.358569732
6596,2019/10/2 20:00,26.97,20.6,315,1869.21,1832.49,1912.71,1871.47,0.9,288,4.253695205
6597,2019/10/2 21:00,24.84,20.3,281,1769.32,1676.7,1649.2,1698.41,1.1,357,3.942853299
6598,2019/10/2 22:00,24.91,20.3,268,1662.5,1589.76,1593.4,1615.22,0,11,3.828407789
6599,2019/10/2 23:00,24.83,19.9,246,1578.72,1494.2,1485.6,1519.51,0.5,87,3.640615739
6600,2019/10/3 0:00,24.83,19.6,235,1426.67,1345.4,1432.2,1401.42,0.9,89,3.352906798
6601,2019/10/3 1:00,21.83,19.6,153,982.82,923.52,875.61,927.32,0.5,121,2.480045973
6602,2019/10/3 2:00,21.58,19.5,150,943.75,898.56,870.8,904.37,0.9,169,2.340174335
6603,2019/10/3 3:00,20.84,19.5,132,817.44,809.9,796.16,807.83,0.6,109,2.156799325
6604,2019/10/3 4:00,20.49,19.3,124,780,735.14,747.6,754.25,1.8,104,1.928637782
6605,2019/10/3 5:00,20.28,19.1,120,735.14,707.94,715.3,719.46,1.2,126,1.90899923
6606,2019/10/3 6:00,19.66,19.1,116,654.15,632.4,696.64,661.06,1.3,115,1.746838988
6607,2019/10/3 7:00,18.78,18.8,89,589,544.72,539.4,557.71,1.3,101,1.584721386
6608,2019/10/3 8:00,17.97,18.6,82,484.38,461.25,486.64,477.42,1.3,104,1.382789822
6609,2019/10/3 9:00,0.01,0.1,1,0,0,0,0,0.1,1,0.379993053
6610,2019/10/3 10:00,6.2,3.7,180,1202.88,1179.2,1155.64,1179.24,2.3,271,2.436373611
6611,2019/10/3 11:00,6.51,3.8,186,1268.19,1271.1,1288.32,1275.87,2.9,281,2.591857536
6612,2019/10/3 12:00,7.22,4.8,234,1415.81,1485.12,1431.66,1444.2,1.6,274,2.985855773
6613,2019/10/3 13:00,7.99,5.4,263,1798.28,1820.91,1670,1763.06,1,307,3.748625073
6614,2019/10/3 14:00,9.35,5.9,292,1883.76,1835.4,1772.88,1830.68,1.4,270,3.941871427
6615,2019/10/3 15:00,10.68,6.3,270,1905.68,1829.88,1603.8,1779.79,2.3,270,3.899167273
6616,2019/10/3 16:00,11.45,6.4,284,1908.55,1672.8,1650.87,1744.07,2,270,3.901413334
6617,2019/10/3 17:00,12.35,7.2,285,1908.2,1795.2,1904.51,1869.3,2.4,278,4.045761358
6618,2019/10/3 18:00,13.6,7.9,293,1945.35,1843.36,1960.84,1916.52,1.4,277,4.206669323
6619,2019/10/3 19:00,15.93,9,295,1937,1985.55,2054.16,1992.24,2.3,290,4.318076344
6620,2019/10/3 20:00,18.18,10.2,413,2715.45,2657.88,2627.52,2666.95,2.4,278,5.761922616
6621,2019/10/3 21:00,18.72,10.8,421,2838,2715.66,2852.45,2802.04,1.8,270,6.008877481
6622,2019/10/3 22:00,19.78,11.1,393,2840.04,2628.1,2664.63,2710.92,2.8,283,5.928519505
6623,2019/10/3 23:00,19.66,11.5,427,2754.09,2348.8,2566.4,2556.43,1.2,281,5.671469785
6624,2019/10/4 0:00,19.49,11.6,427,2722.08,2230.11,2775.3,2575.83,2.1,283,5.556742345
6625,2019/10/4 1:00,19.68,11.4,395,2561.58,2540.8,2543.22,2548.53,2.6,280,5.516920812
6626,2019/10/4 2:00,20.33,11.4,431,2878.68,2628.1,2786.04,2764.27,2.3,275,6.002156492
6627,2019/10/4 3:00,20.7,12.6,464,2985.84,3116.4,3101.7,3067.98,2.1,264,6.464742128
6628,2019/10/4 4:00,21.01,13,475,3096.8,3255.96,3219.3,3190.69,1.6,284,6.688475742
6629,2019/10/4 5:00,22.93,14.4,536,3479.12,3350,3432,3420.37,2.5,281,7.355151778
6630,2019/10/4 6:00,25.43,16,550,3683.28,3640.02,3819.23,3714.18,2.3,285,7.742171287
6631,2019/10/4 7:00,25.03,17,581,3918.27,3819.23,4016.67,3918.06,1.5,317,8.04503214
6632,2019/10/4 8:00,25.08,17,584,3974.4,3856.05,3997.5,3942.65,1.9,300,8.183258823
6633,2019/10/4 9:00,25.03,16.9,588,3993.03,3949.02,4046.7,3996.25,1.2,288,8.271533618
6634,2019/10/4 10:00,24.8,17,594,4054.45,3892.76,4052.85,4000.02,1.7,281,8.323057174
6635,2019/10/4 11:00,26.43,18.4,602,4076.96,4008.6,4160.2,4081.92,1.3,294,8.398051284
6636,2019/10/4 12:00,27.95,18.6,606,4122.24,4036.55,4170.88,4109.89,1.3,348,8.423146787
6637,2019/10/4 13:00,28.22,18.3,620,4153.38,4065.6,4186.6,4135.19,0.5,345,8.762590883
6638,2019/10/4 14:00,28.79,19,619,4189.92,4114,4204.75,4169.56,1.3,262,8.693621645
6639,2019/10/4 15:00,29.93,18.8,624,4214.97,4088.34,4297.15,4200.15,0.5,348,8.592613397
6640,2019/10/4 16:00,30.74,19.7,628,4233.06,4146.9,4275.7,4218.55,1,274,8.769708928
6641,2019/10/4 17:00,30.37,19.5,627,4221,4122,4222.95,4188.65,1.3,325,8.669677966
6642,2019/10/4 18:00,31.28,19.5,633,4239.09,4177.88,4293.64,4236.87,3,27,9.013324402
6643,2019/10/4 19:00,31.41,20,635,4320,4256.61,4270.87,4282.49,2.2,345,8.910432046
6644,2019/10/4 20:00,32.2,20.6,639,4336.76,4205.52,4329.52,4290.6,3.7,10,9.174565835
6645,2019/10/4 21:00,32.6,20.5,651,4359.42,4254.25,4341.48,4318.38,1.9,60,9.174907214
6646,2019/10/4 22:00,33.51,21.5,648,4383.34,4331.6,4260.2,4325.05,1.5,95,9.186705843
6647,2019/10/4 23:00,31.72,21.1,645,4347.46,4301.85,4331.6,4326.97,3.6,71,9.226164708
6648,2019/10/5 0:00,30.26,21.3,678,4591.64,4596,4600.32,4595.99,3.9,69,9.798857307
6649,2019/10/5 1:00,30.05,21.5,692,4682.7,4618.29,4760.08,4687.02,1.2,72,9.863750033
6650,2019/10/5 2:00,30.43,21.8,688,4743.76,4616.56,4744.16,4701.49,4.6,58,10.1164721
6651,2019/10/5 3:00,30.35,21.5,689,4689.58,4516.46,4748.12,4651.39,3.4,77,9.943404092
6652,2019/10/5 4:00,30.55,21.9,695,4701.62,4578,4760,4679.87,2.5,73,9.900263893
6653,2019/10/5 5:00,31.68,22.1,704,4837.82,4664.8,4880.39,4794.34,2.8,66,10.23310155
6654,2019/10/5 6:00,32.41,22,709,4825.86,4795.7,4912.38,4844.65,4.4,43,10.41609282
6655,2019/10/5 7:00,31.41,22,709,4871.52,4775.76,4921.9,4856.39,3.2,52,10.36435126
6656,2019/10/5 8:00,31.82,22.1,704,4841.67,4763.88,4888.62,4831.39,2.6,62,10.27426749
6657,2019/10/5 9:00,32.93,22.8,696,4799.88,4670.88,4712,4727.59,2.5,89,10.0594318
6658,2019/10/5 10:00,31.72,21.6,705,4855.76,4809.23,4969.34,4878.11,3.6,81,10.43747252
6659,2019/10/5 11:00,31.68,22.1,721,4883.46,4809.23,4944.2,4878.96,4.4,80,10.4687919
6660,2019/10/5 12:00,32.05,22.3,699,4911.04,4785.51,4887.57,4861.37,2.1,84,10.33013169
6661,2019/10/5 13:00,32.85,22.3,700,4827.94,4859.58,4832.1,4839.87,3.7,92,10.33942506
6662,2019/10/5 14:00,32.54,22.4,702,4871.52,4801.12,4891.1,4854.58,4.3,88,10.43837141
6663,2019/10/5 15:00,32.12,22,704,4829.73,4783.36,4932.4,4848.5,3.6,85,10.36949325
6664,2019/10/5 16:00,32.54,22.1,701,4863.36,4842.56,4950.1,4885.34,2.6,77,10.38315432
6665,2019/10/5 17:00,32.37,22.9,700,4885.66,4821.09,4885.2,4863.98,4.2,77,10.4394981
6666,2019/10/5 18:00,32.68,22.6,706,4841.67,4846.2,4902.9,4863.59,4,45,10.41207015
6667,2019/10/5 19:00,32.66,22.1,710,4875.28,4838.88,4991.4,4901.85,4.5,73,10.55924313
6668,2019/10/5 20:00,32.03,22.8,707,4825.45,4795.7,4881.66,4834.27,4,65,10.34075785
6669,2019/10/5 21:00,32.03,22.8,707,4776,4795.7,4881.66,4817.79,4,65,10.294304
6670,2019/10/5 22:00,32.66,23.1,669,4682.34,4791.84,4676.66,4716.95,4.2,87,10.10031419
6671,2019/10/5 23:00,32.55,22.6,648,4458.08,4337.55,4487.36,4427.66,4.7,61,9.548374786
6672,2019/10/6 0:00,31.72,22.4,673,4620,4519.29,4651.02,4596.77,2.5,60,9.762384504
6673,2019/10/6 1:00,32.02,22.4,672,4646.46,4605.3,4664.96,4638.91,4.1,48,9.949256476
6674,2019/10/6 2:00,32.41,22.7,672,4670.38,4540.64,4527.06,4579.36,4.1,48,9.809585261
6675,2019/10/6 3:00,32.62,22.6,659,4620.78,4518.66,4481.44,4540.29,4.3,57,9.744668658
6676,2019/10/6 4:00,33.18,22.9,663,4517.68,4382.27,4494.94,4464.96,2.6,75,9.492722902
6677,2019/10/6 5:00,32.89,22.8,654,4481.92,4414.9,4473.87,4456.9,2.1,90,9.433359271
6678,2019/10/6 6:00,33.53,23.1,599,4148.16,4174.72,3995.16,4106.01,4.1,94,8.754807596
6679,2019/10/6 7:00,32.49,22.9,637,4240.92,4168.79,4456.55,4288.75,2,56,8.999860485
6680,2019/10/6 8:00,32.82,23.1,626,4209.92,4228.09,4274.24,4237.42,2.2,40,8.909570789
6681,2019/10/6 9:00,32.97,23.3,625,4184.97,4123.35,4268.32,4192.21,2.7,79,8.83683983
6682,2019/10/6 10:00,33.09,23.5,625,4126.2,4026.47,4111.45,4088.04,2.7,79,8.60886194
6683,2019/10/6 11:00,33.93,23.6,603,3995.33,3909.76,3979.8,3961.63,2.2,11,8.299348579
6684,2019/10/6 12:00,33.29,23.1,579,3864.84,3790.95,3927.64,3861.14,2.5,97,8.104780688
6685,2019/10/6 13:00,33.41,23.5,585,3810,3730.96,3825.36,3788.77,2.9,74,7.94068119
6686,2019/10/6 14:00,32.85,22.9,546,3863.55,3611.97,3690,3721.84,2.4,47,7.854654519
6687,2019/10/6 15:00,31.72,23,557,3660.21,3600,3671.72,3643.98,3.6,93,7.618576532
6688,2019/10/6 16:00,32.16,23,546,3617.96,3582,3653.64,3617.87,3.2,94,7.817881129
6689,2019/10/6 17:00,31.64,23.1,536,3539.44,3515.68,3593.98,3549.7,4.2,90,7.418933198
6690,2019/10/6 18:00,31.35,23.3,529,3406.15,3376.8,3462,3414.98,4.7,96,7.113437053
6691,2019/10/6 19:00,31,23,546,3623.68,3569.5,3558,3583.73,2.9,82,7.460072441
6692,2019/10/6 20:00,31.2,23.1,540,3514.24,3526.92,3581.9,3541.02,3.2,89,7.34533839
6693,2019/10/6 21:00,30.54,22.9,532,3446.5,3364.28,3503.43,3438.07,3.2,58,7.084824475
6694,2019/10/6 22:00,30.37,22.9,537,3434.3,3388,3502.95,3441.75,3.4,82,7.101059573
6695,2019/10/6 23:00,30.56,23,539,3465.21,3430.35,3503.43,3466.33,1.6,79,7.17101082
6696,2019/10/7 0:00,30.7,22.8,501,3235.31,3154.62,3242.1,3210.68,3.7,65,6.616804387
6697,2019/10/7 1:00,30.41,23,496,3172.89,3107.84,3158.1,3146.28,3.1,89,6.489053711
6698,2019/10/7 2:00,30.26,22.8,499,3140.54,3089.63,3174.61,3134.93,2.2,82,6.469585693
6699,2019/10/7 3:00,30.6,23,508,3267.29,3156.4,3176.25,3199.98,3.6,86,6.614484428
6700,2019/10/7 4:00,30.2,23,500,3164.04,3068.3,3109.7,3114.01,3.3,74,6.401833455
6701,2019/10/7 5:00,30.16,23,481,3018.34,2962.08,2954.88,2978.43,2.8,93,6.156864345
6702,2019/10/7 6:00,30.22,23.1,468,2881.1,2842.6,2875.84,2866.51,4.3,68,5.850394161
6703,2019/10/7 7:00,29.14,23,470,2853.6,2637.72,2844.03,2778.45,4.3,95,5.649983752
6704,2019/10/7 8:00,28.76,22.8,432,2657.4,2591.08,2560.09,2602.86,2.5,82,5.400675729
6705,2019/10/7 9:00,28.47,22.6,435,2564.55,2607.6,2584.53,2585.56,1.7,34,5.328726679
6706,2019/10/7 10:00,28.45,22.8,434,2544.08,2413.02,2476.52,2477.87,2.9,80,5.109078596
6707,2019/10/7 11:00,28.33,22.6,412,2492.68,2400.74,2415.22,2436.21,2.9,91,5.052994987
6708,2019/10/7 12:00,28.64,22.6,405,2379.3,2239.92,2378.44,2332.55,3.1,95,4.836410182
6709,2019/10/7 13:00,27.49,22.4,379,2260.44,2186.8,2226.3,2224.51,2.7,82,4.635296951
6710,2019/10/7 14:00,27.16,22.3,370,2217.88,2140.99,2168.32,2175.73,2,94,4.619396815
6711,2019/10/7 15:00,27.33,22.4,369,2136.24,2086.03,2143.68,2121.98,2.9,85,4.411988251
6712,2019/10/7 16:00,25.91,22.2,315,1856.54,1767.48,1838.43,1820.82,2.2,86,3.916467892
6713,2019/10/7 17:00,25.93,22.1,299,1741.6,1685.62,1704.28,1710.5,2.6,107,3.85477323
6714,2019/10/7 18:00,25.2,22,283,1659.84,1602.18,1581,1614.34,3.8,89,3.385884439
6715,2019/10/7 19:00,24.83,21.9,264,1578.72,1471.77,1514.1,1521.53,2,88,3.407521277
6716,2019/10/7 20:00,24.66,21.8,232,1503.84,1432.2,1384.32,1440.12,2.6,97,3.198191041
6717,2019/10/7 21:00,23.76,21.6,222,1289.56,1171.8,1240,1233.79,3,101,2.753141429
6718,2019/10/7 22:00,23.56,21.6,203,1204.32,1144.48,1163.72,1170.84,3.1,94,2.596533485
6719,2019/10/7 23:00,23.43,21.5,199,1158.78,1093.86,1129.11,1127.25,2.2,93,2.620289483
6720,2019/10/8 0:00,23.16,21.5,192,1158.78,1056.78,1074.33,1096.63,3.6,91,2.423457728
6721,2019/10/8 1:00,21.06,20.9,125,704.52,691.04,684.87,693.48,3.3,96,1.606485634
6722,2019/10/8 2:00,19.76,20.1,91,533.31,502.66,501.84,512.6,3.3,96,1.262078366
6723,2019/10/8 3:00,19.22,20.1,85,448.22,433.1,463.6,448.31,2.5,102,1.191256841
6724,2019/10/8 4:00,0.01,0.1,1,0,0,0,0,0.1,1,0.379993053
6725,2019/10/8 5:00,7.22,5.4,183,1148.96,1132.2,1065.6,1115.59,0.4,250,2.470398095
6726,2019/10/8 6:00,7.56,5.6,193,1135.44,1133.9,1153.91,1141.08,0.8,260,2.444195609
6727,2019/10/8 7:00,8.64,6,219,1310.05,1361.2,1347.92,1339.72,0.6,216,2.916210353
6728,2019/10/8 8:00,10.12,6.6,246,1529.5,1502.74,1414.7,1482.31,1.3,208,3.290619278
6729,2019/10/8 9:00,10.66,7.2,256,1597.83,1575.01,1551,1574.61,0.6,222,3.497043618
6730,2019/10/8 10:00,12.28,8.1,282,1775.4,1645,1781.6,1734,1.7,193,3.796848356
6731,2019/10/8 11:00,12.6,8.3,299,1868.72,1767.33,1908.2,1848.08,1.7,236,4.001831364
6732,2019/10/8 12:00,13.77,8.5,326,2040.16,1991.2,2076.35,2035.9,2.9,225,4.353930075
6733,2019/10/8 13:00,14.03,8.9,335,2069.55,2076.54,2164.74,2103.61,1.2,198,4.511383546
6734,2019/10/8 14:00,14.37,9,344,2184.36,2207.14,2229.84,2207.11,0.7,239,4.77245599
6735,2019/10/8 15:00,14.41,9.1,369,2246.65,2295.54,2369.64,2303.94,1.9,201,4.852251897
6736,2019/10/8 16:00,16.41,10.1,402,2587,2453.22,2588,2542.74,1.1,229,5.466790144
6737,2019/10/8 17:00,19.12,11.1,454,2871.68,2837.16,2944,2884.28,1.7,169,6.081263641
6738,2019/10/8 18:00,19.43,10.9,457,2882.58,2886.4,2990.52,2919.83,3.1,182,6.161986335
6739,2019/10/8 19:00,20.2,11.4,465,2930.2,2970.12,3019.38,2973.23,1,192,6.294986663
6740,2019/10/8 20:00,20.32,11.1,472,2990.52,3014.64,3043.2,3016.12,2.6,185,6.381740987
6741,2019/10/8 21:00,20.47,11.2,482,3006.64,3048,3109.44,3054.69,2.4,189,6.445254487
6742,2019/10/8 22:00,20.99,11.5,481,3136.9,3103.12,3114.36,3118.13,1.7,179,6.624305359
6743,2019/10/8 23:00,21.76,12.1,484,3170,3089.76,3176.45,3145.4,1.7,226,6.704343019
6744,2019/10/9 0:00,21.85,12,504,3180.24,3163.87,3283.38,3209.16,2.7,183,6.956734537
6745,2019/10/9 1:00,21.74,11.9,504,3280.08,3270.8,3283.38,3278.09,2.7,183,6.941601511
6746,2019/10/9 2:00,22.51,12.9,508,3356.92,3272.94,3405.44,3345.1,1.8,180,7.066632121
6747,2019/10/9 3:00,23.51,13.1,524,3377.73,3372.36,3555.68,3435.26,3.1,240,7.270555333
6748,2019/10/9 4:00,23.85,13.7,533,3434.34,3467.31,3581.25,3494.3,2.6,170,7.353653951
6749,2019/10/9 5:00,24.2,13.5,548,3573.32,3493.75,3686.76,3584.61,4.5,186,7.647571099
6750,2019/10/9 6:00,24.85,14.3,577,3775,3732.21,3893.6,3800.27,2.5,192,8.007058622
6751,2019/10/9 7:00,25.56,14.7,573,3881.25,3806.8,3937,3875.02,2.5,187,8.203679445
6752,2019/10/9 8:00,26.1,15.3,576,3787.98,3800.52,3850.08,3812.86,4.3,152,8.11455773
6753,2019/10/9 9:00,25.41,14.5,555,3619.63,3621.15,3806.8,3682.53,3.4,206,7.800914589
6754,2019/10/9 10:00,25.62,14.8,558,3545.4,3576.96,3781.89,3634.75,2.1,203,7.613928189
6755,2019/10/9 11:00,25.76,15,578,3588.94,3609.76,3912.2,3703.63,3.3,186,7.792080008
6756,2019/10/9 12:00,25.64,15.1,577,3962.14,4011.4,3986.36,3986.63,3.2,187,8.456972745
6757,2019/10/9 13:00,27.89,16.3,634,4268.88,4193.62,4301.44,4254.65,2.6,243,8.993597763
6758,2019/10/9 14:00,28.18,16.6,635,4301.44,4289.22,4395.84,4328.83,3.8,181,9.237786308
6759,2019/10/9 15:00,28.85,17.3,641,4351.32,4275.18,4266.24,4297.58,3.3,201,9.163244347
6760,2019/10/9 16:00,29.07,17.8,641,4356.43,4267.21,4329.99,4317.88,3.1,240,9.161763879
6761,2019/10/9 17:00,28.8,17.8,649,4356.43,4320.78,4306.52,4327.91,3.4,206,9.201272341
6762,2019/10/9 18:00,28.66,18.2,655,4367.6,4358.26,4340.05,4355.3,3.2,191,9.23240559
6763,2019/10/9 19:00,29.7,18.6,664,4437.17,4375.32,4446.75,4419.75,3.8,191,9.421799159
6764,2019/10/9 20:00,31.14,20.5,681,4587.42,4572.28,4627.7,4595.8,4,220,9.639094106
6765,2019/10/9 21:00,31.66,20.7,680,4530,4543.56,4629.38,4567.65,5.5,209,9.85670177
6766,2019/10/9 22:00,32.18,20.8,681,4578.32,4572,4663.76,4604.69,5.7,219,9.961325118
6767,2019/10/9 23:00,32.74,21,685,4476,4602.87,4693.81,4590.89,3.3,252,9.624507795
6768,2019/10/10 0:00,32.47,21.3,616,4372.96,4560,4494,4475.65,1.4,251,9.315053803
6769,2019/10/10 1:00,32.49,21.8,697,4677.54,4543.17,4754.1,4658.27,3,234,9.80191442
6770,2019/10/10 2:00,33.41,23,695,4654.23,4559.4,4720.32,4644.65,3,263,9.71263502
6771,2019/10/10 3:00,33.83,23.3,706,4668.54,4646.95,4740.12,4685.2,5.4,261,10.00875566
6772,2019/10/10 4:00,34.7,23.6,713,4724.3,4692.6,4793.58,4736.83,4.7,258,10.05888538
6773,2019/10/10 5:00,34.68,23.8,699,4627.26,4587.45,4692.6,4635.77,6.1,252,10.00805834
6774,2019/10/10 6:00,34.43,24,692,4569.6,4563.65,4588,4573.75,4.5,225,9.733466617
6775,2019/10/10 7:00,34.49,24.3,669,4548,4496.58,4485.69,4510.09,5.3,275,9.638109816
6776,2019/10/10 8:00,34.45,24.5,615,4499.8,3964.08,4094.52,4186.13,4.9,267,8.662209858
6777,2019/10/10 9:00,34.08,24.6,571,3749.46,3588,3993.93,3777.13,4.8,272,7.849154913
6778,2019/10/10 10:00,33.83,24.8,597,3858.82,3714,3936.55,3836.46,3.7,215,7.980715176
6779,2019/10/10 11:00,33.22,24.8,609,3996,3886.47,4133.1,4005.19,4.2,250,8.327030539
6780,2019/10/10 12:00,33.8,25.3,652,4264.88,4348.74,4233.84,4282.49,4.6,248,9.040371946
6781,2019/10/10 13:00,35.49,25.9,632,4276.8,4236.4,4445.92,4319.71,6,255,9.278045646
6782,2019/10/10 14:00,35.37,26,632,4338.88,4222.16,4169.88,4243.64,4.4,200,9.043482899
6783,2019/10/10 15:00,35.01,25.9,707,4686.45,4692.6,4595.75,4658.27,6.9,240,10.10875447
6784,2019/10/10 16:00,35.16,26.4,714,3605.88,4059.6,4471.22,4045.57,6.5,272,8.5126183
6785,2019/10/10 17:00,35.45,26.2,704,4756.08,4747.84,4738.07,4747.33,7.2,268,10.31546979
6786,2019/10/10 18:00,35.83,26.6,585,4113.33,4094.52,4040.05,4082.63,10.1,255,9.268233487
6787,2019/10/10 19:00,33.41,26.2,620,1562.6,2935.44,3198.89,2565.64,10.5,273,6.185506398
6788,2019/10/10 20:00,33.22,26.3,631,4415.24,2208,4237.05,3620.1,8.1,258,7.585467361
6789,2019/10/10 21:00,32.7,26.6,683,4478.34,3872,4472.86,4274.4,7.1,271,9.133327568
6790,2019/10/10 22:00,34.37,27,609,3882.46,4043.25,4064.72,3996.81,4.9,249,8.322599969
6791,2019/10/10 23:00,34.85,27.5,633,4061.22,4019.29,4122,4067.5,8.3,254,8.920948957
6792,2019/10/11 0:00,34.22,26.9,641,3900.96,3923.45,4371.38,4065.26,7.8,267,8.838625437
6793,2019/10/11 1:00,34.28,27.3,600,4081.56,3916.32,4119.3,4039.06,6.8,264,8.639046182
6794,2019/10/11 2:00,34.24,27.5,603,3678.3,3599.96,3790.56,3689.61,5.1,274,7.541682733
6795,2019/10/11 3:00,33.87,27.5,542,3418.64,3286.35,3467.52,3390.84,6.1,248,7.022654896
6796,2019/10/11 4:00,33.47,27.6,505,3393.6,3127.85,3286.35,3269.27,5.5,271,6.715011406
6797,2019/10/11 5:00,33.47,27.5,468,2908.8,2906.46,2938.89,2918.05,6.7,265,6.284093959
6798,2019/10/11 6:00,29.78,27.3,317,1627.92,1823.76,1839.11,1763.6,6.6,273,3.442812685
6799,2019/10/11 7:00,29.58,27.1,283,1610.4,1494.35,1625.26,1576.67,7.8,270,3.081163305
6800,2019/10/11 8:00,28.45,26.7,182,828,834.4,919.38,860.59,7,257,1.633896346
6801,2019/10/11 9:00,27.76,26.8,191,952.99,901.45,982.89,945.78,8.9,280,1.682380472
6802,2019/10/11 10:00,27.43,26.7,159,848.4,821.44,832.14,833.99,6.2,250,1.624763515
6803,2019/10/11 11:00,26.93,26.5,177,774.7,685.4,803.32,754.47,6.9,262,1.434303684
6804,2019/10/11 12:00,26.76,26.1,148,705.51,692.3,728.34,708.72,9.2,278,1.174051463
6805,2019/10/11 13:00,30.6,27.1,412,2500.96,2452,2390.7,2447.89,7.3,261,4.955287303
6806,2019/10/11 14:00,29.93,26.6,306,1666.65,1741.35,1614.82,1674.27,7.5,278,3.351910402
6807,2019/10/11 15:00,27.14,26,149,698.32,732.05,892.51,774.29,8.1,284,1.333139505
6808,2019/10/11 16:00,26.89,25.7,140,699.48,660,757.26,705.58,10,270,1.132776899
6809,2019/10/11 17:00,26.66,25.9,257,1636.8,1467.92,1552.32,1552.35,7.9,258,2.963025104
6810,2019/10/11 18:00,26.58,25.6,110,619.03,563.06,626.08,602.72,8.8,267,0.997916248
6811,2019/10/11 19:00,26.26,25.8,299,1610.98,1587.2,1452.3,1550.16,7.2,285,3.023000741
6812,2019/10/11 20:00,27.62,26.1,275,1597.02,1558.48,1522.72,1559.41,7.8,270,3.025548878
6813,2019/10/11 21:00,27.77,26.1,255,1444.32,1410.64,1407.6,1420.85,7.4,264,2.752975908
6814,2019/10/11 22:00,26.54,25.8,156,924.12,893.76,907.41,908.43,7.6,275,1.670566781
6815,2019/10/11 23:00,24.06,24.7,74,372.33,363.94,380.9,372.39,6.7,278,0.649577204
6816,2019/10/12 0:00,23.74,24.3,105,470.84,484.38,519.39,491.54,5.7,275,0.93685564
6817,2019/10/12 1:00,23.31,23.9,68,420,411.24,398.65,409.96,6.3,276,0.745669388
6818,2019/10/12 2:00,23.14,23.8,65,376.74,367.04,368.9,370.89,5.5,300,0.743626075
6819,2019/10/12 3:00,22.47,23.5,45,240.26,207.36,276.36,241.33,6.2,293,0.430054523
6820,2019/10/12 4:00,21.91,22.8,25,166.17,178.56,171.9,172.21,7.2,298,0.226740743
6821,2019/10/12 5:00,0.01,0.1,1,0,0,0,0,0.1,1,0.379993053
6822,2019/10/12 6:00,12.37,10.3,184,1147.52,1122.77,1100.19,1123.49,1.5,239,2.504620451
6823,2019/10/12 7:00,12.51,10.5,212,1212.72,1189.5,1251.84,1218.02,1.5,187,2.710924071
6824,2019/10/12 8:00,13.6,10.8,238,1538.72,1564.8,1423.54,1509.02,2,194,3.304648759
6825,2019/10/12 9:00,14.14,11.1,265,1614.48,1602.3,1545.24,1587.34,2,207,3.466704067
6826,2019/10/12 10:00,14.43,11.1,273,1666.56,1662.6,1630,1653.05,2.2,203,3.579838482
6827,2019/10/12 11:00,14.91,11.3,283,1735.5,1773.44,1738.17,1749.04,1.4,219,3.805544436
6828,2019/10/12 12:00,16.05,12,309,1946.49,1874.88,1918.62,1913.33,2.9,192,4.093469645
6829,2019/10/12 13:00,16.8,12.3,319,1989,1927.53,2018.39,1978.31,2,214,4.268459226
6830,2019/10/12 14:00,17.2,12.7,301,1947.9,2012.17,1932.42,1964.16,3.2,199,4.166199208
6831,2019/10/12 15:00,17.01,12.6,327,1954.35,1973.7,2031.88,1986.64,3.2,205,4.365629807
6832,2019/10/12 16:00,17.43,13,314,2057.55,2031.88,1951.68,2013.7,3.3,189,4.296818212
6833,2019/10/12 17:00,17.49,13,298,1912.68,1990.4,1986.87,1963.32,5.2,206,4.11932466
6834,2019/10/12 18:00,17.45,13,319,1895.71,1883.99,1999.5,1926.4,2.8,217,4.095311008
6835,2019/10/12 19:00,18.31,13.6,342,2157.4,2083.32,2209.32,2150.01,2.5,215,4.580243502
6836,2019/10/12 20:00,20.51,14.8,401,2625.78,2524.05,2577.52,2575.78,2,206,5.484162712
6837,2019/10/12 21:00,20.89,15,417,2600.1,2575.8,2592.59,2589.5,1.3,228,5.531776351
6838,2019/10/12 22:00,21.37,15.3,415,2611.2,2611.7,2603.5,2608.8,2.3,202,5.513734822
6839,2019/10/12 23:00,22.01,15.3,404,2596.66,2493.12,2574.04,2554.61,3,236,5.445225839
6840,2019/10/13 0:00,22.28,15.8,419,2666.84,2652.12,2614.29,2644.42,2.4,226,5.621516801
6841,2019/10/13 1:00,22.14,15.8,413,2560.74,2593.06,2595.3,2583.03,3.4,198,5.427727796
6842,2019/10/13 2:00,22.1,15.8,415,2631.1,2650.12,2660.72,2647.31,3.1,174,5.546496544
6843,2019/10/13 3:00,21.99,16.1,474,2926.62,2914.65,2984.63,2941.97,4.9,237,6.19795042
6844,2019/10/13 4:00,22.6,16.3,464,3005.16,2992.48,3082.1,3026.58,3.1,185,6.30182483
6845,2019/10/13 5:00,23.49,16.4,507,2913.92,2723.57,3243.34,2960.28,2.9,212,6.089617749
6846,2019/10/13 6:00,23.68,17.2,437,2239.24,2409.07,2662.72,2437.01,4,200,5.021195857
6847,2019/10/13 7:00,24.03,18.4,381,2053.56,1809.6,2195.21,2019.46,4.7,186,4.227233721
6848,2019/10/13 8:00,23.51,18.2,335,2227.43,2263.47,2153.44,2214.78,5,202,4.647858669
6849,2019/10/13 9:00,23.26,18.2,307,2022.16,1981.35,1959.38,1987.63,3.8,192,4.221942715
6850,2019/10/13 10:00,22.87,18,305,1691.08,2050.92,1695.6,1812.53,3.7,196,3.779326831
6851,2019/10/13 11:00,22.76,18.5,485,2758.21,2652.27,2965.71,2792.06,5.5,187,5.717988086
6852,2019/10/13 12:00,25.16,19,471,2964.16,2787.5,2998.04,2916.57,4.6,165,6.052269335
6853,2019/10/13 13:00,25.24,19.1,445,2945.32,2856.25,3010.48,2937.35,4.6,227,6.231862377
6854,2019/10/13 14:00,25.37,19.3,476,2890.72,2857.92,2907.8,2885.48,7.2,198,6.104149686
6855,2019/10/13 15:00,25.43,19.8,413,2537.12,2595.84,2639.67,2590.88,4.8,248,5.397795459
6856,2019/10/13 16:00,25.08,19.9,409,2550,2431.25,2452.32,2477.86,4,180,5.161738363
6857,2019/10/13 17:00,24.26,19.6,496,3075.81,2828.42,2764.32,2889.52,7.2,180,6.017414476
6858,2019/10/13 18:00,25.45,19.8,482,3209.08,3143.75,3015.32,3122.72,3.6,250,6.560002521
6859,2019/10/13 19:00,25.55,19.8,472,3061.14,2875,2931.25,2955.8,3.4,174,6.160063455
6860,2019/10/13 20:00,25.64,19.9,383,2914.08,2837.97,2566.76,2772.94,5.2,172,5.81901136
6861,2019/10/13 21:00,25.33,20.2,538,3033.24,3087.5,3409.29,3176.68,4.9,194,6.50813743
6862,2019/10/13 22:00,26.91,21,508,3290.38,3344.14,3263.93,3299.48,4.6,205,6.882573934
6863,2019/10/13 23:00,27.45,21.1,656,3658,3399.67,4096.4,3718.02,5.9,184,7.818388324
6864,2019/10/14 0:00,30.28,22.1,625,3954.16,3934.14,4080.3,3989.53,3.7,285,8.240971301
6865,2019/10/14 1:00,30.53,22.6,622,3782.09,3835.98,4007.22,3875.1,4.4,237,8.066087519
6866,2019/10/14 2:00,30.78,22.8,615,3934.5,3909.08,3933.76,3925.78,2.3,224,8.133379703
6867,2019/10/14 3:00,31.14,23,601,3830.4,3824.1,3927.29,3860.6,6,175,8.263392205
6868,2019/10/14 4:00,31.08,22.8,602,3782,3800.3,3824.52,3802.27,5.6,223,8.085371347
6869,2019/10/14 5:00,30.72,22.6,660,4013.31,3994.06,4199.58,4068.98,4.7,227,8.535092599
6870,2019/10/14 6:00,31.14,22.8,594,3776.04,4084.44,3854.45,3904.98,7.9,222,8.555695487
6871,2019/10/14 7:00,30.39,22.5,549,3560.85,3495.3,3507.84,3521.33,5,261,7.427185946
6872,2019/10/14 8:00,29.95,22.4,529,3444.54,3378.24,3446.5,3423.09,3.7,230,7.133216209
6873,2019/10/14 9:00,29.7,22.3,537,3450.68,3167.25,3285.68,3301.2,6.6,250,7.024852494
6874,2019/10/14 10:00,29.79,22.1,548,3370.2,3169.21,3413.25,3317.55,6.1,263,7.011821974
6875,2019/10/14 11:00,29.3,22.4,512,3202.23,3057.72,3087.3,3115.75,7.3,230,6.630011821
6876,2019/10/14 12:00,29.22,22.3,503,3055.36,3013.5,3211.22,3093.36,6.2,235,6.715366217
6877,2019/10/14 13:00,30.22,22.5,449,3238.3,3165.9,2574.2,2992.8,5.7,208,6.405960571
6878,2019/10/14 14:00,29.01,22.6,422,2378.44,2582.64,2476.6,2479.23,4.5,257,5.141242354
6879,2019/10/14 15:00,27.05,22.2,277,1999.83,1968.23,1971.42,1979.83,6.5,276,4.127579193
6880,2019/10/14 16:00,25.53,22.3,293,1869,1714.63,1763.64,1782.42,6.4,208,3.620521708
6881,2019/10/14 17:00,25.54,22.6,289,1980.99,1869.38,1711.86,1854.08,3.4,212,3.98361034
6882,2019/10/14 18:00,25.64,22.6,302,1750.63,1729.16,1819.53,1766.44,3.6,263,3.705981454
6883,2019/10/14 19:00,25.49,22.6,295,1953.08,1788.48,1723.6,1821.72,3.9,273,3.906430626
6884,2019/10/14 20:00,26.83,23.3,549,3096.04,3538.64,3584.77,3406.48,2.6,256,5.179986479
6885,2019/10/14 21:00,30.2,23.9,588,3308.7,3574.6,3757.65,3546.98,6.1,228,7.446189504
6886,2019/10/14 22:00,30.51,24,549,3653.3,3647.91,3593.58,3631.6,2.3,198,7.531009121
6887,2019/10/14 23:00,30.35,23.8,527,3261.96,3255.03,3283.2,3266.73,3.3,249,6.711131413
6888,2019/10/15 0:00,30.56,23.8,471,2763,2533.68,2946.35,2747.68,4.4,221,5.613720925
6889,2019/10/15 1:00,30.02,24.2,557,2769.14,2818.26,3164.04,2917.15,4.3,208,5.811375017
6890,2019/10/15 2:00,30.41,24.3,530,3270.96,3549.91,3538.29,3453.05,5.6,257,7.210206274
6891,2019/10/15 3:00,29.47,24,427,2737.74,2767.5,2764.16,2756.47,5.5,243,5.699663123
6892,2019/10/15 4:00,29.51,24,436,3461.37,3058.87,2449.86,2990.03,5.6,234,6.438109631
6893,2019/10/15 5:00,28.87,24.2,428,2531.71,2476.32,2509.2,2505.74,4.3,245,5.14553921
6894,2019/10/15 6:00,27.91,24,417,2655.94,2478.45,1986.99,2373.79,5.9,241,4.980853281
6895,2019/10/15 7:00,28.76,24.3,375,2611.84,2470.16,2568.72,2550.24,3.6,205,5.256759967
6896,2019/10/15 8:00,29.35,24.8,455,2775.28,2693.7,2753.52,2740.83,4.5,252,5.596935562
6897,2019/10/15 9:00,28.76,25.1,425,2537.9,2186.8,2560.38,2428.36,5.2,251,4.896537905
6898,2019/10/15 10:00,29.04,25.2,410,2494.57,2453.85,2443.72,2464.05,7.8,262,5.061333429
6899,2019/10/15 11:00,28.99,25.1,409,2423.1,2367.75,2447.7,2412.85,5.1,286,4.909633181
6900,2019/10/15 12:00,28.89,25,380,2303.84,2215.03,2145.5,2221.46,2.6,262,4.739961094
6901,2019/10/15 13:00,28.55,25.1,376,2181.54,2156,2167.42,2168.32,5.6,264,4.400606202
6902,2019/10/15 14:00,28.76,25,369,2174.48,1909.54,2110.14,2064.72,3.3,237,4.360829721
6903,2019/10/15 15:00,28.47,25,368,2147.93,2097.8,2094.4,2113.38,5.8,231,4.270585868
6904,2019/10/15 16:00,28.2,24.8,343,2036.88,1977.36,1949.34,1987.86,7.5,176,3.930210139
6905,2019/10/15 17:00,28.1,24.6,340,1971.42,1909.6,1915.56,1932.19,6,235,3.914648639
6906,2019/10/15 18:00,27.89,25,309,1857.17,1801.64,1688.5,1782.44,4.2,244,3.745082858
6907,2019/10/15 19:00,27.85,24.9,292,1795.1,1724.8,1730.96,1750.29,5.8,199,3.508815831
6908,2019/10/15 20:00,26.81,24.6,227,1271.02,1228,1207.8,1235.61,2.3,211,2.844126264
6909,2019/10/15 21:00,26.31,24.7,216,1303.98,1299.76,1283.26,1295.67,3.8,234,2.739424726
6910,2019/10/15 22:00,26.29,24.6,177,1275.14,1140.7,1053.57,1156.47,3.2,261,2.648776221
6911,2019/10/15 23:00,26.03,24.6,157,922.61,902.94,895.4,906.98,6.1,250,1.792378616
6912,2019/10/16 0:00,25.24,24.6,225,723.52,801.72,1049.94,858.39,4.7,264,1.698433709
6913,2019/10/16 1:00,25.64,24.8,211,1139.6,1058.76,1105.2,1101.19,3.4,248,2.432503682
6914,2019/10/16 2:00,25.64,24.8,149,904.28,852.6,848.4,868.43,3.1,218,1.997098458
6915,2019/10/16 3:00,25.26,24.8,140,684.78,668.8,675.36,676.31,4.2,212,1.48719827
6916,2019/10/16 4:00,25.26,25,153,776.96,775.68,793.86,782.17,4.5,230,1.633247688
6917,2019/10/16 5:00,25.18,25.1,105,611.05,566.82,556.14,578,2.8,256,1.461291768
6918,2019/10/16 6:00,25.08,25.1,101,537.56,507.45,526.24,523.75,5.5,270,1.068348355
6919,2019/10/16 7:00,24.93,25.5,98,480,501.48,518.52,500,6,285,0.934247048
6920,2019/10/16 8:00,25.03,26,97,451.44,449.92,482.98,461.45,4.8,283,0.974283406
6921,2019/10/16 9:00,25.49,26.1,108,540,561.18,580.06,560.41,5.4,257,1.085682939
6922,2019/10/16 10:00,25.54,26.2,96,471.63,446.25,494.68,470.85,6.4,272,0.861915419
6923,2019/10/16 11:00,25.51,26.4,124,522,509.12,602.82,544.65,4.4,255,1.163295612
6924,2019/10/16 12:00,25.93,26.6,136,651.82,598.93,676.87,642.54,5.1,273,1.325678497
6925,2019/10/16 13:00,26.22,26.6,131,646.28,622.12,679.13,649.18,5.6,238,1.259727736
6926,2019/10/16 14:00,26.18,26.6,107,577.92,571.9,562.12,570.65,3.6,279,1.165052741
6927,2019/10/16 15:00,25.89,26.6,89,470.84,438.08,470.84,459.92,4.9,240,0.973060698
6928,2019/10/16 16:00,25.7,26.5,79,399.32,413,400.52,404.28,3.4,241,1.009300996
6929,2019/10/16 17:00,9.31,7.3,182,1370.34,1057.6,904.2,1110.71,0.9,269,2.682269026
6930,2019/10/16 18:00,8.89,7.3,237,1389.85,1414.04,1183.19,1329.03,1,280,2.887211798
6931,2019/10/16 19:00,9.45,7.7,285,1782.2,1838.16,1678.94,1766.43,0.8,311,3.762070999
6932,2019/10/16 20:00,11.12,8.3,306,1949.22,1936.73,1874.4,1920.12,0,322,4.22079847
6933,2019/10/16 21:00,12.2,8.3,321,1996.77,1974.56,1899.5,1956.94,0.4,319,4.304609151
6934,2019/10/16 22:00,12.2,8.3,321,2158.24,2112.18,1899.5,2056.64,0.4,319,4.5770433
6935,2019/10/16 23:00,12.35,8.6,344,2270.4,2161.53,2200.8,2210.91,1,273,4.778509029
6936,2019/10/17 0:00,12.2,8.7,360,2349.6,2289.44,2391.48,2343.51,2.5,286,4.919789172
6937,2019/10/17 1:00,12.1,9,363,2378.99,2400.96,2424.33,2401.43,1.3,312,5.05165555
6938,2019/10/17 2:00,12.14,8.8,387,2422.2,2614.86,2676.24,2571.1,2.5,318,5.274266689
6939,2019/10/17 3:00,12.47,8.6,323,2789.42,1888.46,2799.12,2492.33,3.1,294,4.403095901
6940,2019/10/17 4:00,12.7,9,410,2555.32,2751,2723.01,2676.44,2.3,338,5.513719221
6941,2019/10/17 5:00,13.66,9.5,428,2786.04,2766.42,2452.5,2668.32,2.2,357,5.706198329
6942,2019/10/17 6:00,13.89,9.7,438,2853.6,2781.44,2829.68,2821.57,2.6,295,5.906582481
6943,2019/10/17 7:00,13.97,9.6,453,3030.72,2970.5,2990.74,2997.32,3.7,341,6.283468264
6944,2019/10/17 8:00,14.29,9.7,473,3067.26,3025.28,3065.04,3052.53,3.6,2,6.21145015
6945,2019/10/17 9:00,14.06,9.5,484,3157.35,3163.86,3154.14,3158.45,1.5,314,6.566297243
6946,2019/10/17 10:00,15.14,10.1,503,3256.5,3286.76,3313.98,3285.75,1.7,301,6.798646602
6947,2019/10/17 11:00,15.12,9.9,511,3305.64,3370.87,3392.7,3356.4,1.2,255,6.931195282
6948,2019/10/17 12:00,15.01,10.1,516,3386.5,3448.51,3442.04,3425.68,1.7,300,7.070246783
6949,2019/10/17 13:00,15.07,10.1,530,3398.22,3466.8,3508.8,3457.94,1.7,339,7.073336431
6950,2019/10/17 14:00,16.43,10.6,557,3792.6,3705.6,3730.02,3742.74,1.3,305,7.790404178
6951,2019/10/17 15:00,16.37,10.5,560,3793.16,3800.13,3793.7,3795.66,2.6,315,8.098293589
6952,2019/10/17 16:00,16.58,10.8,571,3902.25,3838.71,3967.31,3902.76,3.2,294,8.094786981
6953,2019/10/17 17:00,16.59,10.8,569,3946.7,3801.13,3999.84,3915.89,2.9,319,8.108706655
6954,2019/10/17 18:00,17.47,10.9,579,4050.76,4006.53,4070.43,4042.57,2.9,331,8.39494701
6955,2019/10/17 19:00,17.74,10.6,601,4102.34,4140.5,4248.15,4163.66,2.9,15,8.697234894
6956,2019/10/17 20:00,18.2,10.8,602,4191.46,4146.36,4241.46,4193.09,1.3,286,8.70499354
6957,2019/10/17 21:00,18.7,11.3,618,4254.5,4228.08,4360.21,4280.93,2.2,309,8.852838839
6958,2019/10/17 22:00,18.8,11.4,626,4298.52,4297.6,4398.07,4331.4,0.3,307,8.916623284
6959,2019/10/17 23:00,18.84,11.8,625,4235.45,4259.68,4410,4301.71,3,19,9.042411751
6960,2019/10/18 0:00,18.76,11.6,626,4362.45,4329.72,4423.31,4371.83,2.5,293,9.082719948
6961,2019/10/18 1:00,18.66,11.6,629,4394.2,4355.04,4429.62,4392.95,2.3,322,9.103441943
6962,2019/10/18 2:00,20.24,11.4,643,4497.35,4515.32,4566.54,4526.4,1.1,293,9.410132157
6963,2019/10/18 3:00,20.26,11.8,651,4573.8,4501.86,4607.36,4561.01,1.1,258,9.707191548
6964,2019/10/18 4:00,20.3,12.2,666,4697.44,4646.34,4625,4656.26,2.6,282,9.775645938
6965,2019/10/18 5:00,20.35,12,686,4810.48,4772.18,4786.08,4789.58,2.9,323,10.0208972
6966,2019/10/18 6:00,22.91,12.2,686,4796.55,4797.1,4765.95,4786.53,2.9,323,10.05499888
6967,2019/10/18 7:00,21.12,12,689,4807.68,4801.84,4801.84,4803.79,2.5,287,10.07569829
6968,2019/10/18 8:00,21.33,12.5,695,4909.24,4865.34,4827.75,4867.44,1.9,325,10.23861487
6969,2019/10/18 9:00,21.45,11.5,700,4942.08,4918.32,4897.2,4919.2,0.8,292,10.37279195
6970,2019/10/18 10:00,22.05,11.8,705,4946.62,4854.08,4889.25,4896.65,2.4,288,10.33956286
6971,2019/10/18 11:00,22.18,12,707,4969.78,4869.84,4920,4919.87,3.3,24,10.50125999
6972,2019/10/18 12:00,20.95,12.1,715,5029.44,4935.2,5102.59,5022.41,2.1,296,10.54123459
6973,2019/10/18 13:00,24.74,13.3,721,4977.56,5018.4,5097.96,5031.31,2.7,259,10.57381729
6974,2019/10/18 14:00,23.64,13,722,5053.23,5005.98,5126.29,5061.83,1.1,303,10.64119226
6975,2019/10/18 15:00,22.91,12.3,731,5067.6,5104.08,5198.24,5123.31,2.1,343,10.68219806
6976,2019/10/18 16:00,23.99,12.7,725,5104.5,5126.9,5195.88,5142.43,0.9,287,10.80289912
6977,2019/10/18 17:00,23.68,12.5,730,5082,5103.42,5155.84,5113.75,2.6,66,10.85314494
6978,2019/10/18 18:00,23.43,13.3,740,5057.36,5132.4,5257.08,5148.95,1.7,285,10.72878262
6979,2019/10/18 19:00,22.83,12.6,733,5176.63,5209.05,5277.93,5221.2,2.7,56,11.07236307
6980,2019/10/18 20:00,23.7,13.8,739,5211.36,5172.8,5289.6,5224.59,2.6,261,10.9996926
6981,2019/10/18 21:00,23.01,13,745,5237.42,5195.88,5325.3,5252.87,1.3,288,11.05298497
6982,2019/10/18 22:00,23.09,13.6,749,5258.25,5192.11,5346.25,5265.54,2.4,326,11.04989947
6983,2019/10/18 23:00,23.68,13.6,742,5258.25,5191.1,5299.92,5249.76,4,310,11.04552774
6984,2019/10/19 0:00,25.3,13.6,743,5189.76,5138.88,5289.6,5206.08,0,295,10.96535493
6985,2019/10/19 1:00,25.28,13.5,739,5209.4,5178.8,5259.2,5215.8,3.7,344,10.98614998
6986,2019/10/19 2:00,26.14,13.9,744,5168,5126.53,5249.44,5181.32,2.3,320,10.90152788
6987,2019/10/19 3:00,25.83,14,740,5157.06,5092.92,5215.95,5155.31,1.7,268,10.88127175
6988,2019/10/19 4:00,25.06,13.7,742,5161.92,5154.6,5256.62,5191.05,1.2,332,10.90057825
6989,2019/10/19 5:00,25.62,14.6,748,5239.9,5200.86,5260.84,5233.87,1.2,282,11.05161638
6990,2019/10/19 6:00,24.07,13.7,728,5153.04,5120.18,5148.55,5140.59,0.6,2,10.92593094
6991,2019/10/19 7:00,24.81,14.1,737,5199.04,5183.64,5237.4,5206.69,2.9,286,10.96932506
6992,2019/10/19 8:00,23.66,13.9,736,5166,5000.04,5156.84,5107.63,2.6,269,10.81535679
6993,2019/10/19 9:00,23.41,14,733,5151.95,5087.9,5101.85,5113.9,3.4,277,10.79970891
6994,2019/10/19 10:00,26.74,14.9,730,5055.12,5001.12,4991.25,5015.83,4.6,307,10.62344747
6995,2019/10/19 11:00,24.08,14,718,5018.4,5012.28,4926.81,4985.83,0.9,332,10.65260126
6996,2019/10/19 12:00,24.58,14.8,725,4920,4941,4951.08,4937.36,4.5,278,10.4179215
6997,2019/10/19 13:00,23.78,14.6,721,4874.3,4884.88,5004.1,4921.09,4.6,313,10.32003862
6998,2019/10/19 14:00,24.78,14.7,711,4863.66,4814.68,4881.89,4853.41,2.7,301,10.19771874
6999,2019/10/19 15:00,24.89,15.1,710,4803.15,4778.02,4871.52,4817.56,1.9,285,10.0820319
7000,2019/10/19 16:00,24.16,14.6,712,4804.8,4765.8,4875.16,4815.25,1.9,296,10.06756013
7001,2019/10/19 17:00,23.97,14.7,706,4763.24,4736.88,4854.96,4785.03,2.5,275,10.01529463
7002,2019/10/19 18:00,25.01,14,699,4692.45,4687.92,4731.93,4704.1,3.7,29,10.01527945
7003,2019/10/19 19:00,22.89,14.6,678,4568.75,4536.12,4632.66,4579.18,3.6,312,9.560652351
7004,2019/10/19 20:00,22.43,13.3,672,4503.28,4461.96,4522.61,4495.95,1.3,351,9.318074477
7005,2019/10/19 21:00,22.56,13.5,670,4447.3,4396.24,4514.1,4452.55,1.1,341,9.48972107
7006,2019/10/19 22:00,21.68,14.1,660,4394.52,4303.53,4427.73,4375.26,1.8,293,9.078980806
7007,2019/10/19 23:00,21.06,13.8,659,4346.39,4286.24,4409.98,4347.54,2.5,309,8.99510343
7008,2019/10/20 0:00,21.56,14,650,4207.6,4206.25,4323.62,4245.82,3.1,4,8.89683138
7009,2019/10/20 1:00,22.16,14.8,644,4213.88,4137.5,4253.85,4201.74,2.8,280,8.733195177
7010,2019/10/20 2:00,20.68,14.1,633,4113.9,4100,4086.88,4100.26,3.1,315,8.498562855
7011,2019/10/20 3:00,20.93,13.9,624,4101.68,4019.07,4012.32,4044.36,1.9,338,8.383714368
7012,2019/10/20 4:00,21.72,14.1,622,4013.02,3931.2,3981.25,3975.16,2.9,9,8.266879594
7013,2019/10/20 5:00,21.82,14.4,614,3937.56,3906.24,3868.8,3904.2,1.8,310,8.108783809
7014,2019/10/20 6:00,21.72,14.8,608,3931.28,3849.9,3843.51,3874.9,2.2,313,8.054096935
7015,2019/10/20 7:00,20.68,14,593,3768,3754.45,3698.92,3740.46,5.4,333,7.860223971
7016,2019/10/20 8:00,20.03,13.6,591,3766.35,3728.8,3710.28,3735.14,2.4,31,7.684796254
7017,2019/10/20 9:00,19.91,14.6,584,3689.35,3640.87,3635.1,3655.11,3.4,271,7.584696774
7018,2019/10/20 10:00,20.2,14.6,578,3669.72,3615.04,3596.7,3627.15,3.8,296,7.551935177
7019,2019/10/20 11:00,19.78,14.2,561,3528.98,3482.32,3456.18,3489.16,1.7,306,7.236224083
7020,2019/10/20 12:00,20.08,14.4,550,3419.68,3354.9,3373.89,3382.82,2.9,289,7.02951792
7021,2019/10/20 13:00,18.74,13.9,515,3126.54,3019.38,3121.3,3089.07,1.8,279,6.414676158
7022,2019/10/20 14:00,19.18,14.3,498,3072,2962.05,2965.45,2999.83,1.2,286,6.32114401
7023,2019/10/20 15:00,19.81,14.2,494,2999.88,2912.88,2951.44,2954.73,0,315,6.268977897
7024,2019/10/20 16:00,20.29,14,461,2732.73,2747.22,2724.15,2734.7,1.4,295,5.793114883
7025,2019/10/20 17:00,18.41,13.9,392,2343.3,2272,2237.09,2284.13,0.4,350,5.021729274
7026,2019/10/20 18:00,17.85,13.7,340,2018.85,1951.68,1945.26,1971.93,1.1,358,4.343918913
7027,2019/10/20 19:00,17.37,14,313,1908.65,1864.7,1797.6,1856.98,1.2,289,4.114585455
7028,2019/10/20 20:00,17.43,14,296,1711.9,1717.88,1698.65,1709.48,1.3,283,3.768913466
7029,2019/10/20 21:00,17.08,14.1,276,1679.6,1620.36,1515.12,1605.03,0.1,284,3.756151408
7030,2019/10/20 22:00,17.28,14.1,261,1517.48,1508.7,1480.71,1502.3,0.4,281,3.457796444
7031,2019/10/20 23:00,15.82,14.2,233,1322.25,1262.24,1286,1290.16,3,280,2.754378789
7032,2019/10/21 0:00,14.72,13.8,173,948.15,996.65,945.21,963.34,2.8,285,2.005459206
7033,2019/10/21 1:00,14.27,13.9,164,856.52,875.84,887.34,873.23,2,294,1.854711623
7034,2019/10/21 2:00,14.01,13.7,151,816.61,847.44,783.24,815.76,1.4,282,1.815067423
7035,2019/10/21 3:00,13.43,13.7,133,686.94,669.9,673.05,676.63,1.7,275,1.511635682
7036,2019/10/21 4:00,12.93,13.7,101,576.9,533.4,521.52,543.94,0.1,282,1.416038989
7037,2019/10/21 5:00,5.24,3.9,249,1566.18,1552.5,1327.78,1482.15,2.2,278,3.084661933
7038,2019/10/21 6:00,5.93,4.5,281,1803.48,1730.56,1592.64,1708.89,1.8,342,3.54577759
7039,2019/10/21 7:00,7.2,5,323,2052.65,2032.46,1933.41,2006.17,1.9,290,4.198965812
7040,2019/10/21 8:00,7.54,5.1,334,2096.14,2093.03,2010,2066.39,2.5,292,4.298673777
7041,2019/10/21 9:00,7.5,5.1,338,2268,2180.94,2026.42,2158.45,2.1,287,4.567351548
7042,2019/10/21 10:00,8.07,5.6,358,2348.5,2247.84,2288.11,2294.82,1.8,325,4.813187445
7043,2019/10/21 11:00,8.24,5.6,371,2368.63,2414.54,2398.12,2393.76,1.4,296,4.971756069
7044,2019/10/21 12:00,8.39,5.6,384,2456.45,2495.37,2441.22,2464.35,3.4,299,5.09692805
7045,2019/10/21 13:00,9.16,5.8,401,2573.76,2627.98,2637.36,2613.03,2.7,333,5.410227708
7046,2019/10/21 14:00,9.58,6.5,426,2674.67,2694.34,2768.88,2712.63,3.1,292,5.583568893
7047,2019/10/21 15:00,10.14,6.5,428,2806.3,2720.82,2791.23,2772.78,2.2,268,5.770269183
7048,2019/10/21 16:00,10.35,6.6,442,2883.78,2791.8,2802.64,2826.07,3.4,304,5.89572801
7049,2019/10/21 17:00,10.87,6.8,447,3067.68,2921.52,2974.5,2987.9,1.1,344,6.290432896
7050,2019/10/21 18:00,11.14,6.9,487,3175.77,3163.2,3181.2,3173.39,2.9,299,6.563775715
7051,2019/10/21 19:00,11.1,7.1,504,3215.55,3268.64,3357.88,3280.69,2.3,347,6.696046111
7052,2019/10/21 20:00,14.2,8.2,597,4003.65,4049.5,4140.8,4064.65,4.6,348,8.37299836
7053,2019/10/21 21:00,13.45,8.1,612,4218.48,4173.15,4322.5,4238.04,1.5,305,8.678382954
7054,2019/10/21 22:00,15.89,8.5,637,4397.7,4395.82,4480,4424.51,4.3,328,9.166998733
7055,2019/10/21 23:00,16.16,9,650,4468.32,4468.32,4588.02,4508.22,1.9,346,9.257819313
7056,2019/10/22 0:00,15.93,8.7,654,4463.86,4494,4633.6,4530.49,3.8,338,9.329283033
7057,2019/10/22 1:00,15.45,8.6,663,4598.16,4635.24,4697.6,4643.67,4.4,22,9.813777215
7058,2019/10/22 2:00,15.56,8.3,668,4684.28,4642.46,4758.39,4695.04,3.3,61,9.944216309
7059,2019/10/22 3:00,16.2,8.5,673,4700.33,4611,4757.28,4689.54,2.2,277,9.772932257
7060,2019/10/22 4:00,16.66,8.5,676,4761.6,4687.32,4796.61,4748.51,3.9,6,10.11428753
7061,2019/10/22 5:00,16.35,9,688,4781.86,4783.87,4890.84,4818.86,2.9,356,9.930064287
7062,2019/10/22 6:00,16.2,8.8,691,4861.08,4809.35,4927.6,4866.01,3.1,359,10.05864389
7063,2019/10/22 7:00,15.72,8.5,690,4880.37,4815.72,4953,4883.03,4.4,26,10.14871414
7064,2019/10/22 8:00,16.2,8.5,689,4845.96,4820.88,4922.64,4863.16,4.5,64,10.33351808
7065,2019/10/22 9:00,16.39,8.6,697,4908.8,4938.12,5021.28,4956.07,2.4,77,10.48420319
7066,2019/10/22 10:00,16.78,8.8,699,4925.36,4967.16,4953,4948.51,8.1,79,10.63215166
7067,2019/10/22 11:00,17.51,9.5,712,5016.15,4965.97,4986.48,4989.53,2.8,308,10.44276339
7068,2019/10/22 12:00,17.78,9.2,736,5148.08,5132.64,5124.48,5135.07,1.5,64,10.89292175
7069,2019/10/22 13:00,19.89,9.6,749,5296.18,5255.9,5375,5309.03,4.1,21,10.99546026
7070,2019/10/22 14:00,19.37,9.2,755,5300.32,5316.48,5403.84,5340.21,3.8,48,11.27869212
7071,2019/10/22 15:00,18.85,9.2,756,5360.85,5377.34,5426.33,5388.17,3.4,72,11.35465639
7072,2019/10/22 16:00,22.08,10.7,761,5280.78,5364.24,5366.36,5337.13,1.1,289,11.19836437
7073,2019/10/22 17:00,23.01,10.4,761,5228.28,5316.08,5369.88,5304.75,1.9,289,11.09959505
7074,2019/10/22 18:00,21.81,10.4,759,5257.6,5318.54,5422.44,5332.86,2.9,316,11.11796734
7075,2019/10/22 19:00,23.83,11,762,5377.86,5332.05,5378.64,5362.85,1.6,1,11.3724612
7076,2019/10/22 20:00,23.35,10.6,762,5322.24,5323.38,5346.25,5330.62,0.9,51,11.28504933
7077,2019/10/22 21:00,22.49,10.5,762,5325.9,5318.28,5352.36,5332.18,1.9,71,11.27929054
7078,2019/10/22 22:00,22,9.9,766,5344.35,5369.88,5419.57,5377.93,2.2,284,11.29151461
7079,2019/10/22 23:00,22.83,10.5,762,5334.56,5326.97,5382.91,5348.15,2.9,330,11.22560903
7080,2019/10/23 0:00,22.03,10.5,766,5320.84,5329.52,5443.44,5364.6,2.2,313,11.2432379
7081,2019/10/23 1:00,22.2,10.6,761,5364.24,5371.52,5425.05,5386.94,1.7,331,11.39725485
7082,2019/10/23 2:00,22.45,10.6,765,5406.4,5323.38,5427.76,5385.85,2.9,66,11.43000005
7083,2019/10/23 3:00,22.52,10.6,762,5355.56,5336.64,5424.3,5372.17,1.1,8,11.40831385
7084,2019/10/23 4:00,22.83,10.3,762,5328.4,5357.62,5398.5,5361.51,1.8,108,11.29452844
7085,2019/10/23 5:00,21.62,10.3,759,5333.34,5318.28,5397.06,5349.56,0.2,299,11.30532967
7086,2019/10/23 6:00,22.18,10.6,759,5297.6,5287.68,5361.12,5315.47,0.2,299,11.22892314
7087,2019/10/23 7:00,22.74,10.8,755,5289,5261.98,5334.03,5295,2,345,11.14481244
7088,2019/10/23 8:00,23.29,11.1,749,5202.9,5232.6,5299.92,5245.14,1.3,24,11.12013946
7089,2019/10/23 9:00,24.05,11.4,751,5206.72,5180.16,5264.3,5217.06,1.7,288,11.00551326
7090,2019/10/23 10:00,22.83,11,753,5196.75,5190.6,5168,5185.12,2.3,331,10.92534764
7091,2019/10/23 11:00,22.68,10.8,743,5153.7,5042.88,5095.74,5097.44,2.1,30,10.8853099
7092,2019/10/23 12:00,24.91,11.5,742,5077.78,5085.15,5078.28,5080.4,3.9,1,10.7635899
7093,2019/10/23 13:00,24.91,11.1,742,5100.48,5050.8,5085.15,5078.81,3.9,1,10.79696264
7094,2019/10/23 14:00,24.16,11.5,736,5098.35,5050.8,5022.08,5057.08,3.4,9,10.72890713
7095,2019/10/23 15:00,23.01,10.6,737,5086.05,5055.12,5012.07,5051.08,1.6,279,10.69464326
7096,2019/10/23 16:00,22.72,11.1,731,5073.75,5042.88,5018.4,5045.01,2.7,349,10.72472493
7097,2019/10/23 17:00,28.04,11.8,722,4841.55,4848.12,4825.96,4838.54,0.2,290,10.2528675
7098,2019/10/23 18:00,28.41,11.8,720,4821.85,4828.04,4825.96,4825.28,0,0,10.21964832
7099,2019/10/23 19:00,28.47,12.4,720,4779.88,4828.04,4821.95,4809.96,1,242,10.15194861
7100,2019/10/23 20:00,23.47,12.7,714,4864.65,4817.12,4869.02,4850.26,2,279,10.20970379
7101,2019/10/23 21:00,22.28,11.8,714,4846.77,4832.76,4878.72,4852.75,1.3,318,10.16597815
7102,2019/10/23 22:00,21.99,12.1,712,4845.38,4828.2,4884.88,4852.82,0.2,23,10.30780902
7103,2019/10/23 23:00,23.45,11.2,702,4794.12,4730.88,4754.56,4759.85,1.3,77,10.11578292
7104,2019/10/24 0:00,25.47,11.7,699,4722.97,4657.32,4705.92,4695.4,0.1,330,9.910376032
7105,2019/10/24 1:00,25.7,12.5,699,4628.15,4625.27,4698.18,4650.53,0.9,269,9.761375565
7106,2019/10/24 2:00,23.01,12.4,684,4620.24,4552.24,4577.76,4583.41,1.5,3,9.713841945
7107,2019/10/24 3:00,23.35,11.7,685,4550.8,4553.46,4577.76,4560.67,0.9,42,9.639165678
7108,2019/10/24 4:00,24.7,12.6,681,4500.13,4502.96,4576.88,4526.66,3.3,283,9.522401465
7109,2019/10/24 5:00,24.7,13.3,671,4443.42,4395.21,4491.76,4443.46,3.6,270,9.372672183
7110,2019/10/24 6:00,23.85,13.1,666,4346.2,4331.34,4455.78,4377.77,3,276,9.358691743
7111,2019/10/24 7:00,23.66,12,658,4340.79,4301.28,4373.6,4338.56,1.1,347,9.027279798
7112,2019/10/24 8:00,24.04,12.4,656,4309.74,4289.67,4347.12,4315.51,1.3,289,9.027080191
7113,2019/10/24 9:00,23.16,12.6,654,4280.01,4264.91,4319,4287.97,1.2,310,8.921553938
7114,2019/10/24 10:00,21.85,11.6,640,4263.06,4218.75,4253.2,4245,1.2,28,8.935187879
7115,2019/10/24 11:00,21.81,12,638,4206.72,4161.64,4216,4194.79,0.7,6,8.806022048
7116,2019/10/24 12:00,21.45,11.6,633,4137.86,4075,4191.75,4134.87,1.2,40,8.685450314
7117,2019/10/24 13:00,21.57,12.3,626,4107.37,4062.24,4117.23,4095.61,0.8,309,8.512922638
7118,2019/10/24 14:00,23.68,12.8,600,3850.08,3831.57,3788.34,3823.33,1.7,20,7.975308763
7119,2019/10/24 15:00,23.49,11.6,598,3812.76,3800.16,3775.9,3796.27,0.9,68,7.978603623
7120,2019/10/24 16:00,23.58,11.8,595,3768.96,3713.58,3757.6,3746.71,0.9,114,7.903778258
7121,2019/10/24 17:00,21.55,12.6,574,3612.02,3585.3,3564.06,3587.13,0.6,279,7.534965267
7122,2019/10/24 18:00,21.74,12.6,563,3501.28,3497.96,3475.68,3491.64,0.1,264,7.35460269
7123,2019/10/24 19:00,19.35,12.9,508,3076.71,2959.1,3057.39,3031.07,1.6,316,6.354223844
7124,2019/10/24 20:00,19.01,12.5,482,2971.35,2868.36,2854.83,2898.18,0,21,6.085423521
7125,2019/10/24 21:00,20.7,12.1,427,2587.95,2537.64,2492.45,2539.35,0.9,209,5.551422736
7126,2019/10/24 22:00,20.89,12.1,420,2531.28,2501.9,2469.6,2500.93,1,59,5.3562298
7127,2019/10/24 23:00,20.85,12.5,408,2406.4,2385,2366.25,2385.88,0,270,5.317726731
7128,2019/10/25 0:00,20.95,12.6,390,2345.13,2291.46,2282.4,2306.33,0,298,5.193910448
7129,2019/10/25 1:00,20.7,13,390,2296.8,2247.9,2251.44,2265.38,2,267,4.955315326
7130,2019/10/25 2:00,17.12,12.1,332,1959.98,1929,1846.08,1911.69,1.6,234,4.220678088
7131,2019/10/25 3:00,17.12,12.1,332,1928.06,1929,1846.08,1901.05,1.6,234,4.180601461
7132,2019/10/25 4:00,17.8,12.5,315,1815.26,1732.36,1771.92,1773.18,1.7,271,3.949343505
7133,2019/10/25 5:00,17.7,12.2,280,1626.79,1585.74,1501.65,1571.39,1.2,266,3.612721457
7134,2019/10/25 6:00,17.6,12.3,277,1564.92,1527.96,1517.48,1536.79,0.6,280,3.563716737
7135,2019/10/25 7:00,14.64,12.5,216,1280.5,1229.3,1168.2,1226,1.4,276,2.766942743
7136,2019/10/25 8:00,14.14,12.3,205,1178.31,1159.92,1078.82,1139.02,2,281,2.499966987
7137,2019/10/25 9:00,14.16,12.2,195,1126.23,1052.98,1019.1,1066.1,2,275,2.385736832
7138,2019/10/25 10:00,14.08,12.3,191,1088.64,1065.9,996.38,1050.31,1,297,2.387815924
7139,2019/10/25 11:00,12.39,11.9,117,611.8,628.18,609.9,616.63,0.7,266,1.469710845
7140,2019/10/25 12:00,11.6,12,102,584.22,557.67,525.62,555.84,0.6,272,1.359343082
7141,2019/10/25 13:00,6.78,4.3,217,1321.04,1309.28,1257.72,1296.01,1.5,270,2.734638794
7142,2019/10/25 14:00,7.14,4.3,230,1433.49,1406.57,1333.3,1391.12,1.7,253,2.97549453
7143,2019/10/25 15:00,7.87,4.7,262,1626.24,1556.72,1505.25,1562.74,1.7,274,3.352168707
7144,2019/10/25 16:00,9.6,5.5,297,1831.5,1827.58,1706.48,1788.52,2.6,268,3.817181215
7145,2019/10/25 17:00,10.06,5.7,314,1927.63,1901.9,1818.18,1882.57,3.2,250,4.018850739
7146,2019/10/25 18:00,12.6,6.9,371,2287.06,2332.35,2395.8,2338.4,3.2,262,4.93618395
7147,2019/10/25 19:00,13.06,6.9,384,2474.08,2480.66,2471.25,2475.33,4.1,257,5.25429998
7148,2019/10/25 20:00,14.03,7.6,417,2685.5,2600.35,2689.6,2658.48,2.8,278,5.649877373
7149,2019/10/25 21:00,14.62,8.5,438,2803.4,2753.73,2816.64,2791.26,2.4,243,5.878610651
7150,2019/10/25 22:00,16.89,9.4,477,3018.76,3058.56,3076.26,3051.19,3.7,264,6.440838992
7151,2019/10/25 23:00,17.33,9.5,483,3082.75,3165.5,3134.67,3127.64,4.5,270,6.629510548
7152,2019/10/26 0:00,17.72,9.6,505,3225.53,3280.29,3332.05,3279.29,3.6,246,6.898810008
7153,2019/10/26 1:00,18.18,10.3,474,3217.08,3177.9,3115.35,3170.11,4.3,268,6.75964296
7154,2019/10/26 2:00,18.08,10.3,477,3175.2,3110.52,3087.88,3124.53,5.2,261,6.67142427
7155,2019/10/26 3:00,19.51,11.2,568,3786.72,3750.93,3840,3792.55,5.4,252,8.041630091
7156,2019/10/26 4:00,20.01,11.4,566,3769.08,3776.96,3853.17,3799.74,3.9,284,7.995518523
7157,2019/10/26 5:00,20.76,11.2,554,3878.4,3796.92,3700.97,3792.1,4.2,236,8.06773827
7158,2019/10/26 6:00,21.43,12,584,4038.6,3968.84,3975.1,3994.18,4.4,261,8.480036005
7159,2019/10/26 7:00,21.74,12.1,566,3879.6,3841.44,3867.15,3862.73,4.3,290,8.205906395
7160,2019/10/26 8:00,21.82,12.3,592,3905.04,3892.76,4025.84,3941.21,4.3,269,8.325068085
7161,2019/10/26 9:00,21.74,12.1,592,3899.1,3981.6,4070.08,3983.59,4.3,269,8.404472952
7162,2019/10/26 10:00,21.97,12.4,588,3994.2,4025.84,3987.86,4002.63,6,275,8.555245902
7163,2019/10/26 11:00,22.66,12.8,621,4120.64,4133.05,4258.8,4170.83,4.7,267,8.953477133
7164,2019/10/26 12:00,22.89,12.8,621,4202.8,4170.6,4195.04,4189.48,4.5,272,8.882525962
7165,2019/10/26 13:00,23.22,12.8,611,4177.22,4151.08,4207.6,4178.63,4.7,256,8.891787171
7166,2019/10/26 14:00,23.66,13,650,4326.92,4219.24,4370.19,4305.45,3.3,277,9.065381611
7167,2019/10/26 15:00,23.91,13,651,4419.56,4361,4362.5,4381.02,2.6,264,9.248509488
7168,2019/10/26 16:00,24.47,13.2,653,4300,4237.5,4293.75,4277.08,4.2,262,9.067702719
7169,2019/10/26 17:00,24.68,13.1,625,4118.4,4055.44,4075.26,4083.03,2.7,250,8.646201043
7170,2019/10/26 18:00,24.08,13,648,4320.03,4306.25,4305.6,4310.63,3.6,234,9.122291106
7171,2019/10/26 19:00,24.18,13.1,647,4413.3,4381.25,4378.88,4391.14,3.8,250,9.310119825
7172,2019/10/26 20:00,24.68,13.5,674,4411.68,4511.52,4435.76,4452.99,3.8,278,9.368829943
7173,2019/10/26 21:00,24.72,13.6,683,4716.11,4694.76,4570.56,4660.48,2.1,263,9.864910994
7174,2019/10/26 22:00,25.1,13.9,692,4674.8,4700.97,4757.07,4710.95,3.1,234,9.93082806
7175,2019/10/26 23:00,25.24,13.9,695,4692.02,4654.88,4787.92,4711.61,3.3,257,9.937968392
7176,2019/10/27 0:00,25.79,14,684,4636.31,4646.01,4735.35,4672.56,3.8,273,9.865076898
7177,2019/10/27 1:00,26.89,14.6,668,4594.2,4345.38,4569.45,4503.01,2.6,274,9.550199452
7178,2019/10/27 2:00,26.72,14.3,634,4513.6,4424.88,4333,4423.83,5.3,289,9.508082927
7179,2019/10/27 3:00,24.51,14.1,623,3874.64,3900,4018.56,3931.07,3.8,246,8.279216974
7180,2019/10/27 4:00,24.43,14.3,625,3918.6,3850.08,3974.74,3914.47,1.8,280,8.155634546
7181,2019/10/27 5:00,25.37,14.5,561,3479.85,3503.53,3519.36,3500.91,3,223,7.415539782
7182,2019/10/27 6:00,24.87,14.5,541,3365.15,3390.31,3366.99,3374.15,4.1,247,7.195710267
7183,2019/10/27 7:00,24.78,14.8,508,3295.96,3258.22,3185.16,3246.45,4.7,250,6.978621764
7184,2019/10/27 8:00,24.41,14.6,494,3187.8,3122.46,3039.52,3116.59,4.6,257,6.713477404
7185,2019/10/27 9:00,23.93,14.5,497,3046.24,3006.62,3031.78,3028.21,3.8,225,6.449969999
7186,2019/10/27 10:00,23.68,14.7,506,3170,3131.1,3072.3,3124.47,6,274,6.450907516
7187,2019/10/27 11:00,24.31,14.8,569,3620.14,3552.53,3567.63,3580.1,4.8,259,7.626817728
7188,2019/10/27 12:00,24.49,14.6,564,3557.46,3520.98,3503.53,3527.32,4.1,259,7.501291432
7189,2019/10/27 13:00,24.51,14.7,583,3520.98,3511.2,3568.2,3533.46,3.4,252,7.439953398
7190,2019/10/27 14:00,25.03,14.7,587,3609.32,3536.9,3724.38,3623.53,5.7,265,7.767035032
7191,2019/10/27 15:00,25.51,15.1,526,3287.5,3499.34,3256.25,3347.7,4.3,271,7.169443389
7192,2019/10/27 16:00,23.62,14.8,475,2826.88,2844,2799.76,2823.55,3,200,5.99282196
7193,2019/10/27 17:00,23.26,14.8,483,2823.18,2818.72,2807.95,2816.62,4.1,266,5.997883162
7194,2019/10/27 18:00,22.14,14.7,466,2762.25,2757.9,2776.92,2765.69,5,284,5.893200577
7195,2019/10/27 19:00,22.01,14.6,450,2811.12,2740.89,2660.65,2737.55,1.8,273,5.899743311
7196,2019/10/27 20:00,22.01,15.1,405,2414.23,2348.43,2400.3,2387.65,3.4,238,5.101437864
7197,2019/10/27 21:00,21.49,14.5,374,2305.05,2203.45,2194.2,2234.23,5,271,4.838435264
7198,2019/10/27 22:00,20.16,14.6,351,1952,1866.41,1914,1910.8,4.3,242,4.104977777
7199,2019/10/27 23:00,19.64,14.5,353,1993.3,1916.59,1977.6,1962.5,5.4,264,4.182351596
7200,2019/10/28 0:00,19.37,14.4,322,1775.57,1751.75,1805.54,1777.62,3,273,3.841051941
7201,2019/10/28 1:00,19.28,14.8,341,1928.55,1888,1891.44,1902.66,2.8,274,4.102122706
7202,2019/10/28 2:00,19.39,14.5,353,1909.71,1948.95,1993.68,1950.78,5.2,254,4.105866514
7203,2019/10/28 3:00,19.41,14.6,348,1993.51,1990.4,2006.46,1996.79,2.4,250,4.295337268
7204,2019/10/28 4:00,19.51,14.9,331,1852.49,1852.49,1920,1874.99,2.9,274,4.010911516
7205,2019/10/28 5:00,19.35,14.5,331,1826.85,1804.8,1824.68,1818.78,2.9,274,3.93021122
7206,2019/10/28 6:00,19.45,14.7,314,1797.6,1788.39,1801.98,1795.99,3,258,3.87523951
7207,2019/10/28 7:00,18.99,14.6,287,1600,1560.65,1606.4,1589.02,4.8,269,3.387118864
7208,2019/10/28 8:00,18.93,14.6,287,1583.27,1565.55,1603.89,1584.24,2.6,260,3.46197501
7209,2019/10/28 9:00,18.91,14.8,290,1628.14,1611.61,1652.42,1630.72,3.4,265,3.473622532
7210,2019/10/28 10:00,18.95,14.9,294,1598.87,1551.84,1615.44,1588.72,1.8,254,3.534378618
7211,2019/10/28 11:00,18.78,14.8,259,1433.6,1403.79,1401.4,1412.93,2.7,208,3.138667386
7212,2019/10/28 12:00,18.26,14.6,249,1352.56,1344,1358.94,1351.83,2.3,251,3.00111155
7213,2019/10/28 13:00,18.14,14.6,242,1282,1303.56,1320.66,1302.07,3.7,205,2.802033268
7214,2019/10/28 14:00,17.6,14.5,212,1143.81,1121.12,1132.08,1132.34,2.9,258,2.501464075
7215,2019/10/28 15:00,17.37,14.6,210,1079.91,1082.9,1098.55,1087.12,3.1,251,2.371706875
7216,2019/10/28 16:00,17.14,14.5,211,1099.08,1087.56,1121.12,1102.59,2.1,254,2.473490186
7217,2019/10/28 17:00,16.83,14.6,203,1073.52,1052.7,1090.48,1072.23,3,289,2.30667699
7218,2019/10/28 18:00,16.7,14.4,195,1049.6,1036.68,1057.42,1047.9,3.3,281,2.242394843
7219,2019/10/28 19:00,16.62,14.5,190,1036.8,1019.2,1038.31,1031.44,4.7,268,2.142173481
7220,2019/10/28 20:00,16.66,14.5,187,990.45,949.13,1027.18,988.92,2.1,272,2.215860787
7221,2019/10/28 21:00,16.03,14.3,156,880.44,857.25,863.6,867.1,3.3,275,1.892035312
7222,2019/10/28 22:00,15.72,14.2,154,825.5,805.18,811.52,814.07,1.8,234,1.906012673
7223,2019/10/28 23:00,15.62,14.2,140,797.5,781.05,779.82,786.12,2.9,259,1.724894841
7224,2019/10/29 0:00,15.45,14.2,128,669.92,681.48,721.62,691.01,1.6,246,1.613838879
7225,2019/10/29 1:00,15.1,14,112,641.58,631,641.58,638.05,3.3,250,1.388323507
7226,2019/10/29 2:00,14.99,14.1,110,625.68,614.46,628,622.71,2.5,252,1.405600656
7227,2019/10/29 3:00,14.83,14.1,108,607.68,601.92,615.44,608.35,1.8,267,1.406712757
7228,2019/10/29 4:00,14.05,13.8,79,485.87,469.5,468.75,474.71,2,247,1.143468892
7229,2019/10/29 5:00,13.7,13.8,78,445.17,449.28,460.28,451.58,0.8,258,1.163045429
7230,2019/10/29 6:00,13.6,13.8,74,430.56,429.87,429.18,429.87,0.9,245,1.133721763
7231,2019/10/29 7:00,13.14,13.5,60,365.8,357.86,363.44,362.37,2,217,0.711439791
7232,2019/10/29 8:00,13.05,13.5,60,352.83,350.55,363.44,355.61,1.4,242,0.929487444
7233,2019/10/29 9:00,12.97,13.5,60,359.02,357.28,371.4,362.57,0.4,242,1.035467172
7234,2019/10/29 10:00,12.95,13.5,60,359.6,360.76,367.8,362.72,1.3,258,0.925659396
7235,2019/10/29 11:00,12.8,13.3,58,346.64,344.96,357.86,349.82,1.3,275,0.876269095
7236,2019/10/29 12:00,12.37,13.1,39,256.62,262.3,261.87,260.26,2.7,200,0.67741992
7237,2019/10/29 13:00,11.95,13,36,230.66,229.9,235.17,231.91,1,216,0.741392001
7238,2019/10/29 14:00,11.78,13,34,218.16,218.88,225.33,220.79,0,213,0.815598841
7239,2019/10/29 15:00,11.78,13,34,205.36,218.88,225.33,216.52,0,213,0.796101734
7240,2019/10/29 16:00,11.43,12.8,26,186.31,185.38,185.38,185.69,0.5,228,0.676613912
7241,2019/10/29 17:00,11.37,12.8,25,174.58,169.4,180,174.66,0.2,212,0.70414171
7242,2019/10/29 18:00,11.24,12.7,19,167.16,162.27,160.38,163.27,1.9,181,0.264144799
7243,2019/10/29 19:00,11.16,12.7,18,154.7,149.5,154.18,152.79,0.8,224,0.584491789
7244,2019/10/29 20:00,11.03,12.6,15,142.32,136.39,137.31,138.67,0.1,263,0.577207407
7245,2019/10/29 21:00,10.93,12.6,14,118.2,124.95,128.48,123.88,0,232,0.585301461
7246,2019/10/29 22:00,10.6,12.4,10,105.48,111.15,111.53,109.39,0,261,0.515748991
7247,2019/10/29 23:00,5.74,5.7,48,255.43,265.44,281.25,267.37,0.2,107,0.888684911
7248,2019/10/30 0:00,5.79,5.7,51,278.52,283.95,290.72,284.4,0.1,93,0.953337897
7249,2019/10/30 1:00,5.91,5.7,56,304.8,305.28,307.23,305.77,0.5,95,0.970928106
7250,2019/10/30 2:00,6.1,5.7,62,332.28,337.08,347.05,338.8,0.7,93,1.015352042
7251,2019/10/30 3:00,6.64,5.9,77,416.65,425.7,440.22,427.52,1.4,92,1.136997991
7252,2019/10/30 4:00,6.82,6,80,436.56,435.2,444.5,438.75,1.1,75,1.210709755
7253,2019/10/30 5:00,6.89,6,80,438.6,435.2,446.6,440.13,1.5,85,1.178939366
7254,2019/10/30 6:00,7.12,6.1,77,422.4,421.08,444.5,429.33,1,73,1.201362461
7255,2019/10/30 7:00,7.18,6.1,74,421.74,408.32,431.12,420.39,0.8,87,1.202208433
7256,2019/10/30 8:00,7.39,6.3,72,402.57,397.42,407.04,402.34,0.8,68,1.18703605
7257,2019/10/30 9:00,7.49,6.5,70,382.8,389.18,391.22,387.73,0,36,1.248592754
7258,2019/10/30 10:00,7.56,6.5,70,382.8,386.74,391.84,387.13,0,0,1.280347007
7259,2019/10/30 11:00,8.02,6.7,90,467.93,473.6,464.28,468.6,1.1,97,1.285801735
7260,2019/10/30 12:00,7.99,6.8,94,474.34,487.16,471.38,477.63,1.5,68,1.288176044
7261,2019/10/30 13:00,7.85,6.7,100,489.44,492.8,507.18,496.47,0,95,1.418737957
7262,2019/10/30 14:00,9.1,7,123,637.56,610.85,596.13,614.85,1.3,113,1.604845547
7263,2019/10/30 15:00,11.54,7.5,229,1193.16,1224.72,1172.88,1196.92,0.5,94,2.831502009
7264,2019/10/30 16:00,12.14,7.7,257,1280.5,1292.94,1377.83,1317.09,0.9,84,3.004269462
7265,2019/10/30 17:00,12.55,7.7,259,1347.24,1326,1378.11,1350.45,0.6,78,3.141622764
7266,2019/10/30 18:00,12.68,7.8,267,1349.3,1354.32,1416.93,1373.52,0.2,79,3.191019007
7267,2019/10/30 19:00,16.14,8.6,384,2249.4,1951.32,2338.52,2179.75,1.1,75,4.740943203
7268,2019/10/30 20:00,20.28,9.8,378,3104,2385,2587.95,2692.32,0.4,307,6.2975037
7269,2019/10/30 21:00,20.37,9.6,516,3051.23,2841.6,3449.85,3114.23,1.1,81,6.482518198
7270,2019/10/30 22:00,24.74,9.9,527,3354.45,3344.64,3372.03,3357.04,0.3,177,7.142953823
7271,2019/10/30 23:00,25.28,10.1,525,3330.32,3339.28,3366.6,3345.4,0,180,7.229557292
7272,2019/10/31 0:00,26.43,10.5,527,3302.82,3334.77,3351.04,3329.54,0.6,203,7.211169214
7273,2019/10/31 1:00,26.43,10.5,527,3340.14,3354.98,3351.04,3348.72,0.6,203,7.266719164
7274,2019/10/31 2:00,28.89,11.6,567,3443.44,3476.16,3537.01,3485.54,0.8,352,7.407809405
7275,2019/10/31 3:00,28.58,11.8,570,3622.6,3561.2,3549.91,3577.9,0.3,262,7.759974895
7276,2019/10/31 4:00,28.33,11.1,558,3665.2,3556.3,3364.72,3528.74,0.3,194,7.786308213
7277,2019/10/31 5:00,28.06,12.3,584,3683.85,3659.61,3684.4,3675.95,0.6,281,7.863960866
7278,2019/10/31 6:00,28.43,12.5,584,3659.76,3720.96,3727.1,3702.61,0,273,7.872075764
7279,2019/10/31 7:00,29.54,11.4,584,3684.24,3733.21,3666.18,3694.54,1.4,244,8.002280617
7280,2019/10/31 8:00,29.97,11,585,3659.89,3739.32,3733.12,3710.78,0.7,263,7.998221625
7281,2019/10/31 9:00,30.14,11.4,588,3653.78,3684.48,3751.36,3696.54,1.5,340,7.911023053
7282,2019/10/31 10:00,29.47,12.1,593,3757.68,3769.6,3781.76,3769.68,1.1,267,8.097975903
7283,2019/10/31 11:00,28.22,12.9,617,3794.2,3836.24,3913.47,3847.97,0,271,8.08631926
7284,2019/10/31 12:00,31.2,13.3,550,3388.44,3690.5,3321.45,3466.8,0,255,7.536108688
7285,2019/10/31 13:00,31.09,12.3,661,3557.22,3907.88,4137.4,3867.5,1.5,272,8.010261889
7286,2019/10/31 14:00,30.72,12.6,601,3787.84,3781.44,3847.14,3805.47,1.4,273,8.171187462
7287,2019/10/31 15:00,30.03,12.5,598,3739.26,3744.95,3719.79,3734.67,0.1,343,7.942920366
7288,2019/10/31 16:00,30.81,12.6,585,3623.88,3757.2,3696.15,3692.41,1.7,267,7.959730928
7289,2019/10/31 17:00,30.33,12.5,618,3903.69,3950.16,3955.14,3936.33,0.4,296,8.366784078
7290,2019/10/31 18:00,30.22,12.7,592,3939.84,3914.76,3828,3894.2,0.9,175,8.42700582
7291,2019/10/31 19:00,29.58,12.8,589,3690.56,3660.25,3690.14,3680.32,0.4,173,7.91905905
7292,2019/10/31 20:00,29.56,13.1,584,3659.61,3575.79,3647.91,3627.77,1.1,6,7.697307259
7293,2019/10/31 21:00,29.97,13,581,3520.6,3648.16,3823.02,3663.93,0.9,218,7.856030803
7294,2019/10/31 22:00,30.7,13.5,626,4001.13,3933.36,3951.12,3961.87,3.9,267,8.574382872
7295,2019/10/31 23:00,29.78,13.5,578,3763.62,3714.88,3587.65,3688.72,0.5,313,7.982697582
7296,2019/11/1 0:00,29.91,13.8,596,3515.05,3513.93,3369.85,3466.28,0.7,335,7.433585613
7297,2019/11/1 1:00,30.39,13.8,629,3842.79,3859.9,3912.51,3871.73,0.4,259,8.196609631
7298,2019/11/1 2:00,32.33,14.2,625,3811.74,3810.96,3822.36,3815.02,1.5,281,8.166842825
7299,2019/11/1 3:00,32.49,14.6,629,3781.61,3828.37,3817.55,3809.18,1,282,8.102219086
7300,2019/11/1 4:00,31.29,13.9,629,3666.28,3756.69,3739.02,3720.66,1,282,7.886496704
7301,2019/11/1 5:00,31.29,13.1,581,2320.92,3636.05,3654.14,3203.7,2.6,274,6.665072969
7302,2019/11/1 6:00,29.74,13.7,581,3134.88,2529.7,3666.3,3110.29,2.2,274,6.44881962
7303,2019/11/1 7:00,28.31,13.5,399,2199.12,3664.98,3084.48,2982.86,2.5,245,6.372675625
7304,2019/11/1 8:00,26.95,13.4,548,2366.28,2286.6,2383.15,2345.34,2.7,275,5.112911713
7305,2019/11/1 9:00,26.74,13.5,451,2250,2391.32,2478.6,2373.31,0.6,257,5.220313299
7306,2019/11/1 10:00,26.16,13.5,480,2362.5,3642.4,2750.72,2918.54,1.1,204,6.038865891
7307,2019/11/1 11:00,27.41,13.4,640,3813.04,3745.19,3702.72,3753.65,1.7,278,7.975717022
7308,2019/11/1 12:00,28.05,13.3,344,3152.87,2605.68,2141.1,2633.22,1.2,178,6.341488634
7309,2019/11/1 13:00,26.28,13.6,326,2065.44,1851.15,1940.52,1952.37,0.1,38,4.636842189
7310,2019/11/1 14:00,25.51,14,339,1953,1838.16,2043.09,1944.75,0.9,297,4.513187259
7311,2019/11/1 15:00,24.93,14,460,2224.11,1841.4,2560.03,2208.51,0.4,39,4.823273271
7312,2019/11/1 16:00,25.16,13.8,358,2193.75,2473.31,2163.8,2276.95,0.8,5,4.947206685
7313,2019/11/1 17:00,23.2,13.6,372,2219.58,2016,2141.48,2125.69,1.6,59,4.719681896
7314,2019/11/1 18:00,23.1,13.8,464,2892.12,2758.8,2749.24,2800.05,2.6,259,6.053284635
7315,2019/11/1 19:00,24.91,13.9,548,3301.9,3100,3020.16,3140.69,1.3,265,6.821607047
7316,2019/11/1 20:00,26.58,14.1,613,3608.77,3751.26,3708.32,3689.45,1.5,262,7.722603244
7317,2019/11/1 21:00,28.91,14.6,609,3616.92,3537.69,3617.72,3590.78,2.1,283,7.629642063
7318,2019/11/1 22:00,29.58,14.6,595,3489.57,3428.67,3623.79,3514.01,1.3,213,7.45766998
7319,2019/11/1 23:00,28.99,14,505,3093.45,2802.96,3042.12,2979.51,1.3,298,6.529960693
7320,2019/11/2 0:00,27.56,14.9,474,3220.74,3001.2,2945.02,3055.65,0.4,245,6.807090788
7321,2019/11/2 1:00,27.18,15,545,3157.98,2795.01,2911.75,2954.91,0,1,6.391705257
7322,2019/11/2 2:00,25.83,14.1,328,1959.06,2064.12,1965.24,1996.14,0.1,259,4.663932356
7323,2019/11/2 3:00,25.04,14,531,2450.7,2840.88,3027.78,2773.12,0,326,5.54105584
7324,2019/11/2 4:00,25.85,14,555,2701.92,3337.2,3211.6,3083.57,1.9,106,6.315307955
7325,2019/11/2 5:00,27.64,15.1,590,3301.76,3339.45,3359.24,3333.48,0.8,306,6.967649798
7326,2019/11/2 6:00,28.03,15.3,575,3318.66,3303.32,3361.1,3327.69,0.5,341,6.935204949
7327,2019/11/2 7:00,26.28,14.8,502,3219.78,2869.05,2888.64,2992.49,0.9,62,6.509760521
7328,2019/11/2 8:00,26.68,14.3,418,2533.8,1649.2,2239.92,2140.97,2.6,110,4.958544821
7329,2019/11/2 9:00,26.5,14.6,469,2412.47,2404.78,2687.55,2501.6,1.2,38,5.301681244
7330,2019/11/2 10:00,25.28,15.1,427,2734.2,2515.05,2693.26,2647.5,1,273,5.819916496
7331,2019/11/2 11:00,22.83,14.5,383,1640.12,1620.24,1968.72,1743.03,0.7,301,3.918192187
7332,2019/11/2 12:00,23.18,13.8,197,1213.74,1630.6,1173.12,1339.15,1.3,175,3.117575064
7333,2019/11/2 13:00,21.91,13.6,187,767.5,732,845.29,781.6,0.5,138,2.08131993
7334,2019/11/2 14:00,19.35,14,205,1040.82,1069.3,1221.69,1110.6,1.1,296,2.584555026
7335,2019/11/2 15:00,18.64,14.1,164,1228.5,1145.58,912.5,1095.53,1.1,312,2.70337368
7336,2019/11/2 16:00,16.74,14.1,152,840.18,769.98,813.8,807.99,0.4,326,2.018678311
7337,2019/11/2 17:00,16.64,14.1,318,1014.4,1305.29,1606.4,1308.7,0.7,327,2.665696957
7338,2019/11/2 18:00,17.22,14.2,373,1928.55,1884.54,2060.82,1957.97,0.6,8,4.145043199
7339,2019/11/2 19:00,19.47,14.1,258,1579.76,1491.52,1408.96,1493.41,0.5,354,3.561436057
7340,2019/11/2 20:00,20.37,14.5,335,1799.16,1682.1,1646.91,1709.39,0.6,353,3.991946038
7341,2019/11/2 21:00,21.74,14.6,371,1885.52,1905.33,1990.8,1927.22,0.2,276,4.355506043
7342,2019/11/2 22:00,22.7,15.3,345,1842.97,1720.72,1853.28,1805.66,0.7,247,4.181403994
7343,2019/11/2 23:00,22.66,14.5,255,1551.27,1650,1501.74,1567.67,1.8,129,3.605124109
7344,2019/11/3 0:00,18.91,13.8,134,767.56,705.66,729.24,734.15,0.1,73,2.188390137
7345,2019/11/3 1:00,18.51,13.8,131,735.14,699.47,744,726.2,1,75,2.032054927
7346,2019/11/3 2:00,17.25,13.9,139,919.3,768.75,842.4,843.48,0.9,49,2.304860939
7347,2019/11/3 3:00,17.14,13.8,150,791.28,927.1,846.45,854.94,0.8,59,2.156106869
7348,2019/11/3 4:00,16.93,13.6,101,727.74,611.52,659.32,666.19,1.4,115,1.857383529
7349,2019/11/3 5:00,15.83,13.5,119,575,551.8,611.52,579.44,1.3,59,1.644036543
7350,2019/11/3 6:00,15.72,13.5,125,603.84,575.67,728.91,636.14,0.7,63,1.759553288
7351,2019/11/3 7:00,15.85,13.6,149,705.6,683.43,788.75,725.93,0.7,110,1.927023411
7352,2019/11/3 8:00,16.07,13.6,168,912.34,792.5,910.08,871.64,0.4,70,2.337481291
7353,2019/11/3 9:00,16.14,13.8,129,753.27,717.06,773.67,748,1.2,94,1.950487364
7354,2019/11/3 10:00,15.33,13.8,137,773.48,786.16,779.82,779.82,0.2,17,2.114440333
7355,2019/11/3 11:00,14.47,13.6,105,452.88,424.32,611.1,496.1,0.7,99,1.16633203
7356,2019/11/3 12:00,13.8,13.3,68,394.88,404.3,410.52,403.23,0.6,111,1.257603401
7357,2019/11/3 13:00,12.97,13.3,60,394.38,380.64,371.4,382.14,0.7,110,1.208978952
7358,2019/11/3 14:00,0.01,0.1,1,0,0,0,0,0.1,1,0.379993053
7359,2019/11/3 15:00,7.39,7.5,103,538.67,542.64,556.42,545.91,1.9,197,1.228658133
7360,2019/11/3 16:00,7.45,7.6,106,562.89,557.28,578.5,566.22,2.7,176,1.245864203
7361,2019/11/3 17:00,7.7,7.6,112,593.32,599.85,617.28,603.48,3.7,191,1.248159432
7362,2019/11/3 18:00,7.89,7.6,112,616.55,615.6,633.08,621.74,2,190,1.391347959
7363,2019/11/3 19:00,8.02,7.6,115,626.88,614.65,644,628.51,2.6,201,1.363416159
7364,2019/11/3 20:00,8.49,8.1,121,651.45,669.5,728.85,683.27,1.2,183,1.549674596
7365,2019/11/3 21:00,9.18,8.6,135,865.92,1174.8,815.22,951.98,1.6,232,1.921677386
7366,2019/11/3 22:00,9.93,8.8,166,1186.2,1169.97,1150.5,1168.89,2.4,185,2.500731917
7367,2019/11/3 23:00,11.51,9.5,288,1662.21,1789.76,1796.34,1749.44,5.4,197,3.562782424
7368,2019/11/4 0:00,12.91,10.1,288,1708.2,1823.68,1884.28,1805.39,5.4,197,3.772952823
7369,2019/11/4 1:00,14.51,10.6,398,2322.74,2344.27,2438.48,2368.5,3.1,178,4.891668765
7370,2019/11/4 2:00,14.82,10.7,394,2448.75,2392.84,2451.52,2431.04,2.5,211,5.09780337
7371,2019/11/4 3:00,15.62,10.8,359,2203.5,2093.04,2177.02,2157.85,3.9,181,4.571683369
7372,2019/11/4 4:00,15.62,11.2,331,2203.76,2063.93,2099.5,2122.4,4.9,191,4.512714826
7373,2019/11/4 5:00,15.78,11.6,350,2073.6,1972.53,2148.04,2064.72,2.2,199,4.39545241
7374,2019/11/4 6:00,16.18,11.8,399,2502.5,2362.36,2476.5,2447.12,2.2,226,5.180727408
7375,2019/11/4 7:00,17.72,12.8,447,2645.5,2702.55,2724.12,2690.72,1.2,229,5.633435291
7376,2019/11/4 8:00,18.01,12.6,412,2695.68,2788.52,2777.76,2753.99,2.1,244,5.774390322
7377,2019/11/4 9:00,18.47,12.5,412,2558.16,2672.6,2610.58,2613.78,4.9,191,5.487863819
7378,2019/11/4 10:00,18.85,13.1,470,2864.16,2957.8,2913.84,2911.93,2.5,234,6.069110633
7379,2019/11/4 11:00,21.47,14.1,385,2917.46,2677.59,2263.38,2619.48,3.3,199,5.763487417
7380,2019/11/4 12:00,19.24,13.6,277,1712.52,1570.92,1723.56,1669,3.9,193,3.646120637
7381,2019/11/4 13:00,18.04,13.6,295,1515.12,1495.26,1564.04,1524.81,3.1,221,3.314173283
7382,2019/11/4 14:00,17.78,13.5,338,1844.7,2303.32,1828.96,1992.33,5.8,196,4.11163738
7383,2019/11/4 15:00,18.29,13.8,319,2271.5,2260.44,1926.76,2152.9,5.7,214,4.939257247
7384,2019/11/4 16:00,20.37,15.1,571,2645.04,2881.08,3347.2,2957.77,3.3,238,5.867105029
7385,2019/11/4 17:00,21.33,15.4,462,2985.84,3506.02,2958.57,3150.14,5.2,184,6.569205762
7386,2019/11/4 18:00,21.79,15.3,448,2582.16,2195.88,2728.44,2502.16,3.6,239,5.264414499
7387,2019/11/4 19:00,21.64,15.6,507,3019.38,2536.83,3125.62,2893.94,3.6,214,6.003948994
7388,2019/11/4 20:00,22.8,15.6,428,2354.76,2387.7,2580.79,2441.08,4.4,207,5.132096332
7389,2019/11/4 21:00,20.51,16,325,2089.36,2099.02,1930.65,2039.68,3.6,213,4.348891894
7390,2019/11/4 22:00,20.08,15.8,271,1500.96,1472.56,1533.33,1502.28,2.5,235,3.31814656
7391,2019/11/4 23:00,20.89,16.8,466,2615.8,2853.76,3054.35,2841.3,3,206,6.474862293
7392,2019/11/5 0:00,22.66,17.1,404,2461.32,3734.7,3034.68,3076.9,3.8,237,6.347504643
7393,2019/11/5 1:00,23.64,17.4,526,3678.73,3648.2,3887.4,3738.11,5.7,203,7.950273661
7394,2019/11/5 2:00,24.33,17.3,347,4012.66,3818.43,2311.33,3380.81,5.2,242,7.475827772
7395,2019/11/5 3:00,23.6,17.2,401,2497.13,2734.2,2148.3,2459.88,4.3,235,5.243589196
7396,2019/11/5 4:00,23.06,17.5,520,2440.52,2641.76,3307.5,2796.59,3.4,248,5.514172756
7397,2019/11/5 5:00,23.2,17.4,380,3170,2821.5,2693.75,2895.08,4.6,165,6.134115452
7398,2019/11/5 6:00,23.3,17.6,336,2006.58,2175.69,2138.07,2106.78,3.9,235,4.423076737
7399,2019/11/5 7:00,21.18,17.3,378,2172.17,2145.87,2168.76,2162.27,3,188,4.5322767
7400,2019/11/5 8:00,21.51,17.8,342,1879.15,1823.59,1864.4,1855.71,5.5,161,3.822456486
7401,2019/11/5 9:00,20.93,18.1,238,1339.85,1276.64,1287.4,1301.3,3.3,218,2.861537507
7402,2019/11/5 10:00,20.72,18.1,231,1268.31,1249.38,1264.29,1260.66,5.1,202,2.620724764
7403,2019/11/5 11:00,20.3,18.1,220,1224.14,1159.2,1184.4,1189.25,4.4,203,2.533216334
7404,2019/11/5 12:00,19.97,18.1,223,1171.8,1144.78,1182.52,1166.37,4.4,217,2.447672717
7405,2019/11/5 13:00,19.8,18.2,255,1320.88,1329.3,1379.94,1343.37,4,169,2.786780676
7406,2019/11/5 14:00,20.78,18.8,520,2012.85,1907.2,2794.44,2238.16,6,221,4.268214352
7407,2019/11/5 15:00,22.29,19,623,3509.8,3728.37,3603.6,3613.92,7.2,243,7.543777977
7408,2019/11/5 16:00,24.53,18.9,398,2387.5,2216.84,2553.74,2386.03,7.6,201,5.039350306
7409,2019/11/5 17:00,23.84,18.8,417,2688.06,2336.16,2219.58,2414.6,7,173,5.076769942
7410,2019/11/5 18:00,24.99,19.7,362,2773.89,2387.5,2096.14,2419.18,5.5,231,5.213813718
7411,2019/11/5 19:00,24.64,19.4,363,2050,1962.5,2015.52,2009.34,7.9,195,4.211950514
7412,2019/11/5 20:00,24.99,19.8,536,3374.88,3323.1,3066.46,3254.81,7.9,244,6.901605344
7413,2019/11/5 21:00,25.64,20.2,508,3100,3136.26,3106.25,3114.17,4.9,234,6.473937222
7414,2019/11/5 22:00,25.64,20.1,508,2940.63,2893.86,2801.76,2878.75,4.9,234,5.981120146
7415,2019/11/5 23:00,25.97,20.2,478,2643.88,2802.69,2639.52,2695.36,5.1,228,5.586627548
7416,2019/11/6 0:00,25.76,20.4,485,2689.83,2543.75,2556.42,2596.67,5.5,185,5.346548946
7417,2019/11/6 1:00,26.22,20.5,545,3373.26,3514.3,3097.56,3328.37,6.3,219,6.991810116
7418,2019/11/6 2:00,27.26,20.8,556,3244.8,3008.34,3117.42,3123.52,3.4,258,6.483929636
7419,2019/11/6 3:00,27.26,20.8,520,3101.28,2903.11,3017.13,3007.17,4.9,210,6.257375699
7420,2019/11/6 4:00,26.58,20.8,492,3007.68,2987.5,2934.33,2976.5,8.2,197,6.325229551
7421,2019/11/6 5:00,26.39,21.1,549,2696.1,3288.48,3143.4,3042.66,4.7,205,6.171595362
7422,2019/11/6 6:00,24.95,21.3,354,1990.68,1793.75,1993.6,1926.01,4.5,187,3.981772785
7423,2019/11/6 7:00,24.16,21.2,295,1667.82,1572.48,1601.11,1613.8,6,178,3.27347989
7424,2019/11/6 8:00,23.7,21.1,309,1664.2,1730.52,1628.64,1674.45,2.5,192,3.598520358
7425,2019/11/6 9:00,24.83,21.5,433,2930.79,2863.68,2463.12,2752.53,5.2,232,5.740495434
7426,2019/11/6 10:00,27.1,21.6,439,2912.5,2994.6,2692.65,2866.58,6.1,220,6.017321829
7427,2019/11/6 11:00,27.1,21.6,439,2564.7,1983.78,2692.65,2413.71,6.1,220,4.933292917
7428,2019/11/6 12:00,25.51,21.6,315,1626.03,1640.35,1711.86,1659.41,5.6,252,3.408107505
7429,2019/11/6 13:00,24.78,21.8,423,2028.44,2018.75,2125,2057.4,6.5,237,4.107846447
7430,2019/11/6 14:00,25.28,22,423,3743.19,2516.52,2845.44,3035.05,6.5,237,6.422205799
7431,2019/11/6 15:00,27.74,22.5,623,3862.62,3837.78,3553.92,3751.44,7.3,210,7.921726211
7432,2019/11/6 16:00,25.28,21.7,235,1541.31,1248.45,1252.51,1347.42,3.2,207,3.135387423
7433,2019/11/6 17:00,24.04,21.8,243,1279.26,1287.52,1285.44,1284.07,6.7,234,2.538731607
7434,2019/11/6 18:00,23.91,22,268,1266.84,1250.38,1341.06,1286.09,5.1,244,2.619886944
7435,2019/11/6 19:00,24.01,22.1,358,1492.26,1696.46,1847.04,1678.59,4.5,242,3.294432309
7436,2019/11/6 20:00,25.57,22.4,451,2170.05,2034.5,2196.48,2133.68,4.4,216,4.317880709
7437,2019/11/6 21:00,26.22,22.6,391,2312.5,2068.36,2234.59,2205.15,5.1,203,4.504057317
7438,2019/11/6 22:00,26.45,23,372,2080.82,1928.16,2191.26,2066.75,6,201,4.140128585
7439,2019/11/6 23:00,26.78,22.9,374,2211.65,1977.6,2014.68,2067.98,4.1,224,4.354463277
7440,2019/11/7 0:00,26.64,23.1,374,2099.51,2043.09,2039.4,2060.67,4.1,224,4.266524109
7441,2019/11/7 1:00,26.47,23,288,1676.7,1527.68,1563.54,1589.31,4.6,241,3.3764365
7442,2019/11/7 2:00,25.47,22.9,209,1114.96,1038.7,1132.2,1095.29,3.8,229,2.410175747
7443,2019/11/7 3:00,23.74,22.6,182,905.52,885.6,931.76,907.63,4.1,245,1.945496924
7444,2019/11/7 4:00,22.58,22.4,105,570.58,557.52,567.76,565.29,2.8,252,1.370069479
7445,2019/11/7 5:00,22.39,22.5,103,533.28,533.28,557.52,541.36,4.5,233,1.135979308
7446,2019/11/7 6:00,22.26,22.5,78,446.96,422.45,428.4,432.6,3.1,183,1.102364935
7447,2019/11/7 7:00,22.1,22.6,73,413.31,405.96,409.86,409.71,5.9,196,0.752721904
7448,2019/11/7 8:00,22.04,22.6,69,389.35,374.85,380.8,381.67,4.5,242,0.834448162
7449,2019/11/7 9:00,21.95,22.5,76,374.22,359.29,387.4,373.64,3.1,201,0.966219282
7450,2019/11/7 10:00,22.03,22.6,99,413.31,430.56,464.1,435.99,5.3,228,0.846199558
7451,2019/11/7 11:00,22.16,22.6,106,493.64,491.18,495.51,493.44,4.6,259,1.045098596
7452,2019/11/7 12:00,23.35,23.1,174,920.82,891.75,845.12,885.9,2.9,230,1.723670565
7453,2019/11/7 13:00,24.18,23.5,192,948.64,939.42,996.3,961.45,2.5,199,2.193459757
7454,2019/11/7 14:00,24.2,23.5,136,840.42,789.1,729.47,786.33,3.6,273,1.794715923
7455,2019/11/7 15:00,22.62,23,87,427.42,419.3,429.84,425.52,3.8,227,0.997237155
7456,2019/11/7 16:00,22.47,23,90,431.28,442.52,432.89,435.56,4.4,216,0.946195851
7457,2019/11/7 17:00,22.35,22.8,91,468.78,463.54,473.21,468.51,5.2,211,0.933042323
7458,2019/11/7 18:00,22.26,22.8,88,458.28,450,468.78,459.02,4.2,218,1.00488028
7459,2019/11/7 19:00,22.24,22.7,87,453,444.74,454.48,450.74,3.7,227,1.044131582
7460,2019/11/7 20:00,22.14,22.7,87,446.96,438.73,461.23,448.97,4.4,190,0.96793137
7461,2019/11/7 21:00,22.1,22.6,93,471.12,460.46,486,472.53,5.3,186,0.925962447
7462,2019/11/7 22:00,22.05,22.7,102,485.6,496.1,516,499.23,4.5,211,1.037706555
7463,2019/11/7 23:00,22.14,22.6,100,516.8,509.88,529.83,518.84,2.3,252,1.30846614
7464,2019/11/8 0:00,22.06,22.5,85,458.28,444.74,455.24,452.75,4.3,207,0.992682337
7465,2019/11/8 1:00,0.01,0.1,1,0,0,0,0,0.1,1,0.379993053
7466,2019/11/8 2:00,12.89,13,111,585.12,585.9,601.35,590.79,5.2,12,1.174877928
7467,2019/11/8 3:00,12.93,13,120,613.44,618.38,650.96,627.59,4.3,339,1.156022522
7468,2019/11/8 4:00,13.18,12.9,128,680.52,680.52,704.85,688.63,1.2,318,1.505850361
7469,2019/11/8 5:00,13.25,12.8,126,651.78,653.02,661.5,655.43,4.2,29,1.430970577
7470,2019/11/8 6:00,13.32,12.8,132,640.34,635,666.74,647.36,1.2,340,1.414586428
7471,2019/11/8 7:00,13.3,12.8,140,733.12,726.8,724.5,728.14,2.2,14,1.781181247
7472,2019/11/8 8:00,13.47,13,173,861.62,900.99,964.5,909.04,0.8,319,1.968024758
7473,2019/11/8 9:00,14.45,13.1,188,1036.84,1020.78,1051.24,1036.29,0.6,241,2.421040694
7474,2019/11/8 10:00,14.32,13.1,190,1038.45,1033.62,1051.24,1041.1,2.1,8,2.379270956
7475,2019/11/8 11:00,14.2,13,210,1091.4,1130.5,1157.4,1126.43,3.6,34,2.368329791
7476,2019/11/8 12:00,14.76,13.4,272,1360.8,1401.74,1457.7,1406.75,1,349,3.018545958
7477,2019/11/8 13:00,14.85,13.4,284,1481.63,1470.6,1513.4,1488.54,1.8,351,3.154319025
7478,2019/11/8 14:00,15.33,13.5,289,1599,1639.44,1558.48,1598.97,2.7,13,3.361960118
7479,2019/11/8 15:00,15.51,13.5,280,1505.18,1552.8,1526.28,1528.09,5.1,358,3.102325617
7480,2019/11/8 16:00,15.76,13.4,280,1524.56,1519.84,1511.05,1518.48,2.3,41,3.280923301
7481,2019/11/8 17:00,16.01,13.6,304,1578.68,1640.84,1670.55,1630.02,3.3,68,3.371488427
7482,2019/11/8 18:00,16.37,13.7,306,1710.72,1691.09,1671.8,1691.2,1,272,3.74828538
7483,2019/11/8 19:00,16.84,14.1,318,1785.72,1800.4,1765.5,1783.87,1.8,266,3.850225524
7484,2019/11/8 20:00,16.85,13.8,308,1799.55,1769.16,1736.1,1768.27,4.1,287,3.727583927
7485,2019/11/8 21:00,17.35,14.3,316,1858.27,1871.72,1851.84,1860.61,4.8,338,3.881693784
7486,2019/11/8 22:00,16.72,14.1,226,1205.82,1189.32,1235.78,1210.31,2.1,299,2.650578046
7487,2019/11/8 23:00,15.97,14.1,308,1436.12,1519.84,1594.64,1516.87,2,286,3.183979861
7488,2019/11/9 0:00,16.02,14.3,328,1882.1,1856.89,1795.88,1844.96,2.1,18,3.874774531
7489,2019/11/9 1:00,16.01,14.2,338,1937.52,1931.54,1932,1933.69,4.5,335,3.982077947
7490,2019/11/9 2:00,16.22,14.1,347,1944.46,1922.1,1976.76,1947.77,3,327,4.059493414
7491,2019/11/9 3:00,16.45,14.2,346,1864.05,2080.12,2028.24,1990.8,2,306,4.107020871
7492,2019/11/9 4:00,16.72,14.3,371,2151.36,2164.1,2144.52,2153.33,4.4,350,4.455821199
7493,2019/11/9 5:00,15.8,13.8,227,1453.5,2931.2,1331.01,1905.24,1.4,15,3.629150937
7494,2019/11/9 6:00,16.03,14,381,2177.5,2242.08,2424.5,2281.36,1.8,258,4.689844453
7495,2019/11/9 7:00,16.39,14,402,2226.42,2189.94,2186.86,2201.07,2.1,262,4.631400175
7496,2019/11/9 8:00,16.95,14.1,451,2622.76,2678.58,2656.8,2652.71,6.2,15,5.354721328
7497,2019/11/9 9:00,17.93,14.8,505,2986.35,3096.03,3052.8,3045.06,1.1,293,6.236709544
7498,2019/11/9 10:00,18.78,14.4,450,2826.81,2805.21,2788.06,2806.69,4,310,5.824724137
7499,2019/11/9 11:00,18.97,14.6,448,2717.84,2724.25,2713.62,2718.57,2.4,297,5.680347238
7500,2019/11/9 12:00,19.22,14.6,468,2816.56,2775.3,2775.53,2789.13,3.6,282,5.820863857
7501,2019/11/9 13:00,18.82,14.3,476,2814.28,2768.92,2796.8,2793.33,2.5,266,5.820511904
7502,2019/11/9 14:00,18.45,13.8,402,2666.56,2498.49,2323.2,2496.08,3.7,307,5.367936193
7503,2019/11/9 15:00,18.33,14.1,427,2446.02,2347.84,2442.21,2412.02,2.2,276,5.094417907
7504,2019/11/9 16:00,18.04,14,443,2475.55,2545.62,2642.73,2554.63,2.4,314,5.265224983
7505,2019/11/9 17:00,18.2,14,446,2696.1,2655.59,2634.51,2662.07,4.2,279,5.563860255
7506,2019/11/9 18:00,18.14,13.9,495,2730.56,2604.15,2817.99,2717.57,2.6,311,5.59963632
7507,2019/11/9 19:00,18.56,14.3,465,2640.4,2915.66,2666.84,2740.97,3.4,306,5.657565908
7508,2019/11/9 20:00,18.58,13.9,423,2784,2719.86,2677.41,2727.09,3.2,357,5.756758148
7509,2019/11/9 21:00,17.97,13.6,546,2850.9,2991.72,3206.4,3016.34,2.3,297,6.032312174
7510,2019/11/9 22:00,18.97,14,527,3036.66,3054.42,2965.45,3018.84,1.7,275,6.279359028
7511,2019/11/9 23:00,16.64,13.3,302,1551.22,1488.87,1534.38,1524.82,2.7,2,3.296415566
7512,2019/11/10 0:00,15.95,13.1,317,1691.28,1592.16,1813.26,1698.9,1.6,275,3.679188271
7513,2019/11/10 1:00,15.83,12.8,318,1784.75,1627.92,1815.26,1742.64,2.9,300,3.721611342
7514,2019/11/10 2:00,15.89,12.9,303,1788.48,1751.68,1778.34,1772.83,3.6,31,3.686313437
7515,2019/11/10 3:00,15.08,12.6,282,1555.2,1489.95,1489.44,1511.53,2.5,321,3.240880772
7516,2019/11/10 4:00,14.29,12.3,225,1264.2,1199.7,1279.57,1247.82,3.2,283,2.633557538
7517,2019/11/10 5:00,13.85,11.8,195,1138.72,1096.5,1081.92,1105.71,4.3,288,2.300264574
7518,2019/11/10 6:00,13.47,11.7,192,1051.35,1012.65,1025.6,1029.87,4,259,2.159718256
7519,2019/11/10 7:00,12.83,11.4,207,1088.36,1130.5,1062.4,1093.75,2.4,259,2.326773218
7520,2019/11/10 8:00,12.87,11.7,207,1192.32,1204.28,1264.2,1220.27,2.4,259,2.550729672
7521,2019/11/10 9:00,13.64,11.6,370,2073.18,1906.76,2076.69,2018.88,3.9,276,4.198734963
7522,2019/11/10 10:00,14.77,11.8,416,2410.4,2368.85,2344.9,2374.72,5,286,4.9414833
7523,2019/11/10 11:00,15.22,11.8,370,2171.28,2073.6,2067.12,2104,4.8,290,4.435253434
7524,2019/11/10 12:00,15.47,12.3,461,2349.38,2447.76,2575.06,2457.4,2.5,277,4.999557554
7525,2019/11/10 13:00,15.83,12.1,469,2740.71,2706.74,2702.16,2716.54,1.6,272,5.677350598
7526,2019/11/10 14:00,16.2,12,492,2743,2864.16,2932.84,2846.67,2.1,329,5.799316437
7527,2019/11/10 15:00,16.8,12.3,436,2920.5,2805.54,2600.1,2775.38,3.1,261,5.899779943
7528,2019/11/10 16:00,15.47,11.8,309,1740.43,1702.8,1762.56,1735.26,3.7,278,3.673943975
7529,2019/11/10 17:00,14.45,11.5,263,1770.72,1664.1,1621.46,1685.43,4.6,300,3.579509898
7530,2019/11/10 18:00,14.47,11.5,249,1466.74,1406.16,1518.66,1463.85,3.1,304,3.09331362
7531,2019/11/10 19:00,13.87,11.5,186,1262.94,1190.48,1156.34,1203.25,3.9,269,2.558607895
7532,2019/11/10 20:00,13.35,11.5,171,1098.5,1011.08,1019.19,1042.92,3.2,275,2.231929031
7533,2019/11/10 21:00,12.47,10.8,153,914.48,887.34,906.63,902.82,2.2,279,1.935367515
7534,2019/11/10 22:00,12.14,10.6,150,895.16,871.76,882.28,883.07,3.8,311,1.770258044
7535,2019/11/10 23:00,11.87,10.7,139,808.75,763.98,821.76,798.16,4.1,284,1.604224407
7536,2019/11/11 0:00,11.47,10.6,172,908.6,909.45,962.54,926.86,4.4,288,1.815578835
7537,2019/11/11 1:00,11.76,10.8,166,942.5,879.92,901.6,908.01,4.7,277,1.838621381
7538,2019/11/11 2:00,11.81,10.7,173,882.28,897.94,937.32,905.85,3.7,287,1.802105294
7539,2019/11/11 3:00,11.87,10.7,173,949,920.92,969,946.31,4.1,265,1.923456573
7540,2019/11/11 4:00,11.99,10.7,128,861.84,794.58,765.17,807.2,3.8,287,1.673278731
7541,2019/11/11 5:00,11.89,10.7,124,694.44,654.05,717.92,688.8,3.6,282,1.402627261
7542,2019/11/11 6:00,11.6,10.8,155,696.51,725.04,769.2,730.25,3.4,292,1.432278221
7543,2019/11/11 7:00,11.6,10.6,131,724.64,652.8,632.61,670.02,5.5,296,1.344937783
7544,2019/11/11 8:00,11.49,10.6,134,605.15,597.84,614.98,605.99,5.1,300,1.162614227
7545,2019/11/11 9:00,11.58,10.8,228,722.07,839.8,991.44,851.1,4.1,294,1.565701141
7546,2019/11/11 10:00,11.74,11.1,236,950.46,1043.28,1165.29,1053.01,3.1,286,2.287022704
7547,2019/11/11 11:00,12.43,11.1,231,1171.8,1157,1149.88,1159.56,3.3,280,2.40477844
7548,2019/11/11 12:00,12.45,10.9,191,1121.44,1066,1043.28,1076.91,3.7,284,2.244408985
7549,2019/11/11 13:00,12.14,10.7,171,1004.4,994.84,994.84,998.03,5.5,259,2.013353665
7550,2019/11/11 14:00,11.39,10.6,137,707.3,706.2,710.4,707.97,3.4,301,1.401165233
7551,2019/11/11 15:00,11.28,10.6,126,622.74,590.55,661.26,624.85,4.3,274,1.234708532
7552,2019/11/11 16:00,10.93,10.5,134,639,682.66,713.44,678.37,3.7,311,1.262027509
7553,2019/11/11 17:00,11.22,10.8,108,631.12,624.26,628.65,628.01,3.8,290,1.227344185
7554,2019/11/11 18:00,10.3,10.3,74,442.4,436.77,448.01,442.39,2,298,0.91830895
7555,2019/11/11 19:00,10.18,10.3,84,484.12,470.64,492.03,482.26,3.8,279,0.931254807
7556,2019/11/11 20:00,10.2,10.3,82,457.2,456.48,470.25,461.31,4,278,0.880735092
7557,2019/11/11 21:00,10.03,10.1,74,450.85,442.4,459.17,450.81,3.3,271,0.89843523
7558,2019/11/11 22:00,10.01,10.1,87,502.44,487.41,525.39,505.08,1.7,269,1.095398603
7559,2019/11/11 23:00,10.03,10,62,451.56,438.2,415.8,435.19,3.3,301,0.843165495
7560,2019/11/12 0:00,9.89,10,59,364.24,356.82,374.4,365.15,2.4,277,0.771023341
7561,2019/11/12 1:00,9.85,10,59,352.24,343.2,341.55,345.66,2.9,279,0.714371352
7562,2019/11/12 2:00,9.78,10,72,338.58,334.8,389.98,354.45,2.6,286,0.712103404
7563,2019/11/12 3:00,9.91,10,92,530.37,524.56,504.8,519.91,3.7,277,1.017463096
7564,2019/11/12 4:00,9.87,9.8,67,324.48,323.44,355.11,334.34,4.9,271,0.620542047
7565,2019/11/12 5:00,9.74,9.9,73,353.36,281.25,420.76,351.79,4.3,277,0.608652516
7566,2019/11/12 6:00,9.51,10,63,429.76,448.72,417.12,431.87,2.3,263,0.904982396
7567,2019/11/12 7:00,9.51,9.8,48,284.74,286.58,327.08,299.47,3.2,280,0.581507367
7568,2019/11/12 8:00,9.16,9.6,30,206.72,195.84,204.68,202.41,4.2,286,0.378498417
7569,2019/11/12 9:00,8.81,9.5,32,183.6,181.5,205.36,190.15,3.1,280,0.385762165
7570,2019/11/12 10:00,8.74,9.5,36,196.8,207.06,224.96,209.61,5.7,287,0.320019558
7571,2019/11/12 11:00,8.74,9.6,41,227.55,228.29,243.2,233.01,4.7,274,0.405877006
7572,2019/11/12 12:00,8.66,9.5,23,170.24,156.78,168.56,165.19,4,271,0.321112074
7573,2019/11/12 13:00,8.54,9.3,40,235.6,229.03,245.6,236.74,3.9,287,0.428715574
7574,2019/11/12 14:00,8.54,9.3,40,221.76,221.76,222.48,222,3.4,277,0.43686221
7575,2019/11/12 15:00,0.01,0.1,1,0,0,0,0,0.1,1,0.379993053
7576,2019/11/12 16:00,1.49,0.7,167,851.76,1001.96,997.52,950.41,1.8,295,1.709281737
7577,2019/11/12 17:00,3.01,1.3,182,1345.51,1605.24,1161,1370.58,2.6,270,2.712308031
7578,2019/11/12 18:00,3.76,2,248,2174.62,1811.68,1507.38,1831.23,2.3,276,4.040055897
7579,2019/11/12 19:00,4.56,2.3,231,1383.12,1442.88,1462.78,1429.59,3.6,278,2.858151031
7580,2019/11/12 20:00,5.05,3.1,503,1817.9,1912.4,2925.78,2218.69,4,300,4.172911141
7581,2019/11/12 21:00,7.03,3.6,251,2669.04,2418.7,2074.8,2387.51,3.4,284,5.187501489
7582,2019/11/12 22:00,6.99,3.6,316,1561.7,1604.12,1972.74,1712.85,2.8,281,3.450573238
7583,2019/11/12 23:00,9.14,5,364,2267.86,2498.58,2181.2,2315.88,4.5,271,4.819859481
7584,2019/11/13 0:00,9.33,5.2,364,3051,3184.22,2961.48,3065.57,4.5,271,6.425280513
7585,2019/11/13 1:00,10.74,5.8,407,3748.54,3271.41,3045.2,3355.05,3.6,285,7.267417233
7586,2019/11/13 2:00,10.81,5.6,390,2877.12,3164.37,2851.44,2964.31,2.5,284,6.203785376
7587,2019/11/13 3:00,12.12,6.6,596,3993,3922.88,3929.44,3948.44,3.7,290,8.141660712
7588,2019/11/13 4:00,13.37,6.8,629,4270.6,4179.5,4237.92,4229.34,4.5,275,8.767213054
7589,2019/11/13 5:00,13.52,7.1,636,4270.6,4160.09,4348.5,4259.73,5.1,281,8.851082821
7590,2019/11/13 6:00,13.62,7.2,624,4211.52,4127.64,4088.7,4142.62,2,318,8.58538167
7591,2019/11/13 7:00,13.74,7.5,644,4309.62,4302.72,4386.66,4333,4,289,8.940268327
7592,2019/11/13 8:00,14.39,7.5,640,4315.49,4335.12,4373.42,4341.34,4.5,267,8.999598062
7593,2019/11/13 9:00,13.83,7.5,653,4452.84,4424.28,4508,4461.71,3.9,278,9.235089836
7594,2019/11/13 10:00,14.14,7.3,653,4471.2,4463.86,4540.2,4491.75,4.6,278,9.324354887
7595,2019/11/13 11:00,12.31,7,681,4648.76,4665.6,4809.09,4707.82,3.1,357,9.591183569
7596,2019/11/13 12:00,13.31,7.5,681,4732.77,4728.72,4828.93,4763.47,2.4,305,9.822512569
7597,2019/11/13 13:00,13.93,7.8,694,4821.12,4787.8,4875.08,4828,5,274,10.06346582
7598,2019/11/13 14:00,13.99,7.3,729,5009.04,4985.6,4992.3,4995.65,2.9,342,10.3391893
7599,2019/11/13 15:00,15.24,7.5,761,5232.3,5282.64,5217.03,5243.99,6.1,318,10.8222939
7600,2019/11/13 16:00,14.62,7.5,756,5270.82,5297.31,5212.46,5260.2,4.4,290,10.90403047
7601,2019/11/13 17:00,15.28,7.4,773,5356.8,5336.04,5425.08,5372.64,2.2,273,11.20629938
7602,2019/11/13 18:00,14.89,7.4,782,5352.35,5393.28,5510.05,5418.56,2.9,313,11.19046617
7603,2019/11/13 19:00,14.32,7.1,784,5454.91,5423,5503.68,5460.53,2.2,276,11.45446752
7604,2019/11/13 20:00,14.95,7.8,786,5408,5418.72,5460.48,5429.07,1.9,285,11.31314152
7605,2019/11/13 21:00,15.91,7.8,790,5420.87,5230.99,5421.98,5357.95,2.8,323,11.24123472
7606,2019/11/13 22:00,16.87,8.6,789,5475.45,5488.72,5562.9,5509.02,2.3,296,11.48179552
7607,2019/11/13 23:00,17.72,8,799,5608.38,5411.01,5546.36,5521.92,2.6,271,11.66292195
7608,2019/11/14 0:00,18.45,8.8,786,4921.8,5575,5675.53,5390.78,3.2,296,10.79807837
7609,2019/11/14 1:00,16.7,8.6,741,4929.29,4986.24,5195.04,5036.86,5.6,297,10.48364748
7610,2019/11/14 2:00,16.14,8,753,5342.04,5128,5536,5335.35,3.7,6,11.4818564
7611,2019/11/14 3:00,16.37,8.6,748,5021.06,5542.64,5440,5334.57,4.4,279,11.10807528
7612,2019/11/14 4:00,17.43,8.8,748,5193.56,5385.93,5247.57,5275.69,2.9,279,10.93614868
7613,2019/11/14 5:00,16.12,8.4,654,4524.88,4326.75,4830.84,4560.82,3.4,268,9.493711803
7614,2019/11/14 6:00,15.78,8.3,629,4179.56,4289.04,4172.8,4213.8,4.2,275,8.733031605
7615,2019/11/14 7:00,15.51,8.3,692,4891.32,4909.92,4719.62,4840.29,2.3,289,10.12230452
7616,2019/11/14 8:00,14.97,7.8,659,4558.38,3451.84,4374.26,4128.16,1.6,292,8.836465813
7617,2019/11/14 9:00,15.43,8,748,4798.8,4801.8,4907.52,4836.04,2.3,5,10.2279411
7618,2019/11/14 10:00,16.12,8.3,602,4985.85,4970.39,3609.32,4521.85,2.6,341,9.814305051
7619,2019/11/14 11:00,15.53,8.2,528,3273.44,3645.04,2974.79,3297.76,2,280,6.904742701
7620,2019/11/14 12:00,13.79,7.6,570,3041.1,2743,2762.5,2848.87,3.9,288,5.944309444
7621,2019/11/14 13:00,12.72,7.6,501,3265.34,3011.36,2961.36,3079.35,2.6,324,6.521251852
7622,2019/11/14 14:00,12.35,7.6,427,2785.2,2663.36,2515.2,2654.59,1,329,5.739768404
7623,2019/11/14 15:00,12.53,7.6,444,2524.44,2589.87,2629.08,2581.13,4.8,5,5.288478249
7624,2019/11/14 16:00,11.97,7.3,433,2482.45,2423.5,2491.74,2465.9,2.4,343,5.170295332
7625,2019/11/14 17:00,11.89,8,441,2532.16,2553.04,2547.6,2544.27,2.8,298,5.278019238
7626,2019/11/14 18:00,12.06,8.1,436,2755.6,2588.58,2790.3,2711.49,1.6,287,5.675866116
7627,2019/11/14 19:00,12.33,7.5,595,3045.2,3055,2971.15,3023.78,1.2,352,6.147948405
7628,2019/11/14 20:00,12.85,8.1,507,2912.78,2983.2,3220.88,3038.95,2.3,270,6.354623766
7629,2019/11/14 21:00,13.22,8.2,569,2991.36,2969.64,3255,3072,1.9,262,6.195745755
7630,2019/11/14 22:00,15.14,9,503,3554.37,3594.5,3033.6,3394.16,5.6,292,7.150103411
7631,2019/11/14 23:00,15.28,9,503,3214.4,4669.8,3257.98,3714.06,4,292,7.591129803
7632,2019/11/15 0:00,16.66,8.7,539,3244.35,4038.58,3603.54,3628.82,4,273,7.503516873
7633,2019/11/15 1:00,16.53,8.7,584,3215.59,3779.7,3839.16,3611.48,2.3,274,7.280207666
7634,2019/11/15 2:00,15.47,8.2,535,3351.28,3797.28,3929.04,3692.53,1.7,339,7.407915486
7635,2019/11/15 3:00,15.03,8,595,3153.6,3027.15,3237,3139.25,1.6,314,6.432648111
7636,2019/11/15 4:00,15.24,8.5,584,3642.78,3597.32,3595.46,3611.85,2.4,285,7.485283852
7637,2019/11/15 5:00,15.32,8.9,662,3879.96,3947.72,3854.5,3894.06,2.3,315,7.956638633
7638,2019/11/15 6:00,15.97,8.2,592,3712.28,3625.72,3636.14,3658.05,0.9,271,7.63337063
7639,2019/11/15 7:00,16.56,8.9,596,3662.02,3508.11,3572.38,3580.84,2.7,276,7.463911847
7640,2019/11/15 8:00,15.99,8.8,581,3694.37,3657.92,3567.76,3640.02,0.7,259,7.616529193
7641,2019/11/15 9:00,16.97,9.3,560,3419.64,3384.48,3399.15,3401.09,2.3,277,7.097274239
7642,2019/11/15 10:00,14.87,8.6,617,3649.32,3611.14,3616.73,3625.73,1.5,266,7.448430876
7643,2019/11/15 11:00,12.8,7.9,358,2844.9,2600.94,2523.24,2656.36,1.9,299,5.780949555
7644,2019/11/15 12:00,12.97,8.4,346,2390.75,1486.21,2299.91,2058.96,2.8,279,4.528638581
7645,2019/11/15 13:00,12.16,8.3,426,1531.2,2197.72,1997.75,1908.89,1.9,293,3.652676945
7646,2019/11/15 14:00,9.72,7.4,429,1755.6,1725.21,1707.52,1729.44,2.1,280,3.597105479
7647,2019/11/15 15:00,9.72,7.1,275,1795.6,1940.4,1419.12,1718.37,2.3,319,3.630541946
7648,2019/11/15 16:00,9.62,7.4,270,1482.96,1465.2,1331.18,1426.45,5,270,2.987049772
7649,2019/11/15 17:00,10.1,7.9,183,2363.84,2492.88,1777.23,2211.32,2.6,276,4.731608598
7650,2019/11/15 18:00,11.7,8,419,2366.91,2451.48,2401.7,2406.7,5.4,299,5.012476831
7651,2019/11/15 19:00,12.01,8.4,365,2475.88,2362.22,2187.81,2341.97,2.7,276,5.009968817
7652,2019/11/15 20:00,11.79,8.4,376,2138.26,2115.54,2148.34,2134.05,1.4,302,4.519993473
7653,2019/11/15 21:00,11.68,8.7,362,2158.24,2059.84,2003.85,2073.98,3.2,287,4.382381852
7654,2019/11/15 22:00,11.47,8.1,345,2039.4,1902.4,1898.73,1946.84,2.6,317,4.153684465
7655,2019/11/15 23:00,11.05,8.4,316,1680.45,1762.2,1741.05,1727.9,1.7,322,3.597739404
7656,2019/11/16 0:00,10.85,8.1,316,1689.6,1616.22,1486.85,1597.56,1.2,264,3.534434452
7657,2019/11/16 1:00,10.93,8.3,290,1626.06,1598.94,1504.53,1576.51,2.4,280,3.358369695
7658,2019/11/16 2:00,10.45,8.1,255,1355.85,1237.95,1368.64,1320.81,1.6,286,2.851408326
7659,2019/11/16 3:00,7.72,7.5,175,792.55,885.6,856.7,844.95,2,297,1.619000993
7660,2019/11/16 4:00,7.51,7.3,168,746.7,762.12,735.84,748.22,3,347,1.350600713
7661,2019/11/16 5:00,7.37,7.3,155,789.6,821.25,823.75,811.53,1.9,303,1.564023283
7662,2019/11/16 6:00,7.25,7.5,172,733.71,771.72,773.37,759.6,2.6,297,1.429437701
7663,2019/11/16 7:00,7.2,7.5,161,771.4,764.44,739.2,758.35,2.4,295,1.47439081
7664,2019/11/16 8:00,6.89,7.5,147,629.76,614.76,652.41,632.31,1.6,276,1.285157066
7665,2019/11/16 9:00,6.64,7.5,126,596.05,590.4,550.2,578.88,1,317,1.154795637
7666,2019/11/16 10:00,1.51,-0.2,298,1644.32,1680.18,1527.55,1617.35,1,276,3.336851968
7667,2019/11/16 11:00,2.3,0.1,324,1872.78,1853.64,1805.76,1844.06,2.2,359,3.72822349
7668,2019/11/16 12:00,3.49,1,369,2137.79,2108,1974.9,2073.56,0.5,275,4.374467767
7669,2019/11/16 13:00,4.28,1.3,386,2257.42,2237.2,2081.46,2192.03,1.4,316,4.571449711
7670,2019/11/16 14:00,4.64,1.3,391,2397.12,2352.8,2166.01,2305.31,2.1,285,4.820543304
7671,2019/11/16 15:00,4.8,1.5,410,2451.6,2379.78,2468.4,2433.26,0.4,253,5.069154937
7672,2019/11/16 16:00,6.12,2,462,2844.28,2759.3,2768.64,2790.74,2,342,7.420244522
7673,2019/11/16 17:00,6.6,2.6,488,2898.2,2911.68,2901.1,2903.66,1.1,353,5.959206485
7674,2019/11/16 18:00,6.62,2.3,490,2999.3,2901.1,2892.44,2930.95,1,292,6.080480879
7675,2019/11/16 19:00,6.85,2.2,500,3098.25,3015,2977.05,3030.1,3.9,353,6.250048949
7676,2019/11/16 20:00,7.27,2.6,512,3142.3,3064.02,3145.45,3117.26,0.8,100,6.352021215
7677,2019/11/16 21:00,7.66,2.8,522,3207.38,3152.96,3201.6,3187.31,1.7,132,6.477976931
7678,2019/11/16 22:00,7.78,2.5,526,3298.17,3353.36,3403.26,3351.6,1.3,319,6.831863767
7679,2019/11/16 23:00,8.16,2.9,548,3360,3389.94,3416.58,3388.84,1.9,271,6.891800977
7680,2019/11/17 0:00,8.68,2.9,556,3435.05,3524.5,3460.86,3473.47,1.7,303,7.082490999
7681,2019/11/17 1:00,8.72,3,564,3495.08,3553.68,3537.8,3528.85,2.7,305,7.183631163
7682,2019/11/17 2:00,8.91,2.6,572,3556.44,3642.11,3639.87,3612.81,1,317,7.349602847
7683,2019/11/17 3:00,8.91,2.6,572,3556.44,3642.11,3639.87,3612.81,1,317,7.349602847
7684,2019/11/17 4:00,9.45,2.6,595,3844.56,3821.4,3821.4,3829.12,2.2,34,7.826321971
7685,2019/11/17 5:00,9.7,3,601,3919.73,3828,3888.1,3878.61,0.7,270,7.978552252
7686,2019/11/17 6:00,10.83,3.3,615,4033.08,3981.92,3969.3,3994.77,3.1,2,8.227259003
7687,2019/11/17 7:00,10.43,3.1,624,4052.4,4008.16,4034.8,4031.79,1.8,348,5.017695222
7688,2019/11/17 8:00,11.2,3.8,644,4270.56,4251,4329.39,4283.65,3,336,8.764451271
7689,2019/11/17 9:00,11.91,4.1,656,4362.48,4335.66,4407,4368.38,2.2,265,8.993718281
7690,2019/11/17 10:00,11.2,3.4,630,4388.34,4101.5,4231.38,4240.41,2.8,276,8.832175934
7691,2019/11/17 11:00,11.72,3.7,668,4507.02,4452.84,4524.45,4494.77,1.8,25,9.436758371
7692,2019/11/17 12:00,11.66,3.8,671,4531.82,4504.92,4561.92,4532.89,1.2,215,9.376333215
7693,2019/11/17 13:00,12.03,3.9,677,4519.14,4484.59,4594.32,4532.68,2,287,9.33777376
7694,2019/11/17 14:00,14.14,4.5,687,4573.68,4559.52,4680.18,4604.46,2.6,284,9.521305167
7695,2019/11/17 15:00,13.04,4,692,4587.84,4720.52,4725.12,4677.83,1.3,9,9.762374576
7696,2019/11/17 16:00,12.82,3.4,702,4672.08,4759.16,4835.36,4755.53,2.6,292,9.771208746
7697,2019/11/17 17:00,13.26,3.9,704,4618.9,4725.12,4827.84,4723.95,2.3,273,9.699089729
7698,2019/11/17 18:00,15.49,4.8,713,4803.21,4771.13,4880.7,4818.35,1.5,284,10.02986243
7699,2019/11/17 19:00,15.78,4.4,717,4807.5,4781.55,4936.98,4842.01,4.7,281,1.541521741
7700,2019/11/17 20:00,14.2,4.5,725,4933.04,4870.4,4948.52,4917.32,0.8,330,10.26147435
7701,2019/11/17 21:00,14.85,3.6,733,4980.57,4936.75,4895.85,4937.72,0.8,356,10.36054102
7702,2019/11/17 22:00,17.56,3.3,737,4935.92,4912.5,4916.96,4921.79,0.7,356,10.33253861
7703,2019/11/17 23:00,19.37,4.3,737,4921.95,4927.93,4977,4942.29,0.7,356,10.35107329
7704,2019/11/18 0:00,17.14,3.8,751,4903.14,5025.71,5027.62,4985.49,3.4,1,10.42531484
7705,2019/11/18 1:00,17.14,3.8,751,5045.04,5051.34,5059.32,5051.9,3.4,1,10.62843629
7706,2019/11/18 2:00,16.45,4.3,757,5103.7,5098.48,5046.3,5082.83,0.8,234,10.65651789
7707,2019/11/18 3:00,17.83,3.9,761,5112.88,5120.68,5071.5,5101.69,2.2,335,10.6734946
7708,2019/11/18 4:00,15.58,4.7,779,5291.52,5198.8,5245.6,5245.31,2.4,344,10.97991376
7709,2019/11/18 5:00,17.47,4.5,787,5154.42,5187.5,5328.96,5223.63,0.8,268,10.8728501
7710,2019/11/18 6:00,18.99,5.3,784,5279.34,5206.25,5360.16,5281.92,2.4,17,11.22942869
7711,2019/11/18 7:00,16.72,4.5,788,5367.84,5300.32,5371.08,5346.41,1.9,329,11.23089382
7712,2019/11/18 8:00,16.28,4.9,795,5389,5344.28,5419.64,5384.31,3,346,11.18893792
7713,2019/11/18 9:00,19.43,4.8,799,5321,5347.68,5408.91,5359.2,1.3,267,11.2115984
7714,2019/11/18 10:00,21.7,4.8,797,5299.44,5275.35,5335.66,5303.48,1.6,354,11.16809626
7715,2019/11/18 11:00,19.24,5.8,804,5402.38,5397.6,5432.22,5410.73,1.8,279,11.34617843
7716,2019/11/18 12:00,19.45,6,804,5360.16,5391.36,5434.82,5395.45,1.5,327,11.31139487
7717,2019/11/18 13:00,19.91,5.3,809,5396.12,5375.4,5469.3,5413.61,0.9,341,11.42165683
7718,2019/11/18 14:00,19.16,5.3,808,5383.6,5408.91,5534.88,5442.46,2.2,275,11.32797719
7719,2019/11/18 15:00,18.85,5.6,809,5440.85,5401.41,5526.01,5456.09,0.7,320,11.51373043
7720,2019/11/18 16:00,18.18,4.9,816,5476.16,5487.5,5557.16,5506.94,1.9,9,11.5431397
7721,2019/11/18 17:00,17.81,4.5,815,5527.56,5498.79,5553.6,5526.65,2.5,353,11.53842866
7722,2019/11/18 18:00,19.18,4.2,814,5500,5438.4,5539.32,5492.57,2.1,93,11.52500807
7723,2019/11/18 19:00,23.6,5.3,814,5339.23,5344.32,5395.13,5359.56,3.7,279,11.18211085
7724,2019/11/18 20:00,21.18,6.6,822,5406.4,5449.57,5571,5475.66,2.6,279,11.37901713
7725,2019/11/18 21:00,19.87,6.7,822,5486.04,5503.64,5573.8,5521.16,2.4,306,11.64952646
7726,2019/11/18 22:00,20.16,6.3,826,5575,5498.1,5632.9,5568.67,1.9,304,11.71968338
7727,2019/11/18 23:00,20.08,5.6,832,5587.5,5365.36,5663.52,5538.79,0,256,11.78607113
7728,2019/11/19 0:00,22.51,6.1,736,5112.94,4830.44,4999.95,4981.11,1.2,281,10.68977973
7729,2019/11/19 1:00,22.08,6.3,670,5355.42,4216.68,4260.7,4610.93,1.5,273,10.62754811
7730,2019/11/19 2:00,19.3,6,772,5081.25,4292.47,4801.42,4725.05,1.6,351,10.27933035
7731,2019/11/19 3:00,19.02,5.3,810,5341.44,5454.94,5471.96,5422.78,0.9,84,11.30228915
7732,2019/11/19 4:00,18.03,5.2,802,5383.6,5361.64,5457.48,5400.91,2.3,74,11.35628258
7733,2019/11/19 5:00,17.81,5.1,798,5373.9,5368.75,5336.76,5359.8,3.2,62,11.20020162
7734,2019/11/19 6:00,18.99,5,793,5302.22,5274.56,5303.34,5293.37,1.2,69,11.18536178
7735,2019/11/19 7:00,19.06,6,789,5291.88,5295.5,5251.89,5279.76,1.9,302,11.09734246
7736,2019/11/19 8:00,18.81,5.7,787,5279.34,5283.04,5222.61,5261.66,0.9,277,11.09321612
7737,2019/11/19 9:00,19.35,6.1,787,5252.15,5189.4,5170.46,5204,1.2,277,11.00469188
7738,2019/11/19 10:00,21.97,6.2,784,5189.59,5090.25,5131.28,5137.04,0.9,234,10.88178827
7739,2019/11/19 11:00,18.81,5.2,771,5083.12,5044.85,5106.62,5078.2,2.5,51,10.67468378
7740,2019/11/19 12:00,20.28,6.1,770,5071.22,5065.4,5032.47,5056.36,3.3,276,10.5868746
7741,2019/11/19 13:00,20.43,6.8,763,5029.44,5007.71,4987.26,5008.14,2.6,322,10.5037006
7742,2019/11/19 14:00,18.16,6.3,760,5049.12,5022.27,5050,5040.46,2.2,343,10.52765592
7743,2019/11/19 15:00,17.97,6.4,754,5049.68,4950,5056.25,5018.64,1.7,356,10.51279878
7744,2019/11/19 16:00,18.39,6.3,747,4947.04,4882.8,4998.24,4942.69,1.6,303,10.35186518
7745,2019/11/19 17:00,18.81,7.5,747,4940.73,4871.79,4923.36,4911.96,1.6,303,10.31419383
7746,2019/11/19 18:00,18.05,6.9,745,4907.7,4890.6,4957.92,4918.74,2.2,285,10.26740488
7747,2019/11/19 19:00,18.18,6.3,739,4827.15,4790.28,4929.8,4849.08,3.1,352,10.03862064
7748,2019/11/19 20:00,17.7,5.3,731,4809.52,4784.01,4867,4820.18,2.8,64,10.19100462
7749,2019/11/19 21:00,18.14,6.4,725,4800.6,4713.78,4821.63,4778.67,1,319,10.01206426
7750,2019/11/19 22:00,18.37,6.3,715,4580.1,4590.68,4667.52,4612.77,0.9,285,9.598303924
7751,2019/11/19 23:00,19.93,6,704,4549.51,4514.4,4554.13,4539.35,1.9,112,9.528199092
7752,2019/11/20 0:00,23.76,6.8,687,4347.78,4288.92,4369.26,4335.32,1.1,288,9.162534082
7753,2019/11/20 1:00,19.16,6.2,682,4346.39,4269.32,4374.24,4329.98,1.2,327,9.044156572
7754,2019/11/20 2:00,18.45,6.6,669,4261.53,4234.4,4208.01,4234.65,1.2,352,8.836532019
7755,2019/11/20 3:00,19.28,6.9,665,4171.47,4075.5,4157.36,4134.78,1.5,273,8.663806862
7756,2019/11/20 4:00,21.31,6.6,654,4082.57,4082,4037.88,4067.48,0.4,334,8.567503346
7757,2019/11/20 5:00,22.47,6.4,644,3943.83,3912.5,3937.44,3931.26,1.3,185,8.312884061
7758,2019/11/20 6:00,21.05,5.9,629,3849.64,3824.7,3806.08,3826.81,1,190,8.088747876
7759,2019/11/20 7:00,21.55,6.2,625,3811.24,3768.52,3768.52,3782.76,1,124,7.982758822
7760,2019/11/20 8:00,20.64,6.3,608,3646.64,3568.2,3605.76,3606.87,1.2,348,7.647198006
7761,2019/11/20 9:00,20.54,6.1,598,3597.3,3554.48,3560.14,3570.64,1.5,40,7.46784931
7762,2019/11/20 10:00,19.79,5.9,587,3469.68,3427.2,3471.3,3456.06,0.9,12,6.158969003
7763,2019/11/20 11:00,20.01,6.3,569,3347.52,3316.92,3310.59,3325.01,1.7,152,7.036026815
7764,2019/11/20 12:00,20.7,6.5,557,3275.4,3220.72,3214.38,3236.83,0.9,163,6.918953675
7765,2019/11/20 13:00,20.62,6.4,550,3192.72,3127.02,3165,3161.58,0.8,169,6.773242623
7766,2019/11/20 14:00,19.22,6.1,526,2970.12,2979.46,2872.87,2940.82,2,87,6.224005563
7767,2019/11/20 15:00,16.89,5.8,519,2924.8,2903.73,2889,2905.84,0.8,69,6.101741504
7768,2019/11/20 16:00,18.58,7.1,505,2790.62,2805.21,2846.04,2813.96,1.2,280,6.043696537
7769,2019/11/20 17:00,15.49,6.8,485,2734.56,2704.46,2728.35,2722.46,0.4,327,5.837503662
7770,2019/11/20 18:00,14.81,7.3,485,2710.5,2685.05,2652,2682.52,1.7,327,5.698367317
7771,2019/11/20 19:00,14.35,6.9,467,2621.04,2652,2626,2633.01,2.1,16,5.428128877
7772,2019/11/20 20:00,13.37,6.6,453,2491.74,2471.08,2523.24,2495.35,1.2,350,5.296865845
7773,2019/11/20 21:00,12.49,6.8,421,2283.26,2240.1,2269.76,2264.37,0.8,321,4.866240732
7774,2019/11/20 22:00,13.2,6.5,389,2115.39,2063.67,2063.25,2080.77,2.5,243,4.4965339
7775,2019/11/20 23:00,12.04,7.3,351,1977,1866.75,1856.48,1900.08,0.1,194,4.270362253
7776,2019/11/21 0:00,11.45,7.1,347,1821.6,1785.89,1823.68,1810.39,1.3,290,3.904999588
7777,2019/11/21 1:00,9.22,6.9,219,880.2,915.9,1281.15,1025.75,1.4,282,2.056006715
7778,2019/11/21 2:00,7.93,6.6,148,948.09,954.72,1072.56,991.79,0,45,2.310625461
7779,2019/11/21 3:00,7.81,6.5,284,1447.39,1049.12,1442.88,1313.13,0.5,277,2.979102499
7780,2019/11/21 4:00,8.45,6.4,223,1142.08,1110.48,1092.3,1114.95,0.5,11,2.664312825
7781,2019/11/21 5:00,8.39,6.6,210,1027.65,1038.06,1009.8,1025.17,0.1,14,2.497224096
7782,2019/11/21 6:00,8.58,6.7,192,1044.38,1017.94,978.28,1013.53,0.1,14,2.513292879
7783,2019/11/21 7:00,8.37,6.8,185,902.83,892.16,930.6,908.53,0.3,113,2.193306199
7784,2019/11/21 8:00,7.68,6.5,144,779.45,665.59,861.98,769.01,0.8,68,1.898471571
7785,2019/11/21 9:00,7.27,6.5,164,806.42,797.39,722.7,775.5,0.5,259,1.75845341
7786,2019/11/21 10:00,6.91,6.3,149,706.2,676.71,684.32,689.08,1.3,268,1.476795933
7787,2019/11/21 11:00,6.49,6.5,131,618.52,635.35,618.52,624.13,0.4,264,1.382550378
7788,2019/11/21 12:00,0.41,0.4,59,333.54,331.5,343.97,336.34,1.2,125,0.847847471
7789,2019/11/21 13:00,0.49,0.4,60,342.16,339.04,345.56,342.25,0.9,125,0.883033461
7790,2019/11/21 14:00,1.16,0.7,83,489.88,503.88,483.96,492.57,0.9,153,1.154782442
7791,2019/11/21 15:00,1.37,0.8,94,523.77,519.03,556.08,532.96,1,114,1.261264176
7792,2019/11/21 16:00,1.56,0.9,99,552.78,545.3,576.81,558.3,1.5,157,1.250738159
7793,2019/11/21 17:00,2.12,1.1,114,662.31,657.36,647.78,655.82,1.2,132,1.515795031
7794,2019/11/21 18:00,2.6,1.3,122,695.76,668.62,696.42,686.93,1,154,1.581555368
7795,2019/11/21 19:00,3.06,1.6,159,771.65,810.08,893.78,825.17,1.2,105,1.815021277
7796,2019/11/21 20:00,3.89,1.8,156,884.4,852.48,851.2,862.69,1.7,123,1.97178981
7797,2019/11/21 21:00,3.99,1.8,153,799.2,810.08,835.38,814.89,1.7,128,1.730138618
7798,2019/11/21 22:00,3.99,2,149,793.73,782.34,807.64,794.57,2.6,150,1.743006154
7799,2019/11/21 23:00,4.12,2,152,811.3,822.12,823.36,818.93,2,152,1.810788099
7800,2019/11/22 0:00,4.29,2.1,162,871.15,855.27,868.53,864.98,1.3,184,1.925379099
7801,2019/11/22 1:00,4.45,2.3,152,793.73,790.8,820.88,801.8,1.8,172,1.770830708
7802,2019/11/22 2:00,4.53,2.6,148,788.97,776.88,791.35,785.73,2,162,1.750631716
7803,2019/11/22 3:00,4.39,2.4,129,701.72,688.8,698.54,696.35,2.7,172,1.535265908
7804,2019/11/22 4:00,4.28,2.4,126,680.83,678.77,690.9,683.5,2.1,171,1.520091944
7805,2019/11/22 5:00,4.24,2.5,125,680.83,685.36,697.48,687.89,1.3,164,1.566537433
7806,2019/11/22 6:00,4.32,2.6,126,648.76,655,684.32,662.69,2,176,1.462172857
7807,2019/11/22 7:00,4.35,2.7,127,663.57,672.18,693.24,676.33,1.6,163,1.522825852
7808,2019/11/22 8:00,4.49,2.8,129,712.8,688.48,732.6,711.29,1.6,145,1.628619431
7809,2019/11/22 9:00,4.49,2.7,122,678.77,659,697.48,678.42,1.9,187,2.820108973
7810,2019/11/22 10:00,4.6,2.8,125,678.77,669.12,699.6,682.5,0.9,139,1.618202551
7811,2019/11/22 11:00,5.01,3,129,695.1,690.9,712.8,699.6,1,148,1.64567493
7812,2019/11/22 12:00,5.26,3,153,865.8,842.01,881.79,863.2,1.4,139,1.965851618
7813,2019/11/22 13:00,5.81,3.1,169,977.55,965.06,978.28,973.63,0.9,175,2.197741103
7814,2019/11/22 14:00,6.33,3.2,204,1069.04,1103.9,1195.2,1122.71,1.1,98,2.4790285
7815,2019/11/22 15:00,6.62,3.3,208,1345.32,1336.65,1387.76,1356.58,1,137,2.966370386
7816,2019/11/22 16:00,8.97,4,238,1376.55,1345.89,1368.27,1363.57,2.1,136,3.045623874
7817,2019/11/22 17:00,8.95,4.2,229,1321.36,1299.48,1293.6,1304.81,2.1,153,2.920714279
7818,2019/11/22 18:00,8.81,4.1,217,1138.86,1133.73,1222.85,1165.15,2.4,138,2.595606886
7819,2019/11/22 19:00,8.41,4,198,1145.26,1084.05,1153.25,1127.52,1.1,106,2.631088399
7820,2019/11/22 20:00,8.31,4.3,202,1120.47,1092.3,1120.3,1111.02,1,148,2.564920152
7821,2019/11/22 21:00,8.39,4.4,202,1103.87,1089,1120.3,1104.39,1.9,132,2.502649471
7822,2019/11/22 22:00,8.35,4.3,204,1103.87,1092.28,1146.66,1114.27,2.6,116,2.490516221
7823,2019/11/22 23:00,8.22,4.1,206,1123.7,1118.78,1141.8,1128.09,2.4,113,2.534810303
7824,2019/11/23 0:00,7.66,4.1,182,957,959.22,995.09,970.44,1.4,132,2.228850626
7825,2019/11/23 1:00,7.79,4.3,232,1244.56,1239.81,1288.95,1257.77,3.7,101,2.722532472
7826,2019/11/23 2:00,7.85,4.3,238,1307.32,1314.72,1330,1317.35,3.3,120,2.849218564
7827,2019/11/23 3:00,8.47,4.6,205,1130.5,1128.6,1140.07,1133.06,2.8,108,2.527680712
7828,2019/11/23 4:00,8.51,4.5,230,1181.4,1247.4,1290.35,1239.72,0,211,2.7636334
7829,2019/11/23 5:00,8.89,4.7,234,1296.75,1262.51,1313.4,1290.89,0.7,186,2.921382787
7830,2019/11/23 6:00,8.7,4.8,235,1294.8,1288.95,1331.18,1304.98,2.3,101,2.877259951
7831,2019/11/23 7:00,7.66,4.4,224,1260.63,1247.4,1303.4,1270.48,5.6,109,2.729042508
7832,2019/11/23 8:00,7.33,4.3,227,1299.8,1283.45,1316.7,1299.98,4.2,109,2.78771497
7833,2019/11/23 9:00,7.58,4.5,244,1320.66,1304.14,1387.76,1337.52,5.9,118,2.856227511
7834,2019/11/23 10:00,7.58,4.7,260,1391.94,1418.58,1469.65,1426.72,3.7,117,3.006098109
7835,2019/11/23 11:00,8.18,4.8,271,1529.72,1551.78,1542.8,1541.43,3.2,116,3.283410278
7836,2019/11/23 12:00,8.39,5,302,1616.56,1623.24,1719.76,1653.19,3.1,120,3.47746931
7837,2019/11/23 13:00,8.39,4.9,316,1708.5,1690.04,1787.56,1728.7,4.3,118,3.639025835
7838,2019/11/23 14:00,9.49,5.2,293,1664.08,1684.98,1684.02,1677.69,5.5,108,3.602465482
7839,2019/11/23 15:00,9.14,5,253,1543.08,1485.18,1469.64,1499.3,4.5,113,3.27413874
7840,2019/11/23 16:00,8.76,5.1,245,1385.28,1391.94,1429.92,1402.38,5.3,88,3.007865622
7841,2019/11/23 17:00,7.95,4.8,217,1334,1306.11,1314,1318.04,7.1,104,2.875441858
7842,2019/11/23 18:00,7.89,5,216,1271.1,1281.52,1279.59,1277.4,4.8,97,2.724660236
7843,2019/11/23 19:00,7.76,5.2,206,1195.2,1193.4,1215.12,1201.24,2.8,110,2.602126838
7844,2019/11/23 20:00,7.91,5.3,202,1200.6,1176.58,1178.36,1185.18,4,102,2.560203005
7845,2019/11/23 21:00,7.85,5.1,195,1135.6,1135.44,1130.31,1133.78,4,121,2.444709055
7846,2019/11/23 22:00,7.58,5.1,187,1057.35,1032.72,1075.8,1055.29,3.9,118,2.279650621
7847,2019/11/23 23:00,7.56,5.2,174,1060.8,1047.54,1056,1054.78,3,120,2.303046815
7848,2019/11/24 0:00,6.93,5.2,161,928.2,917.4,957,934.2,3.4,99,2.017671868
7849,2019/11/24 1:00,6.24,4.7,148,861.9,851.4,868.56,860.62,4.2,116,1.833676181
7850,2019/11/24 2:00,6.47,5,150,861.9,855.4,873.81,863.7,2.2,97,1.937636015
7851,2019/11/24 3:00,6.56,5.1,146,852.69,852.69,858,854.46,2,142,1.902580675
7852,2019/11/24 4:00,6.41,4.9,134,803.98,796.18,808.11,802.76,8.6,102,1.677299973
7853,2019/11/24 5:00,6.07,4.8,128,785.4,778.8,797.39,787.2,6.8,110,1.610122207
7854,2019/11/24 6:00,6.08,4.7,143,847.36,842.24,859.36,849.65,3.9,111,1.812239644
7855,2019/11/24 7:00,6.18,4.6,143,856.56,846.24,876.47,859.76,3.9,111,1.837720009
7856,2019/11/24 8:00,6.31,4.7,151,879.13,893.7,900.09,890.97,3.1,89,1.934603177
7857,2019/11/24 9:00,6.47,4.9,160,946.66,940.04,950.4,945.7,5.6,99,1.974292347
7858,2019/11/24 10:00,6.62,4.9,175,973.14,987,1034.63,998.26,6.5,107,2.061658116
7859,2019/11/24 11:00,6.58,4.7,182,1048.76,1040.91,1064,1051.22,6.4,122,2.2065531
7860,2019/11/24 12:00,6.76,4.8,176,1013.84,996,1006.24,1005.36,7.9,97,2.142757377
7861,2019/11/24 13:00,6.16,4.3,194,1085.58,1115.52,1100.58,1100.56,7.2,95,2.31635339
7862,2019/11/24 14:00,6.37,4.5,199,1147.41,1130.5,1158.84,1145.58,6.8,113,2.417246645
7863,2019/11/24 15:00,6.41,4.5,200,1132.3,1125.4,1148.72,1135.47,5.6,84,2.383912852
7864,2019/11/24 16:00,6.7,4.7,197,1112.22,1082.32,1140.36,1111.63,6.7,113,2.345962611
7865,2019/11/24 17:00,6.53,4.6,164,993.83,941.46,945.23,960.17,5.1,106,2.066023719
7866,2019/11/24 18:00,6.43,4.7,159,936.24,908.31,910.8,918.45,4.2,114,1.978034352
7867,2019/11/24 19:00,5.91,4.6,148,778.8,810.57,810.57,799.98,5.3,118,1.649063017
7868,2019/11/24 20:00,5.7,4.6,127,740.32,709.56,689.85,713.24,3.1,132,1.59957984
7869,2019/11/24 21:00,5.54,4.5,122,644.84,642.88,666.06,651.26,5,129,1.359354581
7870,2019/11/24 22:00,4.64,4.1,90,526.4,520.8,525.69,524.3,5.7,110,1.071370194
7871,2019/11/24 23:00,4.6,4.2,91,515.87,515.08,533.82,521.59,4,120,1.116717849
7872,2019/11/25 0:00,4.47,4.1,92,531.36,530.54,548.52,536.81,5.6,107,1.081971165
7873,2019/11/25 1:00,4.35,4,91,534.64,537.1,547.68,539.81,3.7,129,1.157149737
7874,2019/11/25 2:00,4.16,4,82,474.5,460.79,499.73,478.34,3.7,112,1.009226497
7875,2019/11/25 3:00,4.12,4,82,449.19,448.5,452.2,449.96,3.7,112,0.993910522
7876,2019/11/25 4:00,4.08,4,72,443.36,442,446.43,443.93,3.6,137,0.967482561
7877,2019/11/25 5:00,4.06,4,74,441.32,446.43,457.24,448.33,3.3,132,0.984535783
7878,2019/11/25 6:00,3.95,4,49,333.84,325.38,318.5,325.91,2,144,0.827718539
7879,2019/11/25 7:00,3.68,4,43,267.96,264.6,273.05,268.54,4.2,111,0.599893591
7880,2019/11/25 8:00,3.62,4,45,278.52,286.2,284.4,283.04,3,110,0.687891508
7881,2019/11/25 9:00,3.64,4,48,280.72,286.2,297.98,288.3,0.5,191,0.770793654
7882,2019/11/25 10:00,3.64,4,49,293.48,291.64,306.24,297.12,1.9,128,0.771976144
7883,2019/11/25 11:00,3.68,4.2,51,300.33,308.16,317,308.5,3.1,115,0.721424267
7884,2019/11/25 12:00,3.76,4.3,52,308.64,314.58,319.5,314.24,2.7,118,0.612417355
7885,2019/11/25 13:00,3.87,4.3,55,326.91,325.38,338.67,330.32,4.8,123,0.680227878
7886,2019/11/25 14:00,3.93,4.3,65,362.32,367.65,378.78,369.58,3.9,113,0.804454118
7887,2019/11/25 15:00,4.03,4.3,64,361.2,369.36,386.4,372.32,4.4,113,0.78172095
7888,2019/11/25 16:00,4.03,4.3,52,340.26,332.28,324.87,332.47,5.1,110,0.690345806
7889,2019/11/25 17:00,3.97,4.3,47,300.33,304.8,307.68,304.27,4.1,111,0.670219107
7890,2019/11/25 18:00,3.91,4.2,47,298.92,294.4,307.2,300.17,5.1,102,0.61442037
7891,2019/11/25 19:00,3.85,4.2,48,298.45,297.51,309.68,301.88,3.8,103,0.683527874
7892,2019/11/25 20:00,3.76,4.3,52,321,321,327.6,323.2,4.9,113,0.65918651
7893,2019/11/25 21:00,3.81,4.3,50,313.6,311.64,312.13,312.46,6.3,117,0.579877253
7894,2019/11/25 22:00,3.68,4.1,38,248.43,259.12,245.7,251.08,5.3,116,0.506569915
7895,2019/11/25 23:00,3.51,4.1,34,206.58,207.24,224.64,212.82,5.6,104,0.403807222
7896,2019/11/26 0:00,3.45,4.1,29,193.13,199.68,192.82,195.21,4.2,103,0.450960371
7897,2019/11/26 1:00,3.35,4.1,25,180.96,179.51,179.8,180.09,5.5,98,0.323591225
7898,2019/11/26 2:00,3.26,4.1,23,161.2,161.72,170.52,164.48,4.5,100,0.365736373
7899,2019/11/26 3:00,3.16,4,20,154,160.42,159.9,158.11,5.1,102,0.318810328
7900,2019/11/26 4:00,0.01,0.1,1,0,0,0,0,0.1,1,0.379993053
7901,2019/11/26 5:00,0.09,0.6,73,418.32,413.91,426.4,419.54,2.2,10,1.005176447
7902,2019/11/26 6:00,0.14,0.6,76,441.53,440.19,452.64,444.79,2.4,41,1.026591227
7903,2019/11/26 7:00,0.2,0.6,84,468.6,474.48,499.32,480.8,1.7,359,0.720801835
7904,2019/11/26 8:00,0.28,0.6,89,485.45,491.36,514.02,496.94,2,302,0.835586608
7905,2019/11/26 9:00,0.39,0.6,93,532,539.46,538.65,536.7,1.5,17,1.282282951
7906,2019/11/26 10:00,0.45,0.6,101,552.78,557.76,576.81,562.45,1.1,23,1.352946278
7907,2019/11/26 11:00,0.49,0.6,103,571.2,563.55,590.96,575.24,3.6,36,1.222064981
7908,2019/11/26 12:00,0.64,0.6,109,616.4,625.1,622.28,621.26,2.1,283,1.126697879
7909,2019/11/26 13:00,0.8,0.7,117,649.9,637.45,665,650.78,1.2,335,1.135831356
7910,2019/11/26 14:00,0.89,0.7,123,672,664,705.6,680.53,2.1,335,1.15288256
7911,2019/11/26 15:00,1.05,0.9,129,705.6,711.26,734.8,717.22,1.8,347,1.214772676
7912,2019/11/26 16:00,1.68,1.1,144,776.04,776.04,807.6,786.56,3.3,9,1.680828794
7913,2019/11/26 17:00,1.74,1.1,155,813.12,819.84,849.63,827.53,3.4,13,1.754863191
7914,2019/11/26 18:00,1.83,1.2,162,835.76,845.46,881.76,854.33,2.3,111,1.826471816
7915,2019/11/26 19:00,2.1,1.3,168,907.2,915.28,913.92,912.13,1.5,25,2.050062347
7916,2019/11/26 20:00,2.1,1.4,178,932.69,935.47,969.12,945.76,1.6,321,1.765368674
7917,2019/11/26 21:00,2.49,1.5,190,1017.74,1032.75,1031.22,1027.24,2.1,14,2.240623384
7918,2019/11/26 22:00,2.7,1.6,209,1080,1090.26,1134,1101.42,1.3,59,2.406410068
7919,2019/11/26 23:00,2.87,1.5,212,1130.59,1128.92,1150.9,1136.8,3.8,62,2.396113522
7920,2019/11/27 0:00,2.8,1.8,224,1159.38,1166.02,1204.67,1176.69,2.3,70,2.50028541
7921,2019/11/27 1:00,2.99,1.8,230,1188,1215,1246.9,1216.63,4.8,47,2.505223877
7922,2019/11/27 2:00,3.16,1.7,236,1284.4,1265.99,1292.16,1280.85,2.3,32,2.750295134
7923,2019/11/27 3:00,3.43,1.7,246,1312.4,1306.61,1341.26,1320.09,2.5,57,2.81110789
7924,2019/11/27 4:00,3.58,2,252,1350,1350,1389.9,1363.3,4.3,30,2.837957901
7925,2019/11/27 5:00,4.12,2.3,276,1416.48,1509.71,1541.28,1489.16,0.8,280,3.013681495
7926,2019/11/27 6:00,4.52,2.3,281,1525.5,1507.48,1536.72,1523.23,2,21,3.249853315
7927,2019/11/27 7:00,5.22,2.6,309,1615.64,1645.11,1686.72,1649.16,2.3,343,3.316508116
7928,2019/11/27 8:00,5.24,2.6,328,1718.7,1789.92,1827.9,1778.84,5,40,3.682969562
7929,2019/11/27 9:00,5.74,2.6,325,1775.25,1799.58,1861.44,1812.09,2.4,14,3.770738667
7930,2019/11/27 10:00,5.64,2.6,338,1836,1829.25,1880.46,1848.57,5.8,50,3.907581206
7931,2019/11/27 11:00,5.66,2.9,350,1937.25,1944,1988.3,1956.52,4.4,9,4.048680799
7932,2019/11/27 12:00,5.78,2.8,354,1942.99,1932.48,1998.81,1958.09,1.7,315,4.038373815
7933,2019/11/27 13:00,7.1,3.3,407,2362.5,2284.7,2362.23,2336.48,3.8,15,4.833389996
7934,2019/11/27 14:00,7.12,3.3,413,2495.04,2690.71,2348.77,2511.51,4,68,5.131945795
7935,2019/11/27 15:00,7.74,3.4,446,2768.64,2565.12,2566.1,2633.29,4.2,18,5.498320615
7936,2019/11/27 16:00,7.74,3.4,446,2526.72,2558.44,2543.09,2542.75,4.2,18,5.208716836
7937,2019/11/27 17:00,9.41,3.9,583,3561.78,3500.64,3516.48,3526.3,1.9,300,7.205668875
7938,2019/11/27 18:00,10.22,4.1,517,3500.64,3179.41,3049.8,3243.28,2.4,57,6.797795428
7939,2019/11/27 19:00,9.82,4.1,490,3098.9,3043.17,2950.35,3030.81,2.8,53,6.218394685
7940,2019/11/27 20:00,9.54,3.7,498,2961.48,2859.5,2895.04,2905.34,4,45,5.98729892
7941,2019/11/27 21:00,9.51,4.1,514,2885.76,2890.68,2990.34,2922.26,0.8,353,5.995643556
7942,2019/11/27 22:00,9.85,4.3,603,3096.9,3575.12,3496.5,3389.51,2.1,28,6.563632361
7943,2019/11/27 23:00,10.08,4.3,496,3108.22,3001.28,3030.3,3046.6,3,24,6.2530572
7944,2019/11/28 0:00,9.84,4.2,488,2977.02,2999.15,3018.72,2998.3,4.8,34,6.1656011
7945,2019/11/28 1:00,9.51,4,470,2925.84,2857.14,2881.76,2888.25,3.8,33,5.948258959
7946,2019/11/28 2:00,9.85,4.3,445,2714.69,2640.05,2681.34,2678.69,4.5,72,5.580070592
7947,2019/11/28 3:00,9.68,4.5,505,2830.5,2894.78,3014.56,2913.28,2.8,24,5.855851649
7948,2019/11/28 4:00,12.49,4.8,712,4585,4498.41,4355,4479.47,5.3,309,9.204701258
7949,2019/11/28 5:00,12.49,4.9,630,4440.66,4400.22,4095.19,4312.02,2,34,8.918392477
7950,2019/11/28 6:00,12.49,4.9,630,3873.45,3423,4095.19,3797.21,2,34,8.03487573
7951,2019/11/28 7:00,12.08,4.9,588,3567.51,3445.3,3604.56,3539.12,1,327,7.276617927
7952,2019/11/28 8:00,12.1,5.1,560,3471.6,3319.36,3395.6,3395.52,1.6,332,7.063562695
7953,2019/11/28 9:00,10.18,4.9,444,2617.38,2580.2,2633.4,2610.33,2.3,3,5.347136357
7954,2019/11/28 10:00,9.83,4.7,436,2566.9,2501.25,2543.12,2537.09,2.8,49,5.239172429
7955,2019/11/28 11:00,8.3,4.6,416,2385.6,2365.1,2417.58,2389.43,3.1,95,4.902731021
7956,2019/11/28 12:00,8.66,5.3,405,2345.28,2294.67,2351.36,2330.44,3.1,268,4.833033488
7957,2019/11/28 13:00,8.62,5.2,403,2288.2,2267.91,2321.16,2292.42,3.2,23,4.689706439
7958,2019/11/28 14:00,8.47,4.9,396,2241.14,2204.4,2254.46,2233.33,2.8,293,4.640910259
7959,2019/11/28 15:00,8.29,4.6,395,2224.4,2214.3,2261.22,2233.31,2,4,4.587052153
7960,2019/11/28 16:00,8.7,5.1,394,2227.63,2197.72,2247.79,2224.38,4.1,7,4.582526085
7961,2019/11/28 17:00,9.06,5.3,393,2214.3,2167.75,2237.8,2206.62,4.1,22,4.560126458
7962,2019/11/28 18:00,8.85,5.1,393,2171,2167.56,2217.78,2185.45,1.1,336,4.580882256
7963,2019/11/28 19:00,8.91,4.8,400,2184.2,2194.32,2254.46,2210.99,4,41,4.560912068
7964,2019/11/28 20:00,8.85,5.1,423,2424.84,2418.7,2441.22,2428.25,1.2,101,5.003574251
7965,2019/11/28 21:00,8.64,4.9,396,2284.7,2314.74,2307.55,2302.33,3.1,28,4.717242405
7966,2019/11/28 22:00,8.54,4.6,383,2237.76,2197.72,2217.78,2217.75,5,72,4.648459351
7967,2019/11/28 23:00,9.09,5.2,390,2150.96,2174.55,2241.05,2188.85,3,262,4.473037085
7968,2019/11/29 0:00,9.27,5.3,391,2224.44,2201.15,2267.8,2231.13,3.8,343,4.647982009
7969,2019/11/29 1:00,9.37,5.1,392,2254.53,2234.4,2267.65,2252.19,5.3,358,4.740510998
7970,2019/11/29 2:00,9.02,5.1,383,2247.85,2197.8,2244.42,2230.02,3.7,14,4.618942312
7971,2019/11/29 3:00,9.01,5.3,378,2207.77,2181.2,2214.45,2201.14,0.7,276,4.670044302
7972,2019/11/29 4:00,8.91,5.5,356,2067.21,2034.35,2074.8,2058.79,1.7,306,4.326267964
7973,2019/11/29 5:00,9.28,6,353,2007.67,1981.7,2041.55,2010.31,1.4,22,4.205505951
7974,2019/11/29 6:00,8.97,5.8,356,2010.68,1998,2031.84,2013.51,2.7,4,4.160805335
7975,2019/11/29 7:00,8.6,5.9,359,2007,1994.33,2037.96,2013.1,2.1,271,4.186591715
7976,2019/11/29 8:00,8.64,5.8,364,2027.68,2004.66,2064.6,2032.31,2,344,4.214437748
7977,2019/11/29 9:00,9.32,6,422,2244.42,2314.49,2366.91,2308.61,2.9,324,4.724103126
7978,2019/11/29 10:00,9.87,6.1,449,2578.48,2575.18,2575.18,2576.28,3.2,358,5.327818673
7979,2019/11/29 11:00,9.95,6.1,489,2708.02,2747.3,2822.47,2759.26,3.3,288,5.633450358
7980,2019/11/29 12:00,10.43,6.3,502,2954.8,2983.2,2937,2958.33,1.9,249,6.070744743
7981,2019/11/29 13:00,10.76,6.4,507,3039.05,2945.9,2967.89,2984.28,2.4,284,6.268419651
7982,2019/11/29 14:00,11.1,6.3,493,2923.83,2895.18,2921.62,2913.54,2.9,261,6.016683905
7983,2019/11/29 15:00,11.7,6.5,489,2820.12,2701.9,2912.78,2811.6,2.5,314,5.827859573
7984,2019/11/29 16:00,10.76,6.4,379,2290.8,2217.7,2224.32,2244.27,4.1,11,4.682297185
7985,2019/11/29 17:00,10.43,6.3,368,2221.1,2171.36,2187.9,2193.45,3,316,4.621156144
7986,2019/11/29 18:00,10.26,6.9,354,2131.2,2058.4,2091.92,2093.84,1.2,33,4.417301116
7987,2019/11/29 19:00,9.53,6.3,332,1967.65,1899.04,1935.96,1934.22,4.6,5,4.040588854
7988,2019/11/29 20:00,9.47,6.3,325,1901.9,1869.66,1905.68,1892.41,3.7,310,3.943250048
7989,2019/11/29 21:00,9.39,6.5,315,1783.47,1750.32,1823.25,1785.68,1.1,36,3.811926255
7990,2019/11/29 22:00,9.14,6.4,293,1630.98,1606.23,1677.39,1638.2,2.8,53,3.456222397
7991,2019/11/29 23:00,9.22,6.7,278,1584.57,1564.68,1588.8,1579.35,1.8,267,3.338497693
7992,2019/11/30 0:00,9.39,6.8,273,1551.42,1518.27,1555.7,1541.8,0.6,324,3.312156038
7993,2019/11/30 1:00,9.05,6.6,261,1451.97,1451.97,1478.49,1460.81,0.8,333,3.086134422
7994,2019/11/30 2:00,8.81,6.6,251,1389.85,1344.36,1412.4,1382.2,3.8,9,2.916203948
7995,2019/11/30 3:00,8.74,6.6,243,1365.78,1335.22,1361.66,1354.22,2.1,320,2.786400814
7996,2019/11/30 4:00,8.95,6.5,241,1341.28,1308.78,1350.48,1333.51,1.5,319,2.78671709
7997,2019/11/30 5:00,8.79,6.6,236,1310.76,1284.28,1324,1306.35,0.7,248,2.856836693
7998,2019/11/30 6:00,8.6,6.6,229,1257.8,1237.94,1271.87,1255.87,2.4,344,2.520143086
7999,2019/11/30 7:00,8.53,6.8,227,1246.44,1229.46,1254,1243.3,0.3,244,2.752761106
8000,2019/11/30 8:00,8.41,6.7,226,1226.55,1205.97,1255.9,1229.47,1.9,335,2.481475331
8001,2019/11/30 9:00,8.62,7.3,220,1203.02,1186.2,1219.15,1202.79,1.7,289,2.491348888
8002,2019/11/30 10:00,8.05,7,214,1150.14,1136.92,1171.74,1152.93,4.4,4,2.376841406
8003,2019/11/30 11:00,7.93,6.9,208,1125.4,1097.19,1155,1125.86,2.8,7,2.424168101
8004,2019/11/30 12:00,8.04,7,186,1012.86,998.64,1016.8,1009.43,5.5,347,1.931987933
8005,2019/11/30 13:00,7.56,7,173,943.8,926.37,946.08,938.75,2.6,8,2.075136157
8006,2019/11/30 14:00,7.43,7,162,884.4,868.56,885.6,879.52,2.7,311,1.688465759
8007,2019/11/30 15:00,7.39,7,160,842.24,838.4,867.24,849.29,2.1,281,1.69187727
8008,2019/11/30 16:00,7.39,7.1,161,846.24,839.68,867.24,851.05,2.2,290,1.674855059
8009,2019/11/30 17:00,7.39,7.1,161,847.53,837.12,880.38,855.01,2.2,290,1.680243915
8010,2019/11/30 18:00,7.33,7.1,150,794.97,783.6,809.72,796.1,2.4,339,1.472626448
8011,2019/11/30 19:00,7.28,7,144,769.86,756.32,779.45,768.54,2.3,10,1.764504515
8012,2019/11/30 20:00,7.35,7.1,140,763.28,749.8,771.72,761.6,1,227,1.686954494
8013,2019/11/30 21:00,7.33,7.1,137,754.4,745.56,757.48,752.48,1.3,4,1.825266918
8014,2019/11/30 22:00,7.18,7,126,679.12,683.55,698.71,687.13,1.7,274,1.391115954
8015,2019/11/30 23:00,7.01,7,121,664.02,650,677.04,663.69,1.5,336,1.25029306
8016,2019/12/1 0:00,6.97,7,117,619.4,611,658.52,629.64,1.4,328,1.191955705
8017,2019/12/1 1:00,6.41,6.8,85,492.48,477.3,481.5,483.76,1.9,350,0.845350141
8018,2019/12/1 2:00,6.37,6.8,82,464.4,465.84,468.66,466.3,1.1,331,0.882289228
8019,2019/12/1 3:00,0.01,0.1,1,0,0,0,0,0.1,1,0.379993053
8020,2019/12/1 4:00,2.62,1,295,1554.95,1623.16,1477.44,1551.85,1,280,3.182101043
8021,2019/12/1 5:00,2.79,1,305,1691.95,1688.88,1568.6,1649.81,2.1,334,3.327447275
8022,2019/12/1 6:00,2.97,1.1,314,1713.6,1770.6,1636.39,1706.86,1.6,315,3.455902232
8023,2019/12/1 7:00,5.39,2.5,401,2315.34,2278.08,2318.68,2304.03,1.7,15,4.72055923
8024,2019/12/1 8:00,6.22,3.1,420,2369.5,2437.2,2385.96,2397.55,1,178,4.919489366
8025,2019/12/1 9:00,6.91,3.3,474,2855.25,2777.94,2757.81,2797,0.8,276,5.809689102
8026,2019/12/1 10:00,6.91,3.3,474,2905.43,2780.5,2773.8,2819.91,0.8,276,5.880732805
8027,2019/12/1 11:00,6.91,3.3,474,2963.52,2867.6,2827.4,2886.17,0.8,276,6.010729526
8028,2019/12/1 12:00,6.91,3.3,474,3017.28,2899.12,3006,2974.13,0.8,276,6.147106346
8029,2019/12/1 13:00,7.81,3.8,503,3059.76,2985.96,3059.44,3035.05,2.2,4,6.136117806
8030,2019/12/1 14:00,8.1,3.4,528,3177.75,3233.68,3250.08,3220.5,2.8,337,6.558658989
8031,2019/12/1 15:00,8.68,3.7,539,3310.02,3374.67,3333.28,3339.32,1.7,325,6.817483194
8032,2019/12/1 16:00,9.12,4,552,3361.68,3414.45,3427.71,3401.28,3.1,337,6.928998115
8033,2019/12/1 17:00,9.64,4.1,567,3523.14,3554.94,3556.18,3544.75,2.9,286,7.230366409
8034,2019/12/1 18:00,10.7,4.6,575,3552.4,3572.94,3631.09,3585.48,1.8,1,7.264531805
8035,2019/12/1 19:00,12.1,4.9,598,3790.89,3767.81,3762.04,3773.58,1.9,326,7.765698671
8036,2019/12/1 20:00,12.06,5.3,600,3824.48,3825.9,3800.46,3816.95,4.1,317,7.846245236
8037,2019/12/1 21:00,12.54,4.9,617,3936.55,3898.41,3931.06,3922.01,2.4,341,8.374967052
8038,2019/12/1 22:00,13.22,5.4,626,4055.73,4029.36,4121,4068.7,3.9,77,8.439136709
8039,2019/12/1 23:00,12.76,5.1,637,4120.43,4095,4192.56,4136,4.9,25,8.638363499
8040,2019/12/2 0:00,13.66,6.2,643,4159.76,4186,4244.32,4196.69,4.8,355,8.613394696
8041,2019/12/2 1:00,14.33,5.9,646,4205.52,4244.22,4244.22,4231.32,3.3,346,8.699959933
8042,2019/12/2 2:00,14.26,6.4,661,4303.11,4275.95,4385.64,4321.57,0.7,256,8.91526004
8043,2019/12/2 3:00,14.6,5.5,675,4392.45,4396.8,4500.42,4429.89,3.2,356,9.085857927
8044,2019/12/2 4:00,15.91,5.7,680,4386,4467.2,4536.18,4463.13,2.4,6,9.317293789
8045,2019/12/2 5:00,15.72,6.1,691,4538.28,4529.8,4630.08,4566.05,1.2,319,9.438300189
8046,2019/12/2 6:00,16.62,6.5,692,4576,4526.76,4635.5,4579.42,2.2,286,9.52490168
8047,2019/12/2 7:00,16.74,6.9,695,4600.8,4585.56,4494.3,4560.22,2.1,346,9.499056776
8048,2019/12/2 8:00,17.33,7.5,711,4731.84,4716.96,4767.68,4738.83,2.7,338,10.08461582
8049,2019/12/2 9:00,16.35,6.5,741,4929,4898,4886.76,4904.59,0.9,309,10.2759156
8050,2019/12/2 10:00,17.37,8.1,751,4979.88,4999.12,4901.4,4960.13,3.3,298,10.33234815
8051,2019/12/2 11:00,16.97,7.5,754,5048.25,4975.38,4953.35,4992.33,4.7,4,10.49829493
8052,2019/12/2 12:00,17.01,7,760,5043.48,5032.35,5014.8,5030.21,2.8,64,10.59422602
8053,2019/12/2 13:00,17.01,7,760,5043.48,5032.35,5014.8,5030.21,2.8,64,10.59422602
8054,2019/12/2 14:00,17.28,7.3,760,5086.35,5003.83,4998.88,5029.69,3.9,52,10.6148642
8055,2019/12/2 15:00,16.66,7.4,761,5132.52,4991.21,5060.62,5061.45,2.9,357,10.57075616
8056,2019/12/2 16:00,16.97,6.6,767,5116.76,5030.72,5071.5,5072.99,1.4,345,10.66293848
8057,2019/12/2 17:00,16.99,7.1,778,5215.92,5199.44,5241.72,5219.03,2.1,9,11.05005741
8058,2019/12/2 18:00,18.03,8.3,787,5262.54,5247.9,5329.5,5279.98,1.1,249,11.05553583
8059,2019/12/2 19:00,19.14,8.1,790,5268.92,5254.08,5305.66,5276.22,1.8,38,11.10784301
8060,2019/12/2 20:00,18.37,8.3,793,5252.15,5250,5358.56,5286.9,3.4,294,10.98893861
8061,2019/12/2 21:00,19.18,8.6,793,5302.47,5308.48,5367.86,5326.27,3.4,294,11.09195884
8062,2019/12/2 22:00,18.79,8,832,5384.24,5433.68,5521.32,5446.41,2.8,271,11.27104488
8063,2019/12/2 23:00,18.51,8,833,5582.92,5609.76,5402.38,5531.69,1.4,32,11.47581078
8064,2019/12/3 0:00,19.81,8.3,866,5652.78,5636.16,5753.44,5680.79,1.8,278,11.83137298
8065,2019/12/3 1:00,21.03,8.5,857,5620.05,5602.65,5679.5,5634.07,1.8,246,11.73791117
8066,2019/12/3 2:00,21.28,8.5,850,5546.24,5507.04,5630.4,5561.23,4.7,358,11.39384083
8067,2019/12/3 3:00,20.6,8.5,861,5576.58,5506.38,5627.25,5570.07,1.1,304,11.76135619
8068,2019/12/3 4:00,21.18,9.2,868,5549,5531.68,5608.95,5563.21,3.6,287,11.4979971
8069,2019/12/3 5:00,18.68,7.8,240,1444.6,5660.4,1912.71,3005.9,2,320,5.641358332
8070,2019/12/3 6:00,21.35,9,913,5856.03,5381.25,5690.88,5642.72,2.9,282,12.28875585
8071,2019/12/3 7:00,22.16,9.3,941,5741.12,5498.61,5743.4,5661.04,2.9,280,11.76098581
8072,2019/12/3 8:00,20.87,8.5,775,5803.02,5592.9,5602.82,5666.25,1.7,276,12.16574523
8073,2019/12/3 9:00,20.49,8.6,874,4180.8,5540.66,5088.16,4936.54,2.1,293,9.445592146
8074,2019/12/3 10:00,23.47,9,859,5568.98,5316.57,5624,5503.18,0.5,34,11.79233727
8075,2019/12/3 11:00,19.47,8.6,827,5428.8,4781.7,5274.56,5161.69,1.6,329,11.21780845
8076,2019/12/3 12:00,21.33,8,807,5118.96,5343.22,5038.86,5167.01,3.3,61,10.62353117
8077,2019/12/3 13:00,15.72,7.6,210,1327.2,1380.12,1360.59,1355.97,2.7,352,2.998686937
8078,2019/12/3 14:00,13.6,8,572,1487.64,1497.66,3872.29,2285.86,2.2,348,3.491834482
8079,2019/12/3 15:00,15.72,9,846,4745,5516.8,5448.3,5236.7,2,278,8.304742623
8080,2019/12/3 16:00,22.31,8.8,842,5121.06,5096.42,5394.4,5203.96,3.3,67,10.96040578
8081,2019/12/3 17:00,18.12,8.7,296,2908.91,1446.06,1542.4,1965.79,4,274,4.988425553
8082,2019/12/3 18:00,16.2,8.7,521,1540.8,2656.08,3971.88,2722.92,3.1,289,5.04058276
8083,2019/12/3 19:00,17.01,8.6,782,4615.98,5035.38,5241.6,4964.32,0.8,314,9.866022613
8084,2019/12/3 20:00,20.56,9.5,524,4521.6,4765.95,4660.07,4649.21,2.6,289,9.794619295
8085,2019/12/3 21:00,20.97,9.3,752,4787.5,4781.7,4899.69,4822.96,1,274,10.06436645
8086,2019/12/3 22:00,22.06,9.6,749,4779.84,4755.4,4852.96,4796.07,1.6,298,10.03446982
8087,2019/12/3 23:00,24.8,10.1,731,4536.12,4516.44,4572.98,4541.85,2.5,277,9.645324594
8088,2019/12/4 0:00,17.18,9.1,503,3586.2,3617.46,3437.82,3547.16,2.1,284,7.526997445
8089,2019/12/4 1:00,16.1,8.8,650,3609.36,4204.96,4140.86,3985.06,3.2,350,7.96420217
8090,2019/12/4 2:00,17.37,8.6,450,3334.65,3924.12,3829.05,3695.94,2.2,59,7.587953882
8091,2019/12/4 3:00,17.64,9.2,664,3551.14,3778.25,4070.28,3799.89,0.7,38,7.650469141
8092,2019/12/4 4:00,20.16,9.8,662,3956.25,3987.92,3968.99,3971.05,2.4,275,8.251331554
8093,2019/12/4 5:00,19.62,9.9,636,3917.76,3931.04,3868.03,3905.61,3.2,275,8.153149602
8094,2019/12/4 6:00,17.8,10.1,509,3563.1,3577.6,3267.81,3469.5,2.1,279,7.400477018
8095,2019/12/4 7:00,17.53,9.5,518,3382.18,3126.54,3222.84,3243.85,4.5,277,6.906453548
8096,2019/12/4 8:00,18.18,9.5,596,3086.4,3278.07,3490.76,3285.08,1.1,352,7.02146373
8097,2019/12/4 9:00,18.39,9.8,592,3508.11,3452.54,3402.6,3454.42,1.9,274,7.230083584
8098,2019/12/4 10:00,17.33,9.6,597,3499.86,3330.74,3449.6,3426.73,2.4,312,7.12269404
8099,2019/12/4 11:00,16.91,9.6,559,3212.1,2892.8,3220,3108.3,2.6,256,6.490993472
8100,2019/12/4 12:00,16.18,9.7,518,2820.92,2794.96,2861.35,2825.74,2,287,5.88931421
8101,2019/12/4 13:00,14.72,9.1,502,2757.96,2685.05,2766.96,2736.66,1.1,353,5.719080538
8102,2019/12/4 14:00,16.22,10,486,2721.18,2642.14,2626.82,2663.38,3.8,276,5.611202672
8103,2019/12/4 15:00,16.41,9.5,486,2643.06,2566.08,2549.18,2586.11,3.8,276,5.473738813
8104,2019/12/4 16:00,15.97,9.6,448,2379.8,2333.5,2385.5,2366.27,4.2,280,5.01552597
8105,2019/12/4 17:00,14.07,9.5,399,2013.92,1981.62,2024.3,2006.61,2.1,286,4.271141319
8106,2019/12/4 18:00,14.18,9.6,381,1929.3,1933.47,1900.92,1921.23,2.1,278,4.11144305
8107,2019/12/4 19:00,14.33,9.3,367,1876.98,1890.06,1848.84,1871.96,2.3,274,4.021900339
8108,2019/12/4 20:00,14.35,9.6,364,1801.25,1740.84,1803.27,1781.79,3.2,289,3.807068117
8109,2019/12/4 21:00,13.28,9.2,347,1657.15,1701.72,1703,1687.29,4.2,277,3.535110422
8110,2019/12/4 22:00,13.18,8.8,323,1526.56,1541.08,1484.58,1517.41,4.8,264,3.234596239
8111,2019/12/4 23:00,11.54,9.5,292,1320.57,1279.2,1390.72,1330.16,1.6,292,2.837352223
8112,2019/12/5 0:00,11.37,9.3,269,1266.08,1242.6,1207.04,1238.57,2.8,280,2.618538553
8113,2019/12/5 1:00,11.47,9.1,253,1169.46,1123.47,1102.08,1131.67,1.9,299,2.446673603
8114,2019/12/5 2:00,10.18,9,217,938.08,982.5,923.55,948.04,2,276,1.989806846
8115,2019/12/5 3:00,9.22,8.6,166,653,669.5,619.4,647.3,2.8,278,1.324980362
8116,2019/12/5 4:00,4.99,2.3,288,1552.62,1600.08,1421.7,1524.8,2.4,275,3.158348058
8117,2019/12/5 5:00,5.49,2.8,267,1442.01,1464.96,1364.16,1423.71,2.5,282,2.935486989
8118,2019/12/5 6:00,5.53,3,304,1480.44,1523.17,1568.6,1524.07,2.1,269,3.112398704
8119,2019/12/5 7:00,7.28,4.2,359,1895.6,1921.92,1918.05,1911.86,2.4,285,3.950671607
8120,2019/12/5 8:00,7.87,4.6,390,2119.95,2127.07,2157.4,2134.81,3.2,293,4.403672982
8121,2019/12/5 9:00,9.79,5.8,425,2528.82,2503.28,2481.24,2504.45,4.2,286,5.221507514
8122,2019/12/5 10:00,9.82,5.7,431,2431.52,2456.8,2490.84,2459.72,2.1,262,5.092857537
8123,2019/12/5 11:00,10.37,6.4,460,2600.15,2588.42,2608.28,2598.95,1.9,277,5.382309971
8124,2019/12/5 12:00,10.66,6.6,462,2722.4,2645.37,2657.22,2675,1.3,253,5.591310959
8125,2019/12/5 13:00,10.41,6.4,475,2817.75,2782.81,2723.32,2774.63,2.5,263,5.745660924
8126,2019/12/5 14:00,10.76,6.7,509,3027.84,2961.28,3058.44,3015.85,3.3,286,6.195722279
8127,2019/12/5 15:00,11.91,7.1,534,3156.61,3225.87,3230.78,3204.42,3,302,6.563759605
8128,2019/12/5 16:00,12.04,7.6,534,3182.97,3234.08,3270.26,3229.1,2.7,287,6.600751991
8129,2019/12/5 17:00,12.35,7.7,542,3271.86,3373.25,3271.53,3305.55,1.5,281,6.778963169
8130,2019/12/5 18:00,13.12,7.6,570,3401.86,3469.83,3507.76,3459.82,3.8,280,7.094240231
8131,2019/12/5 19:00,15.64,9.3,607,3855.06,3837.24,3798.48,3830.26,3,308,7.917434952
8132,2019/12/5 20:00,15.3,9.1,624,3939.84,3831.3,3979.36,3916.83,3.7,285,8.26397378
8133,2019/12/5 21:00,16.43,9.8,633,4025,4018.92,4095.84,4046.59,4.9,307,8.38943087
8134,2019/12/5 22:00,16.91,10.2,639,4050.6,4000.26,4102.4,4051.09,4.1,280,8.39372493
8135,2019/12/5 23:00,17.03,10.3,641,4108.77,4140.62,4160,4136.46,3.4,306,8.534300747
8136,2019/12/6 0:00,16.31,9.9,655,4198.88,4179.06,4275.2,4217.71,3,263,8.704445462
8137,2019/12/6 1:00,17.74,10.6,666,4217.78,4248.15,4375.68,4280.54,3.2,313,8.802404117
8138,2019/12/6 2:00,17.66,10.3,666,4288.29,4286.64,4382.04,4318.99,3.8,289,8.953573151
8139,2019/12/6 3:00,17.84,10.8,683,4441.6,4425.95,4514.85,4460.8,4.3,302,9.267033349
8140,2019/12/6 4:00,17.64,10.6,686,4511.34,4490.16,4560.12,4520.54,4.2,279,9.41691024
8141,2019/12/6 5:00,18.85,10.7,718,4659.9,4635.73,4751.43,4682.35,0.9,279,9.716951972
8142,2019/12/6 6:00,19.26,10.8,718,4639.89,4642.02,4782.98,4688.3,0.9,279,9.985268203
8143,2019/12/6 7:00,19.74,10.8,728,4735.98,4697.44,4772.8,4735.41,2.3,281,9.882208432
8144,2019/12/6 8:00,20.29,11,729,4756.5,4725,4720.04,4733.85,1,272,9.920007383
8145,2019/12/6 9:00,20.45,11.6,736,4810.48,4818.75,4781.25,4803.49,2.9,300,10.03243557
8146,2019/12/6 10:00,20.99,11.6,754,4868.46,4808.06,4826.72,4834.41,2.1,270,10.14292857
8147,2019/12/6 11:00,20.99,11.4,751,4882.8,4867,4856.25,4868.68,2.5,295,10.19218346
8148,2019/12/6 12:00,18.93,11,769,5035.38,5014.26,4954.56,5001.4,3,341,10.42208464
8149,2019/12/6 13:00,20.09,10.8,768,5038.29,4927.93,4987.5,4984.57,1.7,263,10.49853457
8150,2019/12/6 14:00,21.85,11.7,772,4995.48,4852.96,4923.66,4924.03,1.5,280,10.4003968
8151,2019/12/6 15:00,22.49,11.9,774,5015.15,4866.4,4942.17,4941.24,4.3,272,10.42614913
8152,2019/12/6 16:00,22.99,11.7,775,5040.07,4985.36,5016.38,5013.94,1.5,270,10.56588407
8153,2019/12/6 17:00,22.62,12.4,786,5040.89,5026.56,5145.78,5071.08,5,276,10.63760796
8154,2019/12/6 18:00,20.01,11.5,723,4489.32,4262.5,4639.8,4463.87,1.6,20,10.33535981
8155,2019/12/6 19:00,20.95,11.8,802,5187.5,5233.2,5290.08,5236.93,4.1,283,10.88822207
8156,2019/12/6 20:00,21.26,12.1,799,5218.75,5193.41,5259.18,5223.78,2.6,297,10.92775425
8157,2019/12/6 21:00,21.22,12,808,5266.56,5215.92,5197.38,5226.62,3,283,10.96287735
8158,2019/12/6 22:00,21.06,11.8,784,5297.76,5256.84,5215.92,5256.84,1.9,330,11.10303549
8159,2019/12/6 23:00,21.1,11.8,813,5346.81,5224.36,5383.84,5318.34,3.3,333,11.1149625
8160,2019/12/7 0:00,21.39,12.8,804,5254.08,5338.2,5265.36,5285.88,2.7,282,11.01887888
8161,2019/12/7 1:00,21.1,11.5,815,5398.96,5376.6,5390,5388.52,1,315,11.39392212
8162,2019/12/7 2:00,21.49,12.3,813,5349.2,5282.85,5360.22,5330.76,2.3,276,11.24520136
8163,2019/12/7 3:00,23.49,12.4,815,5209.05,5227.7,5361.12,5265.96,3.1,289,10.97020251
8164,2019/12/7 4:00,23.01,13,807,5239.8,5215.2,5309.59,5254.86,3.1,269,10.99510486
8165,2019/12/7 5:00,22.16,12.4,808,5172.66,5231.28,5362.8,5255.58,4,288,10.91059239
8166,2019/12/7 6:00,23.43,12.3,809,5201.8,5177.52,5276.5,5218.61,2.9,302,10.9142214
8167,2019/12/7 7:00,24.18,12.8,804,5213.65,5217.94,5294.8,5242.13,4,301,10.94901079
8168,2019/12/7 8:00,24.89,13,789,5065.19,5083.52,5144.94,5097.88,1.7,301,10.67833654
8169,2019/12/7 9:00,24.53,13.1,801,5154.12,4918.72,5089.63,5054.16,4.6,290,10.68563684
8170,2019/12/7 10:00,23.49,13,784,4766.25,4655.82,4558.4,4660.16,1.6,359,9.800341928
8171,2019/12/7 11:00,23.68,13.2,792,4637.6,4883.76,4760.1,4760.49,3,277,9.82736114
8172,2019/12/7 12:00,24.37,13.5,794,5063.42,5026.6,5002.08,5030.7,3.6,290,10.67329692
8173,2019/12/7 13:00,22.12,13.1,773,4909.24,5042.52,4945.81,4965.86,4.8,289,10.35330234
8174,2019/12/7 14:00,22.24,13.3,738,5085.99,4676.13,4362.19,4708.1,1.4,265,10.28169528
8175,2019/12/7 15:00,22.29,12.8,748,4621.46,4741.65,4778.68,4713.93,1.2,6,9.861486521
8176,2019/12/7 16:00,22.16,13.5,791,4961.79,4882.2,5088.18,4977.39,4.8,279,10.43190664
8177,2019/12/7 17:00,21.31,12.8,767,4912.5,4876.02,4924.53,4904.35,3.8,271,10.26838601
8178,2019/12/7 18:00,21.2,13.4,765,4859.25,4857.82,4899.69,4872.25,3.9,286,10.1645782
8179,2019/12/7 19:00,21.03,13.2,562,4834.17,4851.6,4382.73,4689.5,3.8,283,10.03810692
8180,2019/12/7 20:00,22.31,13.8,709,4439.16,4356.9,4572.82,4456.29,4.3,283,9.327279284
8181,2019/12/7 21:00,22.83,13.8,720,4389,4559.26,4636.32,4528.19,4.8,280,9.462889238
8182,2019/12/7 22:00,21.99,13.6,708,4403,4292.47,4582.32,4425.93,5.9,294,9.356269218
8183,2019/12/7 23:00,22.87,13.5,681,4358.32,4298.02,4354.77,4337.04,3.2,279,9.079242409
8184,2019/12/8 0:00,22.39,13.2,657,4093.75,4079.21,4118.03,4097,1.9,1,8.513184425
8185,2019/12/8 1:00,21.64,13.2,655,3994.08,3968.75,4131.6,4031.48,3.4,284,8.354035876
8186,2019/12/8 2:00,22.97,13.4,641,4000.5,3906.21,3930.8,3945.84,1.1,292,8.241507992
8187,2019/12/8 3:00,23.01,13.5,633,3925.02,3868.83,3825.4,3873.08,1.1,280,8.112133835
8188,2019/12/8 4:00,23.41,13.5,632,3819.15,3837.68,3819.23,3825.35,2.2,292,7.970820634
8189,2019/12/8 5:00,22.53,13.8,627,3730.32,3774.78,3743.48,3749.53,3.3,316,7.789008783
8190,2019/12/8 6:00,20.26,13.9,571,3447.12,3374.88,3406.48,3409.49,1.8,297,7.069724165
8191,2019/12/8 7:00,19.6,13.6,543,3246.12,3211.8,3120.69,3192.87,3.2,282,6.668423132
8192,2019/12/8 8:00,18.8,13.3,581,3440.05,2295.08,3382.47,3039.2,3.4,284,6.279596158
8193,2019/12/8 9:00,19.97,14.5,573,3317.6,3282.95,3280.08,3293.54,1.4,286,6.799931005
8194,2019/12/8 10:00,19.66,14.4,552,3207.78,3165.89,3149.6,3174.42,2.4,285,6.569749524
8195,2019/12/8 11:00,18.89,14,530,3017.4,2904.72,2863.85,2928.66,2.6,275,6.108308388
8196,2019/12/8 12:00,19.54,13.8,506,2767.02,2709.36,2707.25,2727.88,2.8,287,5.705694093
8197,2019/12/8 13:00,20.28,13.8,496,2609.42,2626.68,2686.05,2640.72,1.7,297,5.526745508
8198,2019/12/8 14:00,19.93,14.3,481,2589.64,2598.96,2582.16,2590.25,2.7,259,5.418432448
8199,2019/12/8 15:00,19.62,14,478,2568.78,2573.48,2556.72,2566.33,3.2,275,5.367831139
8200,2019/12/8 16:00,18.85,14.1,468,2460.08,2422.98,2466.54,2449.87,4.7,281,5.099559192
8201,2019/12/8 17:00,18.6,13.5,449,2390.2,2356.14,2374.4,2373.58,1.7,282,5.044400145
8202,2019/12/8 18:00,18.74,14.2,437,2337.72,2234.16,2281.23,2284.37,5.7,280,4.798782797
8203,2019/12/8 19:00,18.54,14.1,429,2180.1,2153.76,2256.93,2196.93,2,273,4.640689576
8204,2019/12/8 20:00,16.7,13.5,374,1828.96,1881.06,1855.38,1855.13,1.6,289,3.968145528
8205,2019/12/8 21:00,16.89,13.5,366,1827.36,1797.6,1823.28,1816.08,1.4,303,3.948166336
8206,2019/12/8 22:00,16.52,13.7,325,1518.1,1511.05,1513.4,1514.18,2.4,301,3.251756145
8207,2019/12/8 23:00,15.26,13.6,270,1246.78,1236.48,1219.05,1234.1,3.1,272,2.623394548
8208,2019/12/9 0:00,14.72,13.5,257,1220.12,1164.6,1124.04,1169.59,3.7,285,2.46589837
8209,2019/12/9 1:00,14.39,13.5,252,1124.04,1093.43,1096.5,1104.66,4.4,280,2.262085254
8210,2019/12/9 2:00,13.66,13.5,208,912.27,915.9,874.48,900.88,1.3,282,2.019731903
8211,2019/12/9 3:00,13.51,13.3,193,824.32,810.18,829.47,821.32,2.3,276,1.769902044
8212,2019/12/9 4:00,13.16,13.3,189,758.74,737.15,792.12,762.67,2.2,276,1.705217476
8213,2019/12/9 5:00,12.99,13.4,169,728.85,710.4,670.95,703.4,1.9,267,1.580928394
8214,2019/12/9 6:00,12.91,13.4,159,688.01,651.78,623.71,654.5,0.9,294,1.546417248
8215,2019/12/9 7:00,12.59,13.1,150,588.8,585.12,594.27,589.4,3,320,1.166949984
8216,2019/12/9 8:00,9.37,3.7,304,1569.8,1594.13,1469.65,1544.53,1.7,272,3.370062505
8217,2019/12/9 9:00,9.51,3.6,309,1640.82,1609.3,1491.75,1580.62,1.8,285,3.47012081
8218,2019/12/9 10:00,9.72,3.8,320,1687.51,1714.19,1615.95,1672.55,1.3,245,3.667257941
8219,2019/12/9 11:00,10.06,4,332,1718.28,1752.96,1709.05,1726.76,1.9,271,3.724464425
8220,2019/12/9 12:00,10.39,4.1,342,1758.24,1835.4,1799.44,1797.69,1.3,274,3.871273568
8221,2019/12/9 13:00,11.12,4.1,353,1880.08,1947,1778.09,1868.39,1,289,4.095121932
8222,2019/12/9 14:00,13.64,4.9,399,2236.96,2184.36,2285.95,2235.76,0.8,284,4.895321348
8223,2019/12/9 15:00,14.3,5.5,412,2278.97,2315.16,2366.76,2320.3,1.4,275,5.010822569
8224,2019/12/9 16:00,15.24,5.1,440,2434.74,2532.39,2496,2487.71,1.4,287,5.370362776
8225,2019/12/9 17:00,16.47,6.3,472,2728.08,2661.52,2663.85,2684.48,0.1,262,5.861039195
8226,2019/12/9 18:00,18.16,6.1,497,2898,2828.8,2920.23,2882.34,0.9,259,6.229734573
8227,2019/12/9 19:00,18.62,6.3,505,2985.3,3013.01,2993.47,2997.26,0.1,231,6.459366456
8228,2019/12/9 20:00,19.72,7.3,463,2797.86,2721.9,2507.4,2675.72,0,253,6.028037014
8229,2019/12/9 21:00,19.58,7,502,2873.6,2887.44,2931.96,2897.67,0.9,278,6.25682627
8230,2019/12/9 22:00,20.39,7.7,536,3051.23,3148.69,3150.98,3116.97,1,265,6.638120977
8231,2019/12/9 23:00,20.97,7.6,553,3322.16,3378.2,3318,3339.45,1.4,255,7.134812158
8232,2019/12/10 0:00,21.41,8.3,514,3307.2,3273.98,3239.35,3273.51,1.2,237,7.07059672
8233,2019/12/10 1:00,22.51,7.7,509,3052.8,3195.32,3089.76,3112.63,1,184,6.706549659
8234,2019/12/10 2:00,22.76,9,554,3427.2,3387.5,3494.4,3436.37,0.8,340,7.291164078
8235,2019/12/10 3:00,24.51,9.9,601,3414.04,3428.6,3800.66,3547.77,0.8,219,7.404270103
8236,2019/12/10 4:00,25.87,10,601,3763.4,3576.02,3813.04,3717.49,0.8,475,7.585984484
8237,2019/12/10 5:00,26.16,10.3,638,3713.8,3751.36,3880.8,3781.99,1.1,261,7.960830717
8238,2019/12/10 6:00,27.53,11,646,4052.4,4033.54,4062.03,4049.32,0.3,255,8.602364081
8239,2019/12/10 7:00,29.16,10.8,659,4093.7,4056.5,4157.16,4102.45,0.5,137,8.745737269
8240,2019/12/10 8:00,30.58,11,603,4149.48,3919.02,3951.12,4006.54,1.2,124,8.734238603
8241,2019/12/10 9:00,29.89,10.8,643,3788.1,3936.55,4309.7,4011.45,1.4,186,8.45346986
8242,2019/12/10 10:00,30.41,11,605,3945.5,3980.9,3455.75,3794.05,1.4,191,8.311078074
8243,2019/12/10 11:00,30.49,12,644,4279.35,4128.87,4147.78,4185.33,1.8,190,9.051515149
8244,2019/12/10 12:00,30.01,11.6,651,4220.37,4191.76,4314.72,4242.28,0.9,234,9.033236355
8245,2019/12/10 13:00,31.01,12,699,4211.7,4174.04,4446,4277.25,0.5,308,8.919386987
8246,2019/12/10 14:00,32.31,11.8,688,4620,4672.64,4181.76,4491.47,1.5,138,9.617450151
8247,2019/12/10 15:00,32.64,12.3,746,4771.6,4380.6,4674.78,4608.99,2.1,195,9.957988343
8248,2019/12/10 16:00,31.62,12.1,699,4591.64,4531.54,4358.1,4493.76,2,194,9.649589824
8249,2019/12/10 17:00,31.51,12.3,733,4566.24,4539.08,4549.14,4551.49,0.7,157,9.667121422
8250,2019/12/10 18:00,31.24,13.1,733,4576.36,4622.54,4636.88,4611.93,1.1,265,9.729963191
8251,2019/12/10 19:00,33.04,12.7,756,4658.85,4696.56,4801.12,4718.84,2.9,143,10.05496166
8252,2019/12/10 20:00,33.58,13.1,760,4857.4,4809.23,4832.1,4832.91,2.1,212,10.29664056
8253,2019/12/10 21:00,34.68,13.6,774,4852.98,4820.3,4921.9,4865.06,1.5,286,10.29732347
8254,2019/12/10 22:00,33.95,14.2,760,4714.36,4680.72,4848.48,4747.85,2.9,260,10.07454287
8255,2019/12/10 23:00,33.85,14.2,775,4760,4783.36,4901.45,4814.94,2.1,254,10.15878286
8256,2019/12/11 0:00,35.3,14.5,782,4858.02,4911.21,4967.8,4912.34,2.2,270,10.3680016
8257,2019/12/11 1:00,33.39,14.3,738,4648.8,4672.64,4676.7,4666.05,2.2,231,9.911484686
8258,2019/12/11 2:00,31.16,14.8,742,4612.95,4582.35,4746,4647.1,1.2,247,9.615767112
8259,2019/12/11 3:00,32.08,15.3,744,4604.6,4584.96,4678.6,4622.72,2.1,271,9.74789154
8260,2019/12/11 4:00,33.14,15.1,764,4772.04,4768,4807.6,4782.55,3.4,244,10.16753643
8261,2019/12/11 5:00,31.89,15.9,749,4737.15,4771.6,4724.2,4744.32,5.3,275,10.1373385
8262,2019/12/11 6:00,30.29,15.2,738,4635.9,4522.45,4624.28,4594.21,2.8,197,9.772566525
8263,2019/12/11 7:00,30.91,15.7,740,4590.4,4627.7,4712.24,4643.45,3.3,255,9.809593806
8264,2019/12/11 8:00,30.51,15.9,715,4656.84,4596,4653.46,4635.43,2,205,9.826105133
8265,2019/12/11 9:00,31.54,16,717,4599.28,4520.88,4603.66,4574.61,2.6,265,9.697824934
8266,2019/12/11 10:00,31.74,16,724,4564.71,4578,4572,4571.57,2.2,228,9.675046303
8267,2019/12/11 11:00,30.99,15.8,745,4769.22,4816,4666.21,4750.48,2.1,264,10.05703253
8268,2019/12/11 12:00,31.27,15.8,745,4701.62,4735.88,4640.48,4692.66,1.5,273,9.90902487
8269,2019/12/11 13:00,31.16,16.1,734,4693.08,4711.2,4584,4662.76,2.9,198,9.905886126
8270,2019/12/11 14:00,31.41,16.5,765,4783.96,4782,4736.2,4767.39,1.9,271,10.05635721
8271,2019/12/11 15:00,31.49,16.6,743,4773.45,4754.1,4669.77,4732.44,3.8,270,10.01954047
8272,2019/12/11 16:00,30.91,16.5,748,4727.52,4692,4656,4691.84,3.8,232,9.982957166
8273,2019/12/11 17:00,30.91,16.2,700,4482.24,4399.32,4326,4402.52,3.3,267,9.385209821
8274,2019/12/11 18:00,30.14,16.9,685,4401.34,4151.1,4251.15,4267.86,2.7,235,9.096372731
8275,2019/12/11 19:00,30.35,16.6,714,4371.52,4421.28,4472.86,4421.89,3,236,9.316336217
8276,2019/12/11 20:00,30.37,16.2,703,4409.16,4315.77,4456.17,4393.7,3.9,244,9.350099679
8277,2019/12/11 21:00,29.99,16.4,694,4170.09,4323.9,4358.26,4284.08,4.2,278,9.038722843
8278,2019/12/11 22:00,28.53,17,598,3708.45,3480.4,3782.24,3657.03,3.2,274,7.701634432
8279,2019/12/11 23:00,27.87,16.8,585,3572.8,3524.36,3640.02,3579.06,1.7,262,7.488279317
8280,2019/12/12 0:00,27.95,17.1,577,3572.8,3530.1,3595.59,3566.16,5.5,264,7.665778625
8281,2019/12/12 1:00,26.12,16.6,475,3146.15,3257.28,3080.16,3161.2,4.4,263,6.791231991
8282,2019/12/12 2:00,24.24,16.9,442,2526.81,2464.11,2593.64,2528.19,4.2,242,5.346922246
8283,2019/12/12 3:00,23.37,16.7,356,2232.95,2139.09,2082.3,2151.45,3,244,4.695286043
8284,2019/12/12 4:00,23.03,16.3,330,2050.92,2028.6,1933.92,2004.48,2.9,264,4.403723582
8285,2019/12/12 5:00,22.64,16.4,325,1899.31,1880.38,1886.69,1888.79,4.2,266,4.076747452
8286,2019/12/12 6:00,21.99,16.3,345,1921.28,1936.98,1993.96,1950.74,2.5,239,4.211276229
8287,2019/12/12 7:00,22.35,16.8,411,2257.04,2271.6,2246.36,2258.33,3.3,191,4.882108917
8288,2019/12/12 8:00,22.37,16.7,396,2159,2135.7,2138.6,2144.43,1.4,229,4.677245405
8289,2019/12/12 9:00,22.47,17.1,430,2240.82,2190.18,2328.39,2253.13,2.5,272,4.759326257
8290,2019/12/12 10:00,22.62,17.1,442,2333.12,2282.4,2331,2315.51,1.9,244,4.938992163
8291,2019/12/12 11:00,23,17.2,381,2079,2022.3,2072.96,2058.09,4.1,273,4.386455606
8292,2019/12/12 12:00,22.81,17,356,2009.76,1987.65,1921.28,1972.9,3.1,231,4.273135674
8293,2019/12/12 13:00,21.97,17,332,1740.75,1711.8,1734.42,1728.99,3.6,255,3.726815013
8294,2019/12/12 14:00,20.72,17.1,285,1488.24,1411.59,1480.5,1460.11,2.5,272,3.244807543
8295,2019/12/12 15:00,20.55,16.9,269,1362.96,1331.41,1358.8,1351.06,3.3,265,2.956025835
8296,2019/12/12 16:00,20.43,17.1,249,1350.42,1303.98,1301.92,1318.77,1.7,232,2.922539842
8297,2019/12/12 17:00,20.04,17.1,244,1268,1260,1260,1262.67,2.5,256,2.81151165
8298,2019/12/12 18:00,19.05,16.8,221,1122.18,1099.68,1127.7,1116.52,3.6,218,2.422553684
8299,2019/12/12 19:00,18.87,16.8,193,1036.68,982.8,995.4,1004.96,3,252,2.249924795
8300,2019/12/12 20:00,18.64,16.8,193,955.83,933.88,970.2,953.3,3,252,2.111063974
8301,2019/12/12 21:00,17.64,16.7,155,781.2,739.86,817.7,779.59,2.2,245,1.801573895
8302,2019/12/12 22:00,17.37,16.8,138,703.36,709.64,719.9,710.97,3.9,264,1.484871708
8303,2019/12/12 23:00,16.26,16.3,102,530.4,522.48,533.2,528.69,2.5,265,1.213390812
8304,2019/12/13 0:00,15.43,16.2,76,416.07,407.88,411.38,411.78,4,222,0.882363263
8305,2019/12/13 1:00,0.01,0.1,1,0,0,0,0,0.1,1,0.379993053
8306,2019/12/13 2:00,8.78,8.6,80,426.79,432.48,459.36,439.54,2.2,101,1.110193253
8307,2019/12/13 3:00,9.41,8.9,89,514.4,495.11,480.32,496.61,2,109,1.284829868
8308,2019/12/13 4:00,9.45,8.9,95,553.84,616.92,504.02,558.26,2.6,128,1.316177645
8309,2019/12/13 5:00,9.89,9,180,818.75,805.65,958.44,860.95,2.8,97,1.877468231
8310,2019/12/13 6:00,10.37,9.1,199,959.91,983.01,1034.9,992.61,2.8,103,2.158747371
8311,2019/12/13 7:00,11.51,9.3,158,858.94,1021.8,889.13,923.29,3,106,2.002517103
8312,2019/12/13 8:00,10.6,9.1,81,412.1,389.36,401.92,401.13,3.6,113,1.019803459
8313,2019/12/13 9:00,10.39,9,85,383.69,384.3,415.14,394.38,3.3,105,1.002251729
8314,2019/12/13 10:00,10.1,9,109,413.16,479.25,543.52,478.64,3.3,113,0.959672614
8315,2019/12/13 11:00,10.01,9.1,123,653.82,568.71,638,620.18,4.5,94,1.383144749
8316,2019/12/13 12:00,10.78,9.5,183,984.52,964.96,946.08,965.19,4.1,112,2.084061326
8317,2019/12/13 13:00,11.22,9.5,193,975,975.46,1002.85,984.44,4,99,2.117799046
8318,2019/12/13 14:00,11.53,9.7,204,1014,1017.36,1086.96,1039.44,2.5,110,2.300898821
8319,2019/12/13 15:00,12.87,9.9,198,1054.61,1044.9,1207.14,1102.22,2.1,116,2.455970586
8320,2019/12/13 16:00,13.51,10.2,337,1634.32,1853.65,1954.26,1814.08,2,135,3.707573797
8321,2019/12/13 17:00,15.33,10.6,367,1871.24,1872.72,1836.67,1860.21,2.3,134,4.000101744
8322,2019/12/13 18:00,15.89,11,390,2066.84,2041,2131.92,2079.92,3.2,100,4.347209336
8323,2019/12/13 19:00,15.81,10.4,340,1438.56,1466.42,1777.44,1560.81,3.3,97,3.303432146
8324,2019/12/13 20:00,16.16,11.2,370,2193.87,1856.14,2258.03,2102.68,1.8,117,4.526496745
8325,2019/12/13 21:00,17.87,11.1,460,2600.94,2635.68,2619.36,2618.66,2.3,158,5.477985601
8326,2019/12/13 22:00,18.51,11.3,456,2592.9,2600.1,2615.28,2602.76,2,128,5.455955373
8327,2019/12/13 23:00,19.22,11.2,469,2573.55,2615.28,2660.46,2616.43,3.9,114,5.534442913
8328,2019/12/14 0:00,19.58,11.2,461,2693.82,2596.66,2607.6,2632.69,1.7,94,5.583354326
8329,2019/12/14 1:00,20.91,11.7,463,2362.2,2426.97,2587.1,2458.76,2.9,168,5.196355622
8330,2019/12/14 2:00,21.26,11.8,420,2556,2434.56,2510.64,2500.4,1.5,135,5.421002455
8331,2019/12/14 3:00,21.72,11.8,401,2149.26,2184.4,2313.12,2215.59,1.2,195,4.855528159
8332,2019/12/14 4:00,18.49,11.5,321,1623.06,1633.28,1684.32,1646.89,1.5,112,3.706213725
8333,2019/12/14 5:00,18.41,11.8,312,1620.36,1571.94,1648.62,1613.64,3,137,3.584180874
8334,2019/12/14 6:00,18.53,11.7,319,1575.86,1598.87,1671.56,1615.43,1.5,132,3.632455156
8335,2019/12/14 7:00,18.72,11.8,321,1662.78,1623.06,1676.4,1654.08,3.2,134,3.664406513
8336,2019/12/14 8:00,18.51,11.3,299,1655.08,1601.38,1593.6,1616.69,1.6,105,3.479455221
8337,2019/12/14 9:00,18.76,11.6,303,1553.64,1534.28,1621.8,1569.91,0.4,183,3.670690672
8338,2019/12/14 10:00,18.7,11.6,303,1589.68,1564.56,1624.35,1592.86,3.3,183,3.545959594
8339,2019/12/14 11:00,18.49,11.6,391,2102.61,2121.71,2115.09,2113.14,3,82,4.483620283
8340,2019/12/14 12:00,18.74,11.8,380,2157.12,2038.41,2051.14,2082.22,1.8,117,4.560776159
8341,2019/12/14 13:00,19.3,12.1,383,1993.51,1945.9,2031.93,1990.45,1.6,90,4.335289755
8342,2019/12/14 14:00,19.37,11.9,392,2003.32,1997.1,2089.15,2029.86,3.4,91,4.329299201
8343,2019/12/14 15:00,19.51,11.8,401,2121.21,2032,2155.12,2102.78,2,109,4.551768829
8344,2019/12/14 16:00,21.01,12.1,404,2207.48,2142.48,2202.84,2184.27,1.1,105,4.792010559
8345,2019/12/14 17:00,21.56,12.3,422,2187.3,2183.26,2240.05,2203.54,0.9,73,4.787346202
8346,2019/12/14 18:00,21.87,12.5,443,2278.8,2275.2,2401.6,2318.53,3.9,89,4.921209978
8347,2019/12/14 19:00,20.7,12.6,456,2326.78,2421.88,2391.36,2380.01,3.2,92,4.976357966
8348,2019/12/14 20:00,19.78,12.2,444,2328.7,2619.9,2461.32,2469.97,2.4,75,5.088901248
8349,2019/12/14 21:00,20.53,12.1,429,2434.59,2439.52,2372.56,2415.56,2.6,96,5.13381665
8350,2019/12/14 22:00,21.68,12.2,454,2550.36,2079,2462.37,2363.91,1.6,86,5.183641133
8351,2019/12/14 23:00,19.76,12.3,322,1576.28,1108.02,1811.52,1498.61,2.7,28,3.422632656
8352,2019/12/15 0:00,18.26,12,218,1051.68,1017.12,1131.25,1066.68,4.4,30,2.448484507
8353,2019/12/15 1:00,17.08,11.8,232,1089.24,1067.04,1188.81,1115.03,3.4,51,2.547757925
8354,2019/12/15 2:00,16.39,12.2,245,1188.54,1191.19,1259.28,1213,0.4,51,2.924289557
8355,2019/12/15 3:00,16.49,12.2,239,1228.8,1216.67,1248.98,1231.48,0.8,56,2.947963063
8356,2019/12/15 4:00,16.47,12.1,202,1235.2,1205.82,1200.15,1213.72,1.2,26,2.902056906
8357,2019/12/15 5:00,16.16,12.5,208,1188.54,1159.34,1233.84,1193.91,1.7,69,2.766378099
8358,2019/12/15 6:00,15.39,12.2,216,1279.57,1254.4,1286.4,1273.46,2.9,53,2.814167747
8359,2019/12/15 7:00,15.22,12,240,1419,1401.82,1523.91,1448.24,1.6,68,3.1898957
8360,2019/12/15 8:00,15.03,12.1,234,1458,1406.1,1474.76,1446.29,1.1,346,3.184538166
8361,2019/12/15 9:00,14.93,12.1,231,1453.18,1406.1,1455.07,1438.12,2.3,331,3.075874724
8362,2019/12/15 10:00,14.89,11.9,212,1568.16,1449,1354.62,1457.26,3.1,78,3.233617479
8363,2019/12/15 11:00,14.68,11.8,217,1369.52,1358.84,1408.28,1378.88,3.4,65,2.945608809
8364,2019/12/15 12:00,14.62,12,214,1406.16,1324.58,1352.4,1361.05,2.7,97,3.002914391
8365,2019/12/15 13:00,15.51,12.3,275,1605.5,1496.4,1515.75,1539.22,1.2,39,3.495794519
8366,2019/12/15 14:00,15.6,12.3,256,1490.4,1451.25,1449,1463.55,3.8,4,3.121520626
8367,2019/12/15 15:00,15.35,12.3,240,1388.86,1375.98,1361.04,1375.29,3.1,38,2.993136701
8368,2019/12/15 16:00,15.12,12.1,243,1354.5,1376.02,1367.46,1365.99,2.7,324,2.888783664
8369,2019/12/15 17:00,15.08,12.2,362,1574.64,1613.52,1979.45,1722.54,2.3,31,3.488428825
8370,2019/12/15 18:00,15.99,12,330,1648.64,1592.16,1782,1674.27,3.9,74,3.510305278
8371,2019/12/15 19:00,15.95,12.1,433,1651.2,1731.28,2054.28,1812.25,4.3,62,3.595874985
8372,2019/12/15 20:00,16.1,12.3,570,2206.89,2177.02,2680.37,2354.76,2.9,80,4.558382258
8373,2019/12/15 21:00,17.45,12.7,647,3426.72,3883.32,3897.6,3735.88,4,53,7.502355185
8374,2019/12/15 22:00,18.43,12.7,423,2364.3,2194.72,2254.98,2271.33,1.2,337,4.967145834
8375,2019/12/15 23:00,17.97,13,494,2751.96,2904.44,2496,2717.47,1.8,62,5.577500603
8376,2019/12/16 0:00,19.33,13,427,2260.6,2155.6,2238.02,2218.07,1.6,350,4.798173392
8377,2019/12/16 1:00,18.49,12.5,524,2410.16,2556,2600.73,2522.3,2.5,23,5.023371301
8378,2019/12/16 2:00,18.83,12.7,527,2505.16,2985.3,3099.15,2863.2,3.7,60,5.701391865
8379,2019/12/16 3:00,18.93,12.6,448,3094.44,3038.49,2558.38,2897.1,3.9,32,6.043749263
8380,2019/12/16 4:00,19.01,12.5,605,2489.6,2548.74,2632.68,2557.01,2.5,46,5.040317098
8381,2019/12/16 5:00,19.43,12.8,366,2459.92,2089.15,2041.48,2196.85,1.8,20,4.881713472
8382,2019/12/16 6:00,19.03,12.8,407,1959.06,2124.54,2268.45,2117.35,2.2,51,4.35356162
8383,2019/12/16 7:00,15.74,10.7,577,2219.21,3022.5,3350.16,2863.96,1.4,280,5.344332924
8384,2019/12/16 8:00,15.93,11.2,550,3020.36,2498.72,3194.24,2904.44,5.7,9,6.074625413
8385,2019/12/16 9:00,13.91,9.7,311,1865.5,1425.6,2199.8,1830.3,3.6,330,3.874345883
8386,2019/12/16 10:00,11.83,8.8,311,1436.5,1473.52,1713.48,1541.17,3.6,330,3.115342127
8387,2019/12/16 11:00,11.41,8.5,346,1681.92,1644.05,1716.1,1680.69,5.1,346,3.46318282
8388,2019/12/16 12:00,11.1,8.8,311,1718.6,1471.5,1503.81,1564.64,4.7,42,3.358760618
8389,2019/12/16 13:00,9.97,8.3,178,923.78,802.28,935.86,887.31,7.5,33,1.789267924
8390,2019/12/16 14:00,9.22,7.7,129,736.44,724.64,694.44,718.51,3.8,316,1.39629101
8391,2019/12/16 15:00,8.6,7.8,119,671.84,642,666.64,660.16,2.7,307,1.286545206
8392,2019/12/16 16:00,8.04,7.8,125,668.47,640.53,691.22,666.74,1.7,359,1.241923257
8393,2019/12/16 17:00,7.58,7.5,94,461.52,457.2,489.72,469.48,7.7,43,0.792986864
8394,2019/12/16 18:00,7.16,7.2,61,333.37,335.49,350.56,339.81,6.8,33,0.569284895
8395,2019/12/16 19:00,7.08,7.3,75,427.46,434.52,424.78,428.92,3.9,324,0.72586641
8396,2019/12/16 20:00,6.89,7.1,72,435.88,415.35,414.7,421.98,6.9,38,0.741811501
8397,2019/12/16 21:00,6.41,6.9,56,314,314.5,325.52,318.01,2.4,343,0.518360992
8398,2019/12/16 22:00,6.45,6.8,59,322.32,333.37,330.19,328.63,6.3,338,0.511413025
8399,2019/12/16 23:00,6.01,6.5,64,230.88,229.03,210.8,223.57,4.4,323,0.348038232
8400,2019/12/17 0:00,6.01,6.5,34,192.51,177.77,194.88,188.39,4.1,79,0.484119437
8401,2019/12/17 1:00,6.03,6.6,39,242.19,248.8,242.8,244.6,3.4,13,0.638178808
8402,2019/12/17 2:00,6.06,6.6,58,281.25,261.66,326.56,289.82,5.4,29,0.543036419
8403,2019/12/17 3:00,6.2,6.5,65,412.8,394.32,415.35,407.49,2.2,2,1.069738521
8404,2019/12/17 4:00,6.29,6.5,93,506.22,490.2,493.57,496.66,5.4,12,0.978423904
8405,2019/12/17 5:00,6.62,6.3,133,690.06,677.04,672.59,679.9,4.4,341,1.206865368
8406,2019/12/17 6:00,6.49,6,104,667.08,604.5,606.3,625.96,5.1,20,1.320638888
8407,2019/12/17 7:00,6.35,5.9,114,559,587.86,599.85,582.24,4.5,337,0.990440938
8408,2019/12/17 8:00,6.18,5.8,99,594.23,587.7,610.06,597.33,4.8,312,1.067736007
8409,2019/12/17 9:00,5.26,5.6,55,307.2,299.39,347.6,318.06,3.4,337,0.480593859
8410,2019/12/17 10:00,4.45,5.1,40,226.8,207.9,260.82,231.84,6.6,351,0.315161728
8411,2019/12/17 11:00,4.51,5.1,33,254,239.78,255.43,249.74,4.1,357,0.335964851
8412,2019/12/17 12:00,4.47,5.1,38,240.92,214.54,228.66,228.04,2.5,306,0.39862674
8413,2019/12/17 13:00,4.35,5,34,192.82,185.4,184.2,187.47,5.5,17,0.346510708
8414,2019/12/17 14:00,4.26,5,25,154,147.12,158.34,153.15,2.6,1,0.523917305
8415,2019/12/17 15:00,4.22,5,22,140.76,140.07,125.79,135.54,2,303,0.252476262
8416,2019/12/17 16:00,4.12,4.8,21,133.32,145.44,138.69,139.15,2.7,270,0.272181968
8417,2019/12/17 17:00,4.04,4.8,20,134.2,141.91,140.3,138.8,2.7,330,0.180173066
8418,2019/12/17 18:00,4.02,4.9,14,101.66,108,107.64,105.77,2.9,350,0.095140534
8419,2019/12/17 19:00,4.04,4.9,15,95.04,102.51,107.28,101.61,1.7,318,0.168718626
8420,2019/12/17 20:00,4.1,4.9,20,120.4,132.66,132.22,128.43,3,9,0.427889053
8421,2019/12/17 21:00,4.16,5,23,135.96,133.1,147.36,138.81,2.2,359,0.161584225
8422,2019/12/17 22:00,0.01,0.1,1,0,0,0,0,0.1,1,0.379993053
8423,2019/12/17 23:00,8.2,6.4,338,1669.04,1711.05,1619.52,1666.54,4.3,287,3.396397459
8424,2019/12/18 0:00,8.37,6.6,341,1727.04,1750.16,1618.98,1698.73,5.8,271,3.509626376
8425,2019/12/18 1:00,9.37,6.6,372,1956.4,2041.02,1930.52,1975.98,6.9,277,4.13731145
8426,2019/12/18 2:00,9.83,6.8,381,2090.84,2184.36,1975.05,2083.42,5.6,280,4.338420201
8427,2019/12/18 3:00,10.1,7.1,395,2137.6,2221.11,2048.2,2135.64,5.5,281,4.433907734
8428,2019/12/18 4:00,10.81,7,409,2311.28,2307.55,2297.44,2305.42,8.4,281,4.944042266
8429,2019/12/18 5:00,11.29,7.5,414,2484.18,2430.24,2543.12,2485.85,6.2,275,5.237230012
8430,2019/12/18 6:00,12.24,7.9,457,2620.1,2696.88,2708.49,2675.16,5.5,283,5.57310369
8431,2019/12/18 7:00,12.37,8,462,2629.44,2727.44,2760.54,2705.81,7.4,286,5.703939845
8432,2019/12/18 8:00,12.6,8.1,467,2656,2753.92,2787.02,2732.31,5.2,295,5.679986011
8433,2019/12/18 9:00,12.74,8.7,486,2800.26,2827.11,2818.2,2815.19,7,267,5.889911114
8434,2019/12/18 10:00,13.18,8.9,500,2967.58,2949.93,2934.68,2950.73,6.5,280,6.165774461
8435,2019/12/18 11:00,13.72,9.3,519,3046.54,3050.4,3130.9,3075.95,6.5,273,6.419155091
8436,2019/12/18 12:00,14.18,9.9,542,3225.87,3301.2,3335.4,3287.49,6.7,282,6.850503481
8437,2019/12/18 13:00,14.6,10.3,562,3392.9,3467.43,3476.34,3445.56,7.2,272,7.19735128
8438,2019/12/18 14:00,14.62,10,568,3420.42,3521.91,3532.73,3491.69,6.2,279,7.249124249
8439,2019/12/18 15:00,14.78,10.5,576,3551.22,3619.56,3567.48,3579.42,7.2,281,7.46779856
8440,2019/12/18 16:00,15.03,10.6,591,3611.09,3710.7,3642.61,3654.8,4.7,296,7.517288969
8441,2019/12/18 17:00,15.39,10.6,627,3997.14,3895.38,3991.99,3961.5,4.9,273,8.511460393
8442,2019/12/18 18:00,16.08,11,635,4036.78,3973.2,4128.04,4046.01,5.3,271,8.411041778
8443,2019/12/18 19:00,16.47,11.5,653,4179.56,4121.6,4269.3,4190.15,7.4,294,8.847247388
8444,2019/12/18 20:00,16.93,11.2,652,4205.46,4147.32,4230.78,4194.52,5.4,286,8.743513038
8445,2019/12/18 21:00,16.97,11.6,645,4199.03,4083.17,4256.66,4179.62,6.1,270,8.782280513
8446,2019/12/18 22:00,15.99,11.1,683,4444.89,4469.36,4489.7,4467.98,7.6,269,9.448498145
8447,2019/12/18 23:00,15.89,11.1,688,4426.18,4443.13,4540.2,4469.84,7.1,286,9.408632735
8448,2019/12/19 0:00,16.14,11.2,732,4752.72,4769.04,4840.68,4787.48,5.3,323,9.902567155
8449,2019/12/19 1:00,16.03,11.3,709,4825.62,4756.22,4667.34,4749.73,3.3,282,9.908448966
8450,2019/12/19 2:00,16.37,11.7,711,4723.92,4651.92,4625.5,4667.11,5.4,273,9.964922567
8451,2019/12/19 3:00,16.74,11.5,716,4726.05,4662.84,4682.92,4690.6,4.1,274,9.772029468
8452,2019/12/19 4:00,17.51,11.7,745,4880.37,4806.95,4828.46,4838.59,6.2,292,10.14000096
8453,2019/12/19 5:00,17.03,11.7,729,4907.28,4879.42,4760.55,4849.08,6,323,10.10139656
8454,2019/12/19 6:00,17.12,12.1,716,4778.48,4908.55,4689.3,4792.11,4.9,278,9.956983307
8455,2019/12/19 7:00,17.56,11.6,751,4933.04,4994.08,4839.96,4922.36,7.5,257,10.35416612
8456,2019/12/19 8:00,17.2,11.8,759,4929.29,4996.98,4963.64,4963.3,8.2,290,10.45265987
8457,2019/12/19 9:00,17.45,11.9,780,4970.02,4847.44,5054.6,4957.35,5.4,273,10.36901097
8458,2019/12/19 10:00,18.16,12.5,794,5237.98,5197.5,5268.85,5234.78,8.4,284,10.99109463
8459,2019/12/19 11:00,18.83,12.5,778,5119.8,5121.9,5148.96,5130.22,5.9,278,10.72187437
8460,2019/12/19 12:00,18.78,12.7,765,4879.2,4837.01,4904.32,4873.51,5.5,283,10.19051163
8461,2019/12/19 13:00,18.05,12.9,745,4901.13,4912.08,4970.56,4927.92,6.6,278,10.36824845
8462,2019/12/19 14:00,20.52,13.3,782,4994.37,5003.46,5164.5,5054.11,7,283,10.6489458
8463,2019/12/19 15:00,18.56,12.8,801,5261.48,4933.95,5169.76,5121.73,5.4,261,10.80592872
8464,2019/12/19 16:00,18.31,13.5,719,3985.52,4925.38,4698.53,4536.48,6.7,284,9.422539011
8465,2019/12/19 17:00,17.89,12.5,316,2367.15,1866.41,2819.96,2351.17,6.8,276,5.034699182
8466,2019/12/19 18:00,16.28,12.7,574,4035.88,5092.83,3547.5,4225.4,5.9,276,10.40926226
8467,2019/12/19 19:00,17.68,13.1,648,4753.65,5135.9,4590.16,4826.57,6.7,284,10.10663424
8468,2019/12/19 20:00,13.33,11.1,215,1656.32,1332.82,1352.23,1447.12,4.6,270,3.15939777
8469,2019/12/19 21:00,14.64,11.5,252,4146.72,2121.48,1912.16,2726.79,6.2,280,6.636965314
8470,2019/12/19 22:00,14.14,11.7,385,1730.16,1453.5,1784.75,1656.14,6.9,283,3.443261851
8471,2019/12/19 23:00,15.99,12.4,899,5567.76,5696.98,5453.5,5572.75,6.4,285,11.14743428
8472,2019/12/20 0:00,17.39,12.5,357,3176.42,2162.4,1968.12,2435.65,5.5,278,5.561975563
8473,2019/12/20 1:00,17.39,12.5,357,2060.74,2054.36,1968.12,2027.74,5.5,278,4.325477911
8474,2019/12/20 2:00,16.24,12.4,309,2932.32,3900,2463.9,3098.74,7.3,281,6.538064467
8475,2019/12/20 3:00,15.62,12.1,293,1802.34,1598.09,1774.68,1725.04,6.6,268,3.689680666
8476,2019/12/20 4:00,13.84,11.5,274,1573.73,1501.04,1616.01,1563.59,7.9,272,3.287641202
8477,2019/12/20 5:00,13.35,11.2,233,2032.8,1522.2,1425.69,1660.23,7.4,301,3.703823616
8478,2019/12/20 6:00,12.62,11,245,1386.63,1616.96,1386.72,1463.44,5.3,272,2.92105272
8479,2019/12/20 7:00,15.1,11.6,356,2054,1831.8,2038.05,1974.62,4.4,295,4.182788439
8480,2019/12/20 8:00,14.6,11.6,387,2955.96,2294.5,1656.36,2302.27,5.5,278,5.207667099
8481,2019/12/20 9:00,14.37,11.6,243,1662.6,1765.5,1613.93,1680.68,7.5,270,3.538225214
8482,2019/12/20 10:00,13.01,11.1,304,2240.94,1652.51,1269.94,1721.13,5.5,282,3.928269841
8483,2019/12/20 11:00,12.54,11,230,1673.86,1809.78,1360.59,1614.74,5.3,300,3.334786011
8484,2019/12/20 12:00,13.12,11.3,261,1412.67,1419.12,1408.28,1413.36,4.3,328,2.876035438
8485,2019/12/20 13:00,12.62,11.1,754,1486.85,2288.52,2081.04,1952.14,5.1,327,3.031985097
8486,2019/12/20 14:00,14.93,11.9,749,1231.2,1305.85,5169.53,2568.86,5.1,321,3.738641621
8487,2019/12/20 15:00,12.06,10.6,188,852.53,853.58,948.68,884.93,5,300,1.834214881
8488,2019/12/20 16:00,15.1,12,206,1095.09,955.83,1509.6,1186.84,4.1,237,2.448690892
8489,2019/12/20 17:00,13.27,11.1,160,905.96,869.95,876.3,884.07,2.4,347,1.845571632
8490,2019/12/20 18:00,11.39,10.1,463,950.62,1049.72,1359.15,1119.83,4.1,306,2.026571143
8491,2019/12/20 19:00,13.6,10.8,244,1354.68,1016.01,1421.2,1263.96,8.4,280,2.724789963
8492,2019/12/20 20:00,13.01,10.8,460,2679.95,1244.85,1886.4,1937.07,6.1,290,4.318655269
8493,2019/12/20 21:00,17.55,12.2,237,4417.41,1318.8,4253.76,3329.99,5.2,268,6.99810008
8494,2019/12/20 22:00,16.78,11.5,219,1241.6,1234.8,1185.03,1220.48,10.6,282,2.828609035
8495,2019/12/20 23:00,15.3,11.3,168,1016.01,884.8,1023.84,974.88,5.5,271,2.113103603
8496,2019/12/21 0:00,11.78,10.5,136,696.51,666.75,731.4,698.22,6.2,16,1.375385905
8497,2019/12/21 1:00,11.1,10.6,143,856.68,795.81,910.86,854.45,6.2,280,1.891817032
8498,2019/12/21 2:00,10.95,10.6,125,790.56,806.25,806.25,801.02,5.4,296,1.505186519
8499,2019/12/21 3:00,11.6,11.2,298,936.7,2908.32,1742,1862.34,7.4,295,3.210456631
8500,2019/12/21 4:00,14.26,12.3,559,3154.8,3097,3053.19,3101.66,4.5,326,6.302589539
8501,2019/12/21 5:00,12.87,11.1,132,1341.36,1132.25,1014.42,1162.68,3.3,277,2.549612025
8502,2019/12/21 6:00,11.62,11,118,812.5,979.5,870.4,887.47,2.3,320,1.691668051
8503,2019/12/21 7:00,11.52,11,126,813.96,812.7,838.5,821.72,3.9,250,1.642531893
8504,2019/12/21 8:00,11.78,11.6,142,1679.19,2475,1711.47,1955.22,3.2,245,3.713509108
8505,2019/12/21 9:00,12.18,11.7,474,2372.99,2523.97,2383.2,2426.72,7.3,288,5.42898097
8506,2019/12/21 10:00,13.12,11.6,137,648.9,680.52,688.88,672.77,5.9,292,1.29519931
8507,2019/12/21 11:00,12.12,11.5,139,721.28,730.74,703.74,718.59,6.4,287,1.366457509
8508,2019/12/21 12:00,12.14,11.7,137,1847.1,771.98,745.29,1121.46,6.4,285,2.797670627
8509,2019/12/21 13:00,12.51,11.6,95,583.11,448.01,434,488.37,4.2,287,1.082732247
8510,2019/12/21 14:00,12.35,12,343,1575.56,1486.85,1526.15,1529.52,3.8,271,3.137892992
8511,2019/12/21 15:00,12.85,12.2,298,1493.4,1495.68,1438.35,1475.81,6.8,284,2.969254104
8512,2019/12/21 16:00,13.2,12.8,262,1323.56,1317.04,1358.5,1333.03,5.4,274,2.649184631
8513,2019/12/21 17:00,13.3,12.9,313,1393.02,1364.77,1345.5,1367.76,2.8,290,2.847177295
8514,2019/12/21 18:00,13.39,12.5,98,1322.25,1092.69,564.3,993.08,5.7,287,2.2470122
8515,2019/12/21 19:00,12.22,11.6,153,677.34,544.85,698.19,640.13,5.6,301,1.257655744
8516,2019/12/21 20:00,11.87,12.1,202,848.9,821.69,790.56,820.38,5.8,303,1.569178277
8517,2019/12/21 21:00,5.35,5.3,93,584.73,561.58,583.84,576.72,2.3,279,1.114271498
8518,2019/12/21 22:00,5.49,5.5,87,517.45,505.44,529.72,517.54,2,303,0.96335168
8519,2019/12/21 23:00,5.53,5.5,96,511.92,507.78,541.8,520.5,1.9,286,1.00140513
8520,2019/12/22 0:00,6.37,6.1,88,483.75,465.12,507.97,485.61,2.8,288,0.917501105
8521,2019/12/22 1:00,6.34,6.3,74,423.72,435.2,433.84,430.92,1.9,270,0.874928313
8522,2019/12/22 2:00,6.37,6.3,74,396.8,400.68,444.5,413.99,3.8,270,0.762056633
8523,2019/12/22 3:00,6.45,6.4,96,480.75,486.4,485.64,484.26,2.7,305,0.885529779
8524,2019/12/22 4:00,6.85,6.8,132,595.24,624.68,655.86,625.26,1.9,276,1.227778042
8525,2019/12/22 5:00,7.03,6.8,135,635.35,628.56,647,636.97,2,305,1.229106541
8526,2019/12/22 6:00,7.33,6.9,143,695.36,710.68,679.35,695.13,2.2,303,1.24896888
8527,2019/12/22 7:00,8,7.4,193,948.96,975.32,972.36,965.55,3.3,295,1.869785143
8528,2019/12/22 8:00,8.31,7.8,168,720.39,742.9,784.08,749.12,3.3,293,1.424279785
8529,2019/12/22 9:00,10.14,8.6,290,1467.3,1889.55,1719.99,1692.28,3.3,259,3.284687839
8530,2019/12/22 10:00,10.66,8.8,335,2043.5,2733.12,1846.44,2207.69,1.7,323,4.469799654
8531,2019/12/22 11:00,11.56,9.3,485,2333.76,1841.4,2638.58,2271.25,2,263,4.641674298
8532,2019/12/22 12:00,11.87,9.1,262,1397.42,1417.01,1419.18,1411.2,3.7,316,2.903635736
8533,2019/12/22 13:00,10.78,8.9,256,1388.6,1486.85,1434.45,1436.63,4.1,317,2.875670767
8534,2019/12/22 14:00,10.89,9.1,299,1449.8,1482.56,1548.16,1493.51,2.8,330,3.023249843
8535,2019/12/22 15:00,11.03,9.1,327,1919.06,2145.08,1785.89,1950.01,5.1,14,3.960831064
8536,2019/12/22 16:00,12.74,9.6,608,3161.58,3940.82,2312.64,3138.35,2.6,315,6.292840247
8537,2019/12/22 17:00,13.66,9.8,697,4093.75,2568.88,4270.42,3644.35,3.9,311,7.490782871
8538,2019/12/22 18:00,14.39,10.1,356,3521.84,3910.92,2228.7,3220.49,2.1,310,7.188161552
8539,2019/12/22 19:00,14.39,10.1,466,2762.69,2025.11,2243.22,2343.67,5.4,336,5.083116459
8540,2019/12/22 20:00,14.33,10.1,544,3656.8,3661.2,3699.3,3672.43,2.4,302,7.555337324
8541,2019/12/22 21:00,14.74,10,544,3952,3837.24,3685.5,3824.91,4.9,302,8.026012375
8542,2019/12/22 22:00,15.35,10.5,622,3855.6,3704.34,3793.7,3784.55,1.9,329,7.756679639
8543,2019/12/22 23:00,15.45,10.6,595,3729.44,1967.87,3576.78,3091.36,3.8,269,6.502993161
8544,2019/12/23 0:00,14.16,10.3,625,3983.72,3738.24,4004.33,3908.76,4.3,340,8.007372755
8545,2019/12/23 1:00,15.51,10.6,662,4140.5,3791.42,4108.72,4013.55,3.7,335,8.25701376
8546,2019/12/23 2:00,16.33,11.2,692,4224.96,4282.14,4211.01,4239.37,2.1,271,8.693322864
8547,2019/12/23 3:00,17.41,11.3,628,4487.58,4563.2,4494.3,4515.03,2.8,305,9.366570089
8548,2019/12/23 4:00,17.14,11.3,723,4447.44,3389.76,3779.69,3872.3,1.8,315,8.434015061
8549,2019/12/23 5:00,18.01,11.8,706,4543.29,3956.25,2873.6,3791.05,2.7,275,8.228560733
8550,2019/12/23 6:00,17.97,11.5,696,4580.03,4502.15,4525.95,4536.04,2.4,267,9.452560641
8551,2019/12/23 7:00,18.2,11.6,707,4637.36,4648.2,4621.86,4635.81,2.7,265,9.641931754
8552,2019/12/23 8:00,18.58,12.1,737,4808.16,4787.9,4767.82,4787.96,4.5,285,9.992432266
8553,2019/12/23 9:00,18.77,11.7,732,4855.11,4651.52,4776.67,4761.1,2.4,300,9.898516804
8554,2019/12/23 10:00,19.01,12.1,731,4728.51,4811.85,4871.32,4803.89,2.1,300,9.910650888
8555,2019/12/23 11:00,19.14,12.3,743,4850.1,4838.4,4932.9,4873.8,3.4,306,10.12202469
8556,2019/12/23 12:00,19.53,12.5,738,4740,4902.87,4855.88,4832.92,2.4,314,9.956782737
8557,2019/12/23 13:00,20.27,12.5,751,4915.68,4879.68,4895.32,4896.89,1.5,309,10.24027585
8558,2019/12/23 14:00,20.29,12.9,586,4910.96,4906.25,4985.6,4934.27,3.7,290,10.40329107
8559,2019/12/23 15:00,20.12,12.8,796,5080.52,5098.41,5197.77,5125.57,3.8,48,10.78140284
8560,2019/12/23 16:00,20.95,13.2,783,5095.64,5060.64,5129.46,5095.25,1.1,307,10.73177983
8561,2019/12/23 17:00,21.08,13.3,784,5068.75,5023.2,5092.2,5061.38,3,58,10.69464896
8562,2019/12/23 18:00,20.99,13.6,788,5128.86,5098.41,5162.46,5129.91,2.7,292,10.71354887
8563,2019/12/23 19:00,21.35,13.8,778,5106.25,5075.52,5112.94,5098.24,2.1,353,10.63098439
8564,2019/12/23 20:00,21.07,13.6,783,5059.89,5071.22,5077.8,5069.64,4.2,308,10.5550337
8565,2019/12/23 21:00,21.14,13.6,790,5040.07,5036.31,5075.8,5050.73,3.4,316,10.50013456
8566,2019/12/23 22:00,21.62,13.6,838,5110.56,5166.72,5292.45,5189.91,4.6,282,10.72825244
8567,2019/12/23 23:00,21.12,13.2,331,5352.3,5214.2,5405.4,5323.97,3.1,13,11.49781215
8568,2019/12/24 0:00,21.35,13.5,784,4006.4,5088.18,5199.92,4764.83,4.2,317,9.485727848
8569,2019/12/24 1:00,21.76,13.6,780,5202.06,5112.5,5121.2,5145.25,4,348,10.74798907
8570,2019/12/24 2:00,22.08,14,783,5073.12,4987.26,5059.2,5039.86,2,294,10.57457674
8571,2019/12/24 3:00,21.78,13.6,806,5172.96,5143.89,5150.08,5155.64,5.9,356,10.66129499
8572,2019/12/24 4:00,21.87,13.6,667,4194.2,2554.4,5118.96,3955.85,4.1,31,9.13621384
8573,2019/12/24 5:00,20.03,13.3,537,1585,3108.9,5294.09,3329.33,2.8,300,5.812934732
8574,2019/12/24 6:00,20.03,13.6,799,5268.92,5229.18,4697.44,5065.18,1.1,311,10.93896937
8575,2019/12/24 7:00,20.39,12.9,784,1576.19,1403.46,1453.5,1477.72,4.5,3,2.418341001
8576,2019/12/24 8:00,19.35,13.1,781,1414.74,5227.92,5127.3,3923.32,4,24,7.661125681
8577,2019/12/24 9:00,19.41,13,806,1993.81,5028.93,3763.71,3595.48,3.8,6,6.158808587
8578,2019/12/24 10:00,22.1,14.1,876,5351.88,1799.02,5362.8,4171.23,3.2,336,9.31396986
8579,2019/12/24 11:00,20.97,13.2,228,5010.14,1398.32,1355.96,2588.14,2.6,334,7.492579232
8580,2019/12/24 12:00,19.43,13.5,266,1333.22,1362.76,1400.44,1365.47,3.1,24,3.045420944
8581,2019/12/24 13:00,15.91,12.7,172,1076.53,1111.25,1084.14,1090.64,4.7,27,2.328612075
8582,2019/12/24 14:00,17.74,13.7,644,5090.56,5063.25,2112.18,4088.66,1.7,268,8.885645573
8583,2019/12/24 15:00,17.45,13.8,647,4034.8,4850.01,3666.85,4183.89,2.3,286,8.544524655
8584,2019/12/24 16:00,19.45,14,399,1597.5,1640.52,1660.22,1632.75,3.1,356,3.475986079
8585,2019/12/24 17:00,21.18,15,754,4647.22,4601.1,4661.28,4636.53,2.4,265,9.621451871
8586,2019/12/24 18:00,19.91,13.4,253,1303.98,1225.62,1435.84,1321.81,0.9,325,4.659551051
8587,2019/12/24 19:00,18.93,13.6,284,2582.16,2511.6,2609.42,2567.73,3.1,335,5.471063028
8588,2019/12/24 20:00,18.45,13.6,180,1446.06,1203.3,1166.22,1271.86,3.6,59,2.97880716
8589,2019/12/24 21:00,16.99,13.3,181,1109.5,1201.2,1127.7,1146.13,3.1,13,2.541289817
8590,2019/12/24 22:00,18.95,14.1,616,1540.62,4275.95,1243.44,2353.34,4.3,18,3.945203344
8591,2019/12/24 23:00,18.31,13.6,693,1231.9,4032,4249.6,3171.17,1.6,305,4.905153777
8592,2019/12/25 0:00,20.37,14.6,706,4198.79,4146.15,4273.92,4206.29,1.9,39,8.708233167
8593,2019/12/25 1:00,21.49,14.3,695,4121,4069.23,4075,4088.41,2.7,76,8.452653687
8594,2019/12/25 2:00,21.64,14.2,695,4044.8,4099.34,4098.98,4081.04,2.7,76,8.40228087
8595,2019/12/25 3:00,20.07,13.5,149,2685.83,1044.81,1001.42,1577.35,3.6,323,4.171490675
8596,2019/12/25 4:00,16.79,13.4,264,900,1015.79,1084.71,1000.17,1.6,5,2.33975314
8597,2019/12/25 5:00,16.64,14.1,619,3789.5,3166.74,3751.92,3569.39,1.2,336,7.234123703
8598,2019/12/25 6:00,19.18,15.1,627,3675.74,3623.84,3582.78,3627.45,2.5,33,7.330922064
8599,2019/12/25 7:00,21.12,14.5,645,3658.74,3634.56,3605.25,3632.85,4.6,357,7.471947966
8600,2019/12/25 8:00,20.51,13.7,626,3658.74,1190.4,2019.27,2289.47,2.5,40,6.111903713
8601,2019/12/25 9:00,20.39,14.2,626,3567.2,3564.48,3627.68,3586.45,2.5,40,7.173188774
8602,2019/12/25 10:00,20.62,14.6,607,3549.65,3552.53,2052.6,3051.59,4.2,19,6.342575227
8603,2019/12/25 11:00,20.62,14.5,607,1318.59,1312.22,3321.12,1983.98,4.2,19,3.50410543
8604,2019/12/25 12:00,19.37,14.1,140,940.73,1069.84,1747.2,1252.59,3.2,60,2.475409423
8605,2019/12/25 13:00,17.39,13.8,526,878.56,2751.76,2883.76,2171.36,3.1,37,3.533937407
8606,2019/12/25 14:00,18.89,14.6,338,2792.7,2820.4,2760.6,2791.23,2.4,14,5.696707056
8607,2019/12/25 15:00,18.83,13.8,159,2756.3,957.6,896.1,1536.67,1.7,15,4.907186059
8608,2019/12/25 16:00,18.53,14.1,492,2659.72,943.5,2664.63,2089.28,2.6,58,4.498276012
8609,2019/12/25 17:00,18.49,14.5,473,2124.8,2579.2,2121.71,2275.24,3.1,20,4.483758233
8610,2019/12/25 18:00,18.64,14.4,471,2466.54,2051.2,2535.26,2351,2.7,41,4.813505703
8611,2019/12/25 19:00,18.34,14,468,2405.85,2306.79,2469.12,2393.92,4,68,4.850329586
8612,2019/12/25 20:00,18.89,14.2,201,2314.8,2262.06,1550.34,2042.4,2.6,37,4.551778675
8613,2019/12/25 21:00,17.41,14.5,346,1750.66,1705.06,1676.8,1710.84,1.9,321,3.71990452
8614,2019/12/25 22:00,16.31,14.3,252,1279.57,1156.59,1072.7,1169.62,0.9,31,2.926004469
8615,2019/12/25 23:00,15.37,13.8,235,1059.3,932.94,1006.46,999.57,2,26,2.422037177
8616,2019/12/26 0:00,15.28,13.9,230,1057.65,1052.88,1023.96,1044.83,1.9,5,2.451192401
8617,2019/12/26 1:00,15.18,14,224,1059.3,879.06,988.9,975.75,2.1,58,2.381123992
8618,2019/12/26 2:00,15.12,13.9,209,952.11,935.86,898.17,928.71,2.8,95,2.152501012
8619,2019/12/26 3:00,14.51,14.1,169,720.94,684.72,663.6,689.75,2.7,93,1.699547264
8620,2019/12/26 4:00,14.29,14,156,665.7,654.05,649.93,656.56,2.3,56,1.654904957
8621,2019/12/26 5:00,13.58,13.6,97,530.62,332.1,364.62,409.11,0.4,312,1.226836388
8622,2019/12/26 6:00,0.01,0.1,1,0,0,0,0,0.1,1,0.379993053
8623,2019/12/26 7:00,6.74,5.6,137,755.55,769.86,779.45,768.29,1.3,150,1.756545256
8624,2019/12/26 8:00,6.91,5.8,145,783.02,784.21,827.82,798.35,1.6,117,1.819448963
8625,2019/12/26 9:00,7.18,6,156,822.5,833.12,869.82,841.81,1.5,165,1.874411096
8626,2019/12/26 10:00,9.26,7,248,1290.9,1335.22,1359.99,1328.7,2.7,168,2.808044262
8627,2019/12/26 11:00,10.05,7.3,260,1507.28,1493.86,1447.6,1482.91,3,193,3.173711246
8628,2019/12/26 12:00,11.51,8,285,1566.57,1539.72,1596.51,1567.6,1.8,134,3.417027727
8629,2019/12/26 13:00,11.93,8.1,299,1684.48,1697.64,1663.7,1681.94,2.6,180,3.609300824
8630,2019/12/26 14:00,12.51,8.6,347,1784.7,1820.9,1929.3,1844.97,1.8,184,3.900914411
8631,2019/12/26 15:00,14.37,9.6,378,1959,2008.16,2112.5,2026.55,1.6,194,4.287242158
8632,2019/12/26 16:00,15.32,10,402,2308.62,2271.99,2284.48,2288.36,1.6,195,4.882292338
8633,2019/12/26 17:00,15.91,10.5,406,2358,2327,2303.32,2329.44,2.5,167,4.923661312
8634,2019/12/26 18:00,16.22,10.7,417,2327,2355.08,2350.6,2344.23,3.9,179,4.908430755
8635,2019/12/26 19:00,16.58,10.8,436,2492.16,2416.04,2476.8,2461.67,4,177,5.167656896
8636,2019/12/26 20:00,17.16,11.2,415,2301,2257.5,2266.26,2274.92,4.9,174,4.813427919
8637,2019/12/26 21:00,17.07,11.5,387,2377.28,2336.88,2227.2,2313.79,2,160,4.95720893
8638,2019/12/26 22:00,17.66,12.1,400,2316.93,2276.85,2240.58,2278.12,1.9,217,4.895259861
8639,2019/12/26 23:00,17.62,12.7,356,2109.22,2073.66,2038.31,2073.73,2.4,228,4.468547989
8640,2019/12/27 0:00,17.34,12.6,344,1935,1903.28,1964.2,1934.16,2.8,203,4.137617403
8641,2019/12/27 1:00,17.18,13.1,337,1924.56,1899.8,1913.16,1912.51,1.8,189,4.13968683
8642,2019/12/27 2:00,17.03,13.1,321,1795.88,1808.8,1781.98,1795.55,2.3,213,3.873263561
8643,2019/12/27 3:00,16.97,13.2,309,1651.2,1711.9,1716.81,1693.3,4.8,202,3.537147605
8644,2019/12/27 4:00,17.12,13.5,303,1647.3,1606.05,1666.32,1639.89,2,201,3.593079673
8645,2019/12/27 5:00,16.87,13.3,295,1580.25,1570.45,1619.2,1589.97,3.4,173,3.393744438
8646,2019/12/27 6:00,16.74,13.4,294,1623.97,1612.5,1626.79,1621.09,2.4,201,3.513882092
8647,2019/12/27 7:00,16.62,13.4,294,1573.8,1572.9,1610,1585.57,3.8,164,3.350616212
8648,2019/12/27 8:00,16.54,13.4,280,1541.55,1526.28,1538.4,1535.41,6,194,3.207234883
8649,2019/12/27 9:00,16.58,13.6,273,1505.18,1491.76,1508.7,1501.88,3.6,182,3.201310962
8650,2019/12/27 10:00,16.33,13.5,294,1598.09,1567.35,1598.58,1588.01,5.7,181,3.357771805
8651,2019/12/27 11:00,16.22,13.3,292,1576.24,1554.45,1587.2,1572.63,4.3,203,3.30694307
8652,2019/12/27 12:00,16.53,13.5,297,1630.44,1554.45,1643.52,1609.47,2.1,197,3.519563074
8653,2019/12/27 13:00,16.59,13.8,298,1634.38,1610,1647.37,1630.58,2.5,226,3.505726649
8654,2019/12/27 14:00,16.66,13.6,337,1780.2,1809.64,1899.8,1829.88,4.1,203,3.784583563
8655,2019/12/27 15:00,17.58,13.9,338,1857.6,1896.85,1958.1,1904.18,2.4,211,4.029632745
8656,2019/12/27 16:00,18.22,14.1,346,1912.68,1909.71,1967.58,1929.99,1.5,236,4.183464796
8657,2019/12/27 17:00,18.6,14.5,349,1916.14,1900.32,1891.44,1902.63,2.9,202,4.06075168
8658,2019/12/27 18:00,18.66,14.3,321,1858.27,1861.8,1789.97,1836.68,3.6,230,3.926208516
8659,2019/12/27 19:00,17.93,14,274,1373.85,1314.28,1401.4,1363.18,3.9,179,2.964022277
8660,2019/12/27 20:00,17.66,14.1,252,1284.39,1263.24,1295.4,1281.01,5.1,191,2.724872562
8661,2019/12/27 21:00,17.53,14.1,263,1278.36,1305.85,1371.6,1318.6,4.4,223,2.777032939
8662,2019/12/27 22:00,16.56,14,174,1117.6,963.68,914.95,998.74,5.7,202,2.18916268
8663,2019/12/27 23:00,16.24,14,149,919.3,849.56,820.3,863.05,5.8,178,1.84178962
8664,2019/12/28 0:00,14.87,13.6,125,691.06,580.32,722.76,664.71,2.3,186,1.617030318
8665,2019/12/28 1:00,15.64,14,363,2092.92,2076.8,2063.82,2077.85,3.2,176,4.284615404
8666,2019/12/28 2:00,16.81,14.5,375,2011.9,2067.2,2073.68,2050.93,3.2,171,4.210232313
8667,2019/12/28 3:00,17.16,14.3,347,2041.48,2044.65,1903.77,1996.63,6.6,197,4.15615083
8668,2019/12/28 4:00,17.39,14.3,314,1585.74,1639.65,1677.94,1634.44,6.5,183,3.355271149
8669,2019/12/28 5:00,17.22,14.4,333,1667.96,1666.6,1769.16,1701.24,5,200,3.500488614
8670,2019/12/28 6:00,17.49,14.3,371,1828.96,1816.08,1987.29,1877.44,6.5,159,3.8400196
8671,2019/12/28 7:00,17.76,14.3,383,2076.9,2086.56,2105.6,2089.69,5.2,194,4.315650784
8672,2019/12/28 8:00,18.03,14.5,255,1216.67,1145.73,1354.62,1239.01,5.6,188,2.594142666
8673,2019/12/28 9:00,17.32,14.4,222,1138.44,1117.6,1131.28,1129.11,5.1,197,2.395414222
8674,2019/12/28 10:00,12.7,13.3,145,903,865.35,834.6,867.65,3.6,244,1.78445305
8675,2019/12/28 11:00,13.72,13.6,163,855.19,856.26,943.74,885.06,3.8,255,1.76754006
8676,2019/12/28 12:00,13.95,13.7,163,913.06,895.16,940.8,916.34,3,257,1.929501887
8677,2019/12/28 13:00,15.51,14.2,256,1417,1362.68,1316.34,1365.34,2.6,181,2.992962864
8678,2019/12/28 14:00,16.62,14.6,407,1761.5,2086.5,2339.28,2062.43,2.5,212,4.051325535
8679,2019/12/28 15:00,17.97,14.8,181,1242.15,1151.16,1082.43,1158.58,4.6,184,2.544299112
8680,2019/12/28 16:00,16.82,14.8,311,1017.6,1137.42,1480.71,1211.91,5.9,167,2.296236423
8681,2019/12/28 17:00,16.91,14.8,474,1488.5,1627.92,2527.2,1881.21,6.1,180,3.526954124
8682,2019/12/28 18:00,16.85,14.8,257,811.41,687.5,639.63,712.85,4,177,1.75716029
8683,2019/12/28 19:00,15.89,14.6,97,561.6,561.6,580.92,568.04,4,209,1.241286292
8684,2019/12/28 20:00,15.66,14.8,304,1458.24,1555.2,1719.48,1577.64,3.2,143,3.173010673
8685,2019/12/28 21:00,15.58,15,117,589.38,565.2,604.31,586.3,5.1,183,1.211392469
8686,2019/12/28 22:00,15.26,14.8,104,565.11,534.06,579.04,559.4,4.5,162,1.20511285
8687,2019/12/28 23:00,15.2,14.8,104,667.8,678.24,726.16,690.73,4.5,162,1.406620306
8688,2019/12/29 0:00,15.41,15,169,819.15,828.96,941.68,863.26,5.2,175,1.691278773
8689,2019/12/29 1:00,15.57,15.1,190,930.02,941.68,1028.53,966.74,6.8,193,1.825291854
8690,2019/12/29 2:00,16.85,15.4,205,1017.6,1043.04,1093.36,1051.33,8.2,154,2.004346118
8691,2019/12/29 3:00,16.85,15.5,134,837.09,760.8,735.93,777.94,5.3,195,1.653866
8692,2019/12/29 4:00,16.64,15.4,141,836.88,879.87,745.2,820.65,5.1,189,1.706801669
8693,2019/12/29 5:00,16.51,15.5,144,801.36,843.22,793.8,812.79,3.4,200,1.761233604
8694,2019/12/29 6:00,16.45,15.6,180,844.2,873.54,918.34,878.69,5.5,167,1.738620349
8695,2019/12/29 7:00,17.22,16,171,1014.42,996.95,951,987.46,6.1,197,1.986290121
8696,2019/12/29 8:00,17.2,15.9,169,949.13,927.1,923.16,933.13,6.7,193,1.842643054
8697,2019/12/29 9:00,16.81,15.9,152,873.54,859.52,832.92,855.33,3.9,212,1.832435757
8698,2019/12/29 10:00,16.76,15.9,141,806.4,769.82,739.86,772.03,6.6,190,1.520278324
8699,2019/12/29 11:00,16.6,15.9,134,681.48,628,695.97,668.48,5.3,209,1.363951086
8700,2019/12/29 12:00,16.54,15.8,71,533.8,499.2,387.2,473.4,4.2,199,1.1133274
8701,2019/12/29 13:00,15.33,15.5,48,302,302,288.48,297.49,6.5,187,0.521741078
8702,2019/12/29 14:00,15.14,15.6,59,302,302,343.14,315.71,3.4,192,0.758958274
8703,2019/12/29 15:00,15.14,15.7,66,347.13,336.05,385.56,356.25,3.8,189,0.805574102
8704,2019/12/29 16:00,15.39,15.8,82,478.17,496.8,508.4,494.46,4.4,188,1.011010109
8705,2019/12/29 17:00,15.53,15.8,96,538.36,514.6,550.02,534.33,3.1,231,1.18979168
8706,2019/12/29 18:00,15.66,15.9,98,561.6,555.36,564.2,560.39,5.9,188,1.058402875
8707,2019/12/29 19:00,15.89,16,114,584.68,612.5,640.66,612.61,4.6,181,1.232446371
8708,2019/12/29 20:00,16.24,16.2,112,564.3,602.88,622,596.39,3.2,178,1.318971024
8709,2019/12/29 21:00,16.22,16.3,88,478.17,459.54,486.64,474.78,4.9,199,0.973771519
8710,2019/12/29 22:00,16.26,16.3,97,523.32,517.09,533.2,524.54,1.9,195,1.322578191
8711,2019/12/29 23:00,16.33,16.3,91,483.6,482.82,505.12,490.51,3.6,169,1.118047204
8712,2019/12/30 0:00,16.39,16.5,88,496,489.01,492.8,492.6,4.4,211,1.036458987
8713,2019/12/30 1:00,16.31,16.4,78,457.32,438.07,442.08,445.82,4.2,192,0.983608278
8714,2019/12/30 2:00,16.24,16.4,74,431.2,417.52,422.28,423.67,4.4,218,0.902925899
8715,2019/12/30 3:00,16.18,16.4,71,401.05,392.96,405.9,399.97,2.3,239,0.999939019
8716,2019/12/30 4:00,16.12,16.3,71,392.32,392.32,408.7,397.78,4.2,198,0.818567393
8717,2019/12/30 5:00,15.91,16.3,69,386.82,386.82,397.8,390.48,4.8,179,0.809813734
8718,2019/12/30 6:00,15.81,16.1,63,380.06,373.93,369.66,374.55,4.1,179,0.84893486
8719,2019/12/30 7:00,15.53,16.3,54,317.2,302.5,314.6,311.43,3.1,203,0.784031989
8720,2019/12/30 8:00,15.53,16.3,52,310.08,303.5,308.04,307.21,4,228,0.680703547
8721,2019/12/30 9:00,15.53,16.3,51,297.43,297.43,307.53,300.8,4.2,178,0.676498661
8722,2019/12/30 10:00,15.43,16.2,50,285.29,282.94,301.5,289.91,2.2,184,0.827448579
8723,2019/12/30 11:00,15.33,16,45,279.22,272.25,277.84,276.44,2.5,193,0.775926731
8724,2019/12/30 12:00,15.1,15.8,45,266.2,259.29,274.62,266.7,5.3,208,0.518055455
8725,2019/12/30 13:00,15.03,15.8,40,246.41,240.4,249.9,245.57,2.7,169,0.712152869
8726,2019/12/30 14:00,14.72,15.6,38,223.48,215.64,227.62,222.25,4.1,204,0.522645613
8727,2019/12/30 15:00,14.39,15.4,28,165.76,179.4,169.94,171.7,2.5,186,0.560175999
8728,2019/12/30 16:00,14.32,15.3,24,159.3,159.03,164.64,160.99,3.3,202,0.46238014
8729,2019/12/30 17:00,14.24,15.1,21,153.66,151.84,151.06,152.19,2.6,190,0.51905107
8730,2019/12/30 18:00,9.24,8.7,77,372.29,379.8,395.64,382.58,1.1,339,0.789826853
8731,2019/12/30 19:00,9.05,8.7,78,392.46,383.08,396.9,390.81,1.8,276,0.861304495
8732,2019/12/30 20:00,9.05,8.8,78,387.96,385.52,403.2,392.23,1.3,287,0.87134296
8733,2019/12/30 21:00,8.39,7.8,108,545.7,535.92,555.93,545.85,2,320,1.056604452
8734,2019/12/30 22:00,8.45,7.8,125,568.48,617.28,647.41,611.06,4,343,1.051989367
8735,2019/12/30 23:00,8.62,8,83,494.34,465.74,482.6,480.89,2,335,0.924917554
8736,2019/12/31 0:00,8.6,8,62,381.6,306.25,410.15,366,0.8,282,0.883926908
8737,2019/12/31 1:00,8.45,8,60,333.9,357.39,359.6,350.3,3.3,346,0.586064908
8738,2019/12/31 2:00,8.31,8.1,57,340.74,274.12,299.88,304.91,1.7,3,1.014996145
8739,2019/12/31 3:00,7.91,7.9,39,275,237.12,267.03,259.72,2.1,10,0.840648289
8740,2019/12/31 4:00,7.58,7.8,36,193.92,197.76,205.36,199.01,4.7,3,0.455198117
8741,2019/12/31 5:00,7.89,8,133,387.96,536.18,558.54,494.23,3.3,334,0.760450498
8742,2019/12/31 6:00,9.6,8.3,154,744.05,750.52,697.6,730.72,1.3,276,1.606300687
8743,2019/12/31 7:00,9.68,8.4,152,761.67,803.52,747.04,770.74,1,286,1.664827083
8744,2019/12/31 8:00,9.85,8.5,151,720.39,664.56,777.6,720.85,1.6,283,1.545949244
8745,2019/12/31 9:00,9.62,8.5,149,548.68,553.32,622.74,574.91,0.7,263,1.334052316
8746,2019/12/31 10:00,9.78,8.6,145,653.82,630.63,782.87,689.11,1.3,297,1.438577939
8747,2019/12/31 11:00,10.24,8.8,213,1088.96,1043.2,1106.7,1079.62,1.2,284,2.330545029
8748,2019/12/31 12:00,10.83,9.1,230,1141.44,1133.15,1240.7,1171.76,1.8,250,2.494461269
8749,2019/12/31 13:00,11.6,9,236,1211.75,1126.23,1211.76,1183.25,1.2,308,2.592446504
8750,2019/12/31 14:00,11.62,9.3,243,1131,1135.2,1220.94,1162.38,4.5,327,2.324591071
8751,2019/12/31 15:00,11.83,9.4,189,1097.04,1066,1101.6,1088.21,1.8,330,2.289294347
8752,2019/12/31 16:00,10.97,9.3,204,1027,1018.93,1106.7,1050.88,1.5,1,2.408096346
8753,2019/12/31 17:00,11.29,9.3,234,1136.22,1196,1258.36,1196.86,3.2,341,2.162543156
8754,2019/12/31 18:00,11.29,9.1,194,1188.46,1072.56,1126.23,1129.08,6.1,31,2.375641305
8755,2019/12/31 19:00,11.08,9.1,165,986.03,798.56,991.44,925.34,3,349,1.893522403
8756,2019/12/31 20:00,10.28,8.9,158,835.92,775.2,801.25,804.12,2.1,32,1.953715421
8757,2019/12/31 21:00,10.24,8.8,138,864.3,821.69,823.04,836.34,4.7,17,1.795597189
8758,2019/12/31 22:00,10.12,9,133,790.56,725.76,717.92,744.75,1,61,1.93105813
8759,2019/12/31 23:00,9.49,8.6,116,739.86,709.5,700.87,716.74,1.3,6,1.819684532
8760,2020/1/1 0:00,8.89,8.3,103,513.6,535.92,524.56,524.69,5.4,355,0.903336276
8761,2020/1/1 1:00,8.87,8.2,107,530.37,543.15,549.84,541.12,3.6,24,1.240459775
8762,2020/1/1 2:00,8.12,7.6,98,554.7,563.2,605.36,574.42,2,1,1.168571749
8763,2020/1/1 3:00,7.93,7.5,120,589.68,612.75,682.64,628.36,6.6,58,1.16575022
8764,2020/1/1 4:00,7.95,7.6,144,633.08,615.6,703.05,650.58,3.1,62,1.458535788
8765,2020/1/1 5:00,8.05,7.6,167,838.4,829.31,782.4,816.7,4.4,59,1.744210058
8766,2020/1/1 6:00,8.14,7.3,200,923.55,922.6,1034.9,960.35,4.3,39,1.969624484
8767,2020/1/1 7:00,8.1,7.3,205,970.2,988.5,1038.06,998.92,5,57,2.025528101
8768,2020/1/1 8:00,8.28,7.5,218,1046.22,1069.2,1110.33,1075.25,4.1,10,2.205104991
8769,2020/1/1 9:00,8.49,7.4,225,1162,1098.72,1194.6,1151.77,5.1,0,2.345402068
8770,2020/1/1 10:00,8.51,7.3,249,1168.2,1167.68,1275.73,1203.87,5.1,359,2.31455667
8771,2020/1/1 11:00,8.97,7.4,215,1169.46,1121.76,1182.6,1157.94,5.2,29,2.401690506
8772,2020/1/1 12:00,7.31,6.6,111,896.24,627.59,608,710.61,4,49,1.747502001
8773,2020/1/1 13:00,6.78,6.1,101,549.95,548.25,634.06,577.42,8.3,39,1.036820781
8774,2020/1/1 14:00,6.56,6.3,113,653,596.16,668.47,639.21,3.6,6,1.410063427
8775,2020/1/1 15:00,6.43,6.2,89,606.36,511.92,625.65,581.31,4.4,43,1.17391423
8776,2020/1/1 16:00,6.01,5.9,84,470.12,546,564.96,527.03,1.6,22,1.259477079
8777,2020/1/1 17:00,5.95,5.9,94,492.48,500.76,579.39,524.21,3.3,20,1.150328388
8778,2020/1/1 18:00,5.79,5.8,87,512.71,553.84,537.84,534.8,5.7,52,1.029521481
8779,2020/1/1 19:00,5.7,5.7,85,623.04,503.88,535.35,554.09,2.6,344,1.005999676
8780,2020/1/1 20:00,5.56,5.5,96,581.17,590.59,574.94,582.23,3.4,19,1.293637268
8781,2020/1/1 21:00,5.56,5.4,96,625.92,622.25,598,615.39,3.4,19,1.37235313
8782,2020/1/1 22:00,5.33,5.4,59,401.14,467.2,394.94,421.09,4.7,344,0.658296563
8783,2020/1/1 23:00,5.06,5.3,52,341.32,330.2,361.38,344.3,4.5,21,0.726618345
8784,2020/1/2 0:00,5.01,5.4,61,405.09,396.18,401.31,400.86,2.3,308,0.711905808
8785,2020/1/2 1:00,4.89,5.3,43,320,306.72,310.66,312.46,3.4,21,0.76297487
8786,2020/1/2 2:00,4.87,5.3,53,311.64,309.68,324.48,315.27,4.3,54,0.690171819
8787,2020/1/2 3:00,4.82,5.3,49,331.76,338.67,342.36,337.6,3.3,350,0.496502651
8788,2020/1/2 4:00,4.81,5.2,50,314.09,362.52,317.5,331.37,4.1,312,0.595898615
8789,2020/1/2 5:00,4.59,5.1,48,318,324.36,300,314.12,2,36,0.875244862
8790,2020/1/2 6:00,4.76,5.2,44,307.2,305.76,301.92,304.96,2,114,0.808055772
8791,2020/1/2 7:00,4.76,5.3,38,290.72,297.98,283.5,290.73,2,299,0.531230301
8792,2020/1/2 8:00,4.74,5.3,39,236.74,226.08,262.5,241.77,3.8,78,0.574425987
8793,2020/1/2 9:00,4.74,5.3,43,257.48,267.12,277.2,267.27,2,344,0.409708942
8794,2020/1/2 10:00,4.8,5.3,45,271.76,276.32,289.34,279.14,4.2,39,0.619248427
8795,2020/1/2 11:00,4.87,5.3,45,317,298.92,315.5,310.47,2.7,223,0.672596486
8796,2020/1/2 12:00,4.91,5.3,56,276.76,279.4,320.28,292.15,5.2,53,0.571319133
8797,2020/1/2 13:00,4.91,5.3,43,277.64,316.5,311.5,301.88,4.3,15,0.634278328
8798,2020/1/2 14:00,5.01,5.4,36,273.91,278.08,276.76,276.25,4.7,16,0.576760316
8799,2020/1/2 15:00,4.66,5.2,39,287.55,232.73,275.44,265.24,2.6,341,0.417260588
8800,2020/1/2 16:00,4.68,5.2,40,253.6,245.7,235.22,244.84,6.6,3,0.369732249
8801,2020/1/2 17:00,4.7,5.3,34,228.24,260.4,250,246.21,7.1,12,0.318806357
8802,2020/1/2 18:00,4.51,5.1,21,187.2,203.94,199.68,196.94,6.9,357,0.25496991
8803,2020/1/2 19:00,4.22,5,15,134.2,152.25,145.44,143.96,2.9,0,0.460322079
8804,2020/1/2 20:00,4.2,5.1,9,94.56,103.19,108.36,102.04,3.2,302,0.114634642
8805,2020/1/2 21:00,4.22,5.1,9,94.24,108.36,111.91,104.84,3.2,20,0.355731299
8806,2020/1/2 22:00,4.28,5.1,10,103.19,108.36,100.13,103.89,1.6,59,0.482881892
8807,2020/1/2 23:00,4.3,5.1,11,101.15,113.81,108.72,107.89,4,39,0.304061945
8808,2020/1/3 0:00,4.37,5.1,14,108.9,113.81,119.2,113.97,3.8,10,0.335742416
8809,2020/1/3 1:00,4.39,5.1,12,119,125.79,107.28,117.36,4,32,0.336089939
8810,2020/1/3 2:00,4.41,5.1,13,108.72,109.62,107.28,108.54,4.2,17,0.300504868
8811,2020/1/3 3:00,4.45,5.2,16,127.26,148.56,143.76,139.86,2.6,22,0.474440651
8812,2020/1/3 4:00,4.47,5.2,21,127.26,147.12,150.75,141.71,4.1,3,0.350594159
8813,2020/1/3 5:00,4.56,5.3,18,143.06,152.5,172.48,156.01,3.6,44,0.414627438
8814,2020/1/3 6:00,4.6,5.3,15,121.6,145.2,132.66,133.15,2.3,6,0.498926929
8815,2020/1/3 7:00,4.55,5.3,11,101.32,102.17,114,105.83,4,347,0.091987278
8816,2020/1/3 8:00,4.51,5.3,9,88.65,95.04,106.02,96.57,2,322,0.14681018
8817,2020/1/3 9:00,4.39,5.2,7,89.25,88.65,93.12,90.34,5.3,5,0.145059034
8818,2020/1/3 10:00,4.41,5.3,12,95.68,109.08,112.29,105.68,3.7,348,0.084446735
8819,2020/1/3 11:00,4.55,5.3,14,109.44,115.33,0,74.92,5.8,0,0.150430953
8820,2020/1/3 12:00,4.57,5.3,12,91.5,95.36,105.3,97.39,2.1,0,0.460568612
8821,2020/1/3 13:00,4.6,5.3,10,89.55,64.68,107.46,87.23,2.8,294,0.1522849
8822,2020/1/3 14:00,4.6,5.4,6,82.88,77.22,75.79,78.63,5.7,353,0.047586657
8823,2020/1/3 15:00,4.66,5.5,15,99.62,108.18,100.81,102.87,5.2,7,0.175210812
8824,2020/1/3 16:00,4.72,5.5,7,53.91,58.2,64.24,58.78,2.7,321,0.066983156
8825,2020/1/3 17:00,0.01,0.1,1,0,0,0,0,0.1,1,0.379993053
8826,2020/1/3 18:00,8.26,6.5,339,1592.22,1614.14,1569.4,1591.92,2.3,325,3.24458527
8827,2020/1/3 19:00,8.49,6.6,339,1647.49,1638.36,1620.16,1635.34,2.4,325,3.35192714
8828,2020/1/3 20:00,8.66,6.6,356,1710.08,1780.89,1644.24,1711.74,2.5,321,3.497858665
8829,2020/1/3 21:00,8.8,6.6,361,1763.52,1808.8,1727.53,1766.62,2,333,3.633904459
8830,2020/1/3 22:00,9.3,6.8,385,1831.5,1938.88,1815.45,1861.94,1.2,292,3.880571796
8831,2020/1/3 23:00,10.03,7.4,415,2093.52,2098.24,2055.3,2082.35,2.3,315,4.306213784
8832,2020/1/4 0:00,10.22,7.4,421,2134.65,2128.23,2144.88,2135.92,2.9,279,4.401638978
8833,2020/1/4 1:00,10.95,7.8,451,2353.65,2379.6,2425.87,2386.37,2.8,328,4.88823669
8834,2020/1/4 2:00,11.54,8,468,2465.53,2550.33,2533.3,2516.39,1.6,302,5.174956818
8835,2020/1/4 3:00,11.66,8.2,484,2511.8,2582.01,2630.56,2574.79,1.8,324,5.253997066
8836,2020/1/4 4:00,12.08,8.5,495,2593.8,2675.54,2676.48,2648.61,1.7,336,5.779475107
8837,2020/1/4 5:00,12.47,8.6,509,2805.39,2781.44,2820.96,2802.6,3.2,48,5.63796096
8838,2020/1/4 6:00,12.58,8.8,514,2840.29,2822.82,2884.14,2849.08,2.8,357,5.82083903
8839,2020/1/4 7:00,12.58,8.7,517,2888.62,2862.3,2931.97,2894.3,1.8,276,5.935189
8840,2020/1/4 8:00,13.03,8.6,521,2912.64,2899.32,2969.16,2927.04,4.4,26,5.922387884
8841,2020/1/4 9:00,13.66,9,557,3147.46,3224,3228.96,3200.14,1.7,3,6.375044181
8842,2020/1/4 10:00,13.81,9.1,560,3181.76,3266.52,3292.6,3246.96,0.7,268,6.61502453
8843,2020/1/4 11:00,14.01,9.3,567,3283.08,3391.71,3324.24,3333.01,1.7,356,6.766662592
8844,2020/1/4 12:00,14.26,9.5,588,3441.31,3504.6,3507.78,3484.56,3.1,305,7.103964489
8845,2020/1/4 13:00,14.78,9.7,592,3549,3572.38,3527.16,3549.51,1.2,276,7.281926083
8846,2020/1/4 14:00,15.39,9.6,607,3640.89,3649.08,3620.88,3636.95,2,3,7.366053377
8847,2020/1/4 15:00,15.75,10.4,614,3758.4,3728.1,3672.24,3719.58,1.5,250,7.664569182
8848,2020/1/4 16:00,16.76,10.7,642,3934.5,3820.8,3942.84,3899.38,3.9,13,8.404781552
8849,2020/1/4 17:00,17.08,10.4,649,3941.88,3877.68,4019.52,3946.36,2.3,285,8.098115478
8850,2020/1/4 18:00,16.45,10.4,662,4115.2,4064.06,4146.36,4108.54,1.7,271,8.44610354
8851,2020/1/4 19:00,17.28,10.6,667,4160.16,4127.94,4197.08,4161.73,2.4,18,8.627429508
8852,2020/1/4 20:00,17.83,10.7,670,4191.66,4184.65,4216.1,4197.47,2.2,326,8.634414329
8853,2020/1/4 21:00,18.18,11,690,4306.12,4259.68,4360.21,4308.67,4.7,328,8.925193964
8854,2020/1/4 22:00,19.62,11.5,708,4278.64,4409.29,4476.78,4388.24,1.6,315,8.948053285
8855,2020/1/4 23:00,19.99,11.9,721,4480.88,4496.48,4562.5,4513.29,3.3,19,9.461745786
8856,2020/1/5 0:00,19.95,12.1,721,4525.12,4495.59,4587.5,4536.07,3.2,24,9.541923424
8857,2020/1/5 1:00,20.14,11.7,727,4561.2,4563.54,4610.2,4578.31,3.7,334,9.478042083
8858,2020/1/5 2:00,21.14,12,750,4683.69,4688.55,4711.2,4694.48,1.8,338,9.730247823
8859,2020/1/5 3:00,21.06,12.1,755,4779.08,4772.18,4689.88,4747.05,1.6,284,9.939220483
8860,2020/1/5 4:00,22.28,12.9,771,4852.96,4855.79,4764.64,4824.46,1.7,332,10.09680878
8861,2020/1/5 5:00,23.56,13,784,4891.04,4895.4,4842.7,4876.38,3.4,345,10.15566165
8862,2020/1/5 6:00,22.91,13.3,791,4925.46,4850.6,4896,4890.69,1.6,300,10.25247728
8863,2020/1/5 7:00,23.53,13.2,799,4975.35,4857.45,4906.56,4913.12,2.1,334,10.31576012
8864,2020/1/5 8:00,24.66,13.1,805,5047.08,5016.31,5002,5021.8,1.3,289,10.57531781
8865,2020/1/5 9:00,24.99,13.5,811,5028.53,5051.75,5139.96,5073.41,1.4,325,10.57352398
8866,2020/1/5 10:00,26.39,13,817,5079.06,5092.73,5142.5,5104.76,1.5,334,10.77607047
8867,2020/1/5 11:00,26.39,14,817,5095.04,5059.17,5142.5,5098.9,1.5,334,10.69061591
8868,2020/1/5 12:00,26.66,14.3,823,5124,5068.84,5143.59,5112.14,1.9,355,10.70639479
8869,2020/1/5 13:00,26.83,14,824,5035.86,5072.44,5170.24,5092.85,1.6,349,10.57987417
8870,2020/1/5 14:00,26.47,13.3,820,5017.68,5127.96,5130.4,5092.01,4.8,66,10.69766906
8871,2020/1/5 15:00,25.43,13.5,822,5079.06,5153.43,5176.28,5136.26,1.5,76,10.74040338
8872,2020/1/5 16:00,26.47,14.1,825,5111.8,5154.6,5150.57,5138.99,0.6,5,10.74030532
8873,2020/1/5 17:00,26.95,14.1,832,5151,5167.71,5192.64,5170.45,1.6,340,10.82943508
8874,2020/1/5 18:00,27.43,14.5,829,5132.82,5114.51,5168.6,5138.64,2.9,331,10.7378987
8875,2020/1/5 19:00,25.7,13.6,827,5210.56,5160.65,5237.4,5202.87,2.5,278,10.9213605
8876,2020/1/5 20:00,26.29,15.1,839,5256.62,5165.16,5285,5235.59,2.1,5,11.00226719
8877,2020/1/5 21:00,27.43,14.8,832,5158.16,5186.63,5228.7,5191.16,1.9,292,10.85615586
8878,2020/1/5 22:00,27.34,15.1,827,5196.95,5157.39,5205.31,5186.55,2.2,350,10.86595489
8879,2020/1/5 23:00,27.99,15.4,827,5137.56,5097.49,5180.62,5138.56,2.8,307,10.76111612
8880,2020/1/6 0:00,27.87,14.6,834,5178.8,5168.6,5204.66,5184.02,2.2,274,10.84553852
8881,2020/1/6 1:00,26.04,15,830,5214.13,5170.24,5228.7,5204.36,1.8,267,10.92105884
8882,2020/1/6 2:00,26.37,15,828,5197.2,5178.8,5222.69,5199.56,2.7,264,10.89200738
8883,2020/1/6 3:00,26.68,14.8,828,5180.16,5176.28,5231.38,5195.94,3.4,264,10.87589064
8884,2020/1/6 4:00,27.37,15,822,5141.29,5123.02,5160,5141.44,2.1,331,10.77534963
8885,2020/1/6 5:00,27.37,14.2,819,5166.7,5102.49,5184,5151.06,5.2,277,10.8488072
8886,2020/1/6 6:00,27.45,14.4,815,5083.29,5050.78,5148.78,5094.28,2.1,281,10.68775945
8887,2020/1/6 7:00,25.8,14.9,812,5146.05,5043.4,5053.14,5080.86,2.3,345,10.69860025
8888,2020/1/6 8:00,26.97,15.3,809,5101.12,5035.05,4994.31,5043.49,4.5,287,10.62177213
8889,2020/1/6 9:00,26.97,15.5,809,5100.15,5067.56,5002.62,5056.78,3.2,266,10.64421387
8890,2020/1/6 10:00,26.08,14.3,809,5060.1,5069.9,4997.3,5042.43,2.2,257,10.59296547
8891,2020/1/6 11:00,26.53,14.3,795,5057.25,5033.6,4946.23,5012.36,0.7,34,10.54670355
8892,2020/1/6 12:00,28.91,14.9,779,4828.68,4827.94,4825.86,4827.49,2.7,336,10.11126911
8893,2020/1/6 13:00,27.39,15,761,4772.8,4785.55,4741.4,4766.58,0.7,304,10.00001901
8894,2020/1/6 14:00,26.95,15.5,745,4681.6,4632.68,4737.15,4683.81,0.8,60,9.89002469
8895,2020/1/6 15:00,25.53,16,730,4566.85,4583.88,4631.38,4594.04,1.8,295,9.532107957
8896,2020/1/6 16:00,25.24,15.5,728,4590.48,4574.3,4625.27,4596.68,1.5,266,9.583007719
8897,2020/1/6 17:00,25.47,16.1,718,4489.5,4456.51,4492.08,4479.36,1.5,320,9.283132671
8898,2020/1/6 18:00,26.04,15.7,710,4409.55,4346.17,4473.72,4409.81,4.2,273,9.284315271
8899,2020/1/6 19:00,27.35,15.4,702,4256.91,4251.7,4306.6,4271.74,3.9,33,9.016888605
8900,2020/1/6 20:00,26.76,15.4,694,4192.92,4201.28,4281.27,4225.16,2,315,8.737283536
8901,2020/1/6 21:00,26.91,16.3,684,4149.36,4190.7,4202.9,4180.99,1.9,292,8.656885775
8902,2020/1/6 22:00,24.72,15.9,681,4166.4,4010.82,4199.76,4125.66,1.6,289,8.522125037
8903,2020/1/6 23:00,24.99,16.3,651,3880.8,3905.44,3831.25,3872.5,4.6,313,8.102514006
8904,2020/1/7 0:00,24.57,16,651,3806.88,3887.22,3843.84,3845.98,2.2,327,7.871427181
8905,2020/1/7 1:00,24.22,15.8,648,3812.86,3862.62,3850.08,3841.85,1.1,251,7.917606259
8906,2020/1/7 2:00,26.39,16.3,630,3670.67,3652.1,3653.1,3658.62,3.4,283,7.661141515
8907,2020/1/7 3:00,24.72,16.1,621,3657.36,3639.4,3554.32,3617.03,3.3,315,7.541905386
8908,2020/1/7 4:00,23.91,16.3,594,3365.02,3354.98,3340.14,3353.38,3.4,278,7.311937358
8909,2020/1/7 5:00,22.93,16.3,583,3261.46,3192.6,3194.88,3216.31,3.7,304,6.662914989
8910,2020/1/7 6:00,24.37,15.8,557,3022.14,2934.33,2954.5,2970.32,3.6,280,6.244124036
8911,2020/1/7 7:00,24.85,15.8,552,2862.5,2840.88,2820.48,2841.29,2.6,249,5.97817395
8912,2020/1/7 8:00,23.41,16,534,2800.88,2763.2,2702.37,2755.48,2.2,281,5.801644722
8913,2020/1/7 9:00,23.34,15.5,518,2616.64,2614.59,2658.48,2629.9,3.2,278,5.512220098
8914,2020/1/7 10:00,23.31,15.6,513,2589.51,2578.9,2622.93,2597.11,0.9,306,5.500855947
8915,2020/1/7 11:00,23.18,16.6,505,2555.96,2532.6,2558.16,2548.91,1.1,317,5.38391588
8916,2020/1/7 12:00,20.93,15.8,470,2209.8,2174.08,2252.67,2212.18,1,16,4.608453712
8917,2020/1/7 13:00,21.51,15.6,457,2168.28,2133.21,2170.05,2157.18,0.8,341,4.680071178
8918,2020/1/7 14:00,21.55,15.9,452,2098.54,2085.6,2129.84,2104.66,2.9,284,4.447526335
8919,2020/1/7 15:00,19.95,16.1,443,1984.18,1930.65,1965.4,1960.08,2.3,274,4.166744817
8920,2020/1/7 16:00,20.1,15.9,419,1942.56,1895.28,1930.4,1922.75,4.1,280,4.027087989
8921,2020/1/7 17:00,20.41,15.5,399,1779.2,1760.88,1803.4,1781.16,2.7,278,3.832874285
8922,2020/1/7 18:00,20.24,15.4,377,1586.13,1573.39,1598.87,1586.13,3.8,266,3.399302223
8923,2020/1/7 19:00,19.49,15.9,353,1546.38,1520.04,1469.16,1511.86,1.7,282,3.393088053
8924,2020/1/7 20:00,19.37,15.8,349,1520.82,1486.54,1437.36,1481.57,3.6,274,3.196242414
8925,2020/1/7 21:00,18.43,15.9,334,1294.82,1301.52,1265.22,1287.19,1.5,271,2.919100475
8926,2020/1/7 22:00,17.53,15.8,298,1241.6,1216.67,1197.56,1218.61,1.1,333,2.779335843
8927,2020/1/7 23:00,17.47,15.6,264,1076.88,1051.05,1011.24,1046.39,2,260,2.408000491
8928,2020/1/8 0:00,17.51,15.5,256,1030.4,979.44,970.02,993.29,2.2,277,2.284672953
8929,2020/1/8 1:00,15.76,15.7,214,744.12,730.25,775.92,750.1,1.7,287,1.88307251
8930,2020/1/8 2:00,15.74,15.3,196,714.56,682.56,628.65,675.26,1.9,279,1.618184921
8931,2020/1/8 3:00,15.66,15.7,186,647.7,646.68,591.48,628.62,0.9,284,1.58804384
8932,2020/1/8 4:00,15.31,15.6,173,564.26,561.59,557.04,560.96,0.7,315,1.413498624
8933,2020/1/8 5:00,0.01,0.1,1,0,0,0,0,0.1,1,0.379993053
8934,2020/1/8 6:00,12.33,9.8,334,1568.42,1563.66,1556.52,1562.87,2.6,216,3.329216201
8935,2020/1/8 7:00,13.51,10,373,1780.47,1831.2,1778.88,1796.85,2.2,201,3.815873378
8936,2020/1/8 8:00,13.76,10,396,1977.57,1968.54,1995.12,1980.41,4.9,212,4.131831963
8937,2020/1/8 9:00,14.6,10.3,413,2131.92,2184.2,2161.32,2159.15,2.6,249,4.521564193
8938,2020/1/8 10:00,15.18,10.5,423,2181.15,2217.06,2262,2220.07,3.8,187,4.60996529
8939,2020/1/8 11:00,15.58,10.6,423,2161.43,2223,2346.5,2243.64,3.8,187,4.645545777
8940,2020/1/8 12:00,15.93,10.8,440,2236,2316.93,2366,2306.31,4.1,250,4.795147439
8941,2020/1/8 13:00,16.26,11.2,423,2262.44,2337.09,2329.91,2309.81,1.5,244,4.878963905
8942,2020/1/8 14:00,16.52,11.4,454,2200.11,2252.46,2489.5,2314.02,3.9,259,4.774383314
8943,2020/1/8 15:00,16.72,11.3,485,2619.5,2607.41,2656.8,2627.9,5,246,5.483833174
8944,2020/1/8 16:00,16.78,11.4,483,2639,2646.23,2674.44,2653.22,3.9,239,5.51368295
8945,2020/1/8 17:00,16.99,11.4,488,2660.9,2700.28,2702.55,2687.91,2.3,243,5.591262947
8946,2020/1/8 18:00,17.57,11.9,504,2732.58,2756.22,2816.34,2768.38,1.5,217,5.743607245
8947,2020/1/8 19:00,17.78,11.8,515,2799.36,2790.62,2893.5,2827.83,3.7,238,5.85943184
8948,2020/1/8 20:00,18.05,11.9,521,2876.7,2988.16,2927.52,2930.79,4,288,6.093228786
8949,2020/1/8 21:00,18.26,12.1,534,2902.5,2998.14,3019.11,2973.25,3.2,208,6.114847304
8950,2020/1/8 22:00,18.26,11.9,542,3034.43,3102.44,3092.76,3076.54,2.7,227,6.352042877
8951,2020/1/8 23:00,19.18,12.1,545,3088.02,3187.2,3136,3137.07,3.6,210,6.503909795
8952,2020/1/9 0:00,20.07,12.5,563,3148.8,3247.42,3253.8,3216.67,3.7,231,6.678675181
8953,2020/1/9 1:00,20.2,12.7,579,3384.48,3383.52,3387.78,3385.26,2.3,211,7.024902064
8954,2020/1/9 2:00,21.78,13.1,617,3651.84,3584.08,3697.66,3644.53,1.8,254,7.733771266
8955,2020/1/9 3:00,22.93,13.8,633,3767.07,3793.35,3874.94,3811.79,2.9,228,7.930167217
8956,2020/1/9 4:00,23.1,14.1,640,3818.03,3830.8,3906.24,3851.69,2.6,277,7.977470234
8957,2020/1/9 5:00,23.72,14.1,641,3886.96,3843.75,3925.02,3885.24,4,179,8.165776544
8958,2020/1/9 6:00,24.56,14.2,671,3950.12,3974.74,4092,4005.62,5.1,186,8.477550339
8959,2020/1/9 7:00,23.33,14,681,4087.5,4130.88,4210.94,4143.11,2.5,189,8.607431552
8960,2020/1/9 8:00,25.1,15.1,703,4261.32,4251.84,4338.36,4283.84,4.3,223,9.023670683
8961,2020/1/9 9:00,25.47,15,704,4273.14,4282.74,4331.34,4295.74,2.7,202,8.989584832
8962,2020/1/9 10:00,26.6,15.6,732,4440.3,4483.35,4463.78,4462.48,6,180,9.534435843
8963,2020/1/9 11:00,27.24,16.7,749,4576.88,4572.98,4485.96,4545.27,3.3,213,9.567524346
8964,2020/1/9 12:00,27.49,16.6,749,4547.29,4566.85,4462.72,4525.62,2.9,263,9.494248731
8965,2020/1/9 13:00,28.3,16.3,751,4555.88,4547.84,4490.85,4531.52,3.1,278,9.523650599
8966,2020/1/9 14:00,28.3,16.6,754,4564.17,4607.13,4590.4,4587.23,4,189,9.697715485
8967,2020/1/9 15:00,28.37,17,754,4619.16,4608.64,4543.14,4590.31,4,189,9.714543113
8968,2020/1/9 16:00,28.39,16.7,758,4596.12,4590.4,4584.32,4590.28,2.9,258,9.634695252
8969,2020/1/9 17:00,28.85,17.1,767,4669.56,4599.54,4598,4622.37,2.4,258,9.71850881
8970,2020/1/9 18:00,28.89,17.1,771,4709.2,4598,4626.64,4644.61,3.1,205,9.821361226
8971,2020/1/9 19:00,29.79,17.5,782,4749.25,4783.68,4751.64,4761.52,2.7,261,9.980882515
8972,2020/1/9 20:00,30.12,17.9,789,4749.25,4793.85,4794,4779.03,6.8,183,10.29491443
8973,2020/1/9 21:00,30.49,18.6,792,4811.94,4806,4878.27,4832.07,2.6,239,10.11851947
8974,2020/1/9 22:00,31.6,19,799,4785.9,4845.91,4904.16,4845.32,3.2,272,10.1175718
8975,2020/1/9 23:00,31.97,19.5,807,4811.94,4879.68,4961.07,4884.23,4.6,195,10.34630592
8976,2020/1/10 0:00,32.18,19.6,810,4832.04,4877.49,4946.8,4885.44,2.5,245,10.18127725
8977,2020/1/10 1:00,31.83,20,809,4842,4899.82,4978.98,4906.93,2.5,222,10.22317014
8978,2020/1/10 2:00,31.83,19.5,806,4892.14,4853.61,4946.8,4897.52,4.3,231,10.35613762
8979,2020/1/10 3:00,31.72,19.8,807,4861.74,4911.04,4914.7,4895.83,2.7,206,10.24646686
8980,2020/1/10 4:00,31.72,20.2,811,4920.48,4919.28,4907.68,4915.81,1.9,211,10.27057375
8981,2020/1/10 5:00,32.76,20.2,809,4903.6,4872.16,4927.83,4901.2,5.6,188,10.48176377
8982,2020/1/10 6:00,32.39,20.4,810,4879.68,4908.75,4939.69,4909.37,5,235,10.39622627
8983,2020/1/10 7:00,33.62,21.3,791,4926.6,4840.29,4930.2,4899.03,2.3,202,10.29630452
8984,2020/1/10 8:00,32.74,21.1,768,4863.88,4870.8,4508.46,4747.71,5.3,201,10.12110712
8985,2020/1/10 9:00,32.1,20.8,741,4735.88,4592.64,4385.15,4571.22,4.6,195,9.999450448
8986,2020/1/10 10:00,32.6,22,814,4803.98,4787.94,4815.68,4802.53,2.4,258,9.967171894
8987,2020/1/10 11:00,33.01,22.8,827,5017.22,4660.22,5043.06,4906.83,2.8,237,10.2856697
8988,2020/1/10 12:00,33.2,22.1,816,4500,4698.39,4899.12,4699.17,2.9,249,9.605797382
8989,2020/1/10 13:00,33.06,22.1,748,4911.8,4447.65,4364.07,4574.51,4.5,229,9.850959435
8990,2020/1/10 14:00,31.39,22.5,605,3404.8,3340.12,3751.14,3498.69,2.7,265,7.004241015
8991,2020/1/10 15:00,31.95,22.8,647,4300.5,4063.5,4014,4126,2.5,232,8.736486263
8992,2020/1/10 16:00,32.72,23,779,4668,4680,4452,4600,5.6,249,9.761746543
8993,2020/1/10 17:00,34.26,23.3,815,4514.9,4635.05,4830.72,4660.22,6.7,267,9.939029493
8994,2020/1/10 18:00,34.7,23.6,819,4646.95,4575.55,4603.89,4608.8,6.5,259,9.990341117
8995,2020/1/10 19:00,35.16,24.6,855,4961.07,4789.28,4898.04,4882.8,4,254,10.19642154
8996,2020/1/10 20:00,36.03,24.8,739,4926.5,4999.86,4863.8,4930.05,4.1,247,10.43026091
8997,2020/1/10 21:00,36.39,24.9,759,4524.59,4521.15,4535.3,4527.01,5,268,9.55804554
8998,2020/1/10 22:00,36.49,25.2,749,4462.05,4498.2,4364.49,4441.58,2.4,273,9.179217981
8999,2020/1/10 23:00,0.01,0.1,1,0,0,0,0,0.1,1,0.379993053
