date,clear_sky_rad:W,clear_sky_energy_1h:J,direct_rad:W,global_rad_1h:Wh,sunshine_duration_1h:min,total_cloud_cover:p,effective_cloud_cover:p,relative_humidity_2m:p,wind_speed_2m:ms,relative_humidity_10m:p,wind_speed_10m:ms,relative_humidity_50m:p,relative_humidity_100m:p,OT
2020/1/2 0:00,0,0,0,0,0,100,96.2,95.1,1.4,93.8,2,89.1,85.7,0
2020/1/2 1:00,0,0,0,0,0,100,98.2,91.4,1.9,90.6,2.7,87.4,84.6,0
2020/1/2 2:00,0,0,0,0,0,100,99.8,91.9,1.1,90.1,1.6,83.5,78.2,0
2020/1/2 3:00,0,0,0,0,0,100,99.9,88.4,1.5,86.7,2.1,80.2,74.9,0
2020/1/2 4:00,0,0,0,0,0,100,96.1,86.3,1,84.4,1.4,77.7,72.4,0
2020/1/2 5:00,0,0,0,0,0,100,91.2,86,0.8,83.7,1.2,75.5,70,0
2020/1/2 6:00,0,0,0,0,0,100,86.1,81.6,1.5,79.4,2.1,71.9,66.8,0
2020/1/2 7:00,0,0,0,0,0,100,55.7,85.7,1.4,82.7,2,72.2,64.8,0
2020/1/2 8:00,0,0,0,0,0,100,56.9,83,2.6,80.4,3.8,71,64,0
2020/1/2 9:00,0,0,0,0,0.8,100,58.2,76.1,2.9,74,4.2,66.8,61.5,0
2020/1/2 10:00,15.6,22084.2,1.2,7.548,55,99.5,54,71.9,3,70.2,4.3,64.2,60,0
2020/1/2 11:00,27.4,80631.2,9.2,23.176,59.5,86.9,44,65.5,3.4,63.9,4.8,58.6,54.9,0
2020/1/2 12:00,25.3,99379.3,8.9,27.832,35.5,68.6,55.8,69.6,2.1,67.7,3,61,56.6,0
2020/1/2 13:00,10.7,67572.9,0.9,14.521,1.1,99.8,99,68.8,1.9,66.7,2.7,59.5,54.7,0
2020/1/2 14:00,0,10131.6,0,2.317,0,100,100,68.7,2.5,67.2,3.5,61.6,57.7,0
2020/1/2 15:00,0,0,0,0,0,99.7,99.7,73.4,3.1,71.7,4.4,65.8,61.5,0
2020/1/2 16:00,0,0,0,0,0,99.3,99.3,77.1,3.1,75.4,4.4,69.5,65.2,0
2020/1/2 17:00,0,0,0,0,0,99.5,99.4,77,2.9,75.5,4.2,69.9,65.9,0
2020/1/2 18:00,0,0,0,0,0,88.9,88.4,76.1,3,74.6,4.3,69.3,65.5,0
2020/1/2 19:00,0,0,0,0,0,99.9,98.3,74.2,3.5,72.6,5.1,66.9,62.8,0
2020/1/2 20:00,0,0,0,0,0,97.4,73.6,74.6,3.8,73.3,5.4,68.9,65.7,0
2020/1/2 21:00,0,0,0,0,0,100,55.2,74.9,3.9,73.5,5.7,68.8,65.5,0
2020/1/2 22:00,0,0,0,0,0,97.7,49.4,73.2,3.7,71.9,5.3,67.4,64.4,0
2020/1/2 23:00,0,0,0,0,0,39.2,27.4,72.5,2.7,71.2,3.9,66.6,63.4,0
2020/1/3 0:00,0,0,0,0,0,96.2,96.2,80,1.9,77.9,2.7,70.6,65.6,0
2020/1/3 1:00,0,0,0,0,0,100,100,100,3,100,4.3,100,100,0
2020/1/3 2:00,0,0,0,0,0,100,100,98.4,2.2,98.4,3.1,98.6,98.8,0
2020/1/3 3:00,0,0,0,0,0,100,100,95.7,2.6,96,3.8,97,97.9,0
2020/1/3 4:00,0,0,0,0,0,99.2,99.1,96.1,3.1,95.4,4.5,93.1,91.6,0
2020/1/3 5:00,0,0,0,0,0,96.5,96.5,96.1,3.9,95.6,5.7,94,93,0
2020/1/3 6:00,0,0,0,0,0,97.4,97.2,96,4.7,95.4,6.7,93.2,91.7,0
2020/1/3 7:00,0,0,0,0,0,99.8,99.8,90.2,4.5,89.6,6.5,87.2,85.4,0
2020/1/3 8:00,0,0,0,0,0,97.7,97.2,81.2,4,80.5,5.8,77.9,75.9,0
2020/1/3 9:00,0,0,0,0,0,99.1,98.5,79.4,3.8,79.1,5.5,77.7,76.7,0
2020/1/3 10:00,16.1,23673.2,0.2,3.208,0.4,99.9,99.8,81,3.9,80.9,5.6,80.5,80.3,0
2020/1/3 11:00,28.2,83056.4,0.9,9.302,2,98.3,97.8,80.1,4.8,80.1,7,80.2,80.4,0
2020/1/3 12:00,26.2,102495.3,3.4,15.842,5.4,97.1,96.7,74.1,6.3,74.1,9,74,74.2,0
2020/1/3 13:00,11.5,70570,1.6,15.017,6.6,97.3,95.9,69.2,5,69.1,7.2,69.2,69.5,0
2020/1/3 14:00,0,11686.7,0,5.269,1,98.6,98.5,68.3,4.9,68.2,7.1,67.6,67.5,0
2020/1/3 15:00,0,0,0,0,0,100,100,75.9,3.9,75.9,5.7,76.1,76.4,0
2020/1/3 16:00,0,0,0,0,0,99.8,99.8,79.3,3.8,79.4,5.5,80,80.5,0
2020/1/3 17:00,0,0,0,0,0,91.4,90.9,74.1,4,74.1,5.7,74.3,74.7,0
2020/1/3 18:00,0,0,0,0,0,98.8,98,69,5.1,68.9,7.3,68.5,68.4,0
2020/1/3 19:00,0,0,0,0,0,98.7,98.7,55.9,5.2,55.4,7.5,53.7,52.7,0
2020/1/3 20:00,0,0,0,0,0,99.5,99.1,64.3,6.1,64.1,8.8,63.5,63.3,0
2020/1/3 21:00,0,0,0,0,0,99.8,99.5,70.5,6.8,70.4,9.8,70.1,70.1,0
2020/1/3 22:00,0,0,0,0,0,99.5,98.6,81.3,5.6,81.5,8,82.4,83.3,0
2020/1/3 23:00,0,0,0,0,0,99.8,98.5,86.4,6.6,86.4,9.5,86.5,86.7,0
2020/1/4 0:00,0,0,0,0,0,100,99.5,86.5,7.1,86.7,10.3,87.5,88.4,0
2020/1/4 1:00,0,0,0,0,0,94.4,90.7,80.3,6.2,80.3,8.8,80.1,80.2,0
2020/1/4 2:00,0,0,0,0,0,94.3,92.8,84.8,6.1,84.9,8.8,85.1,85.6,0
2020/1/4 3:00,0,0,0,0,0,88.9,84.6,87,6.4,87,9.1,87.3,87.8,0
2020/1/4 4:00,0,0,0,0,0,94.4,91.7,90.6,6.6,90.8,9.5,91.6,92.6,0
2020/1/4 5:00,0,0,0,0,0,87.7,82.7,89.4,6.1,89.6,8.8,90.5,91.4,0
2020/1/4 6:00,0,0,0,0,0,82.3,79,91.9,6.5,92.1,9.4,93.3,94.7,0
2020/1/4 7:00,0,0,0,0,0,97.5,96.6,90.9,6.7,91.2,9.7,92.3,93.5,0
2020/1/4 8:00,0,0,0,0,0,92.8,91.3,85.4,5.8,85.5,8.3,86.4,87.5,0
2020/1/4 9:00,0,0,0,0,1.2,76.7,75.6,80.8,6.2,80.8,8.9,81.2,82,0
2020/1/4 10:00,16.7,25452.2,1.2,5.442,19.6,85.8,84.9,81.8,5.5,81.9,8,82.4,83.4,0
2020/1/4 11:00,29.1,85754.8,2.6,15.504,11.9,90.9,90.7,79.8,5.1,79.9,7.4,80.2,80.9,0
2020/1/4 12:00,27.1,105926.6,3.7,20.066,20,82.9,82.4,82.6,5.3,82.7,7.6,83.2,84.2,0
2020/1/4 13:00,12.3,73827.3,2.4,15.423,31.7,69.8,69.8,77.3,4.9,77.1,7.1,76.4,76.2,0
2020/1/4 14:00,0,13441.8,0,5.419,21.7,70.9,70.9,77,5.3,76.8,7.6,76.5,76.9,0
2020/1/4 15:00,0,0,0,0,0,71.6,71.6,85.2,4.6,85,6.6,84.8,85.7,0
2020/1/4 16:00,0,0,0,0,0,72.7,72.7,90,4.3,89.7,6.2,90.1,91.5,0
2020/1/4 17:00,0,0,0,0,0,76.8,76.8,88,3.6,87.7,5.2,87.4,88.3,0
2020/1/4 18:00,0,0,0,0,0,84.1,84.1,88.9,3.4,88.5,4.8,88.1,89.2,0
2020/1/4 19:00,0,0,0,0,0,83.2,83.2,86.4,4,86.1,5.8,85.3,86.5,0
2020/1/4 20:00,0,0,0,0,0,81.3,81.3,86.7,4.2,86.3,6,85.3,86.6,0
2020/1/4 21:00,0,0,0,0,0,77.6,77.6,89.4,3.8,89.2,5.4,88.5,89.8,0
2020/1/4 22:00,0,0,0,0,0,58.5,58.5,89.8,2.9,89.5,4.2,88.4,89.3,0
2020/1/4 23:00,0,0,0,0,0,89.5,62.5,91,2.2,90.5,3.2,88.7,88.4,0
2020/1/5 0:00,0,0,0,0,0,100,77.6,90.5,2.3,90,3.3,88.3,86.3,0
2020/1/5 1:00,0,0,0,0,0,100,89.8,90,2.1,89.7,3.1,89,89.1,0
2020/1/5 2:00,0,0,0,0,0,100,97.6,89.9,1.9,89.6,2.7,88.8,88.5,0
2020/1/5 3:00,0,0,0,0,0,100,99.8,89,1.9,88.7,2.7,87.7,86.8,0
2020/1/5 4:00,0,0,0,0,0,100,99.9,86.5,2,86.2,2.9,84.6,82.5,0
2020/1/5 5:00,0,0,0,0,0,100,100,84.9,1.9,84.5,2.7,81.5,77.8,0
2020/1/5 6:00,0,0,0,0,0,100,100,79.7,2.1,79.1,3.1,74.7,70.4,0
2020/1/5 7:00,0,0,0,0,0,100,100,71,2.7,69.7,3.9,64.2,58.7,0
2020/1/5 8:00,0,0,0,0,0,100,100,67.5,3.1,66.7,4.4,63.7,61.2,0
2020/1/5 9:00,0,0,0,0,0,100,100,70.8,3.2,70.3,4.6,68.7,67.8,0
2020/1/5 10:00,17.4,27422,0,1.368,0,100,100,77.7,3,77.4,4.2,76.4,76,0
2020/1/5 11:00,30,88736.6,0,3.724,0,100,100,80.2,2.7,79.8,3.9,78.3,77.1,0
2020/1/5 12:00,28.2,109686,0,4.275,0,100,100,73.1,2.3,72.7,3.3,71.5,70.7,0
2020/1/5 13:00,13.2,77356.7,0,3.011,0,100,100,81.9,2.6,81.6,3.8,80.7,80.3,0
2020/1/5 14:00,0,15303.8,0,1.092,0,100,100,81.6,1.7,81.4,2.5,80.7,80.2,0
2020/1/5 15:00,0,0,0,0,0,100,93.7,82.6,2.1,82.5,3,81.9,81.5,0
2020/1/5 16:00,0,0,0,0,0,99.4,95.9,84.4,1.3,84.2,1.8,83.4,82.8,0
2020/1/5 17:00,0,0,0,0,0,99.9,99.8,88.2,0.8,87.9,1.2,86.6,85.7,0
2020/1/5 18:00,0,0,0,0,0,94.7,94.7,89.4,1.6,89.2,2.4,88.4,87.8,0
2020/1/5 19:00,0,0,0,0,0,82.6,82.3,83.7,2.8,83.4,4,82.1,81.3,0
2020/1/5 20:00,0,0,0,0,0,80,78.4,84.4,3.3,84,4.8,82.8,82,0
2020/1/5 21:00,0,0,0,0,0,67.5,52.3,85.6,3.2,85.3,4.6,84,83.1,0
2020/1/5 22:00,0,0,0,0,0,66,42.3,88.7,2.4,88.2,3.4,86.2,84.6,0
2020/1/5 23:00,0,0,0,0,0,93.4,61.5,91.3,1.5,91.1,2.1,89.8,88.6,0
2020/1/6 0:00,0,0,0,0,0,99.9,98.2,92.6,1.3,92.5,1.9,91.2,89.4,0
2020/1/6 1:00,0,0,0,0,0,99.4,98.3,91,1.6,90.7,2.3,89,87.3,0
2020/1/6 2:00,0,0,0,0,0,86.6,77.7,95.6,1.7,95.2,2.4,92.7,90,0
2020/1/6 3:00,0,0,0,0,0,89.7,78.6,96,1.3,95.3,1.9,91.8,88.1,0
2020/1/6 4:00,0,0,0,0,0,96.5,96.3,93.6,1.3,92.8,1.9,88.9,84.9,0
2020/1/6 5:00,0,0,0,0,0,99.9,96.9,88.1,1.3,87.2,1.8,83.4,79.7,0
2020/1/6 6:00,0,0,0,0,0,99.9,99.5,82.3,1.8,81.4,2.6,77.8,74.4,0
2020/1/6 7:00,0,0,0,0,0,100,100,77.4,1.8,76.9,2.6,74.9,73.1,0
2020/1/6 8:00,0,0,0,0,0,100,100,82.8,1.8,81.4,2.6,76.1,72.4,0
2020/1/6 9:00,0,0,0,0,0,100,100,77.6,2,76.6,2.9,73,69.8,0
2020/1/6 10:00,18.2,29584.2,0,1.767,0,100,100,75,1.4,74.2,2.1,70.9,68.1,0
2020/1/6 11:00,31.1,92013.5,0,4.686,0,100,100,73.3,0.9,72.6,1.3,69.8,67.3,0
2020/1/6 12:00,29.4,113787.3,0,7.24,3,99.9,97.7,75.5,0.9,74.2,1.3,69.6,66.2,0
2020/1/6 13:00,14.2,81171.5,0,8.355,3.5,100,97.1,79.3,1.6,78.1,2.3,73.6,69.7,0
2020/1/6 14:00,0,17272.7,0,4.034,49.8,99.2,52.6,79.1,1.2,77.7,1.8,72.4,67.9,0
2020/1/6 15:00,0,0,0,0,0,99.4,55,81,1.2,79.3,1.7,73,68,0
2020/1/6 16:00,0,0,0,0,0,86.1,43.9,86.1,1.1,84.3,1.6,77.9,72.9,0
2020/1/6 17:00,0,0,0,0,0,81.5,40.8,87.6,1.1,86,1.5,80.2,76,0
2020/1/6 18:00,0,0,0,0,0,73.1,36.5,88.7,1.2,87.3,1.7,82.1,78.5,0
2020/1/6 19:00,0,0,0,0,0,5,2.9,84.7,1.8,83.8,2.6,80.4,77.9,0
2020/1/6 20:00,0,0,0,0,0,39.6,20.5,87.7,1.3,86.6,1.8,82.9,80.6,0
2020/1/6 21:00,0,0,0,0,0,97.5,49.7,86.7,0.7,85.6,1,81.8,79.2,0
2020/1/6 22:00,0,0,0,0,0,96.4,50.4,88.6,1.2,87.1,1.7,81.4,77,0
2020/1/6 23:00,0,0,0,0,0,96.9,56.1,90.8,1.4,88.8,2,81.3,75.3,0
2020/1/7 0:00,0,0,0,0,0,98.8,89.4,89.5,1.3,87.3,1.8,79,72.3,0
2020/1/7 1:00,0,0,0,0,0,99.2,89.4,87.9,1.9,85.8,2.7,77.6,70.7,0
2020/1/7 2:00,0,0,0,0,0,100,100,87.8,1.5,85.7,2.2,77.9,71.3,0
2020/1/7 3:00,0,0,0,0,0,100,100,90.2,1.6,88.5,2.3,81.5,75.6,0
2020/1/7 4:00,0,0,0,0,0,98,97.9,90.6,1.5,89.1,2.2,83.4,78.5,0
2020/1/7 5:00,0,0,0,0,0,95.9,95.9,92.2,1.7,91,2.4,85.9,81.3,0
2020/1/7 6:00,0,0,0,0,0,48.7,48.7,94.2,1.7,93.4,2.4,89.8,86.6,0
2020/1/7 7:00,0,0,0,0,0,97.3,97.3,85.8,2.2,85.2,3.1,82.7,80.5,0
2020/1/7 8:00,0,0,0,0,0,41.5,41.5,85.9,2,85,2.9,81.6,78.6,0
2020/1/7 9:00,0,0,0,0,6.9,10.9,6.1,87.3,2.3,85.8,3.3,79.9,74.8,0
2020/1/7 10:00,19,31940.7,7.3,11.307,60,97.2,48.6,84.8,2,82.9,2.9,75.6,69.3,0
2020/1/7 11:00,32.3,95598.1,8.3,30.283,60,98.7,49.4,80.8,1.8,78.9,2.6,71.6,65.3,0
2020/1/7 12:00,30.6,118245,3.1,32.975,59.9,100,50.1,76.3,2,74.4,2.9,67.2,61.2,0
2020/1/7 13:00,15.2,85286.9,0,19.077,10.7,100,91.3,74.4,2.3,72.8,3.3,66.7,61.6,0
2020/1/7 14:00,0,19348.9,0,5.078,0.5,100,99.6,68.7,3.1,67.4,4.5,62.7,58.8,0
2020/1/7 15:00,0,0,0,0,0,100,99.4,67.1,3,65.8,4.4,61.4,58,0
2020/1/7 16:00,0,0,0,0,0,100,99.9,64.1,2.6,62.9,3.8,58.8,55.9,0
2020/1/7 17:00,0,0,0,0,0,100,99.4,61.9,3,60.7,4.3,56.5,53.4,0
2020/1/7 18:00,0,0,0,0,0,100,99.7,67.3,3.6,65.9,5.1,61.1,57.6,0
2020/1/7 19:00,0,0,0,0,0,99.6,71.7,69.3,3.8,68.1,5.5,63.7,60.4,0
2020/1/7 20:00,0,0,0,0,0,100,99.9,69.2,4.8,68.1,7,64.1,61.3,0
2020/1/7 21:00,0,0,0,0,0,99,98.4,68.6,4.5,67.6,6.4,64.2,61.9,0
2020/1/7 22:00,0,0,0,0,0,100,99.7,73.7,3.4,72.8,4.8,69.6,67.4,0
2020/1/7 23:00,0,0,0,0,0,94.7,91.1,88,2.6,85.7,3.8,78,72.8,0
2020/1/8 0:00,0,0,0,0,0,95.7,90.1,80.2,2.4,78.7,3.4,73.5,69.7,0
2020/1/8 1:00,0,0,0,0,0,98.3,97,79,2.5,77.3,3.6,71.1,66.7,0
2020/1/8 2:00,0,0,0,0,0,94.5,85.5,81.9,2.4,80,3.4,73.3,68.5,0
2020/1/8 3:00,0,0,0,0,0,99.7,98.6,88.7,2,86,2.8,77,70.8,0
2020/1/8 4:00,0,0,0,0,0,98.9,96.9,93,2.1,91.2,3,85,80.8,0
2020/1/8 5:00,0,0,0,0,0,99.7,98.9,93.8,3.3,92.7,4.7,89.1,86.9,0
2020/1/8 6:00,0,0,0,0,0,65.1,54.3,98.2,3.2,97.5,4.7,95.3,93.9,0
2020/1/8 7:00,0,0,0,0,0,99.4,94.9,87.8,3.3,87,4.7,84,81.7,0
2020/1/8 8:00,0,0,0,0,0,21.3,13,86.6,3.3,85.6,4.7,82.2,79.5,0
2020/1/8 9:00,0,0,0,0,7.6,6.5,5.6,80.9,2.9,79.8,4.2,75.9,73,0
2020/1/8 10:00,19.8,34494.1,10.8,12.478,58.5,16.5,10.4,74.9,2.6,73.6,3.8,68.9,65.3,0
2020/1/8 11:00,33.5,99504.6,17.9,32.681,38.7,46.4,45.1,66.8,2.8,65.8,4.1,62.2,59.6,0
2020/1/8 12:00,32,123074.4,6.9,32.123,4,95.9,95.1,69.7,3.8,69.1,5.5,66.8,65.2,0
2020/1/8 13:00,16.3,89719.5,0.8,16.995,19.5,96,91.3,76.3,3.8,75.9,5.4,74.6,73.5,0
2020/1/8 14:00,0,21534.2,0,5.076,13.1,98.1,95.3,75.5,4,75.1,5.8,73.9,73,0
2020/1/8 15:00,0,0,0,0,0,95,87.7,76.9,4.1,76.6,5.9,75.3,74.4,0
2020/1/8 16:00,0,0,0,0,0,99.8,98.5,73.4,4.1,73.2,5.9,72.3,71.8,0
2020/1/8 17:00,0,0,0,0,0,99.8,99.5,83.5,4.6,83.3,6.6,82.7,82.1,0
2020/1/8 18:00,0,0,0,0,0,96.1,94,81.1,4.6,80.7,6.5,79.5,78.5,0
2020/1/8 19:00,0,0,0,0,0,98.7,97.6,78.9,4.5,78.6,6.5,77.5,76.7,0
2020/1/8 20:00,0,0,0,0,0,99.8,95.1,82.2,4.7,81.9,6.8,81,80.3,0
2020/1/8 21:00,0,0,0,0,0,100,99.5,85.1,4.8,84.9,6.9,83.9,83.1,0
2020/1/8 22:00,0,0,0,0,0,99.2,98.6,88.2,5.3,87.9,7.7,86.9,86.2,0
2020/1/8 23:00,0,0,0,0,0,97.7,91.6,85.5,5.5,85.2,7.8,84.1,83.3,0
2020/1/9 0:00,0,0,0,0,0,98.9,87.2,83.9,5.6,83.5,8.1,82.4,81.6,0
2020/1/9 1:00,0,0,0,0,0,96.8,88.7,78.2,5,78,7.2,77.3,76.9,0
2020/1/9 2:00,0,0,0,0,0,80,74.6,68.2,4.8,67.7,6.9,66,64.9,0
2020/1/9 3:00,0,0,0,0,0,97.3,83.8,63.9,4.6,63.4,6.6,61.7,60.6,0
2020/1/9 4:00,0,0,0,0,0,51,50.7,65.5,4.6,65.1,6.6,63.7,62.9,0
2020/1/9 5:00,0,0,0,0,0,49.6,49.6,65.9,4.2,65.5,6.1,64.3,63.7,0
2020/1/9 6:00,0,0,0,0,0,47.7,47.7,61.2,3.7,60.6,5.2,58.4,57,0
2020/1/9 7:00,0,0,0,0,0,26.9,26.9,65.6,3.4,65,4.9,62.9,61.5,0
2020/1/9 8:00,0,0,0,0,0,30.8,30.8,67.9,3,67.2,4.3,64.6,62.7,0
2020/1/9 9:00,0,0,0,0,8,25.5,25.5,73.2,2.9,72.4,4.1,69.6,67.4,0
2020/1/9 10:00,20.8,37248.1,9.8,12.107,52.3,20.2,20.2,76.9,2.2,76.3,3.1,74.2,72.4,0
2020/1/9 11:00,34.9,103748,18.7,33.005,45.4,38,38,79.1,1.9,78.4,2.8,75.8,73.5,0
2020/1/9 12:00,33.4,128291.2,13.5,39.287,51.1,20.7,20.7,78.5,1.9,77.9,2.7,75.3,73,0
2020/1/9 13:00,17.5,94487.4,5.7,28.518,44.1,29.7,29.7,78,1.7,77.1,2.4,73.5,70.3,0.044352374999999986
2020/1/9 14:00,0,24236.9,0,10.129,55.9,26.9,16.9,79.3,1.8,77.9,2.6,72.5,67.6,0
2020/1/9 15:00,0,0,0,0,0,50,26.6,82.5,1.9,80.6,2.7,73.7,67.8,0
2020/1/9 16:00,0,0,0,0,0,34.9,18,84.7,1.9,82.8,2.8,75.1,68,0
2020/1/9 17:00,0,0,0,0,0,0.4,0.3,83.3,2,81.6,2.9,74.4,67.5,0
2020/1/9 18:00,0,0,0,0,0,28.3,19.2,80.8,1.9,79.3,2.7,72.9,66.5,0
2020/1/9 19:00,0,0,0,0,0,65.2,32.6,80.1,2,79.2,2.9,75.1,70.6,0
2020/1/9 20:00,0,0,0,0,0,80.8,40.9,82.2,1.9,81.4,2.8,77.5,73.2,0
2020/1/9 21:00,0,0,0,0,0,18.8,9.8,84.8,1.7,84,2.5,80.1,75.8,0
2020/1/9 22:00,0,0,0,0,0,1.2,1.1,86.7,1.5,85.9,2.2,81.7,77.1,0
2020/1/9 23:00,0,0,0,0,0,2,1,88.3,1.4,87.5,2,83.2,78.6,0
2020/1/10 0:00,0,0,0,0,0,3.5,3.1,90.2,1.5,89.6,2.2,85.7,81,0
2020/1/10 1:00,0,0,0,0,0,14.5,11.2,88.9,2.2,88.2,3.2,84.1,79.1,0
2020/1/10 2:00,0,0,0,0,0,20.1,13.9,88.5,2.3,87.9,3.2,84,79.1,0
2020/1/10 3:00,0,0,0,0,0,68.6,47.3,87.3,2.2,86.8,3.2,83.1,78.5,0
2020/1/10 4:00,0,0,0,0,0,60.6,58.6,84.8,2,84.5,2.9,81.7,78,0
2020/1/10 5:00,0,0,0,0,0,98.8,86.3,80.9,1.9,80.6,2.7,78.2,75.2,0
2020/1/10 6:00,0,0,0,0,0,99.6,93,78.2,1.8,77.9,2.6,75.9,73.6,0
2020/1/10 7:00,0,0,0,0,0,99.8,97.3,74.1,2.2,73.7,3.2,72,70.6,0
2020/1/10 8:00,0,0,0,0,0,98.6,91.7,71.4,2.1,71.1,3.1,69.8,68.9,0.00542499
2020/1/10 9:00,0,0,0,0,1.2,98.6,93.9,72.2,2.1,71.8,3,70.4,69.4,0.2078625
2020/1/10 10:00,21.8,40207.5,1.5,7.562,17.7,88.6,80.3,72,2.2,71.6,3.2,70.3,69.3,0.17648749500000002
2020/1/10 11:00,36.4,108344.7,2.1,17.093,2.1,99.9,99.6,75.1,2.2,74.8,3.1,73.3,72.2,0.181450005
2020/1/10 12:00,35,133911.7,0.3,14.338,8.2,99,95.6,77.4,2.1,77.3,3,77,77.1,0.31038750000000004
2020/1/10 13:00,18.7,99610.1,0.9,8.91,20.7,95.8,88.5,80.8,2.3,80.7,3.3,80.7,81,0.06076249499999999
2020/1/10 14:00,0,28166.3,0,4.104,31.2,97.5,77.4,81.1,2,81,2.9,80.9,81,0
2020/1/10 15:00,0,0,0,0,0.6,88.8,80.6,83.7,2,83.6,2.8,82.9,82.7,0
2020/1/10 16:00,0,0,0,0,0,69.7,53.3,86.5,2.2,86.2,3.1,85.3,85.1,0
2020/1/10 17:00,0,0,0,0,0,56.9,52.4,87.3,2,87,2.9,85.8,85.3,0
2020/1/10 18:00,0,0,0,0,0,81.6,81.6,86.9,1.8,86.4,2.6,84.5,83.5,0
2020/1/10 19:00,0,0,0,0,0,89.5,89.5,84.7,1.8,84.3,2.7,82.3,80.9,0
2020/1/10 20:00,0,0,0,0,0,26.8,26.7,85.2,1.5,84.4,2.2,80.9,77.9,0
2020/1/10 21:00,0,0,0,0,0,100,50.4,83.5,1.3,82.3,1.8,77.4,73.4,0
2020/1/10 22:00,0,0,0,0,0,100,50.7,82.6,1.3,81.1,1.9,75,69.9,0
2020/1/10 23:00,0,0,0,0,0,100,52.9,78.7,0.9,76.8,1.3,69.9,64.2,0
2020/1/11 0:00,0,0,0,0,0,100,90.3,67.9,2,66.3,2.9,60,54.3,0
2020/1/11 1:00,0,0,0,0,0,100,98.7,57.6,2.1,56.3,3,51.2,46.8,0
2020/1/11 2:00,0,0,0,0,0,100,99.7,54.2,2.3,53.1,3.2,49.2,46,0
2020/1/11 3:00,0,0,0,0,0,100,100,52.8,2.1,52,3,48.8,46.5,0
2020/1/11 4:00,0,0,0,0,0,100,100,56.5,2.3,55.6,3.4,52.2,49.7,0
2020/1/11 5:00,0,0,0,0,0,100,100,56.1,2.9,55.1,4.2,51.8,49.3,0
2020/1/11 6:00,0,0,0,0,0,100,98.8,54.9,2.5,53.8,3.6,49.9,47.2,0
2020/1/11 7:00,0,0,0,0,0,99.3,91.5,59.2,3.1,58.1,4.4,54.2,51.5,0
2020/1/11 8:00,0,0,0,0,0,100,100,55.2,2.9,54.2,4.2,50.5,48,0
2020/1/11 9:00,0,0,0,0,1,100,96.1,60.3,3.4,59.7,4.8,57.7,56.4,0.000700005
2020/1/11 10:00,22.9,43378,0,1.711,0.1,100,99.9,66.1,3.9,65.5,5.6,63.1,61.5,0.08322499500000001
2020/1/11 11:00,38,113311.6,0,5.661,3.1,100,97.5,66,3.9,65.2,5.5,62.5,60.6,0.59371251
2020/1/11 12:00,36.7,139951.9,1.6,12.259,1.1,100,99.1,66.7,3.4,65.8,4.9,62.6,60.4,0.13118749500000002
2020/1/11 13:00,20,105107.6,0.9,13.413,0,100,100,65.2,3.3,64.2,4.8,60.6,58.2,0
2020/1/11 14:00,0,32279.2,0,5.103,0,100,100,68.4,3,67.4,4.4,63.6,60.8,0
2020/1/11 15:00,0,0,0,0,0,100,99.9,87.3,2.4,84.8,3.4,76.4,70.7,0
2020/1/11 16:00,0,0,0,0,0,96.1,64.8,85.3,2.7,83.9,3.9,79,75.2,0
2020/1/11 17:00,0,0,0,0,0,99.9,80.6,89,2.4,87.3,3.4,81.1,76.3,0
2020/1/11 18:00,0,0,0,0,0,96.1,92.8,88.1,2.4,86.4,3.4,80.2,75.5,0
2020/1/11 19:00,0,0,0,0,0,99.8,97.9,84.2,2.5,82.9,3.6,78,74.3,0
2020/1/11 20:00,0,0,0,0,0,100,99.6,85.7,2.4,84.8,3.4,81.6,79.1,0
2020/1/11 21:00,0,0,0,0,0,100,100,92.8,2.3,91.6,3.4,87.5,84.7,0
2020/1/11 22:00,0,0,0,0,0,100,99.4,95.1,2.1,94.2,3,91.1,89.1,0
2020/1/11 23:00,0,0,0,0,0,99.4,97.7,95.7,2.1,95,3,92.5,90.8,0
2020/1/12 0:00,0,0,0,0,0,99.3,95.1,95.4,2.3,94.9,3.4,93.1,91.9,0
2020/1/12 1:00,0,0,0,0,0,89.7,80.3,90.3,2.1,89.9,3.1,88.4,87.3,0
2020/1/12 2:00,0,0,0,0,0,99.2,96.5,89.2,2.2,88.7,3.2,87.1,85.8,0
2020/1/12 3:00,0,0,0,0,0,98.6,95.2,89.6,2,89.1,2.8,87.4,86.1,0
2020/1/12 4:00,0,0,0,0,0,99.6,92,91.5,2.2,90.8,3.2,87.9,85.7,0
2020/1/12 5:00,0,0,0,0,0,100,96.8,91.2,2.2,90.1,3.2,86.3,83.2,0
2020/1/12 6:00,0,0,0,0,0,100,99.7,91.7,2,90.8,2.9,87.6,85.1,0
2020/1/12 7:00,0,0,0,0,0,99.9,98.7,93.2,2.5,92.6,3.6,90.2,88.1,0
2020/1/12 8:00,0,0,0,0,0,96.9,90.8,91.1,2.7,90.3,3.9,87.3,84.7,0.00045
2020/1/12 9:00,0.8,220.8,0,0.158,2.9,97.5,93.4,89,2.5,88.2,3.6,85,82.4,0.077787495
2020/1/12 10:00,24.2,46987.9,2.8,10.807,15.8,94.3,85,85.9,2.6,85.3,3.7,82.9,80.8,0.247962495
2020/1/12 11:00,39.7,118666.4,6.2,29.091,19.9,93.4,80.9,81.8,2.6,81.3,3.7,79.1,77.3,1.8708499799999998
2020/1/12 12:00,38.5,146428.4,8.7,36.832,41.7,65.3,49.3,79.6,2.5,79.1,3.6,77.1,75.5,1.659100005
2020/1/12 13:00,21.4,111000.7,4.2,29.4,20.7,97.3,82.1,80,2.2,79.3,3.2,76.6,74.5,0.048049995
2020/1/12 14:00,0,36583.8,0,11.01,9.5,98.9,91.7,80.6,2.1,79,3,73.1,68.3,0
2020/1/12 15:00,0,0,0,0,0.6,99.8,96.5,79.3,2.3,77.4,3.3,70.7,65.3,0
2020/1/12 16:00,0,0,0,0,0,98.1,88.7,79.1,2.2,77.5,3.2,72.3,68.2,0
2020/1/12 17:00,0,0,0,0,0,98,89.5,77.3,1.9,76,2.7,71.4,67.8,0
2020/1/12 18:00,0,0,0,0,0,96.9,87.9,76.6,2.2,75.6,3.1,72,69.1,0
2020/1/12 19:00,0,0,0,0,0,90.2,74.9,74.8,2.6,74.3,3.8,72.5,71.1,0
2020/1/12 20:00,0,0,0,0,0,71.9,49,76.7,2.7,76.1,3.9,73.8,72.1,0
2020/1/12 21:00,0,0,0,0,0,98.1,93,76.9,2.4,76.1,3.4,72.8,70.4,0
2020/1/12 22:00,0,0,0,0,0,98.3,94.3,77.1,2.2,76.3,3.2,73.1,70.6,0
2020/1/12 23:00,0,0,0,0,0,95.1,88.9,75.4,2.2,74.8,3.1,72.4,70.6,0
2020/1/13 0:00,0,0,0,0,0,99.3,94.3,74.6,2.1,73.8,3,70.7,68.2,0
2020/1/13 1:00,0,0,0,0,0,99.8,95.7,71.6,2.6,70.9,3.8,68.4,66.5,0
2020/1/13 2:00,0,0,0,0,0,99.9,98.1,70.9,2.7,70,3.9,67.1,64.8,0
2020/1/13 3:00,0,0,0,0,0,99.7,97.1,71.3,2.7,70.3,3.9,67.3,65,0
2020/1/13 4:00,0,0,0,0,0,97,92,71.1,2.4,70.4,3.5,67.6,65.5,0
2020/1/13 5:00,0,0,0,0,0,99.2,89.9,73.5,2.3,72.6,3.3,69.5,67.2,0
2020/1/13 6:00,0,0,0,0,0,100,77.8,74.5,2.4,72.8,3.5,66.7,62.5,0
2020/1/13 7:00,0,0,0,0,0,100,87.3,66,2.9,64.2,4.1,57.5,52.6,0
2020/1/13 8:00,0,0,0,0,0,100,96.3,62.1,2.9,60.7,4.2,55.9,52.3,0
2020/1/13 9:00,1.8,493.6,0,0.337,1.1,100,96.7,60.5,2.5,59.6,3.6,56.4,54,0.031212495
2020/1/13 10:00,25.5,50877.1,0,5.954,2.3,100,98.1,61.3,2,60.5,2.9,57.3,54.9,0.212224995
2020/1/13 11:00,41.5,124427.5,0,15.207,0,100,100,66.7,1.9,66,2.8,63.6,61.8,0.439662495
2020/1/13 12:00,40.4,153356.9,0,16.997,0,100,100,73.9,1.4,73.7,2,72.7,72.1,0.117212505
2020/1/13 13:00,22.9,117310.4,0,11.175,0.5,100,99.6,86.4,0.4,86,0.6,84.2,82.9,0.029975009999999996
2020/1/13 14:00,0,41090.4,0,3.768,0.5,100,99.7,91.4,2.1,91.2,3,90.3,89.6,0
2020/1/13 15:00,0,0,0,0,0,100,100,89.2,1.8,89.1,2.6,88.3,87.7,0
2020/1/13 16:00,0,0,0,0,0,100,99.1,88.3,1.5,86.9,2.1,82.9,79.8,0
2020/1/13 17:00,0,0,0,0,0,29,26.6,85.6,1.4,82.9,2,73.7,66.9,0
2020/1/13 18:00,0,0,0,0,0,10.6,9,80.2,1.3,78.4,1.8,72.2,68,0
2020/1/13 19:00,0,0,0,0,0,75.7,70.9,69.5,2.8,67.6,4,60.6,55.4,0
2020/1/13 20:00,0,0,0,0,0,4.1,2.4,71.1,3.2,69.1,4.7,61.9,56.4,0
2020/1/13 21:00,0,0,0,0,0,46.4,23.2,70.6,3.6,68.6,5.2,61.4,56.1,0
2020/1/13 22:00,0,0,0,0,0,98.1,49.4,68,3.8,66.4,5.4,60.7,56.6,0
2020/1/13 23:00,0,0,0,0,0,100,50,67,3.4,65.8,5,61.7,58.9,0
2020/1/14 0:00,0,0,0,0,0,100,50,67.9,3.2,67.1,4.6,64.4,62.6,0
2020/1/14 1:00,0,0,0,0,0,100,52.6,66.8,3.4,66.5,4.8,65.4,64.6,0
2020/1/14 2:00,0,0,0,0,0,100,53.2,68.3,2.7,67.9,3.9,66.5,65.6,0
2020/1/14 3:00,0,0,0,0,0,100,67,69.3,2.6,68.8,3.8,67,65.8,0
2020/1/14 4:00,0,0,0,0,0,100,98.6,67.1,3.4,66.7,4.8,65.3,64.4,0
2020/1/14 5:00,0,0,0,0,0,100,99.8,67.7,3.2,67.1,4.5,64.9,63.4,0
2020/1/14 6:00,0,0,0,0,0,100,100,65.8,2.6,64.9,3.7,61.8,59.6,0
2020/1/14 7:00,0,0,0,0,0,100,100,61.9,2.7,61,3.9,57.9,55.8,0
2020/1/14 8:00,0,0,0,0,0,100,100,59.5,3.6,58.9,5.2,56.8,55.5,0
2020/1/14 9:00,2.8,781.3,0.2,0.769,5.2,98,85.2,59.4,3.6,58.7,5.2,56.5,55.1,0.06952499999999999
2020/1/14 10:00,26.9,55019,8.4,14.7,52.7,40.1,26.2,61.2,3.2,60.3,4.6,57.5,55.6,0.24694999500000003
2020/1/14 11:00,43.5,130613.1,26.7,41.297,52,25.6,19.5,62.9,2.9,61.9,4.1,58.5,56.2,0.955399995
2020/1/14 12:00,42.5,160753.2,21.8,51.548,25.4,90.8,74.2,64.4,2.8,63.2,4,59.1,56.4,2.17583745
2020/1/14 13:00,24.5,124057.3,6.4,36.641,16.5,90.4,81.4,61.9,2.7,60.7,3.9,56.6,53.9,0.6279374999999999
2020/1/14 14:00,0,45811.9,0,12.459,0.2,100,99.8,64.7,2.7,63.8,3.8,60.6,58.4,0.03675
2020/1/14 15:00,0,0,0,0,0,100,100,67.8,2.2,66.8,3.1,63.1,60.6,0
2020/1/14 16:00,0,0,0,0,0,100,100,73.7,1.4,72.4,2.1,67.4,63.9,0
2020/1/14 17:00,0,0,0,0,0,98.5,98.2,79.6,1.3,77.8,1.9,71.6,67,0
2020/1/14 18:00,0,0,0,0,0,66.2,61.6,80.9,1.4,78.6,2,70.6,65,0
2020/1/14 19:00,0,0,0,0,0,94.3,86.7,76.2,2.2,73.9,3.1,65.7,59.8,0
2020/1/14 20:00,0,0,0,0,0,18.7,18.7,74.8,2.2,72.8,3.2,65.5,60.3,0
2020/1/14 21:00,0,0,0,0,0,0,0,76.4,2.2,74.5,3.1,67.5,62.5,0
2020/1/14 22:00,0,0,0,0,0,89.6,44.8,75.4,1.8,73.7,2.5,68.2,64.3,0
2020/1/14 23:00,0,0,0,0,0,94.6,48.7,69.9,1.7,68.6,2.5,64,60.7,0
2020/1/15 0:00,0,0,0,0,0,99.7,84.5,67.1,1.5,65.8,2.1,61.5,58.4,0
2020/1/15 1:00,0,0,0,0,0,100,100,63.7,2.2,63,3.1,60.3,58.4,0
2020/1/15 2:00,0,0,0,0,0,100,100,66.3,2.1,65.6,3,63.4,61.9,0
2020/1/15 3:00,0,0,0,0,0,100,100,70.7,2.1,70,3,67.5,65.7,0
2020/1/15 4:00,0,0,0,0,0,100,100,74.2,2.1,73.4,3,70.5,68.5,0
2020/1/15 5:00,0,0,0,0,0,99.1,91.9,79.1,1.5,77.9,2.2,73.5,70.7,0
2020/1/15 6:00,0,0,0,0,0,99.7,96.9,81.3,1.1,79.7,1.5,74.2,70.6,0
2020/1/15 7:00,0,0,0,0,0,100,99.7,79.3,1.1,79.1,1.5,78,77.1,0
2020/1/15 8:00,0,0,0,0,0,100,100,84.9,1.7,84.1,2.4,81,78.8,0.004307144999999985
2020/1/15 9:00,3.9,1083.8,0,0.431,0,100,100,87.9,1.5,87.6,2.2,86.5,85.6,0.299612505
2020/1/15 10:00,28.4,59426.1,0.5,4.915,1.6,99.5,98.6,89.8,1.3,89.2,1.9,87.2,85.6,1.671487485
2020/1/15 11:00,45.6,137241.9,1.6,15.474,3.8,98.8,96.2,89.2,1.6,88,2.3,83.3,79.7,2.5527
2020/1/15 12:00,44.6,168632.1,14.3,31.266,2.5,99.1,97.5,87.8,1.4,85.8,2,78.6,73.1,3.1835500499999996
2020/1/15 13:00,26.3,131261.8,16.1,37.831,51.9,33.9,23.8,82.6,1.9,79.5,2.7,68.4,60.4,1.59315
2020/1/15 14:00,1.2,51108.8,0.8,18.445,59.8,4.4,2.4,81,1.7,77.9,2.5,67.2,59.5,0.023487509999999986
2020/1/15 15:00,0,345.5,0,0.889,16,0,0,78.4,2,75.6,2.9,65.8,58.7,0
2020/1/15 16:00,0,0,0,0,0,0,0,76.2,2.3,73.7,3.3,65,58.7,0
2020/1/15 17:00,0,0,0,0,0,0,0,73.9,2.2,71.8,3.2,64.9,59.8,0
2020/1/15 18:00,0,0,0,0,0,0.1,0,71.9,2,70.3,2.9,64.8,60.8,0
2020/1/15 19:00,0,0,0,0,0,100,50,68.6,2.2,67.1,3.1,61.8,57.9,0
2020/1/15 20:00,0,0,0,0,0,95.3,47.8,69.1,1.9,67.9,2.7,63.8,60.7,0
2020/1/15 21:00,0,0,0,0,0,92.1,46,70.4,1.6,69.3,2.3,65.6,63,0
2020/1/15 22:00,0,0,0,0,0,95.6,47.8,70.8,1.5,69.6,2.1,65.7,63,0
2020/1/15 23:00,0,0,0,0,0,96.3,49.9,70.9,1.6,69.9,2.3,66.2,63.6,0
2020/1/16 0:00,0,0,0,0,0,98.9,50,71.9,1.4,71,2,67.8,65.6,0
2020/1/16 1:00,0,0,0,0,0,99.6,88.7,69.2,1.4,68.6,2,66.2,64.6,0
2020/1/16 2:00,0,0,0,0,0,99.9,94.9,69.8,1,69.3,1.5,67.2,65.9,0
2020/1/16 3:00,0,0,0,0,0,92.4,68.5,70.5,1.7,69.8,2.4,67.4,65.9,0
2020/1/16 4:00,0,0,0,0,0,99.3,84.8,71,1.1,70.1,1.6,66.7,64.5,0
2020/1/16 5:00,0,0,0,0,0,92.6,86,69.9,1.9,69.3,2.7,67.3,65.9,0
2020/1/16 6:00,0,0,0,0,0,92.4,83.5,72.2,2.5,71.3,3.5,68,65.5,0
2020/1/16 7:00,0,0,0,0,0,99,98.1,73.1,2.4,71.6,3.4,66.1,61.7,0
2020/1/16 8:00,0,0,0,0,0,83.2,80.7,77.6,2.5,76.3,3.6,71.1,66.9,0.033105
2020/1/16 9:00,5,1401,0.9,2.326,14.3,46.6,46.3,78.2,2.2,77.5,3.1,74.6,72,0.34197500999999997
2020/1/16 10:00,30,64112.9,10.4,17.073,36.3,62.1,62.1,79.6,1.9,78.6,2.7,74.8,71.4,0.339175005
2020/1/16 11:00,47.8,144331.9,13.7,34.4,26.9,75.8,74.5,79.5,1.8,78.3,2.6,73.4,69,0.219700005
2020/1/16 12:00,47,177007.9,7.5,33.244,19.4,80.1,80.1,78.9,1.9,77.9,2.7,73.5,69.7,0.031049999999999998
2020/1/16 13:00,28.1,138943.4,2.7,20.361,11,95.3,95.1,90.2,2.3,89,3.3,84.8,81.4,0.025387499999999983
2020/1/16 14:00,2.7,56717.1,0.2,7.594,23.9,88.8,86,88,2.4,87.3,3.5,84.4,81.6,0
2020/1/16 15:00,0,754.9,0,0.823,6.4,89.2,87.2,88.5,2.8,88.3,4,87.4,86.4,0
2020/1/16 16:00,0,0,0,0,0,92.3,91.6,91.2,2.5,91.2,3.6,90.9,90.6,0
2020/1/16 17:00,0,0,0,0,0,93.4,93.1,92.8,1.9,92.6,2.7,91.5,90.3,0
2020/1/16 18:00,0,0,0,0,0,66.6,64.6,93,1.6,92.8,2.3,91.3,89.6,0
2020/1/16 19:00,0,0,0,0,0,30.2,30.2,87.1,2.1,86.6,3,84.3,82.2,0
2020/1/16 20:00,0,0,0,0,0,75,41.3,89.9,1.8,89.2,2.6,85.9,82.8,0
2020/1/16 21:00,0,0,0,0,0,79.7,43.2,94.9,1.7,94.2,2.4,90.1,85.4,0
2020/1/16 22:00,0,0,0,0,0,55.4,29,95.4,1.7,94,2.4,87.9,81.3,0
2020/1/16 23:00,0,0,0,0,0,100,50.6,93.1,1.5,90.9,2.2,83.2,75.5,0
2020/1/17 0:00,0,0,0,0,0,100,50.3,84,1.6,82.5,2.2,75.9,69.4,0
2020/1/17 1:00,0,0,0,0,0,100,87.1,82.9,0.8,81.3,1.1,74.7,68.4,0
2020/1/17 2:00,0,0,0,0,0,100,99.5,81,1.2,79.2,1.7,72.4,66.6,0
2020/1/17 3:00,0,0,0,0,0,100,98.1,79,1.5,78,2.2,73.9,70.2,0
2020/1/17 4:00,0,0,0,0,0,100,99.1,79,2,78,2.8,74.1,70.7,0
2020/1/17 5:00,0,0,0,0,0,100,99.9,78.1,2.5,77.1,3.6,73.6,70.5,0
2020/1/17 6:00,0,0,0,0,0,100,99.9,78.2,2.2,77.3,3.2,73.9,71.2,0
2020/1/17 7:00,0,0,0,0,0,100,100,74.6,1.4,73.8,2.1,71,68.9,0
2020/1/17 8:00,0,0,0,0,0,100,100,73.5,1.4,72.8,2,70.4,68.6,0
2020/1/17 9:00,6.2,1732.8,0,1.144,0,100,100,81.5,1.4,79.9,2,74.7,71.2,0.0056749949999999995
2020/1/17 10:00,31.8,69096.9,0,5.148,0.2,100,99.9,83.1,1.3,81.6,1.8,76.4,72.7,0.107337495
2020/1/17 11:00,50.2,151900.9,1.2,15.24,22.9,99.8,89.1,77.3,1.2,76.4,1.7,73,70.2,0.2574375
2020/1/17 12:00,49.4,185893.8,1.3,27.632,30.7,99.7,85.4,76.5,1.2,75.5,1.7,71.7,68.8,0.224374995
2020/1/17 13:00,30,147120.3,0.1,25.04,3.8,100,97,76.6,1,75.1,1.5,69.7,65.6,0.07597499999999999
2020/1/17 14:00,4.2,62605.1,0,10.138,1.5,100,98.7,77.9,1.2,76.7,1.8,72,68.6,0
2020/1/17 15:00,0,1176.1,0,1.494,6.3,100,85.1,80.1,1.3,79.1,1.9,75.2,72.3,0
2020/1/17 16:00,0,0,0,0,0,100,73,82.7,1.4,81.7,2,77.9,75.1,0
2020/1/17 17:00,0,0,0,0,0,99.5,68.3,86.9,1.4,85.7,2.1,81.6,78.7,0
2020/1/17 18:00,0,0,0,0,0,99.4,62.3,94.6,1.7,92.7,2.5,86.4,82.2,0
2020/1/17 19:00,0,0,0,0,0,100,92,89.1,1.3,87.8,1.9,83.2,79.8,0
2020/1/17 20:00,0,0,0,0,0,100,97,90,1.3,88.6,1.8,83.7,80.1,0
2020/1/17 21:00,0,0,0,0,0,99.9,94.2,87.3,1,86.3,1.4,82.8,79.9,0
2020/1/17 22:00,0,0,0,0,0,99.7,80,95.6,1.3,93.7,1.8,86.7,81.8,0
2020/1/17 23:00,0,0,0,0,0,97.9,50.7,98.3,1.4,96.1,1.9,88.7,83.6,0
2020/1/18 0:00,0,0,0,0,0,92.3,48.3,92.6,0.8,91.4,1.1,86.7,83,0
2020/1/18 1:00,0,0,0,0,0,100,95.8,91,1.3,89.3,1.8,83.1,77.9,0
2020/1/18 2:00,0,0,0,0,0,99.9,98.4,89.4,0.8,87.7,1.1,81.6,76.8,0
2020/1/18 3:00,0,0,0,0,0,99.8,97.1,84.3,0.5,84,0.7,82.4,81,0
2020/1/18 4:00,0,0,0,0,0,99.2,81.9,87.4,1,86.5,1.4,83.1,80.4,0
2020/1/18 5:00,0,0,0,0,0,97.8,51.2,87.1,0.7,86.1,1.1,82.2,78.8,0
2020/1/18 6:00,0,0,0,0,0,97.7,55.6,92.3,1,90.2,1.5,82.8,76.8,0
2020/1/18 7:00,0,0,0,0,0,99.5,83.6,91.7,0.9,90,1.3,83.4,77.8,0
2020/1/18 8:00,0,0,0,0,0,100,95,90.3,0.9,88.1,1.3,80,73.3,0
2020/1/18 9:00,7.4,2211.1,0,2.104,2.2,99.9,96,88.6,0.6,86.8,0.9,80,74.1,0.163975005
2020/1/18 10:00,33.6,74397.6,0,8.454,5,99.9,95.9,89.1,0.9,86.8,1.3,78.2,70.5,0.7708749899999999
2020/1/18 11:00,52.7,159965.8,0,17.338,4.9,100,96.1,89.5,1.1,87.2,1.6,78,69.9,0.8507124899999999
2020/1/18 12:00,52.1,195302,0.1,23.982,2,100,98.5,89.7,1.3,87.8,1.8,79.9,72.6,0.6161250300000001
2020/1/18 13:00,32.1,155809.4,0.3,23.598,6.4,100,94.7,83.5,1,81.8,1.5,75.2,69.6,0.1067625
2020/1/18 14:00,5.7,68796.9,0.2,13.626,4.7,100,96.3,86.8,1.3,85.2,1.8,79.3,74.2,0.024400005
2020/1/18 15:00,0,1608.8,0,3.023,1.7,100,96.9,86.1,1.3,85.3,1.8,81.9,78.9,0
2020/1/18 16:00,0,0,0,0,0,100,97.3,88.4,1.4,87.7,2,84.7,82.2,0
2020/1/18 17:00,0,0,0,0,0,100,90.6,90,1.6,89.4,2.3,86.8,84.5,0
2020/1/18 18:00,0,0,0,0,0,98.2,72.7,90.8,1.8,90.2,2.6,87.4,85,0
2020/1/18 19:00,0,0,0,0,0,99.7,94.5,85.9,2.2,85.5,3.1,83.7,82.2,0
2020/1/18 20:00,0,0,0,0,0,99.6,98.4,84.6,2.4,84.6,3.5,84.2,83.8,0
2020/1/18 21:00,0,0,0,0,0,98.7,98.7,85.1,2.5,85.1,3.6,85.2,85.4,0
2020/1/18 22:00,0,0,0,0,0,82.8,82.8,87.5,2.6,87.5,3.7,87.4,87.5,0
2020/1/18 23:00,0,0,0,0,0,98.6,98,91.2,3.5,91.2,5.1,91.5,91.9,0
2020/1/19 0:00,0,0,0,0,0,99.9,99.9,92.7,3.3,92.9,4.7,93.8,94.6,0
2020/1/19 1:00,0,0,0,0,0,98.6,98.6,94.4,4.4,94.9,6.3,97.1,97.7,0
2020/1/19 2:00,0,0,0,0,0,99.7,99.7,95.3,5.1,94.9,7.3,93.6,93.3,0
2020/1/19 3:00,0,0,0,0,0,99.9,99.9,96.2,5.1,95.8,7.3,94.5,94,0
2020/1/19 4:00,0,0,0,0,0,100,100,96.6,5.1,96.3,7.3,95.4,95.1,0
2020/1/19 5:00,0,0,0,0,0,100,100,97.4,5,97.1,7.2,96.1,95.7,0
2020/1/19 6:00,0,0,0,0,0,100,100,98.4,4.8,98.2,6.9,97.5,97.2,0
2020/1/19 7:00,0,0,0,0,0,97.4,97.4,90.2,5.9,89.8,8.5,88.4,88,0
2020/1/19 8:00,0,0,0,0,0,62.1,62.1,87.7,5.3,87.2,7.6,85.5,85.1,0
2020/1/19 9:00,8.7,4191.7,2.3,3.904,16.8,49.9,49.9,81.8,4.4,81.2,6.3,79.1,78.1,0.047812499999999994
2020/1/19 10:00,35.6,80037.7,16.9,22.49,44.5,38.1,37.3,77.7,4,77,5.7,74.9,73.6,0.2871375
2020/1/19 11:00,55.4,168542.6,21.3,48.348,50.7,100,59.8,72.8,4.1,72.2,5.8,70.1,68.8,0.39387501
2020/1/19 12:00,54.8,205243.3,6.3,55.902,48.9,100,60,72.3,3.4,71.7,4.9,69.7,68.6,0.221612505
2020/1/19 13:00,34.4,165026.1,0.8,41.399,51.5,100,57.7,68.2,2.5,67.4,3.6,64.6,63,0.120287505
2020/1/19 14:00,7.3,75320.3,0.1,19.605,40.9,100,73.7,68.9,2.2,67.9,3.2,64.5,62.6,0
2020/1/19 15:00,0,2052.9,0,4.345,2.2,100,97.5,71.4,2.5,70.4,3.5,67,64.9,0
2020/1/19 16:00,0,0,0,0,0,100,98.7,74.9,2.3,73.9,3.3,70.7,68.8,0
2020/1/19 17:00,0,0,0,0,0,100,97.2,76.7,2,75.6,2.9,72.2,70.2,0
2020/1/19 18:00,0,0,0,0,0,100,99.1,76.7,2,75.7,2.9,72.3,70.4,0
2020/1/19 19:00,0,0,0,0,0,100,100,75,2.4,74.5,3.5,72.8,71.9,0
2020/1/19 20:00,0,0,0,0,0,100,100,74.3,2.7,73.7,3.8,71.7,70.5,0
2020/1/19 21:00,0,0,0,0,0,100,100,69.3,2.4,68.6,3.5,66.4,65.3,0
2020/1/19 22:00,0,0,0,0,0,100,100,71.3,1.9,70.6,2.8,68.3,67.3,0
2020/1/19 23:00,0,0,0,0,0,100,100,75.8,2,75.1,2.8,72.8,72.2,0
2020/1/20 0:00,0,0,0,0,0,100,100,82.8,2.7,82.1,3.9,79.6,78.6,0
2020/1/20 1:00,0,0,0,0,0,100,99.9,88,1.8,87.4,2.6,85.5,84,0
2020/1/20 2:00,0,0,0,0,0,100,100,87.7,1.8,87,2.6,84.5,82.7,0
2020/1/20 3:00,0,0,0,0,0,100,99.6,91.2,2.9,89.6,4.1,84.4,81.4,0
2020/1/20 4:00,0,0,0,0,0,100,99.7,86.1,3.8,85,5.5,81.6,79.9,0
2020/1/20 5:00,0,0,0,0,0,100,100,85.1,3.8,84.2,5.4,81,79.4,0
2020/1/20 6:00,0,0,0,0,0,100,100,87.2,3.6,86.2,5.2,82.9,81.3,0
2020/1/20 7:00,0,0,0,0,0,100,100,92.2,2.4,90.9,3.4,86.6,84.2,0
2020/1/20 8:00,0,0,0,0,0,100,100,93.1,1.9,91.8,2.7,87.4,85.1,0
2020/1/20 9:00,10.1,6251.4,0,0.908,0,100,100,92.7,2.5,91.5,3.6,87.6,85.6,0
2020/1/20 10:00,37.8,86041.8,0,5.565,0.6,100,99.9,93,2.2,92.1,3.2,88.9,87.1,0.03636248999999998
2020/1/20 11:00,58.2,177646.4,0.2,11.548,0.9,100,100,86.3,3.7,85.8,5.3,84.1,83.3,0.08405001
2020/1/20 12:00,57.8,215727.4,2.9,16.649,0.4,99.8,99.8,81.6,4.7,81.2,6.7,79.9,79.5,0.06242499
2020/1/20 13:00,36.7,174783.9,2.3,17.773,3.3,96.8,96,74.3,5.7,74,8.1,73.2,73.2,0.03675
2020/1/20 14:00,9,82206.1,1,11.168,20.6,65.9,65.9,72.4,6.7,72.2,9.6,71.8,72,0
2020/1/20 15:00,0,4432.2,0,3.153,0,100,100,74.4,6.9,74.3,9.8,74.1,74.5,0
2020/1/20 16:00,0,0,0,0,0,100,100,75.8,6.5,75.6,9.4,75.5,75.9,0
2020/1/20 17:00,0,0,0,0,0,100,100,80.4,6.8,80.4,9.7,80.2,80.3,0
2020/1/20 18:00,0,0,0,0,0,100,100,90.2,7,89.4,10.1,86.6,85,0
2020/1/20 19:00,0,0,0,0,0,100,100,91.3,6.6,90.6,9.4,88.1,86.6,0
2020/1/20 20:00,0,0,0,0,0,100,100,92,6,91.4,8.6,89.4,88.4,0
2020/1/20 21:00,0,0,0,0,0,100,100,91.4,5.6,90.7,8.1,88.4,87.3,0
2020/1/20 22:00,0,0,0,0,0,100,100,91.3,5.6,90.5,8.1,88.5,87.7,0
2020/1/20 23:00,0,0,0,0,0,100,100,90.9,4.9,90,7,87.1,85.7,0
2020/1/21 0:00,0,0,0,0,0,100,100,85.8,4.8,85.2,6.8,83.1,81.9,0
2020/1/21 1:00,0,0,0,0,0,100,93.3,91.5,4.2,91.1,6,89.8,89.3,0
2020/1/21 2:00,0,0,0,0,0,78.9,70.7,90.6,4.4,90.4,6.3,89.7,89.6,0
2020/1/21 3:00,0,0,0,0,0,84.3,81.5,83.1,5,82.6,7.2,80.9,80.1,0
2020/1/21 4:00,0,0,0,0,0,69.1,67.9,82.1,4.7,81.5,6.8,79.6,79.2,0
2020/1/21 5:00,0,0,0,0,0,97.6,92.7,81.1,5.1,80.7,7.3,79.4,79.3,0
2020/1/21 6:00,0,0,0,0,0,73,73,78.7,4.9,78.2,7,77,76.9,0
2020/1/21 7:00,0,0,0,0,0,85.2,85.2,73.6,4.5,73.2,6.5,72.2,72.6,0
2020/1/21 8:00,0,0,0,0,0,97.7,97.7,78.9,4.9,78.6,7,78.3,79.1,0
2020/1/21 9:00,11.4,8390.1,0.7,2.403,4.6,98.3,97.9,83.3,5.2,83.1,7.5,82.7,83.1,0.1322625
2020/1/21 10:00,40.1,92436.6,2.9,11.432,16.3,99.6,93.2,86.3,4.8,86.2,6.9,86,86.3,0.219
2020/1/21 11:00,61.2,187290.6,2.1,20.365,6.9,100,99,85.6,5.3,85.3,7.7,84.7,85.1,0.18384999
2020/1/21 12:00,60.8,226762.7,0.6,17.66,0.5,100,99.9,82.8,5.9,82.5,8.5,81.6,81.6,0.029950005
2020/1/21 13:00,39.3,185094.7,0,9.495,0,100,100,92.1,4.5,92,6.5,91.9,92,0.003574995
2020/1/21 14:00,10.6,89487.7,0,4.583,0,100,100,93.5,4.9,92.9,7,91.3,90.9,0
2020/1/21 15:00,0,7032.2,0,1.412,0,100,100,93.4,4.4,92.8,6.3,91,90,0
2020/1/21 16:00,0,0,0,0,0,100,100,94.4,4,94,5.8,92.8,92.2,0
2020/1/21 17:00,0,0,0,0,0,100,100,96.3,4.6,95.8,6.7,94.3,93.6,0
2020/1/21 18:00,0,0,0,0,0,100,100,91.4,5.5,91.1,7.9,90.3,90.1,0
2020/1/21 19:00,0,0,0,0,0,100,100,90.5,5.3,90.2,7.7,89.8,89.9,0
2020/1/21 20:00,0,0,0,0,0,100,100,88,6.1,87.7,8.8,86.9,86.9,0
2020/1/21 21:00,0,0,0,0,0,98.9,98.2,84.5,6,84.2,8.6,83.5,83.6,0
2020/1/21 22:00,0,0,0,0,0,76.7,76.7,87.4,5.9,87.1,8.4,86.8,87.6,0
2020/1/21 23:00,0,0,0,0,0,74.7,74.7,87.4,6,87.1,8.6,86.5,87,0
2020/1/22 0:00,0,0,0,0,0,63.2,63.2,80.6,5.8,80.3,8.4,79.2,79.6,0
2020/1/22 1:00,0,0,0,0,0,99.9,99.9,72.6,5,72.1,7.2,70.8,71.3,0
2020/1/22 2:00,0,0,0,0,0,98,98,82.4,6,82.2,8.6,81.4,82.5,0
2020/1/22 3:00,0,0,0,0,0,84.7,84.7,86.3,6.8,86.1,9.7,85.4,85.9,0
2020/1/22 4:00,0,0,0,0,0,94.2,94.2,87.5,6.3,87.3,9,86.6,87.3,0
2020/1/22 5:00,0,0,0,0,0,98.2,98.2,87.2,5.7,87,8.3,86.6,87.2,0
2020/1/22 6:00,0,0,0,0,0,99.3,99.3,86.7,5.2,86.6,7.4,86.4,86.9,0
2020/1/22 7:00,0,0,0,0,0,91.1,91.1,88.1,4.8,88.1,6.9,87.9,88.1,0
2020/1/22 8:00,0,0,0,0,0,97.7,97.7,87.6,4.7,87.5,6.7,87.4,87.4,0
2020/1/22 9:00,12.9,10608.1,0.4,2.11,2.4,99.1,99.1,87.5,4.5,87.5,6.5,87.5,87.5,0.0159375
2020/1/22 10:00,42.5,99250.4,2.3,9.426,6.9,96.6,96.6,86.9,4.2,87,6,87.3,87.5,0.21391249499999998
2020/1/22 11:00,64.3,197487.5,4.4,21.323,7.1,96.3,96.3,84.4,3.8,84.5,5.4,84.5,84.6,1.6460249999999998
2020/1/22 12:00,64,238355.9,9.1,33.633,12.7,91.2,91.2,75.7,3.7,75.4,5.4,74.6,74.1,3.096800025
2020/1/22 13:00,42,195968.1,9.1,35.773,15.2,83.8,83.8,75.5,3.8,75.5,5.5,75.3,75.3,0.26758749
2020/1/22 14:00,12.3,97199.3,2.3,21.294,25.9,80.3,76,76.3,3.4,76.2,4.8,76,75.9,0.004900005
2020/1/22 15:00,0,9692.9,0,5.147,3,97.5,96.3,76,2.9,75.8,4.1,75,74.5,0
2020/1/22 16:00,0,0,0,0,0,96.5,96.3,77.6,2.4,77.4,3.4,76.9,76.5,0
2020/1/22 17:00,0,0,0,0,0,98,96.9,79.9,2,79.5,2.8,78.4,77.7,0
2020/1/22 18:00,0,0,0,0,0,83.6,83.6,79.5,1.9,79,2.7,77.1,76,0
2020/1/22 19:00,0,0,0,0,0,96.5,96.5,84.2,1.9,83.5,2.8,81,79.6,0
2020/1/22 20:00,0,0,0,0,0,99.6,86,82.8,2.2,82.5,3.2,81.6,81.1,0
2020/1/22 21:00,0,0,0,0,0,100,100,81.5,2.4,81.3,3.4,80.5,80.1,0
2020/1/22 22:00,0,0,0,0,0,100,100,81.9,2.4,81.5,3.4,80.1,79.4,0
2020/1/22 23:00,0,0,0,0,0,100,100,78.6,2.4,78.2,3.5,77,76.3,0
2020/1/23 0:00,0,0,0,0,0,100,100,76.4,2.4,76.2,3.4,75.5,76.1,0
2020/1/23 1:00,0,0,0,0,0,100,100,79.3,2.4,79.2,3.4,78.8,79.5,0
2020/1/23 2:00,0,0,0,0,0,100,100,80.8,2,80.7,2.8,80.4,80.5,0
2020/1/23 3:00,0,0,0,0,0,100,100,87.3,1.6,87.2,2.3,86.7,86.1,0
2020/1/23 4:00,0,0,0,0,0,100,99.6,90.6,1.9,90.5,2.8,89.8,88.9,0
2020/1/23 5:00,0,0,0,0,0,100,99,89.5,1.8,89.4,2.6,88.7,87.8,0
2020/1/23 6:00,0,0,0,0,0,100,99.5,88.2,1.8,88.2,2.6,87.5,86.5,0
2020/1/23 7:00,0,0,0,0,0,100,99.3,83.1,2.1,82.9,3,82.1,81,0
2020/1/23 8:00,0,0,0,0,0,100,100,83.5,2.1,83,2.9,81.3,79.8,0
2020/1/23 9:00,14.4,12906.3,0,2.177,2.2,99.9,98.1,85.8,1.5,85.3,2.2,83.1,81.2,0.022324995
2020/1/23 10:00,45.1,106512.4,0.1,9.143,13.3,99.7,90.3,90.7,2.3,89.7,3.3,85.9,83.2,0.311112495
2020/1/23 11:00,67.6,208247.8,0.1,15.379,1.2,100,99.8,86.4,3.6,85.7,5.1,83.5,81.7,0.8388249899999999
2020/1/23 12:00,67.4,250512.5,0.1,21.076,11.1,100,98.2,82.8,4.6,82.4,6.5,81.1,79.9,1.3854875100000001
2020/1/23 13:00,44.8,207412,0,21.951,0.7,100,100,84.4,4.7,84.3,6.8,83.8,83.4,0.17315001
2020/1/23 14:00,14.1,105375.3,0,11.938,0.3,100,100,92.1,4.4,92,6.4,92.4,93.5,0.0015875099999999999
2020/1/23 15:00,0,12415.5,0,2.65,1.2,100,99.8,92.3,3.7,92.1,5.3,91.4,91.3,0
2020/1/23 16:00,0,0,0,0,0,100,100,93.3,3.4,93.2,4.8,92.8,93,0
2020/1/23 17:00,0,0,0,0,0,100,100,94,3.6,93.7,5.2,92.9,92.6,0
2020/1/23 18:00,0,0,0,0,0,100,100,94.1,3.2,93.8,4.6,92.8,92.5,0
2020/1/23 19:00,0,0,0,0,0,99.7,99.6,90,3.5,90,5,89.9,89.9,0
2020/1/23 20:00,0,0,0,0,0,99.8,99.8,95.6,3.1,95.2,4.5,93.8,93,0
2020/1/23 21:00,0,0,0,0,0,84.9,84.9,98.6,2.7,98.3,3.8,97.2,96.4,0
2020/1/23 22:00,0,0,0,0,0,100,100,97.4,2.6,97.2,3.7,96.6,96.2,0
2020/1/23 23:00,0,0,0,0,0,94.3,94,95,2.5,95,3.5,94.7,94.5,0
2020/1/24 0:00,0,0,0,0,0,99.8,99.8,93.8,3.1,93.5,4.4,92.4,91.8,0
2020/1/24 1:00,0,0,0,0,0,99.1,99.1,96.3,2.4,96,3.4,95.3,94.9,0
2020/1/24 2:00,0,0,0,0,0,98.3,98.3,92.2,2.8,92.2,4,92.2,92.3,0
2020/1/24 3:00,0,0,0,0,0,98.5,97.7,92.2,3.1,92.1,4.4,91.9,91.6,0
2020/1/24 4:00,0,0,0,0,0,97.7,97.7,91.9,3.2,91.8,4.6,91.5,91.3,0
2020/1/24 5:00,0,0,0,0,0,85.5,85.3,91.1,3.4,91,4.9,91,91,0
2020/1/24 6:00,0,0,0,0,0,88,87.7,89.1,3.4,89.1,4.9,88.8,88.6,0
2020/1/24 7:00,0,0,0,0,0,79.4,79.4,89.3,2.9,89,4.2,87.9,87,0
2020/1/24 8:00,0,0,0,0,0,99.4,98.8,86.6,3.1,86.1,4.5,84.5,83.2,0.0067033349999999995
2020/1/24 9:00,16,15489.7,2,4.742,18.4,80.4,80,84,3.7,83.7,5.3,82.7,82,0.01542501
2020/1/24 10:00,47.9,114251.8,5.5,17.429,6.4,96.1,96,83.1,4.1,82.9,5.8,82.4,82.1,0.09119999999999999
2020/1/24 11:00,71,219580.4,1.1,23.402,1,99.6,99.6,90.1,4.2,90,6.1,89.5,89.2,0.0702375
2020/1/24 12:00,71,263236.3,0.8,17.974,0,100,100,86.9,4.9,86.8,7,86.1,85.5,0.016537514999999985
2020/1/24 13:00,47.8,219432.3,1.5,14.407,3,99.1,98.9,90,4.1,89.9,5.9,89.6,89.5,0.0183375
2020/1/24 14:00,15.9,114049,0.7,10.708,11.9,94,93.8,85.4,4.6,85.4,6.6,85.6,85.8,0.0048000149999999995
2020/1/24 15:00,0,15377.9,0,3.559,9.7,87.5,87.5,83.6,5.2,83.7,7.5,84.1,84.5,0
2020/1/24 16:00,0,0,0,0,0,81.3,81.3,81.1,4.9,81.1,7.1,81,81.2,0
2020/1/24 17:00,0,0,0,0,0,64.1,60.7,82.5,4.8,82.5,6.9,82.6,82.9,0
2020/1/24 18:00,0,0,0,0,0,62.4,59.2,82.5,5.5,82.4,7.9,82.4,82.8,0
2020/1/24 19:00,0,0,0,0,0,99.9,85.5,80.7,4.8,80.8,6.9,81.3,82.1,0
2020/1/24 20:00,0,0,0,0,0,99.8,93.2,81.1,5,81.1,7.2,81.4,82.1,0
2020/1/24 21:00,0,0,0,0,0,100,87.4,79.8,5.3,79.9,7.6,80.3,81.1,0
2020/1/24 22:00,0,0,0,0,0,99.1,90.7,80.6,4.9,80.7,7,81.3,82.2,0
2020/1/24 23:00,0,0,0,0,0,99.9,95.8,77.6,5,77.7,7.2,78.2,79,0
2020/1/25 0:00,0,0,0,0,0,100,99.8,75.7,4.8,75.7,7,76,76.8,0
2020/1/25 1:00,0,0,0,0,0,99.8,93,80.5,3.5,80.5,5.1,81,81.8,0
2020/1/25 2:00,0,0,0,0,0,99.9,75,79.8,3.6,79.8,5.2,80.1,80.7,0
2020/1/25 3:00,0,0,0,0,0,100,86.7,77.7,3.1,77.5,4.4,77.2,77.4,0
2020/1/25 4:00,0,0,0,0,0,100,96.7,76.6,2.2,76.3,3.2,75.3,74.8,0
2020/1/25 5:00,0,0,0,0,0,100,98,77.1,1.8,76.7,2.6,75.2,74.2,0
2020/1/25 6:00,0,0,0,0,0,100,99.9,79.2,2,78.9,2.8,77.8,77.1,0
2020/1/25 7:00,0,0,0,0,0,100,100,82.4,1.9,82.3,2.7,82.1,82.2,0
2020/1/25 8:00,0,0,0,0,0,100,100,83.6,1.9,83.6,2.7,83.7,84,0
2020/1/25 9:00,17.7,18695.8,0,4.635,0,100,100,86,1.9,86,2.7,86,86,0
2020/1/25 10:00,50.8,122497.4,0,16.196,0,100,100,88.1,1.8,88.1,2.5,88,88,0.000875009999999985
2020/1/25 11:00,74.6,231492.9,0,24.428,0,100,100,88.4,1.8,88.3,2.6,87.8,87.4,0.00339999
2020/1/25 12:00,74.7,276530,0,21.873,0,100,100,88.5,1.7,88,2.4,86.3,84.8,4.9994999999985e-05
2020/1/25 13:00,51,232033,0,12.977,0.2,100,99.9,91.4,1.7,91,2.4,89.4,87.9,0.000100005
2020/1/25 14:00,17.9,123251.2,0,5.487,0,100,100,95.2,1.8,94.7,2.5,92.9,91.3,0.002937494999999985
2020/1/25 15:00,0,19103.8,0,1.516,0,100,100,95,1.3,94.4,1.9,92.1,90.1,0
2020/1/25 16:00,0,0,0,0,0,100,100,93.4,1,92.4,1.4,88.6,85.5,0
2020/1/25 17:00,0,0,0,0,0,100,99.9,91.5,1.1,90,1.5,84.3,79.9,0
2020/1/25 18:00,0,0,0,0,0,100,99.8,91.2,1.1,89.2,1.6,82.3,77.6,0
2020/1/25 19:00,0,0,0,0,0,100,99.9,89.9,1.4,87.7,2,80.2,74.9,0
2020/1/25 20:00,0,0,0,0,0,100,99.8,85.7,2.1,84.8,3,81.2,78.1,0
2020/1/25 21:00,0,0,0,0,0,100,98.7,83,2,82.4,2.9,79.8,77.5,0
2020/1/25 22:00,0,0,0,0,0,100,99.4,81.5,2.3,80.9,3.3,78.4,76.4,0
2020/1/25 23:00,0,0,0,0,0,100,98.4,80.2,2.6,79.7,3.8,77.7,76.1,0
2020/1/26 0:00,0,0,0,0,0,100,100,78.2,3.5,77.9,5,76.8,76.1,0
2020/1/26 1:00,0,0,0,0,0,100,99.8,84.2,2.8,83.4,4.1,80.7,78.9,0
2020/1/26 2:00,0,0,0,0,0,100,96,90.7,3,89.3,4.4,84.8,82,0
2020/1/26 3:00,0,0,0,0,0,100,99.4,91.4,2.5,90.2,3.6,86,83.4,0
2020/1/26 4:00,0,0,0,0,0,100,100,91.8,2.4,90.7,3.5,87.3,85.2,0
2020/1/26 5:00,0,0,0,0,0,100,100,92.9,2.2,92.1,3.1,89.1,87.3,0
2020/1/26 6:00,0,0,0,0,0,100,99.9,94,1.7,93.2,2.5,90.4,88.6,0
2020/1/26 7:00,0,0,0,0,0,100,100,94.6,1.1,93.6,1.6,90,87.5,0
2020/1/26 8:00,0,0,0,0,0,100,100,95.1,1,94,1.4,90.2,87.3,0.016387499999999985
2020/1/26 9:00,19.4,22017.7,0,2.151,0,100,100,95,0.9,93.9,1.2,89.7,86.3,0.18223750499999997
2020/1/26 10:00,53.8,131276.8,0,8.174,0,100,100,94.4,0.7,93.2,1,88.6,84.8,0.38596249499999996
2020/1/26 11:00,78.3,243990.9,0.5,17.549,1,100,99.5,91.9,0.6,90.9,0.8,86.7,83,0.464924985
2020/1/26 12:00,78.5,290394.5,0.5,24.525,2.8,100,98.4,93.2,0.4,92,0.5,87.2,83.1,0.58124997
2020/1/26 13:00,54.3,245215.9,0.1,23.982,0.6,100,99.9,92.2,1,91.6,1.5,88.9,86.5,0.28763749499999997
2020/1/26 14:00,19.9,133009.3,0.4,16.826,2.3,100,98.7,92.9,0.9,91.8,1.2,87.5,84,0.06201250499999998
2020/1/26 15:00,0,22926.3,0,5.843,0.9,100,99.2,94.2,0.8,92.7,1.2,86.8,81.8,0
2020/1/26 16:00,0,0,0,0,0,100,98.8,97,1,95.2,1.4,88.4,82.6,0
2020/1/26 17:00,0,0,0,0,0,100,93.1,99.1,1.2,97.1,1.7,89.5,83.3,0
2020/1/26 18:00,0,0,0,0,0,100,79.7,99.1,1.2,97.1,1.8,89.9,84.1,0
2020/1/26 19:00,0,0,0,0,0,100,99.6,99.1,0.9,97.3,1.2,90.7,85.3,0
2020/1/26 20:00,0,0,0,0,0,100,99.3,98.7,0.7,97.2,1,91.3,86.3,0
2020/1/26 21:00,0,0,0,0,0,100,99.8,97.4,0.6,96.1,0.9,90.8,86.4,0
2020/1/26 22:00,0,0,0,0,0,100,100,95.6,0.8,94.3,1.2,89.2,85.1,0
2020/1/26 23:00,0,0,0,0,0,100,100,95.3,1.5,94.1,2.2,89.5,85.7,0
2020/1/27 0:00,0,0,0,0,0,100,100,98,1.5,96.7,2.1,91.8,87.8,0
2020/1/27 1:00,0,0,0,0,0,99,71.3,95.1,1.2,93.9,1.7,89.1,85.3,0
2020/1/27 2:00,0,0,0,0,0,99.4,63.3,96,1.4,94.2,1.9,87.4,82.4,0
2020/1/27 3:00,0,0,0,0,0,98.6,53.9,95.6,1.5,93.8,2.2,87.2,82.3,0
2020/1/27 4:00,0,0,0,0,0,98.1,59.6,94.3,1.7,92.5,2.4,86.2,81.6,0
2020/1/27 5:00,0,0,0,0,0,94.2,48.4,95.1,1.6,93.3,2.4,87.1,82.6,0
2020/1/27 6:00,0,0,0,0,0,98.8,49.5,99.4,1.9,96.8,2.7,88.8,83.6,0
2020/1/27 7:00,0,0,0,0,0,98.3,54.5,93.9,1.6,92.3,2.3,87.2,83.5,0
2020/1/27 8:00,0,0,0,0,0,99.4,74.5,90.7,1.5,89.4,2.1,84.7,81.3,0.059387505
2020/1/27 9:00,21.3,25466.9,1.2,8.395,17.7,99.7,82.2,89,1.2,87.9,1.7,83.7,80.4,0.369837495
2020/1/27 10:00,57.1,140615.4,11.5,34.514,38.2,98.6,67.6,87.2,0.9,86.4,1.3,83.2,80.5,0.914087505
2020/1/27 11:00,82.3,257078.6,28,66.86,41.6,98.3,64.7,88.5,0.5,87.5,0.7,83.7,80.7,0.5426375099999999
2020/1/27 12:00,82.6,304829.4,16.9,73.043,42.8,99,66.1,90.8,0.1,89.7,0.1,85.4,81.9,0.422637495
2020/1/27 13:00,57.8,258981.4,2,46.635,1.2,100,99,92.4,0.6,91,0.9,85.7,81.3,0.52028751
2020/1/27 14:00,22,143346.5,0,18.988,1.4,100,98.9,91.7,0.4,90.4,0.5,85.7,81.9,0.170325015
2020/1/27 15:00,0,26862.8,0,4.655,2.3,100,97.8,95,1,93.4,1.5,87.4,83,0
2020/1/27 16:00,0,0,0,0,0,100,95.9,98.9,1.4,97,2,90.4,85.5,0
2020/1/27 17:00,0,0,0,0,0,100,97.9,99.8,1.8,97.9,2.6,90.9,85.7,0
2020/1/27 18:00,0,0,0,0,0,100,97.1,100,2,97.7,2.8,89.9,84.1,0
2020/1/27 19:00,0,0,0,0,0,100,99.6,97.6,1.7,95.8,2.4,89,83.8,0
2020/1/27 20:00,0,0,0,0,0,100,99.5,98.4,1.7,96.3,2.4,88.8,83.5,0
2020/1/27 21:00,0,0,0,0,0,100,99.2,97.9,1.8,95.8,2.6,88.5,83.6,0
2020/1/27 22:00,0,0,0,0,0,100,99.4,95.8,1.7,93.9,2.4,87,82.1,0
2020/1/27 23:00,0,0,0,0,0,97.6,76.7,96.1,1.4,94.1,2,87.2,82.4,0
2020/1/28 0:00,0,0,0,0,0,97.9,79.3,93.3,1.3,91.3,1.9,84.6,80.2,0
2020/1/28 1:00,0,0,0,0,0,99.9,97.1,84.5,1.3,83.5,1.9,79.5,76.4,0
2020/1/28 2:00,0,0,0,0,0,99.8,96.7,83.7,1,82.5,1.5,78.4,75.3,0
2020/1/28 3:00,0,0,0,0,0,99.3,91.6,86.8,1,85.3,1.4,80,76.5,0
2020/1/28 4:00,0,0,0,0,0,99.5,96.7,83.4,0.9,82.5,1.4,79.3,76.9,0
2020/1/28 5:00,0,0,0,0,0,99.8,97.7,85.9,0.8,84.8,1.1,80.7,77.7,0
2020/1/28 6:00,0,0,0,0,0,99.2,95.3,89.7,0.6,88.5,0.8,84.3,81.3,0
2020/1/28 7:00,0,0,0,0,0,99.9,98.9,89.7,0.5,88.4,0.7,83.7,80.2,0
2020/1/28 8:00,0,0,0,0,0,98.9,96.7,90.5,0.7,89.2,1.1,84.4,80.9,0.139375005
2020/1/28 9:00,23.3,29059.9,1.3,7.976,1.3,99.7,98.6,89.5,0.5,88.2,0.7,83.3,79.7,1.9061749799999999
2020/1/28 10:00,60.5,150536.3,6.9,28.622,2.6,99,97.4,89.8,0.6,88.8,0.8,85.1,82.3,3.93550005
2020/1/28 11:00,86.3,270758.2,26.3,58.961,14.3,87.6,82,88.8,0.5,87.8,0.7,84,80.9,5.40011235
2020/1/28 12:00,86.7,319833.2,46.1,85.345,52.9,18,15.9,85.7,0.9,84.7,1.3,80.9,77.8,4.43436255
2020/1/28 13:00,61.5,273328,44.8,87.168,59.5,63.7,32.2,83.3,0.9,81.8,1.3,76.1,71.6,2.1230625
2020/1/28 14:00,24.3,154281.8,17.8,57.799,59.4,47.5,24.2,81,1.1,79.6,1.6,74.4,70.5,0.441507675
2020/1/28 15:00,0,30937,0,17.661,54.9,25.5,12.9,84.6,1.4,82.3,2,74.5,69.1,0
2020/1/28 16:00,0,0,0,0,0,17.9,9.1,89.1,1.5,86.3,2.1,76.8,69.9,0
2020/1/28 17:00,0,0,0,0,0,96.6,48.4,92.7,1.6,90.1,2.3,80.7,73.8,0
2020/1/28 18:00,0,0,0,0,0,99.7,50,94.7,1.6,92.1,2.3,82.7,75.6,0
2020/1/28 19:00,0,0,0,0,0,98.7,49.4,97.6,1.5,94.7,2.1,84.4,76.5,0
2020/1/28 20:00,0,0,0,0,0,99.2,49.8,96.7,1.6,94.9,2.3,88.6,83.7,0
2020/1/28 21:00,0,0,0,0,0,100,53.6,94,1.8,92.7,2.6,87.8,84,0
2020/1/28 22:00,0,0,0,0,0,100,64.8,92.3,1.9,90.9,2.7,85.8,82,0
2020/1/28 23:00,0,0,0,0,0,99.7,73.8,91.3,2.3,90.1,3.3,85.6,82.1,0
2020/1/29 0:00,0,0,0,0,0,100,97.1,89.9,2.4,88.7,3.4,84.3,80.9,0
2020/1/29 1:00,0,0,0,0,0,100,99.2,91.9,2.5,90.7,3.6,86.4,83,0
2020/1/29 2:00,0,0,0,0,0,100,100,92,2.8,90.9,4,87,84.1,0
2020/1/29 3:00,0,0,0,0,0,100,100,92.6,3.1,91.4,4.4,87.3,84.2,0
2020/1/29 4:00,0,0,0,0,0,100,100,88.1,3.7,87,5.4,83.2,80.3,0
2020/1/29 5:00,0,0,0,0,0,100,99.2,86.4,3.8,85.3,5.5,81.3,78.3,0
2020/1/29 6:00,0,0,0,0,0,100,98.5,85.5,3.8,84.5,5.5,80.6,77.8,0
2020/1/29 7:00,0,0,0,0,0,100,96.8,82.5,3.8,81.6,5.5,78.4,75.9,0
2020/1/29 8:00,0,0,0,0,0,99.9,95.6,80.4,3.6,79.6,5.2,76.4,74.1,0.002686365
2020/1/29 9:00,25.5,32817.8,1.2,9.246,3.5,99.9,96.9,78.8,3.8,78.1,5.4,75.3,73.4,0.138199995
2020/1/29 10:00,64.1,161059.7,10,36.823,7.7,100,93.8,78.1,4,77.4,5.7,74.7,72.8,0.434749995
2020/1/29 11:00,90.6,285030.6,15.2,64.927,11.8,100,91.3,76.9,4.1,76.3,5.8,73.9,72.2,0.61058751
2020/1/29 12:00,91.1,335402.7,5,62.113,11,100,92.7,76.5,4,75.8,5.8,73.4,71.7,0.50003751
2020/1/29 13:00,65.3,288252.6,0,36.429,0.1,100,99.9,77,3.8,76.5,5.4,74.7,73.3,0.10028749499999999
2020/1/29 14:00,26.7,165829.5,0,17.955,0,100,100,78.3,3.5,77.8,5,76.3,75.3,0.00838749
2020/1/29 15:00,0,36651,0,6.29,0.1,100,99.9,81.4,2.9,80.8,4.1,78.6,77.1,0
2020/1/29 16:00,0,0,0,0,0,99.9,99.7,84.2,2.6,83.6,3.7,81.2,79.5,0
2020/1/29 17:00,0,0,0,0,0,99,99,86.2,2.6,85.4,3.7,82.6,80.6,0
2020/1/29 18:00,0,0,0,0,0,91.2,91.2,85.6,2.6,84.5,3.8,80.7,77.9,0
2020/1/29 19:00,0,0,0,0,0,99.5,99.5,79.2,2.6,78.5,3.8,76.2,74.5,0
2020/1/29 20:00,0,0,0,0,0,99.8,99.8,77.1,2.3,76.5,3.3,74.3,72.8,0
2020/1/29 21:00,0,0,0,0,0,99.6,99.6,79.1,2.1,78.4,3,75.8,74.1,0
2020/1/29 22:00,0,0,0,0,0,99.8,99.5,80.1,1.8,79.3,2.6,76.7,74.8,0
2020/1/29 23:00,0,0,0,0,0,99.1,96,82,1.8,81.1,2.6,77.9,75.6,0
2020/1/30 0:00,0,0,0,0,0,96.5,95.4,82.6,1.8,81.8,2.6,78.8,76.8,0
2020/1/30 1:00,0,0,0,0,0,99.6,96.1,85.6,2.1,84.6,3,81.1,78.6,0
2020/1/30 2:00,0,0,0,0,0,99.5,94.7,84,1.9,83.2,2.7,80.3,78.2,0
2020/1/30 3:00,0,0,0,0,0,99.9,99.1,84.4,1.4,83.5,2,80.3,78.1,0
2020/1/30 4:00,0,0,0,0,0,100,99.7,84.5,1.2,83.9,1.7,81.5,79.9,0
2020/1/30 5:00,0,0,0,0,0,100,99.8,84.9,1.1,84.5,1.6,82.9,81.9,0
2020/1/30 6:00,0,0,0,0,0,99.8,99.5,85.9,1,85.5,1.4,84,83.2,0
2020/1/30 7:00,0,0,0,0,0,97,97,88.6,0.9,87.9,1.3,85.4,83.7,0
2020/1/30 8:00,0,0,0,0,0,98.4,98.4,85.7,0.9,85,1.2,82.3,80.3,0.48197500499999996
2020/1/30 9:00,27.7,38919.1,0.3,7.624,2.4,97,97,84,0.7,83.6,0.9,82.1,80.9,2.9660500499999998
2020/1/30 10:00,67.8,172202.7,2.4,26.114,2.7,95.7,95.7,83,0.8,82.6,1.1,80.7,79.3,5.03179629
2020/1/30 11:00,95,299895.1,7.2,49.179,4.5,94.2,94.2,80.8,0.9,80.4,1.2,78.7,77.3,6.033949949999999
2020/1/30 12:00,95.5,351533.8,39.3,76.084,18,80.9,80.9,78.8,0.8,78.3,1.2,76.3,74.5,3.818026395
2020/1/30 13:00,69.3,303750.5,50.1,88.925,40.2,37.4,37.4,77.8,1.1,77.2,1.6,74.9,72.9,1.213849995
2020/1/30 14:00,29.3,177999.6,17.8,63.333,42.9,65.5,48.9,78.1,1.2,77.4,1.7,74.7,72.8,0
2020/1/30 15:00,0,43599.9,0,19.802,56.7,97,51.3,81.3,1.4,80,1.9,75.7,72.6,0
2020/1/30 16:00,0,0,0,0,1,98.6,49.3,85.5,1.7,84,2.4,78.4,74.5,0
2020/1/30 17:00,0,0,0,0,0,98.4,49.2,85.8,1.7,84.5,2.4,79.8,76.4,0
2020/1/30 18:00,0,0,0,0,0,85,42.5,82.4,1.7,81.6,2.5,78.6,76.5,0
2020/1/30 19:00,0,0,0,0,0,96.1,48.1,80.1,1.9,79.6,2.8,77.7,76.3,0
2020/1/30 20:00,0,0,0,0,0,99.8,50.4,78.9,2.2,78.2,3.2,75.9,74.2,0
2020/1/30 21:00,0,0,0,0,0,100,52.8,76.8,2.4,76.1,3.4,73.6,71.9,0
2020/1/30 22:00,0,0,0,0,0,100,60.4,73.9,2.5,73.3,3.6,71.2,69.8,0
2020/1/30 23:00,0,0,0,0,0,76.2,56.9,73.6,2.7,73.1,3.9,71.2,70,0
2020/1/31 0:00,0,0,0,0,0,52,45.6,73.2,2.8,72.7,4,71.1,70,0
2020/1/31 1:00,0,0,0,0,0,98.2,82.7,72.3,2.8,71.9,4,70.2,69,0
2020/1/31 2:00,0,0,0,0,0,84.4,75,72.4,2.9,71.9,4.2,69.9,68.7,0
2020/1/31 3:00,0,0,0,0,0,12.7,11.5,74.4,3,73.8,4.3,71.4,69.8,0
2020/1/31 4:00,0,0,0,0,0,2.3,1.3,74.6,3,73.8,4.3,71.3,69.6,0
2020/1/31 5:00,0,0,0,0,0,0.4,0.4,73.8,2.9,73.1,4.2,70.6,68.9,0
2020/1/31 6:00,0,0,0,0,0,84.5,42.5,71.1,2.8,70.4,4,67.9,66.2,0
2020/1/31 7:00,0,0,0,0,0,96.6,51.6,66.8,2.9,66.2,4.2,64,62.5,0
2020/1/31 8:00,0,0,0,0,0.9,96.5,51.4,63.7,3.3,63.2,4.7,61.5,60.4,0
2020/1/31 9:00,30.2,45380.9,2.4,14.113,28,100,76.6,62.7,3.6,62.2,5.1,60.5,59.4,0
2020/1/31 10:00,71.8,183979.4,2.5,39.988,4.8,100,96,61.8,3.8,61.4,5.4,59.8,58.8,0
2020/1/31 11:00,99.5,315349.4,0.4,43.029,0,100,100,68.8,3.7,68.5,5.3,67.4,66.8,0
2020/1/31 12:00,100.2,368220.9,0,29.436,4.4,100,96.3,63.1,3.6,62.4,5.1,60,58.3,0
2020/1/31 13:00,73.5,319815.7,0,25.616,0.9,100,99.3,61.5,3,60.9,4.3,58.6,57.1,0
2020/1/31 14:00,32,190797.7,0.1,20.755,2.8,99.9,98,60.1,2.9,59.4,4.2,57,55.3,0
2020/1/31 15:00,0,50816,0,7.421,3,99.9,98.2,62.6,2.8,61.8,4,59,57,0
2020/1/31 16:00,0,0,0,0,0.2,98.9,97.4,66,2.7,65.1,3.8,62.1,60,0
2020/1/31 17:00,0,0,0,0,0,99.8,98.7,69,2.5,68,3.5,64.2,61.6,0
2020/1/31 18:00,0,0,0,0,0,96.8,94.3,72.1,2.3,70.8,3.2,66.2,62.9,0
2020/1/31 19:00,0,0,0,0,0,99.3,98.5,70.4,2.3,69.3,3.3,65.2,62.4,0
2020/1/31 20:00,0,0,0,0,0,96.5,96.4,73.4,2.1,72.4,3,68.7,66,0
2020/1/31 21:00,0,0,0,0,0,93,93,75.7,1.9,74.5,2.8,70.4,67.5,0
2020/1/31 22:00,0,0,0,0,0,98.9,98.5,77.7,1.7,76.4,2.5,71.7,68.4,0
2020/1/31 23:00,0,0,0,0,0,99.7,98.7,76.4,1.7,75.5,2.4,72,69.5,0
2020/2/1 0:00,0,0,0,0,0,99.9,99.4,74.7,1.8,73.8,2.6,70.4,68,0
2020/2/1 1:00,0,0,0,0,0,100,99.6,76.4,1.9,75.2,2.7,71.1,68.1,0
2020/2/1 2:00,0,0,0,0,0,100,100,71.4,1.9,70.7,2.8,68,66.1,0
2020/2/1 3:00,0,0,0,0,0,100,100,71.8,1.6,71.1,2.4,68.7,67.1,0
2020/2/1 4:00,0,0,0,0,0,100,97.5,77.3,1.9,76.7,2.8,74.7,73.4,0
2020/2/1 5:00,0,0,0,0,0,100,100,86.1,0.4,85.1,0.6,81.9,79.7,0
2020/2/1 6:00,0,0,0,0,0,99.9,99.8,84.1,0.8,83.2,1.1,79.9,77.6,0
2020/2/1 7:00,0,0,0,0,0,100,100,93.5,0.9,92.3,1.3,88.1,85.1,0
2020/2/1 8:00,0,0,0,0,0,100,100,90.9,1.7,90.6,2.5,89.7,89,0
2020/2/1 9:00,32.8,52144.7,0.1,4.354,0,100,100,91,2,91.2,2.9,91.7,92,0
2020/2/1 10:00,75.9,196400.2,0.3,15.553,2.4,100,99.9,90.2,1.7,90.3,2.4,90.3,90.4,0
2020/2/1 11:00,104.2,331389.7,0.1,27.55,0.6,100,99.8,86,1.6,85.6,2.3,84.3,83.4,0
2020/2/1 12:00,105,385457.6,0.3,32.209,1.8,98,97.6,81.4,1.6,80.6,2.4,77.8,75.6,0
2020/2/1 13:00,77.8,336440.8,0.4,28.23,0,100,100,82.4,1.6,82.2,2.3,81.2,80.5,0
2020/2/1 14:00,34.9,204225.7,0.1,19.634,0,100,100,81.7,1.5,81.1,2.2,78.9,77.4,0
2020/2/1 15:00,0,58331.8,0,7.263,0,100,100,81.6,1.8,80.9,2.5,78.4,76.7,0
2020/2/1 16:00,0,0,0,0,0.3,97.3,96.7,82.5,1.9,81.9,2.8,79.6,78,0
2020/2/1 17:00,0,0,0,0,0,65.2,60.7,83.6,2.4,82.9,3.4,80.4,78.5,0
2020/2/1 18:00,0,0,0,0,0,57.3,57.3,87.1,2.5,86.2,3.5,83,80.8,0
2020/2/1 19:00,0,0,0,0,0,94.1,93.8,84.5,2.7,83.7,3.8,80.8,78.7,0
2020/2/1 20:00,0,0,0,0,0,94.6,93.6,81.2,2.8,80.9,4.1,79.8,79.1,0
2020/2/1 21:00,0,0,0,0,0,80.4,78.1,82.7,2.9,82.6,4.1,82.1,81.8,0
2020/2/1 22:00,0,0,0,0,0,90.6,90.2,87.4,3.3,87.5,4.8,88,88.3,0
2020/2/1 23:00,0,0,0,0,0,99,98.9,88.6,3.8,88.8,5.4,89.5,90.1,0
2020/2/2 0:00,0,0,0,0,0,99.9,99.9,86.2,4.3,86.2,6.2,86.1,86.1,0
2020/2/2 1:00,0,0,0,0,0,92.9,89.4,76.2,4.2,75.8,6,74.2,73.2,0
2020/2/2 2:00,0,0,0,0,0,97.4,97.4,79.7,4.4,79.6,6.3,79.4,79.4,0
2020/2/2 3:00,0,0,0,0,0,99.6,99.6,90.3,4.5,90.4,6.5,91,91.5,0
2020/2/2 4:00,0,0,0,0,0,100,99.9,93.1,4.3,93.3,6.1,93.9,94.4,0
2020/2/2 5:00,0,0,0,0,0,100,99.9,95.7,4,95.5,5.7,95,94.9,0
2020/2/2 6:00,0,0,0,0,0,100,99.8,94.6,3.9,94.3,5.6,93.2,92.6,0
2020/2/2 7:00,0,0,0,0,0,99.9,98.8,97.2,3.7,96.9,5.3,95.9,95.3,0
2020/2/2 8:00,0,0,0,0,0.3,100,99.7,94.8,4,94.3,5.7,92.5,91.3,0
2020/2/2 9:00,35.6,59240.2,0.1,4.235,3.7,100,99.3,92.3,4.6,92,6.6,91.2,90.7,0
2020/2/2 10:00,80.1,209472.9,0.2,13.766,3,99.9,99.1,92.1,4.2,92.1,6.1,92,92.1,0
2020/2/2 11:00,109.1,348011.1,0.5,23.562,7.1,99.8,97.6,89.5,4.3,89.7,6.2,90.5,91.1,0
2020/2/2 12:00,109.9,403236.3,0.9,29.516,8.7,99.9,98.5,94.3,3.7,94.3,5.3,94.7,95.2,0
2020/2/2 13:00,82.3,353617.5,0.8,27.43,3.8,99.9,99.5,97.5,3.4,97.7,5,98.2,98.6,0
2020/2/2 14:00,38,218282,0.3,17.313,0.4,100,100,99.1,3.5,99.1,5.1,99.2,99.4,0
2020/2/2 15:00,0,66190.6,0,5.371,0.5,100,99.9,98.6,3.7,98.5,5.3,98.4,98.3,0
2020/2/2 16:00,0,11.9,0,0.003,0.6,99.8,98.9,98.4,3.4,98.3,4.9,97.8,97.5,0
2020/2/2 17:00,0,0,0,0,0,99.7,98.7,96.5,2.9,96.6,4.2,96.9,97.3,0
2020/2/2 18:00,0,0,0,0,0,98.5,96.9,98.4,2.9,98.6,4.1,99.2,99.8,0
2020/2/2 19:00,0,0,0,0,0,99.6,98.8,96.8,3.1,96.8,4.4,96.9,97,0
2020/2/2 20:00,0,0,0,0,0,99.7,99.2,95,2.4,95.1,3.5,95.9,96.7,0
2020/2/2 21:00,0,0,0,0,0,99.1,97.9,90.8,2,91,2.9,91.7,92.5,0
2020/2/2 22:00,0,0,0,0,0,99.4,99,90.7,2.3,90.8,3.3,91.3,91.9,0
2020/2/2 23:00,0,0,0,0,0,96.1,95.6,91.8,2.3,91.8,3.3,92,92.5,0
2020/2/3 0:00,0,0,0,0,0,85.1,81.1,94.3,1.7,94.3,2.4,94.7,95.3,0
2020/2/3 1:00,0,0,0,0,0,74.4,74.4,92.9,1.8,93.1,2.6,93.9,94.7,0
2020/2/3 2:00,0,0,0,0,0,85.9,85.9,91.9,1.8,91.7,2.5,91.3,91,0
2020/2/3 3:00,0,0,0,0,0,72.4,72.4,92.6,1.6,92.5,2.4,92.2,92,0
2020/2/3 4:00,0,0,0,0,0,58.6,58.6,93.9,1.5,93.7,2.1,92.7,92,0
2020/2/3 5:00,0,0,0,0,0,60.5,60.5,95.2,1.2,94.7,1.7,93,91.6,0
2020/2/3 6:00,0,0,0,0,0,44.7,44.7,97,1.1,96.5,1.5,94.5,92.7,0
2020/2/3 7:00,0,0,0,0,0,39.8,39.8,94.2,1.4,93.9,2,92.2,90.8,0
2020/2/3 8:00,0,0,0,0,8.4,19.1,19.1,92.1,1.3,91.6,1.8,89.6,87.9,0
2020/2/3 9:00,38.6,66697.5,27.4,24.56,56,6.7,6.7,91.2,1.3,90.8,1.8,89.1,87.4,0
2020/2/3 10:00,84.6,223201.8,69.8,77.628,58.8,53.9,27.9,89.1,1.2,88.8,1.7,87.4,85.9,0
2020/2/3 11:00,114.1,365207.2,94.5,121.605,59.7,88.7,44.6,87.6,1,87.3,1.4,85.7,84,0
2020/2/3 12:00,115,421548.5,52.2,122.28,59.7,92.7,46.6,86.6,0.9,86.1,1.3,84,82,0
2020/2/3 13:00,87,371335.9,10.3,85.528,9.1,99.3,92.1,85,1.1,84.6,1.5,83,81.5,0
2020/2/3 14:00,41.3,232961.8,6.6,51.353,29.4,99,75,85.9,1.1,84.9,1.6,80.9,77.4,0
2020/2/3 15:00,2.1,74978.2,0.3,20.945,59.6,97.1,48.8,86.2,1.7,84.9,2.4,79.9,75.8,0
2020/2/3 16:00,0,589.1,0,1.376,14,95.9,47.9,90.4,2.1,88.7,3,82.2,77,0
2020/2/3 17:00,0,0,0,0,0,96.8,48.5,93.5,2,91.2,2.8,82.6,75.5,0
2020/2/3 18:00,0,0,0,0,0,96.1,50.1,94.4,1.8,92.2,2.6,84.1,77.4,0
2020/2/3 19:00,0,0,0,0,0,98.6,49.9,92.6,1.9,91.1,2.7,85.2,80.6,0
2020/2/3 20:00,0,0,0,0,0,97.6,60.5,92.1,2,90.7,2.9,85.3,81,0
2020/2/3 21:00,0,0,0,0,0,98.6,75.2,91.5,2.3,90,3.3,84.5,80.2,0
2020/2/3 22:00,0,0,0,0,0,99.2,81.1,90.7,2.3,89.1,3.4,83.4,78.9,0
2020/2/3 23:00,0,0,0,0,0,99.6,90.7,88.8,2.4,87.2,3.5,81.4,77,0
2020/2/4 0:00,0,0,0,0,0,98.1,93.8,87.2,2.6,85.7,3.7,80.3,76.2,0
2020/2/4 1:00,0,0,0,0,0,73.2,64.3,85.3,2.3,83.8,3.3,78.5,74.8,0
2020/2/4 2:00,0,0,0,0,0,88.3,80.7,86,2.2,84.6,3.1,79.6,76,0
2020/2/4 3:00,0,0,0,0,0,56.4,40.2,84.7,1.6,84,2.3,81.2,79.1,0
2020/2/4 4:00,0,0,0,0,0,76.2,66,83.4,0.9,83,1.3,81.6,80.3,0
2020/2/4 5:00,0,0,0,0,0,95.2,87.7,89.6,0.7,89,1,86.3,83.9,0
2020/2/4 6:00,0,0,0,0,0,95.2,91.4,88.5,1.2,88.1,1.7,86.5,85.2,0
2020/2/4 7:00,0,0,0,0,0,94.5,90.5,89.5,1.8,89.2,2.5,87.6,86.5,0
2020/2/4 8:00,1.8,508.2,0.1,0.555,3.7,94.5,90.2,86.7,1.9,86.3,2.8,84.4,82.8,0
2020/2/4 9:00,41.8,75056.6,6.4,16.793,6.5,94.9,94.4,84.1,1.9,83.6,2.8,81.9,80.5,0
2020/2/4 10:00,89.2,237588.5,15.8,45.988,15.6,77.6,77.6,80,2.1,79.6,3,78.2,76.9,0
2020/2/4 11:00,119.3,382970.5,33.8,73.222,18.2,75.7,75.7,75.4,2,75.1,2.9,74,73.1,0
2020/2/4 12:00,120.2,440384.8,26.6,84.67,21.5,91.4,88,70.4,2,70.1,2.9,68.8,68.2,0
2020/2/4 13:00,91.8,389585.6,8.3,68.126,18.3,94.3,92.2,77.8,2.8,77.6,4,77.5,77.9,0
2020/2/4 14:00,44.8,248257.7,7.5,43.413,28.7,82,77.9,79.7,3.2,79.7,4.6,79.9,80.7,0
2020/2/4 15:00,4.2,84172.8,0.6,18.705,22.3,87,85.3,82.5,3.7,82.5,5.4,82.9,84,0
2020/2/4 16:00,0,1173.1,0,2.221,9,71.8,71.3,85,4.3,84.9,6.2,84.8,85.5,0
2020/2/4 17:00,0,0,0,0,0,78.8,74.5,85.1,3.5,85.1,5.1,85.5,86.5,0
2020/2/4 18:00,0,0,0,0,0,73.2,72.9,82.2,3.3,82,4.7,81.6,81.7,0
2020/2/4 19:00,0,0,0,0,0,86.2,79.3,76.4,3.8,76,5.4,75.2,75.1,0
2020/2/4 20:00,0,0,0,0,0,77.2,72,79.3,3.8,78.8,5.5,77.8,77.9,0
2020/2/4 21:00,0,0,0,0,0,91.5,82,83.9,3.8,83.5,5.4,82.9,83.3,0
2020/2/4 22:00,0,0,0,0,0,95.3,92.9,89.3,3.7,89,5.4,88.6,89.1,0
2020/2/4 23:00,0,0,0,0,0,99.9,99.7,88.8,3.9,88.4,5.5,88,88.6,0
2020/2/5 0:00,0,0,0,0,0,99.8,99.8,88,4,87.8,5.8,87.7,88.5,0
2020/2/5 1:00,0,0,0,0,0,100,99.9,83.3,3.4,83,4.9,82.6,83.4,0
2020/2/5 2:00,0,0,0,0,0,100,100,88.7,3,88.5,4.4,88.5,88.9,0
2020/2/5 3:00,0,0,0,0,0,100,100,92,3,91.9,4.3,91.8,92,0
2020/2/5 4:00,0,0,0,0,0,100,100,91.9,3.5,91.8,5,91.6,91.6,0
2020/2/5 5:00,0,0,0,0,0,100,100,90.8,4,90.7,5.7,90.3,90.1,0
2020/2/5 6:00,0,0,0,0,0,100,100,87.1,4.6,87,6.6,86.7,86.8,0
2020/2/5 7:00,0,0,0,0,0,100,100,95.5,3.5,95.2,5,93.9,93.2,0
2020/2/5 8:00,3.8,1064.2,0,0.265,0,100,100,96.7,3.5,96.2,5,94.6,93.5,0
2020/2/5 9:00,45.2,83893.3,0,3.464,0,100,100,96.7,3.5,96.2,5.1,94.4,93.2,0
2020/2/5 10:00,94,252631.9,0,9.683,0,100,100,96.1,3.6,95.6,5.1,93.8,92.6,0
2020/2/5 11:00,124.6,401292.6,0,14.927,0,100,100,94.9,4.6,94.3,6.5,92.3,91.2,0
2020/2/5 12:00,125.6,459734.8,0,14.596,0,100,100,94.7,5,94.3,7.2,93.2,92.8,0
2020/2/5 13:00,96.7,408355.2,0,9.972,0,100,100,97.6,4.6,97.3,6.6,96.5,96,0
2020/2/5 14:00,48.5,264160,0,5.875,0,100,100,94.9,4.8,94.8,6.9,94.9,95.4,0
2020/2/5 15:00,6.3,93815.7,0,2.424,0,100,100,95.4,3.3,95.6,4.8,95.8,96.3,0
2020/2/5 16:00,0,1763.6,0,0.367,0,100,100,99.5,2.4,99.2,3.5,98.2,97.1,0
2020/2/5 17:00,0,0,0,0,0,100,100,98.2,2.2,98,3.1,97.4,96.7,0
2020/2/5 18:00,0,0,0,0,0,100,100,98.1,1.8,98,2.6,97.4,96.8,0
2020/2/5 19:00,0,0,0,0,0,100,100,99.4,1.7,99.2,2.5,98.3,97.3,0
2020/2/5 20:00,0,0,0,0,0,100,100,99.6,1.1,99.5,1.6,98.6,97.7,0
2020/2/5 21:00,0,0,0,0,0,100,100,99.2,0.9,99.1,1.2,98.6,97.9,0
2020/2/5 22:00,0,0,0,0,0,100,100,98.8,0.7,98.7,1.1,98.1,97.4,0
2020/2/5 23:00,0,0,0,0,0,100,100,98.3,0.5,98.3,0.7,98,97.6,0
2020/2/6 0:00,0,0,0,0,0,100,100,98.2,0.6,98.1,0.9,97.7,97.3,0
2020/2/6 1:00,0,0,0,0,0,100,100,95.3,0.6,95.3,0.8,95.5,95.6,0
2020/2/6 2:00,0,0,0,0,0,100,100,94.9,0.9,95,1.3,95.5,95.8,0
2020/2/6 3:00,0,0,0,0,0,100,100,95.6,0.8,95.6,1.1,95.7,95.8,0
2020/2/6 4:00,0,0,0,0,0,100,100,96.1,1,96.1,1.4,96.3,96.6,0
2020/2/6 5:00,0,0,0,0,0,100,100,96.5,1.1,96.4,1.5,96.3,96.2,0
2020/2/6 6:00,0,0,0,0,0,100,100,96,1.4,96,2,95.8,95.6,0
2020/2/6 7:00,0,0,0,0,0,100,100,96.1,1.3,96.2,1.8,96.3,96.1,0
2020/2/6 8:00,5.8,1631.2,0,0.419,0,100,100,96.3,1.2,96.3,1.7,96.1,95.6,0
2020/2/6 9:00,48.8,93212.8,0,4.112,0,100,100,96.4,1.5,96.5,2.1,96.9,96.8,0
2020/2/6 10:00,98.9,268328.6,0,10.498,0,100,100,96.3,1.8,96.4,2.6,96.7,97.1,0
2020/2/6 11:00,130,420163.7,0,15.516,0,100,100,95.1,1.8,95.2,2.7,95.5,95.9,0
2020/2/6 12:00,131.1,479587.8,0,17.47,0,100,100,94,1.7,94,2.4,94.2,94.6,0
2020/2/6 13:00,101.9,427632.4,0,15.719,0,100,100,95.4,1.7,95.4,2.4,95.7,95.8,0
2020/2/6 14:00,52.3,280656.9,0,11.049,0,100,100,95.4,1.2,95.4,1.7,95.5,95.6,0
2020/2/6 15:00,8.4,103950.7,0,5.26,0,100,100,95.9,0.9,95.9,1.2,96,95.9,0
2020/2/6 16:00,0,2360.5,0,1.17,0,100,100,95.7,0.7,95.9,1,96.8,97.4,0
2020/2/6 17:00,0,0,0,0,0,100,100,97.7,1,97.8,1.4,98.1,98.5,0
2020/2/6 18:00,0,0,0,0,0,100,100,100,1,99.5,1.4,97.5,96.8,0
2020/2/6 19:00,0,0,0,0,0,100,100,99.3,0.9,98.3,1.3,95,93.6,0
2020/2/6 20:00,0,0,0,0,0,99.9,99.9,96.6,0.8,95.6,1.2,92.4,91.1,0
2020/2/6 21:00,0,0,0,0,0,99.9,99.9,96.5,1.2,95.5,1.7,92.1,90.6,0
2020/2/6 22:00,0,0,0,0,0,99.2,99.1,96.5,1.4,95.4,2,91.8,90.2,0
2020/2/6 23:00,0,0,0,0,0,98.6,98.4,95.1,1,93.9,1.5,90,88.1,0
2020/2/7 0:00,0,0,0,0,0,99.2,99.2,94.7,1,93.4,1.5,89.1,87.2,0
2020/2/7 1:00,0,0,0,0,0,99.2,99.1,97.1,1.6,95.7,2.2,90.9,88.5,0
2020/2/7 2:00,0,0,0,0,0,100,100,94.4,1.4,93.2,2,88.9,87,0
2020/2/7 3:00,0,0,0,0,0,99.5,99.3,93,1.4,91.9,2,87.9,86.3,0
2020/2/7 4:00,0,0,0,0,0,100,100,91.6,1.2,90.4,1.7,86.7,85.2,0
2020/2/7 5:00,0,0,0,0,0,99.9,99.4,91.6,1.2,90.5,1.7,87,85.6,0
2020/2/7 6:00,0,0,0,0,0,99.5,99.4,93.2,1.1,92.2,1.5,88.7,87.5,0
2020/2/7 7:00,0,0,0,0,0,100,99.9,91.9,1.4,90.7,2.1,86.6,85,0
2020/2/7 8:00,7.9,2208.8,0.1,1.966,0.5,99.6,99.2,91.1,1.4,89.9,2,85.7,84,0
2020/2/7 9:00,52.6,103060.4,2.9,14.877,7.5,99.3,94,89.7,1.3,88.5,1.8,84.8,83.1,0
2020/2/7 10:00,104,284672.7,16.7,44.118,21.5,93,78.6,87.5,1.2,86.4,1.7,82.9,81.1,0
2020/2/7 11:00,135.6,439573.4,48.4,85.334,38.1,52.4,44.5,84.6,0.8,83.5,1.1,80,78.3,0
2020/2/7 12:00,136.8,499932,34.9,100.069,37.6,42.1,40,84.1,0.8,82.9,1.1,78.9,77.3,0.68698749
2020/2/7 13:00,107.1,447404.3,7.3,76.921,4.3,99.9,96.4,83.3,1.1,82.6,1.6,80.4,80.7,0.9686499900000001
2020/2/7 14:00,56.4,297735.1,4.5,53.688,29.1,99.8,82.8,83.9,0.9,82.9,1.3,79.9,79.5,1.87273752
2020/2/7 15:00,10.6,114619.1,0.4,29.047,7.4,99.8,94.5,86.8,0.7,85.6,1,81.6,80.2,1.3494499949999998
2020/2/7 16:00,0,4167.8,0,6.338,21.3,38.3,31.6,93,0.7,91.5,1,86.5,83.3,0.178549995
2020/2/7 17:00,0,0,0,0,0,2.9,2.9,100,0.9,98.7,1.3,93.8,89.3,0
2020/2/7 18:00,0,0,0,0,0,0.8,0.8,100,1,100,1.5,97.5,93.3,0
2020/2/7 19:00,0,0,0,0,0,17.4,17.4,100,0.9,100,1.3,96.5,91.7,0
2020/2/7 20:00,0,0,0,0,0,38.2,38.2,100,0.8,100,1.2,98.5,93.7,0
2020/2/7 21:00,0,0,0,0,0,47.4,47.4,100,1.2,100,1.7,97.8,92.9,0
2020/2/7 22:00,0,0,0,0,0,48,48,100,1.2,100,1.7,97.4,92.4,0
2020/2/7 23:00,0,0,0,0,0,48,48,100,1.3,100,1.8,96.4,91.8,0
2020/2/8 0:00,0,0,0,0,0,49,49,100,1.6,100,2.3,95.3,90,0
2020/2/8 1:00,0,0,0,0,0,47.7,47.7,98.1,0.8,97.1,1.2,92.5,88.5,0
2020/2/8 2:00,0,0,0,0,0,47.7,47.7,100,0.8,99.1,1.2,93.2,87.6,0
2020/2/8 3:00,0,0,0,0,0,47.7,47.7,98.8,1,97.8,1.4,92,86.3,0
2020/2/8 4:00,0,0,0,0,0,47.9,47.8,97.6,1.1,96.8,1.6,91.3,85.7,0
2020/2/8 5:00,0,0,0,0,0,49.8,48.8,97.6,1.1,96.4,1.6,89.2,82,0
2020/2/8 6:00,0,0,0,0,0,63.6,53.9,96.6,1.2,94.7,1.8,84.9,76.2,0
2020/2/8 7:00,0,0,0,0,0,79.4,49.4,88.6,1.5,86.1,2.1,76.3,68.8,0.102
2020/2/8 8:00,10,3056.9,2.4,6.354,8,99.2,83.9,83.6,1.8,81.5,2.6,73.4,67.8,0.5003000249999999
2020/2/8 9:00,56.5,113481.5,6,31.406,2.2,100,98.2,79.5,1.9,77.6,2.7,71,66.5,0.205262505
2020/2/8 10:00,109.3,301656.5,9.3,68.549,52.9,99.8,57.1,76.6,1.9,74.8,2.7,69.6,65.8,0.277450005
2020/2/8 11:00,141.3,459510.3,34.6,106.124,41.4,93.4,63.1,73.5,1.8,72.2,2.6,67.4,64.1,0.928225005
2020/2/8 12:00,142.5,520755.1,63.3,133.048,58.1,87.5,45.7,66.4,1.7,65.3,2.5,61.8,59.2,0.73236249
2020/2/8 13:00,112.5,467657.3,54.5,130.882,57.1,85.7,45.5,62,2.4,61.2,3.4,58.6,57,1.013487495
2020/2/8 14:00,60.6,315379.7,15,89.993,4.6,99.9,96.3,64.3,2.6,63.5,3.8,60.5,58.5,0.59083749
2020/2/8 15:00,12.8,125858.3,0.5,36.257,17.4,99.8,85.8,66.5,2.5,65.4,3.6,61.4,58.4,0.027195465
2020/2/8 16:00,0,7550.2,0,6.725,6.1,100,89.9,69.8,2.5,69,3.5,66,63.8,0
2020/2/8 17:00,0,0,0,0,0,99.2,73,73.1,2.1,72.3,3.1,69.6,67.6,0
2020/2/8 18:00,0,0,0,0,0,99.7,96.1,74.8,2.4,74,3.4,70.9,68.6,0
2020/2/8 19:00,0,0,0,0,0,98.4,79.9,73.8,2.1,72.9,3,69.8,67.7,0
2020/2/8 20:00,0,0,0,0,0,99.8,93.7,75.2,0.9,74.1,1.3,69.9,67,0
2020/2/8 21:00,0,0,0,0,0,99.4,79.7,79.9,1.4,78.8,2,74.9,72.1,0
2020/2/8 22:00,0,0,0,0,0,99.8,93.4,82,1.4,80.8,2,76.6,73.6,0
2020/2/8 23:00,0,0,0,0,0,99,87.1,80.1,1.4,79.1,2.1,75.6,73.1,0
2020/2/9 0:00,0,0,0,0,0,74.8,74.4,80.4,1.7,79.4,2.4,75.9,73.5,0
2020/2/9 1:00,0,0,0,0,0,30.9,29.6,79.9,2.1,78.9,3,75.2,72.6,0
2020/2/9 2:00,0,0,0,0,0,0.4,0.2,80.5,2,79.3,2.9,74.9,71.9,0
2020/2/9 3:00,0,0,0,0,0,100,50,77.4,2.7,75.9,3.9,70.5,66.8,0
2020/2/9 4:00,0,0,0,0,0,100,96.4,71.1,3.7,70.1,5.3,66.5,64,0
2020/2/9 5:00,0,0,0,0,0,100,100,69.6,3.7,68.7,5.4,65.6,63.6,0
2020/2/9 6:00,0,0,0,0,0,100,100,65.8,4,64.9,5.7,61.7,59.6,0
2020/2/9 7:00,0,0,0,0,0,100,99.7,64.8,3.8,63.8,5.5,60.4,58.1,0
2020/2/9 8:00,12.1,6375.9,0.6,2.03,2.6,99.2,95,63.6,4,62.7,5.7,59.5,57.4,0.003149999999999985
2020/2/9 9:00,60.7,124519.3,3.2,12.716,0.4,100,99.7,62.1,5,61.2,7.2,58.1,56.1,0.23237500500000002
2020/2/9 10:00,114.7,319270.5,3.7,26.185,14.2,97.5,86.9,60.7,5,59.8,7.2,56.6,54.5,0.9654124949999999
2020/2/9 11:00,147.2,479962.4,15.6,54.097,31.9,98.7,72.8,60.9,4.5,59.9,6.5,56.4,54.4,0.959037495
2020/2/9 12:00,148.4,542044.4,11.2,72.896,14.9,100,87.6,60.6,4.6,59.6,6.7,56.2,54.6,0.8950105349999999
2020/2/9 13:00,118,488377.6,0.1,57.242,1.2,100,99,59.9,5,58.8,7.1,55.3,53.4,0.5172562499999999
2020/2/9 14:00,65,333574.8,0.3,45.149,11,100,90.9,61.4,4.9,60.5,7,57.6,55.9,0.135062505
2020/2/9 15:00,15,137700,0.1,27.868,0.9,100,99.2,62.8,4.7,62,6.8,59.2,57.4,0
2020/2/9 16:00,0,10972.1,0,5.661,0.1,100,99.8,65.5,4.3,64.8,6.1,62.1,60.2,0
2020/2/9 17:00,0,0,0,0,0,100,98.7,69.6,3.7,69,5.3,66.7,65.2,0
2020/2/9 18:00,0,0,0,0,0,100,100,70.5,3.2,69.7,4.6,67,65.2,0
2020/2/9 19:00,0,0,0,0,0,97.8,54.9,72.4,3.1,71.4,4.4,68.1,65.7,0
2020/2/9 20:00,0,0,0,0,0,99.9,99.3,70.7,2.8,69.6,4,65.6,62.8,0
2020/2/9 21:00,0,0,0,0,0,100,100,72.6,2.4,71.3,3.4,66.8,63.6,0
2020/2/9 22:00,0,0,0,0,0,100,100,75.6,1.7,74,2.5,68.4,64.3,0
2020/2/9 23:00,0,0,0,0,0,70.6,59.5,78.9,1.9,77.1,2.7,70.6,65.9,0
2020/2/10 0:00,0,0,0,0,0,97.3,90.4,78.8,1.5,77.1,2.2,70.9,67.1,0
2020/2/10 1:00,0,0,0,0,0,99.8,96.8,86.1,1,83.6,1.4,75,69.8,0
2020/2/10 2:00,0,0,0,0,0,99.4,88.4,88.4,0.9,85.7,1.3,75.6,69.8,0
2020/2/10 3:00,0,0,0,0,0,100,100,90.3,0.5,87.4,0.7,77,71,0
2020/2/10 4:00,0,0,0,0,0,100,100,91.5,1.3,89.1,1.9,80.2,74.8,0
2020/2/10 5:00,0,0,0,0,0,100,97.4,89.3,2.5,89,3.6,88,87.8,0
2020/2/10 6:00,0,0,0,0,0,100,100,92.4,3,92.6,4.3,93.6,94.5,0
2020/2/10 7:00,0,0,0,0,0,100,100,94,3.4,93.5,4.8,92.2,91.5,0
2020/2/10 8:00,14.3,9757.9,0,1.797,0.5,100,99.7,95.1,3.6,94.9,5.2,94.6,94.7,0.083575005
2020/2/10 9:00,65.1,136213.2,0.1,9.125,0.6,100,99.9,95.6,3.8,95.6,5.4,95.7,96.2,0.176074995
2020/2/10 10:00,120.2,337503.3,0.1,16.492,0.4,100,99.9,95.1,4.5,94.9,6.5,94.5,94.6,0.432675015
2020/2/10 11:00,153.2,500916.9,2.2,26.469,0.8,99.4,99.4,78,6.3,77.6,9,76.1,74.8,0.57760002
2020/2/10 12:00,154.5,563786.5,5.5,45.408,0.9,99.5,99.4,77.2,5.6,76.9,8,76,75.4,0.7986
2020/2/10 13:00,123.7,509550.5,21.1,65.697,19.9,97.5,87.9,79.6,4.9,79.3,7.1,78.3,77.8,0.331562505
2020/2/10 14:00,69.6,352303.7,12.3,66.883,30.9,99.6,84.2,76.5,4.1,76.1,5.9,74.7,73.9,0.233387505
2020/2/10 15:00,17.3,150169,0.5,36.948,20.5,99.8,86.6,75.5,4,75,5.7,73.3,72.1,0.018124994999999984
2020/2/10 16:00,0,14439.8,0,7.658,4.7,99.8,95.1,73.9,3.8,73.4,5.4,71.8,70.6,0
2020/2/10 17:00,0,0,0,0,0,99.7,97.3,75.6,3.3,75.1,4.7,73.2,71.9,0
2020/2/10 18:00,0,0,0,0,0,99.8,98.6,78.7,3,78.3,4.4,76.8,76,0
2020/2/10 19:00,0,0,0,0,0,99.8,88.5,85.7,2.6,85.2,3.8,83.4,82,0
2020/2/10 20:00,0,0,0,0,0,99.8,92.4,88.8,2.4,88.5,3.5,87.7,87.3,0
2020/2/10 21:00,0,0,0,0,0,99.9,96.8,88.6,2.1,88.3,2.9,87.3,86.8,0
2020/2/10 22:00,0,0,0,0,0,99.9,97.6,85.7,2.3,85.5,3.3,84.8,84.3,0
2020/2/10 23:00,0,0,0,0,0,99.8,96,87.4,2,87,2.9,85.7,84.7,0
2020/2/11 0:00,0,0,0,0,0,99.5,91.7,88.7,1.6,88.3,2.3,86.3,84.4,0
2020/2/11 1:00,0,0,0,0,0,98.7,77.8,89.1,2,88.7,2.8,85.1,81.1,0
2020/2/11 2:00,0,0,0,0,0,98,78.8,90.8,1.8,90.5,2.5,85.3,79.1,0
2020/2/11 3:00,0,0,0,0,0,98.6,86.8,91.5,1.3,91.2,1.9,84.3,75.6,0
2020/2/11 4:00,0,0,0,0,0,96.4,80.4,94.9,1.3,94.6,1.9,87.2,76.3,0
2020/2/11 5:00,0,0,0,0,0,30.2,16.7,100,1.4,99.8,2,92.3,80.2,0
2020/2/11 6:00,0,0,0,0,0,77.9,72.6,98.3,1.4,98,2,90.2,78.1,0
2020/2/11 7:00,0,0,0,0,0,70.7,42,90,1.8,89.8,2.6,84.6,75.9,0.038939999999999995
2020/2/11 8:00,16.6,13208.4,3.7,8.199,24.4,87.2,60.9,83.5,1.8,83.1,2.6,78.6,71.9,1.5961750049999999
2020/2/11 9:00,69.7,148597.1,24.8,41.653,37.1,83.2,65.6,76.7,1.6,76.2,2.3,71.8,65.5,5.449387349999999
2020/2/11 10:00,125.9,356342.6,74.2,96.294,56.3,52.7,30.2,71.9,1.3,71.6,1.8,68.4,62.7,2.474887425
2020/2/11 11:00,159.3,522360.4,95.6,141.079,30.9,98.2,76.9,70.1,1,70,1.4,68,63.6,3.96552495
2020/2/11 12:00,160.6,585967.6,60.7,143.557,49.1,92.9,62.9,69.6,0.9,69.5,1.3,67.9,64.7,5.53181265
2020/2/11 13:00,129.5,531161.2,38.1,113.484,26.4,91.2,80,71.7,1.2,71.4,1.7,69.2,64.8,5.5837125
2020/2/11 14:00,74.3,371548.6,21.4,81.049,30.8,91.7,75.8,72.6,1.5,72,2.1,69.1,64.8,1.5298500149999998
2020/2/11 15:00,19.8,163282.7,4.7,43.59,42,93.3,68.9,74,1.5,73,2.2,69.2,65.5,0.0568659
2020/2/11 16:00,0,17962,0,10.706,35.7,62.6,37.1,80.4,1.2,78.8,1.7,73.4,67.8,0
2020/2/11 17:00,0,0,0,0,0,92,60.9,87.7,1.2,86.1,1.8,80.3,72.6,0
2020/2/11 18:00,0,0,0,0,0,96.2,64.3,91.6,1.7,90.1,2.4,84.7,76.4,0
2020/2/11 19:00,0,0,0,0,0,80.4,41,90.3,1.7,89.1,2.5,85,76.8,0
2020/2/11 20:00,0,0,0,0,0,84.7,44.4,92.9,1.5,91.6,2.2,87.2,79,0
2020/2/11 21:00,0,0,0,0,0,93,67.6,93.6,1.4,92.3,2,87.6,80,0
2020/2/11 22:00,0,0,0,0,0,93.4,72,92.8,1.5,91.5,2.1,87.2,80.7,0
2020/2/11 23:00,0,0,0,0,0,92.7,67.5,92.3,1.6,91.3,2.3,87.9,82,0
2020/2/12 0:00,0,0,0,0,0,93.6,63.9,91.9,1.8,91,2.7,87.8,82.5,0
2020/2/12 1:00,0,0,0,0,0,100,85,85.8,1.9,84.8,2.7,81.3,79.3,0
2020/2/12 2:00,0,0,0,0,0,100,86.1,86,1.7,85.1,2.5,82,80,0
2020/2/12 3:00,0,0,0,0,0,99.3,87.5,84.8,2,84.3,2.9,82.5,81.7,0
2020/2/12 4:00,0,0,0,0,0,98.9,88.6,85.7,2.2,85.3,3.2,83.7,82.8,0
2020/2/12 5:00,0,0,0,0,0,97.1,83.9,85.7,2.2,85.2,3.1,83.8,83,0
2020/2/12 6:00,0,0,0,0,0,98.4,83.7,89.2,2.2,88.6,3.2,86.6,85.2,0
2020/2/12 7:00,0,0,0,0,0,91.7,76.9,83,2,82.3,2.9,79.8,77.9,0.005304555
2020/2/12 8:00,19.1,16735.1,7,10.235,17.9,83.2,68.4,84,2.2,83.2,3.2,80.4,78.5,0.5692499999999999
2020/2/12 9:00,74.4,161698.7,36.9,50.329,23.6,90.3,76.3,82.3,1.9,82,2.8,80.7,79.8,1.176137505
2020/2/12 10:00,131.8,375774.4,55.3,98.624,14,94.6,88.3,80,1.8,80.1,2.5,80.3,80.4,1.177300005
2020/2/12 11:00,165.6,544278.9,46.5,118.244,12.6,98.1,94.3,77.7,1.8,77.8,2.6,78.1,78.3,1.17885
2020/2/12 12:00,166.9,608573.8,23.5,110.383,22.3,97.9,90.7,78.8,2.4,79,3.4,79.7,80.3,0.8067375
2020/2/12 13:00,135.4,553194.5,3.8,83.743,12.9,99.9,93.4,80.2,3.2,80.2,4.6,80.5,80.7,0.55602498
2020/2/12 14:00,79.2,391291.6,0.9,56.927,20.6,99.6,85.2,79.7,3.4,79.8,4.9,79.9,80.1,0.23866249500000003
2020/2/12 15:00,22.3,177050.5,1,34.171,15.2,99.1,88.1,77,3,76.6,4.3,75.1,74.1,0.28471251
2020/2/12 16:00,0,22422,0,10.318,4.1,99,95.4,78.2,3.1,77.9,4.5,76.9,76.3,0
2020/2/12 17:00,0,0,0,0,0,97.5,92.5,82.2,3.1,82.1,4.4,81.9,81.9,0
2020/2/12 18:00,0,0,0,0,0,79.5,76.6,83.4,3.2,83.3,4.6,83.1,83.1,0
2020/2/12 19:00,0,0,0,0,0,33,32.9,84,3.4,83.7,5,82.7,82.3,0
2020/2/12 20:00,0,0,0,0,0,18.8,10.5,81.7,2.9,81.3,4.2,79.7,78.8,0
2020/2/12 21:00,0,0,0,0,0,11.9,8.1,80.7,2.6,79.8,3.7,77,75.1,0
2020/2/12 22:00,0,0,0,0,0,8.1,7.3,81.6,2.2,80.8,3.1,77.9,76,0
2020/2/12 23:00,0,0,0,0,0,43.7,42.8,84.1,2.3,83.3,3.3,80.5,78.3,0
2020/2/13 0:00,0,0,0,0,0,73.5,73.3,80.2,2.3,79.8,3.3,78.6,77.7,0
2020/2/13 1:00,0,0,0,0,0,99.6,97.7,75.5,2.5,74.6,3.6,71.7,69.6,0
2020/2/13 2:00,0,0,0,0,0,97.7,93.8,74.2,2.5,73.4,3.5,70.2,67.8,0
2020/2/13 3:00,0,0,0,0,0,80,76.3,75.3,2.5,74.7,3.6,72.4,70.7,0
2020/2/13 4:00,0,0,0,0,0,67.8,67.7,79.8,2.3,80.1,3.3,81.1,82,0
2020/2/13 5:00,0,0,0,0,0,56.5,56.5,86.1,2.1,86,3,85.8,85.8,0
2020/2/13 6:00,0,0,0,0,0,68.6,68.6,87,2.4,86.1,3.5,83.2,80.9,0
2020/2/13 7:00,0,0,0,0,0,68.2,68.2,85.4,2.2,85,3.2,83.6,82.7,0
2020/2/13 8:00,21.6,20780.5,5.8,8.703,17.1,65,64.8,83.3,2.1,83.2,3.1,82.7,82.4,0.05022501
2020/2/13 9:00,79.4,175538.1,25.6,39.022,27.2,76.9,75.3,83.8,2.4,84.2,3.5,85.7,87.2,0.173275005
2020/2/13 10:00,137.8,395784.1,26.2,66.931,2.7,99.9,99.8,88.6,2.8,88.9,4,90,91,0.386325
2020/2/13 11:00,171.9,566658.1,4.9,61.924,1.7,99.8,99.3,89.7,2.9,89.8,4.2,90.4,90.9,0.60055002
2020/2/13 12:00,173.2,631590.5,20.1,63.045,2.7,99.8,99.3,89.3,3.6,89.4,5.2,90,90.7,2.21866245
2020/2/13 13:00,141.4,575635,43.3,89.446,19.2,90.2,87.7,67.6,3.4,67.7,4.9,67.9,68.4,0.6964125
2020/2/13 14:00,84.3,411514,29.1,90.109,6.9,92.6,91.8,68.8,3,68.8,4.3,69.2,69.7,0.5287125
2020/2/13 15:00,25.1,191474.2,9,52.696,32,50.9,49.5,73.2,2.4,73.3,3.5,74,75,0.088800015
2020/2/13 16:00,0,27188,0,14.3,27.6,46.5,43.2,80.9,1.5,80.7,2.2,80.3,80.4,0
2020/2/13 17:00,0,0,0,0,0,71.2,65,88.5,1.6,87.9,2.3,86,84.7,0
2020/2/13 18:00,0,0,0,0,0,42.5,42.5,93.6,1.6,92.7,2.2,89.6,87,0
2020/2/13 19:00,0,0,0,0,0,97.7,82.7,93.1,1.7,91.9,2.5,87.2,83,0
2020/2/13 20:00,0,0,0,0,0,99.9,97.2,94.2,2.1,93.3,3.1,89.5,85.8,0
2020/2/13 21:00,0,0,0,0,0,100,99,91.8,2.1,91,3.1,87.6,84.3,0
2020/2/13 22:00,0,0,0,0,0,99.9,97.8,89.5,1.7,88.7,2.5,85.4,82.3,0
2020/2/13 23:00,0,0,0,0,0,100,94.1,87.9,1.7,87.1,2.4,83.9,80.8,0
2020/2/14 0:00,0,0,0,0,0,100,97.5,88.7,1.6,87.8,2.3,84,80.3,0
2020/2/14 1:00,0,0,0,0,0,100,99.6,89.8,1.6,89.4,2.3,87.7,85.9,0
2020/2/14 2:00,0,0,0,0,0,99.9,98.7,88.7,1.6,88.3,2.2,86.5,84.5,0
2020/2/14 3:00,0,0,0,0,0,99.5,98.1,88.1,1.5,87.6,2.1,85.3,82.8,0
2020/2/14 4:00,0,0,0,0,0,48.3,47.8,90.3,1.4,89.8,1.9,87.4,84.8,0
2020/2/14 5:00,0,0,0,0,0,9.8,9.8,93.9,1.6,93.4,2.3,91,88,0
2020/2/14 6:00,0,0,0,0,0,8,8,93.9,1.6,93.6,2.3,91.4,88.4,0
2020/2/14 7:00,0,0,0,0,0,3.3,3.3,87.1,2.1,87,3.1,85.7,83.8,0.016540904999999984
2020/2/14 8:00,24.3,25606.6,16.2,15.282,43,0,0,81.1,2,80.9,2.9,79.6,77.9,0.48265001999999996
2020/2/14 9:00,84.5,190127.4,70.9,68.219,60,0,0,74.7,1.5,74.5,2.2,73.2,71.4,3.090687525
2020/2/14 10:00,143.9,416355.8,124.5,137.169,60,0,0,69.7,1.2,69.4,1.7,67.7,65.7,6.426899999999999
2020/2/14 11:00,178.4,589483.2,155.8,185.953,60,0,0,64.8,0.9,64.3,1.3,62.3,60.1,6.84998745
2020/2/14 12:00,179.7,655003.1,158.2,204.435,60,0,0,60.3,0.8,59.8,1.1,57.6,55.2,3.3890874749999997
2020/2/14 13:00,147.5,598467,106.2,184.635,60,100,50,60.3,1.4,59.8,2,58.2,56.8,1.572912495
2020/2/14 14:00,89.5,432197,48.9,133.449,60,100,50,61.6,1.4,61,2,58.9,57.2,0.61688751
2020/2/14 15:00,27.9,206549.1,8.6,68.992,60,100,50,63.1,1.3,62.5,1.8,59.8,57.7,0.07428749999999998
2020/2/14 16:00,0,32097.7,0,17.463,46.9,100,52.1,66,1.5,65.2,2.1,62.1,59.6,0
2020/2/14 17:00,0,0,0,0,0,100,89.2,69.3,1.6,68.3,2.4,64.3,60.8,0
2020/2/14 18:00,0,0,0,0,0,100,99.3,68,1.7,67.1,2.4,63.6,60.6,0
2020/2/14 19:00,0,0,0,0,0,100,97.7,65,1.8,64.3,2.6,61.8,59.7,0
2020/2/14 20:00,0,0,0,0,0,100,99.6,63.3,1.9,62.8,2.7,60.8,59.5,0
2020/2/14 21:00,0,0,0,0,0,100,91.2,61.4,2.1,60.9,3,59,57.7,0
2020/2/14 22:00,0,0,0,0,0,100,99.2,59.7,2.2,59.3,3.2,57.8,56.9,0
2020/2/14 23:00,0,0,0,0,0,100,100,61.3,2.7,60.9,3.9,59.8,59,0
2020/2/15 0:00,0,0,0,0,0,100,100,63.5,3,63.3,4.3,62.6,62.4,0
2020/2/15 1:00,0,0,0,0,0,99.9,98.7,64.6,2.2,64.3,3.2,63.5,63,0
2020/2/15 2:00,0,0,0,0,0,100,99.5,64.8,1.9,64.5,2.7,63.4,62.6,0
2020/2/15 3:00,0,0,0,0,0,100,100,72.1,2.1,71.8,3,70.7,69.9,0
2020/2/15 4:00,0,0,0,0,0,99.1,84.3,70.8,1.7,70.1,2.5,67.4,65.3,0
2020/2/15 5:00,0,0,0,0,0,97.2,71.9,67.4,2,66.6,2.9,63.4,60.9,0
2020/2/15 6:00,0,0,0,0,0,97.8,79.8,69.3,2.6,68,3.7,63.2,59.5,0
2020/2/15 7:00,0,0,0,0,0,100,99.3,67.7,2.7,66.4,3.9,61.6,57.8,0.009375
2020/2/15 8:00,27.3,30601.2,1.5,5.871,18.7,96.1,87.2,69.7,2.7,69.1,3.9,66.6,64.8,1.30843749
2020/2/15 9:00,89.8,205471.7,19.5,33.898,22,86.6,80.3,70,2.7,69.8,3.9,68.8,68.1,4.77546255
2020/2/15 10:00,150.2,437473,64.9,88.058,49.9,39.5,34.8,65.5,2.6,65.3,3.7,64.8,64.5,6.11104995
2020/2/15 11:00,185,612738.8,102.8,142.027,45.4,54.7,46.9,64.9,2.2,64.5,3.2,63.2,62.4,7.2199126499999995
2020/2/15 12:00,186.3,678796.4,133.4,176.507,58.6,4.4,4.2,64.9,2,64.2,2.9,61.7,59.9,7.03900005
2020/2/15 13:00,153.8,621674.7,134.1,183.882,60,9.5,4.7,64.3,1.6,62.9,2.4,57.7,54.4,2.849062575
2020/2/15 14:00,94.8,453321.6,69.3,146.53,60,60.3,30.2,62.9,2,61.3,2.9,55.4,51.1,0.9720374999999999
2020/2/15 15:00,31,222264.8,11.6,76.349,60,99.4,49.7,61.4,2.2,59.6,3.2,53.2,48.4,0.11878749
2020/2/15 16:00,0,37193.6,0,19.191,42,100,59.6,61,2.7,59.5,3.8,53.9,49.8,0
2020/2/15 17:00,0,0,0,0,0,99,88.4,62.3,2.4,60.9,3.5,55.8,52.1,0
2020/2/15 18:00,0,0,0,0,0,62.6,53.9,62.7,3.2,61.7,4.6,58.1,55.4,0
2020/2/15 19:00,0,0,0,0,0,100,50,65.2,3.3,64.3,4.8,61.4,59.3,0
2020/2/15 20:00,0,0,0,0,0,100,50,64.9,3.7,64.2,5.3,61.5,59.6,0
2020/2/15 21:00,0,0,0,0,0,100,77.2,62.4,4.2,61.7,6,59.3,57.8,0
2020/2/15 22:00,0,0,0,0,0,100,100,64.3,4.1,63.7,5.9,61.8,60.6,0
2020/2/15 23:00,0,0,0,0,0,100,98.5,62.3,4.4,61.8,6.3,60,59,0
2020/2/16 0:00,0,0,0,0,0,100,100,62.8,4.3,62.3,6.2,60.3,59.1,0
2020/2/16 1:00,0,0,0,0,0,100,100,63.9,4.7,63.4,6.8,61.7,60.7,0
2020/2/16 2:00,0,0,0,0,0,100,99.4,65.9,4.6,65.3,6.6,63.3,62,0
2020/2/16 3:00,0,0,0,0,0,100,99.1,69.2,4.6,68.6,6.5,66.2,65.1,0
2020/2/16 4:00,0,0,0,0,0,100,100,71.2,4.1,70.5,5.9,68.3,67.2,0
2020/2/16 5:00,0,0,0,0,0,100,100,71.6,2.4,70.5,3.4,66.9,65,0
2020/2/16 6:00,0,0,0,0,0,100,99.8,72.3,2.2,71,3.2,66.6,64.1,0
2020/2/16 7:00,0,0,0,0,0,62.2,58.2,78.4,2.3,77.5,3.3,74.3,72.2,0.003987495
2020/2/16 8:00,30.4,35811.7,7.8,12.379,15.8,77.2,74.5,86.9,2.4,86,3.4,82.7,80.2,0.34307500500000004
2020/2/16 9:00,95.3,221569.3,23.1,44.608,10.7,84.3,83.8,91.1,2,90.2,2.8,87,83.9,0.75983748
2020/2/16 10:00,156.6,459118.7,52,87.765,26.5,62.3,61.6,92,0.9,90.8,1.4,86.7,81.7,1.2215625
2020/2/16 11:00,191.7,636409.7,101.8,139.889,39.5,90.7,62.5,89.9,2,89.5,2.9,88,82.1,1.227525
2020/2/16 12:00,193,702955.5,79.6,169.676,15.4,100,87.5,85.2,2.5,84.7,3.6,82.2,75.3,1.2197124899999998
2020/2/16 13:00,160.1,645242.2,21.7,142.936,0.7,100,99.4,79,1.7,78,2.5,73.5,68,0.359862495
2020/2/16 14:00,100.3,474868.8,5.5,87.913,1.5,100,98.8,72.1,1.6,70.9,2.2,66.3,62.2,0.046262504999999995
2020/2/16 15:00,34.3,238606.7,0.1,42.155,1.9,100,98.4,71.5,1,70.3,1.4,65.3,61.2,0.0085875
2020/2/16 16:00,0,42869.8,0,11.857,0,100,100,75,1.8,73.9,2.6,69,64.5,0
2020/2/16 17:00,0,0,0,0,0,100,99.3,77.7,2.9,77.1,4.2,74,70.4,0
2020/2/16 18:00,0,0,0,0,0,99.9,97.1,81.3,2.1,80.5,3,77.1,72.6,0
2020/2/16 19:00,0,0,0,0,0,91.5,74.7,84.1,1.4,82.7,2,77.5,70.6,0
2020/2/16 20:00,0,0,0,0,0,57.9,43.6,91.8,1.6,89.8,2.2,82.9,74.7,0
2020/2/16 21:00,0,0,0,0,0,92.6,50.8,96.4,1.6,94.2,2.3,86.8,75.4,0
2020/2/16 22:00,0,0,0,0,0,99.6,96.4,86.3,1.1,84.9,1.6,79.8,69.3,0
2020/2/16 23:00,0,0,0,0,0,99.8,98.1,74.7,1.3,73.4,1.9,68.9,62.3,0
2020/2/17 0:00,0,0,0,0,0,98,89.6,65.8,1.3,64.8,1.9,61.1,57.3,0
2020/2/17 1:00,0,0,0,0,0,98.2,50,64.3,3.3,63.4,4.7,60,55.8,0
2020/2/17 2:00,0,0,0,0,0,95.3,47.7,65.4,3.2,64.3,4.6,60.4,56.3,0
2020/2/17 3:00,0,0,0,0,0,95.5,57.7,67.4,3.1,66.5,4.4,62.9,58.9,0
2020/2/17 4:00,0,0,0,0,0,86.8,50.2,69.5,2.9,68.7,4.2,65.5,62.1,0
2020/2/17 5:00,0,0,0,0,0,83.3,43.3,70.1,2.7,69.4,3.9,66.6,63.8,0
2020/2/17 6:00,0,0,0,0,0,99.3,89.3,68.5,2.8,67.9,4.1,65.2,62.8,0
2020/2/17 7:00,0,0,0,0,0,100,96.5,64.6,2.8,64,4,61.7,59.2,0.058712505
2020/2/17 8:00,33.8,41287.1,0.3,8.547,0.8,100,99.2,63.7,3.1,63.3,4.5,61.6,59.7,0.400712505
2020/2/17 9:00,101,238413,3.3,33.36,1.9,99.9,98.4,64.3,2.1,63.8,3.1,61.9,60.4,1.8324124800000001
2020/2/17 10:00,163.1,481275,22.2,69.309,5.3,98.7,95,63.2,1.9,62.6,2.7,60.3,58.7,7.1105499
2020/2/17 11:00,198.5,660479.9,36.7,104.159,3.2,99.8,97.2,63.4,2.2,62.6,3.1,60,57.9,7.459875
2020/2/17 12:00,199.7,727464.9,89.6,140.475,47.8,30.4,25.4,60.2,2.4,59.3,3.4,56,53.5,3.690225
2020/2/17 13:00,166.6,669153.4,77.6,153.488,29.4,91.5,71.3,56.4,3.6,55.5,5.2,52.7,50.9,0.5343499799999999
2020/2/17 14:00,105.9,496819.2,14.2,107.298,12.5,97.5,88.3,58.4,3.6,57.6,5.2,54.8,52.9,0.6456499800000001
2020/2/17 15:00,37.8,255556.2,1.7,44.75,12.1,99.5,89.7,61.1,3.8,60.5,5.4,58.6,57.4,0.09482499
2020/2/17 16:00,0,51384.3,0,10.129,1.2,100,99,69.5,3.4,68.9,4.8,66.8,65.4,0
2020/2/17 17:00,0,0,0,0,0,99.8,91.6,81,2.7,80.4,3.8,78.3,75.1,0
2020/2/17 18:00,0,0,0,0,0,100,99.7,82.5,2.9,81.9,4.1,80,79.5,0
2020/2/17 19:00,0,0,0,0,0,99.3,53.7,77.8,4.5,77.2,6.4,75.3,74.2,0
2020/2/17 20:00,0,0,0,0,0,56.2,29.4,75.6,4.2,75.1,6,73.2,72,0
2020/2/17 21:00,0,0,0,0,0,15.2,15.2,78.4,3.1,77.9,4.4,75.9,74.7,0
2020/2/17 22:00,0,0,0,0,0,86.3,83,80.7,2.4,80.1,3.5,78.1,76.8,0
2020/2/17 23:00,0,0,0,0,0,97.4,89.8,82.1,2.4,81.6,3.5,79.9,78.7,0
2020/2/18 0:00,0,0,0,0,0,98.5,87.5,82.3,2.7,81.9,3.8,80.4,79.5,0
2020/2/18 1:00,0,0,0,0,0,84.1,61.6,86.8,3,86.4,4.3,85.1,84.1,0
2020/2/18 2:00,0,0,0,0,0,68.2,52.8,87.5,2.2,86.8,3.2,84.3,82.6,0
2020/2/18 3:00,0,0,0,0,0,96.8,95,86.7,1.9,86.2,2.7,84.4,83.2,0
2020/2/18 4:00,0,0,0,0,0,94.9,57.5,87.1,1.7,86.6,2.5,84.9,83.8,0
2020/2/18 5:00,0,0,0,0,0,98.7,65.6,90.2,1.8,89.2,2.6,85.4,82.7,0
2020/2/18 6:00,0,0,0,0,0,87.4,83,89.2,1.7,88.2,2.5,84.5,81.8,0
2020/2/18 7:00,0,0,0,0,0,100,99.4,90,1.5,89.1,2.1,85.7,83.2,0.0070125
2020/2/18 8:00,37.4,49508.5,0.1,6.335,1.9,99.9,98.8,88.6,1.3,87.9,1.9,85.1,83,0.019999994999999996
2020/2/18 9:00,106.8,255990.3,0.3,22.41,0.9,100,99.6,87.9,1.7,87.5,2.4,86,84.7,0.331300005
2020/2/18 10:00,169.7,503924,0.2,31.807,0.1,100,99.9,92.2,1.7,91.9,2.4,90.8,89.9,0.23969998499999995
2020/2/18 11:00,205.4,684933.6,1.4,39.38,1.3,100,99.5,95.2,1.8,94.9,2.6,93.8,93,0.177212505
2020/2/18 12:00,206.6,752309.2,1.6,50.152,2.6,99.9,98.8,91.4,2.2,91.4,3.2,91.1,90.8,0.9009500100000001
2020/2/18 13:00,173.1,693392.3,0.2,49.182,0,100,100,93.1,2,92.9,2.9,92.1,91.5,0.65659998
2020/2/18 14:00,111.6,519153.9,1.6,48.499,6.2,94.7,92.9,90.2,2.2,90,3.2,89.2,88.6,0.59469999
2020/2/18 15:00,41.5,273092.3,7.4,43.393,17.5,80.1,78.1,88.8,2,88.5,2.9,87.6,86.9,0.213799995
2020/2/18 16:00,0,60218.7,0,17.572,27.6,67.8,67.3,90.5,1.9,90.2,2.7,89,88.2,0
2020/2/18 17:00,0,0,0,0,0.3,91.2,85.9,93.7,2,93.2,2.8,91.5,90.3,0
2020/2/18 18:00,0,0,0,0,0,85.2,72.9,95,2,94.3,2.8,91.9,90,0
2020/2/18 19:00,0,0,0,0,0,99.8,98.2,93.8,1.8,93.2,2.6,90.9,89.2,0
2020/2/18 20:00,0,0,0,0,0,100,99.6,92.9,1.6,92.3,2.3,90.3,88.7,0
2020/2/18 21:00,0,0,0,0,0,100,99.8,92.4,1.6,92,2.3,90.8,89.9,0
2020/2/18 22:00,0,0,0,0,0,99.7,99.2,92.9,1.6,92.7,2.3,91.9,91.3,0
2020/2/18 23:00,0,0,0,0,0,99.5,99.1,92.4,1.6,92.3,2.3,92.1,92.1,0
2020/2/19 0:00,0,0,0,0,0,98,97.9,92.6,1.8,92.6,2.7,92.7,92.8,0
2020/2/19 1:00,0,0,0,0,0,93.5,92.5,91.7,2.1,91.6,3,91.3,91.2,0
2020/2/19 2:00,0,0,0,0,0,85.5,85.1,94.1,2.2,94.2,3.2,94.4,94.7,0
2020/2/19 3:00,0,0,0,0,0,93.6,93.6,95.1,2,95.1,2.9,95.1,95.3,0
2020/2/19 4:00,0,0,0,0,0,92.7,92.7,96.9,1.8,96.9,2.5,97,97.3,0
2020/2/19 5:00,0,0,0,0,0,97.9,97.9,98.5,1.3,98.4,1.9,98.5,98.7,0
2020/2/19 6:00,0,0,0,0,0,84.8,84.8,97.4,1.4,97.2,1.9,96.6,96.4,0
2020/2/19 7:00,0,0,0,0,0,98.2,98.2,87,1,86.7,1.5,85.6,84.8,0.132987495
2020/2/19 8:00,41.2,58756,1.8,10.335,4.3,98.7,98.7,81.2,0.6,81.3,0.8,81.6,81.8,0.6858500099999999
2020/2/19 9:00,112.8,274285.4,6.8,37.966,1.8,98,98,79.3,0.4,79.3,0.5,79.6,79.6,1.3921374899999999
2020/2/19 10:00,176.5,527047.1,46.6,84.351,14.6,77.2,77.2,80,0.3,80.1,0.5,80,79.7,4.756549949999999
2020/2/19 11:00,212.4,709754.6,135.9,157.101,52.7,12.3,12.3,73.7,0.2,74,0.3,75.1,76.1,5.8686875999999994
2020/2/19 12:00,213.6,777472.9,180.1,216.388,48.8,18.6,18.6,72.2,0.2,72.6,0.2,74.4,75.9,3.63285
2020/2/19 13:00,179.8,717942.8,149.5,215.958,50.3,16.4,16.4,69.1,0.2,69.5,0.3,71.1,72.8,3.9884500499999995
2020/2/19 14:00,117.5,541853.8,95.5,169.848,53.1,11.9,11.9,69.6,0.4,70,0.5,71.6,73.1,4.2076875
2020/2/19 15:00,45.4,291192.1,37,101.085,55.8,7,7,76.7,0.8,76.6,1.2,76,75.7,1.3106125050000001
2020/2/19 16:00,0,69404.3,0,31.187,58.3,2.8,2.8,83.4,1.2,82.8,1.7,80.5,78.6,0.0006375
2020/2/19 17:00,0,0,0,0,4,0.6,0.6,91.6,1.3,90.3,1.9,85.7,82.1,0
2020/2/19 18:00,0,0,0,0,0,0,0,94.5,1.5,93,2.2,87.1,82.1,0
2020/2/19 19:00,0,0,0,0,0,0,0,91.5,1.8,90.1,2.6,84.6,79.9,0
2020/2/19 20:00,0,0,0,0,0,0,0,92.7,1.5,91.2,2.2,84.9,79.3,0
2020/2/19 21:00,0,0,0,0,0,0,0,93.3,1.3,92.1,1.9,87,82.3,0
2020/2/19 22:00,0,0,0,0,0,0.3,0.1,92.7,1.3,91.4,1.9,86.4,82,0
2020/2/19 23:00,0,0,0,0,0,0.2,0.1,90.7,1.3,89.5,1.9,84.7,80.8,0
2020/2/20 0:00,0,0,0,0,0,100,50,86.2,1.3,84.9,1.9,80.2,76.5,0
2020/2/20 1:00,0,0,0,0,0,100,50,78.9,1.8,78.1,2.6,75,72.8,0
2020/2/20 2:00,0,0,0,0,0,100,50,76.3,2.1,75.5,3,72.6,70.6,0
2020/2/20 3:00,0,0,0,0,0,100,50,72.9,2.1,72.3,3,70.1,68.6,0
2020/2/20 4:00,0,0,0,0,0,100,95.8,67.8,2.3,67.1,3.3,64.7,63.1,0
2020/2/20 5:00,0,0,0,0,0,100,99.4,63.8,2.5,63.1,3.6,60.5,58.6,0
2020/2/20 6:00,0,0,0,0,0,99.9,91.2,61.2,2.6,60.6,3.7,58.4,56.9,0
2020/2/20 7:00,0,0,0,0,0.1,100,98.5,59.9,2.5,59.5,3.5,58.1,57.2,0.004875
2020/2/20 8:00,45.3,68441.4,1.6,15.617,0,100,100,60.2,2.5,59.8,3.6,58.5,57.7,0.2769375
2020/2/20 9:00,118.9,293278.8,3.8,49.25,1.5,99.9,98.7,60.2,2.5,59.8,3.5,58.5,57.5,0.25847500500000004
2020/2/20 10:00,183.3,550625.7,12.2,84.628,17.9,99.7,84.9,58.6,3.2,58.1,4.6,56.4,55.3,0.41645001
2020/2/20 11:00,219.5,734926.6,16.2,112.844,6.3,100,94.7,58,3.2,57.6,4.5,56,54.9,0.50239998
2020/2/20 12:00,220.6,802940.3,9.4,108.499,0.4,100,99.7,58.6,3.6,58.1,5.2,56.5,55.4,0.443812515
2020/2/20 13:00,186.5,742788.9,4.2,78.371,0.4,100,99.7,58.1,3.3,57.6,4.7,55.8,54.6,0.099962505
2020/2/20 14:00,123.5,564900.1,0.1,48.012,0.2,100,99.9,58.1,3.2,57.6,4.5,55.6,54.5,0.040024995
2020/2/20 15:00,49.4,309831.3,0,21.435,0.2,100,99.8,59.2,3.7,58.8,5.3,57.5,56.8,0.0014374949999999998
2020/2/20 16:00,0,78966.8,0,5.144,0,100,100,62.3,3.2,61.9,4.6,60.4,59.5,0
2020/2/20 17:00,0,0,0,0,0,100,100,66.5,3,65.9,4.2,64.1,62.9,0
2020/2/20 18:00,0,0,0,0,0,100,98.3,69.5,2.2,68.7,3.2,65.7,63.7,0
2020/2/20 19:00,0,0,0,0,0,100,100,84.2,2.1,83.6,3,81.3,79.4,0
2020/2/20 20:00,0,0,0,0,0,100,100,91.6,2.1,91,3,88.8,87.1,0
2020/2/20 21:00,0,0,0,0,0,100,96.7,92.2,1.6,91.6,2.2,89.7,88.2,0
2020/2/20 22:00,0,0,0,0,0,100,100,92,1.5,91.6,2.2,89.9,88.5,0
2020/2/20 23:00,0,0,0,0,0,100,100,93.5,1,93,1.4,90.9,89.3,0
2020/2/21 0:00,0,0,0,0,0,100,100,93.1,1.4,92.1,2,88.3,85.5,0
2020/2/21 1:00,0,0,0,0,0,80.5,79.5,90.7,1.6,89.1,2.3,83.4,79,0
2020/2/21 2:00,0,0,0,0,0,61.7,38.5,91.5,1.9,89.2,2.7,81.7,76.1,0
2020/2/21 3:00,0,0,0,0,0,1.9,1.4,93.8,1.8,90.8,2.5,80.4,73.3,0
2020/2/21 4:00,0,0,0,0,0,0,0,94.4,1.7,90.7,2.4,78.2,70,0
2020/2/21 5:00,0,0,0,0,0,1.2,0.6,92.6,1.8,88.4,2.6,74.1,64.5,0
2020/2/21 6:00,0,0,0,0,0,43.9,43.1,84.6,1.7,80.6,2.4,67.3,58.3,0
2020/2/21 7:00,0,0,0,0,0.6,94.4,92.2,69.4,2.5,67.1,3.6,59,53.1,0.456574995
2020/2/21 8:00,49.6,78600.7,17.3,23.471,24.8,73.3,69.6,65.6,2.8,64,4.1,58.6,54.7,3.9647750999999998
2020/2/21 9:00,125.2,312949.1,84.7,91.02,59.8,0.6,0.6,61.2,2.8,59.9,4.1,55.4,52.1,5.196612449999999
2020/2/21 10:00,190.3,574640.7,154.1,171.605,59.2,70.3,35.8,58.9,2.8,57.7,4.1,53.3,50.1,4.357225049999999
2020/2/21 11:00,226.6,760433.2,92.3,194.017,3.8,100,96.8,55.9,3.4,54.8,4.8,51.1,48.4,3.291462525
2020/2/21 12:00,227.7,828695.9,6.8,143.58,0.2,100,99.8,50.9,4.1,49.9,6,46.5,44.3,3.7111749749999996
2020/2/21 13:00,193.3,767914.4,7.5,99.709,15.6,99.6,86.8,51,4.2,50.2,6.1,47.3,45.3,1.61952501
2020/2/21 14:00,129.6,588274.1,9.9,76.686,3.9,98.2,95.8,51.5,5.2,50.7,7.4,48,46.2,1.23204999
2020/2/21 15:00,53.7,328984.8,2.5,41.99,0,100,100,53.9,4,53.2,5.8,50.8,49.4,0.201462495
2020/2/21 16:00,0.8,89158.3,0,11.787,0,100,100,61,3.3,59.8,4.8,55.7,53,0
2020/2/21 17:00,0,226.4,0,0.393,0.2,99.7,98.9,70.4,4,69.3,5.7,65.6,63,0
2020/2/21 18:00,0,0,0,0,0,100,100,77.6,3.1,76.3,4.5,71.6,68.3,0
2020/2/21 19:00,0,0,0,0,0,93.1,88.2,90,3,89,4.3,85.1,82.2,0
2020/2/21 20:00,0,0,0,0,0,91.7,91.1,89.1,3.6,88,5.2,83.8,80.7,0
2020/2/21 21:00,0,0,0,0,0,88.1,85.2,84.6,3.4,83.3,4.9,78.6,75.2,0
2020/2/21 22:00,0,0,0,0,0,69.9,61.3,86.1,3.1,84.4,4.4,78.3,73.9,0
2020/2/21 23:00,0,0,0,0,0,99.8,99.1,85.4,2.4,83.6,3.4,77.2,72.6,0
2020/2/22 0:00,0,0,0,0,0,100,99.9,81.6,2.2,80.1,3.2,75.1,71.4,0
2020/2/22 1:00,0,0,0,0,0,99.4,97.2,88,3,87.1,4.3,83.7,81.2,0
2020/2/22 2:00,0,0,0,0,0,99.2,97.5,85.1,2.9,83.9,4.2,79.5,76.2,0
2020/2/22 3:00,0,0,0,0,0,97.4,87.5,83.7,2.6,82.3,3.8,77.4,73.8,0
2020/2/22 4:00,0,0,0,0,0,99.5,95.7,86.1,2,84.3,2.9,77.7,73.1,0
2020/2/22 5:00,0,0,0,0,0,99.7,93.5,85.2,1.7,83.4,2.4,77.1,72.6,0
2020/2/22 6:00,0,0,0,0,0,94.9,82.6,84.2,1.6,82.6,2.2,76.7,72.5,0
2020/2/22 7:00,0.7,184.9,0,0.111,0.6,100,97.2,80.3,2.2,78.9,3.1,74.1,70.4,0
2020/2/22 8:00,54.2,89454.2,1.2,15.26,0.1,100,99.9,80.7,2,79.6,2.9,75.9,72.9,0.172750005
2020/2/22 9:00,131.6,333272.5,0.4,44.026,0.1,100,100,82.6,2.1,81.8,3,79.1,77,0.53573748
2020/2/22 10:00,197.3,599073.1,6.8,78.212,3.1,100,97.4,78.4,2,78,2.8,76.4,75.2,2.975659065
2020/2/22 11:00,233.9,786258.1,69.2,137.054,23.7,98.8,80,72.5,2.3,72,3.3,70.1,69.1,2.042675025
2020/2/22 12:00,234.9,854723.9,142,199.883,54,68.9,43.3,67.7,3,67.4,4.3,66.3,66.2,0
2020/2/22 13:00,200.2,793303.6,123.9,206.076,39,58.4,50.5,69.2,2.7,68.7,3.9,66.6,65.5,0
2020/2/22 14:00,135.7,611957.3,63.7,156.47,22.2,84.9,75.5,66.6,3.7,66,5.3,63.8,62.8,0
2020/2/22 15:00,58.2,348627.2,18.2,91.675,12.9,97.4,88.6,67.9,3.2,67.3,4.5,65,64,0
2020/2/22 16:00,3.1,100208.6,0.4,30.629,11.2,99.4,97.7,71.3,3.3,70.9,4.7,69.4,69,0
2020/2/22 17:00,0,876.6,0,1.512,3.7,99.3,95.2,71.1,3,70.8,4.3,69.6,69.2,0
2020/2/22 18:00,0,0,0,0,0,99.9,95.8,71.5,2.7,71.1,3.8,69.7,69,0
2020/2/22 19:00,0,0,0,0,0,99.9,93.9,67.2,3,66.7,4.3,65.1,64.3,0
2020/2/22 20:00,0,0,0,0,0,99.9,96.8,63.7,3.1,63,4.5,60.4,58.9,0
2020/2/22 21:00,0,0,0,0,0,99.9,96,63,2.9,62.3,4.1,59.7,58.2,0
2020/2/22 22:00,0,0,0,0,0,96.9,77.9,63.6,2.8,62.8,4.1,59.9,58.2,0
2020/2/22 23:00,0,0,0,0,0,98.6,91.2,63.9,3.8,63.1,5.4,60.6,59.4,0
2020/2/23 0:00,0,0,0,0,0,99.8,96.7,77.6,5.1,77.4,7.3,76.7,76.9,0
2020/2/23 1:00,0,0,0,0,0,99.6,86.6,86.8,3.7,86.8,5.3,86.7,86.7,0
2020/2/23 2:00,0,0,0,0,0,99.6,93.2,87.6,3.9,87.5,5.6,87.5,87.5,0
2020/2/23 3:00,0,0,0,0,0,100,99.6,91.5,4,91.7,5.8,92.5,93.1,0
2020/2/23 4:00,0,0,0,0,0,100,99.6,90.4,4.8,90.5,6.9,90.9,91.4,0
2020/2/23 5:00,0,0,0,0,0,99.8,99.1,89.9,5.5,90.1,7.8,91,91.7,0
2020/2/23 6:00,0,0,0,0,0,96.1,94,89.7,4.5,89.8,6.5,90.4,90.9,0
2020/2/23 7:00,3.2,888.9,0.5,0.953,7.5,69.3,64.8,85.8,3.9,85.7,5.7,85.5,85.4,0.049487505
2020/2/23 8:00,59,101380.8,28,29.366,48.5,28.1,28.1,74.6,3.8,74.1,5.5,72.3,70.9,0.82973751
2020/2/23 9:00,138.1,354224.5,86.4,95.637,47,29.2,29.2,65.5,3.7,65.2,5.3,63.8,62.8,4.359550049999999
2020/2/23 10:00,204.5,623903.7,80,137.123,6.9,98.4,98.4,65.2,3.7,65.2,5.3,65,65,1.062075015
2020/2/23 11:00,241.2,812384.6,29.8,116.674,11.5,95.2,94,65.7,3.9,65.7,5.6,66,66.4,0.78377502
2020/2/23 12:00,242.1,881008.8,16.7,83.651,9.6,98.9,97.5,71.6,4.8,71.8,6.9,72.7,73.5,0.43836252000000003
2020/2/23 13:00,207.1,818940.5,15.9,76.147,11.1,94.6,90.5,81.9,4.3,82.3,6.2,84,85.4,2.1900625499999995
2020/2/23 14:00,142,635931.6,29.2,84.476,33.7,78,69.3,75.9,4.2,76.2,6,77.3,78.3,1.2470624999999997
2020/2/23 15:00,62.8,368732.7,20.6,72.272,31.8,74.4,73.1,79.2,2.8,79,4.1,78.3,77.8,0.7457124900000001
2020/2/23 16:00,5.5,111735.2,1.9,30.424,30.5,64.3,64.2,66.8,3.3,66.2,4.8,63.9,62.4,0
2020/2/23 17:00,0,1529,0,3.357,7.3,76.7,76.4,72.4,4.3,72.5,6.1,73,73.6,0
2020/2/23 18:00,0,0,0,0,0,95.2,89.5,80.4,3.4,80.4,4.8,80.8,81.4,0
2020/2/23 19:00,0,0,0,0,0,98.3,89.9,85.3,3.8,85.6,5.5,86.7,87.8,0
2020/2/23 20:00,0,0,0,0,0,96.2,91.9,85.1,3.9,85.6,5.7,87.5,89.5,0
2020/2/23 21:00,0,0,0,0,0,92.6,89.9,84,4.1,84.4,5.9,86.1,87.9,0
2020/2/23 22:00,0,0,0,0,0,93.9,86.8,82.9,3.7,83.2,5.3,84.6,86.1,0
2020/2/23 23:00,0,0,0,0,0,99.4,98,81.7,3.8,81.9,5.5,82.9,84.1,0
2020/2/24 0:00,0,0,0,0,0,84.6,78.6,83.4,3.6,83.6,5.2,84.8,86.4,0
2020/2/24 1:00,0,0,0,0,0,70.2,70.1,75.1,2.9,75,4.1,74.8,74.8,0
2020/2/24 2:00,0,0,0,0,0,92.7,84.2,78.9,3.6,78.9,5.2,79,79.4,0
2020/2/24 3:00,0,0,0,0,0,99.8,98.7,78.3,3.8,78.4,5.5,79.2,80.2,0
2020/2/24 4:00,0,0,0,0,0,99.9,99.2,79.5,3.4,79.7,4.9,80.6,81.8,0
2020/2/24 5:00,0,0,0,0,0,100,99.5,81.5,2.9,81.7,4.2,82.5,83.6,0
2020/2/24 6:00,0,0,0,0,0,100,99.8,83,2.8,83.2,4.1,84.1,85.4,0
2020/2/24 7:00,5.7,1599.4,0.1,0.731,0.3,99.9,99.7,86.1,2,86.3,2.9,87.3,88.6,0
2020/2/24 8:00,64,113923.2,1.2,8.987,0.2,99.9,99.9,86.1,1.8,86.3,2.6,87.5,88.9,0
2020/2/24 9:00,144.8,375779,2,25.997,0.9,99.8,99.8,85.4,1.8,85.6,2.6,86.8,88.2,0
2020/2/24 10:00,211.7,649113.4,7.7,47.039,3.3,99,98.9,84.6,1.8,84.9,2.6,86.2,87.8,0.002187495
2020/2/24 11:00,248.6,838796.4,23.1,74.163,5.7,98.8,98.8,81.4,2,81.7,2.9,83.2,85,0.3253624950000001
2020/2/24 12:00,249.4,907534.9,30.1,93.01,7.9,97.2,97.1,77,2.1,77.4,3,79.2,81.3,1.72501248
2020/2/24 13:00,214.2,844809.4,31.5,91.791,25.5,79.9,79.9,78.1,1.5,78.3,2.2,79.4,81,4.991000025
2020/2/24 14:00,148.4,660178.9,23.8,81.033,14,85.9,85.9,76,1.5,76.3,2.2,77.4,78.8,1.9492250549999999
2020/2/24 15:00,67.6,389275.9,15.4,62.037,25.2,78.5,78.5,76.6,1.6,76.8,2.3,77.6,78.6,0.11913749999999998
2020/2/24 16:00,7.8,123777.2,2.2,29.366,32,71.2,71.2,81.8,1.3,81.7,1.9,81.5,81.7,0.005125005
2020/2/24 17:00,0,2183.4,0,4.715,11.1,62.1,62.1,85.4,1.6,85.1,2.3,84.1,83.5,0
2020/2/24 18:00,0,0,0,0,0,53.1,53.1,87,1.9,86.6,2.7,85.6,85.2,0
2020/2/24 19:00,0,0,0,0,0,58.6,58.6,89.6,1.9,89.8,2.7,90.4,91.2,0
2020/2/24 20:00,0,0,0,0,0,39.2,39.2,89.7,1.9,89.7,2.7,89.6,89.9,0
2020/2/24 21:00,0,0,0,0,0,51,51,90.5,1.8,90.4,2.6,90.2,90.3,0
2020/2/24 22:00,0,0,0,0,0,53.1,53.1,91.7,1.8,91.6,2.6,91.3,91.2,0
2020/2/24 23:00,0,0,0,0,0,68.4,68.4,91.5,1.8,91.2,2.6,90.1,89.2,0
2020/2/25 0:00,0,0,0,0,0,67.1,66.9,92.5,1.6,92.2,2.4,90.7,89.5,0
2020/2/25 1:00,0,0,0,0,0,85.7,85.1,89.6,1.5,89.1,2.1,87.2,85.7,0
2020/2/25 2:00,0,0,0,0,0,69.2,69.1,91.1,1.4,90.6,2,88.5,86.7,0
2020/2/25 3:00,0,0,0,0,0,61.3,61.3,92.5,1.3,92,1.8,89.8,87.9,0
2020/2/25 4:00,0,0,0,0,0,45.4,45.4,94.4,1.2,93.8,1.8,91,88.8,0
2020/2/25 5:00,0,0,0,0,0,13.4,13.4,96.8,1.1,95.9,1.6,92.3,89.3,0
2020/2/25 6:00,0,0,0,0,0,6.6,6.6,97.4,1.1,96.4,1.6,91.9,87.7,0
2020/2/25 7:00,8.3,2315.9,3.7,5.143,15.9,17.3,16.8,92.8,1.4,91.8,2,87.2,83,0.057250005
2020/2/25 8:00,69.2,127137.4,43.4,44.436,43.6,28.6,27.9,86.5,1.1,85.2,1.6,80.1,75.7,0.7036125000000001
2020/2/25 9:00,151.6,397909.8,115.3,124.367,60,40.7,20.3,81,1,79.6,1.4,74.6,70.4,2.330475
2020/2/25 10:00,219,674682.9,191.9,208.754,60,52.9,26.5,75,0.8,74.3,1.1,71.5,69.1,5.42578755
2020/2/25 11:00,256,865476.9,223.8,265.253,60,70.1,35,71.1,1,70.5,1.5,68.2,66.3,7.834274999999999
2020/2/25 12:00,256.8,934286.8,223.9,284.326,60,75.4,37.7,68.3,1.4,67.7,2,65.6,64.3,8.125875
2020/2/25 13:00,221.2,870894.7,196.8,269.797,59.6,27.3,13.9,69.3,2.1,69.3,3.1,69.6,70.3,6.520750049999999
2020/2/25 14:00,154.8,684681.7,141,222.207,60,15.1,7.6,67.4,2.2,67,3.2,66,65.6,3.51670005
2020/2/25 15:00,72.5,410231.4,66.7,145.643,60,2.9,1.5,67.3,2.2,66.7,3.1,64.5,63,1.269375
2020/2/25 16:00,10.1,136367.3,10.1,58.087,60,0,0,70.4,2.1,69.2,3,64.8,61.8,0.067605
2020/2/25 17:00,0,2840.3,0,7.608,23,0,0,77.4,1.8,75.6,2.6,69.2,64.5,0
2020/2/25 18:00,0,0,0,0,0,10.2,5.1,89.3,1.7,86.9,2.4,78.3,71.8,0
2020/2/25 19:00,0,0,0,0,0,19,9.5,95,1.6,92.5,2.3,83.1,75.7,0
2020/2/25 20:00,0,0,0,0,0,37.5,18.9,98,1.6,95.4,2.3,85.2,77.1,0
2020/2/25 21:00,0,0,0,0,0,67.2,48.7,98.3,1.7,95.8,2.5,85.7,77.3,0
2020/2/25 22:00,0,0,0,0,0,75.5,54.6,98,1.7,95.6,2.5,85.9,77.7,0
2020/2/25 23:00,0,0,0,0,0,77.6,56.4,96.8,1.8,94.6,2.6,85.4,77.7,0
2020/2/26 0:00,0,0,0,0,0,67,50.5,96.6,1.9,94.4,2.8,85.3,77.7,0
2020/2/26 1:00,0,0,0,0,0,0.2,0.2,93.4,2.2,91.8,3.2,85.3,80.1,0
2020/2/26 2:00,0,0,0,0,0,0.3,0.3,93.3,2.1,91.7,3,85,79.5,0
2020/2/26 3:00,0,0,0,0,0,1.1,1.1,93.2,2,91.6,2.8,84.8,79.1,0
2020/2/26 4:00,0,0,0,0,0,0.7,0.7,91.6,2.1,89.9,2.9,83.1,77.8,0
2020/2/26 5:00,0,0,0,0,0,0.7,0.7,90,2,88.3,2.9,81.6,76.6,0
2020/2/26 6:00,0,0,0,0,0,3.8,2.3,84.4,2,82.8,2.9,76.9,72.5,0.020624999999999984
2020/2/26 7:00,10.9,3039.5,8.3,7.918,22.9,0.5,0.5,75.4,2,74.3,2.9,70.2,67.2,1.3540250099999998
2020/2/26 8:00,74.6,141071.9,66.9,57.96,59.9,0.2,0.2,67.9,1.8,66.9,2.6,63.2,60.5,4.940224949999999
2020/2/26 9:00,158.5,420590,145.1,146.567,60,19.6,9.8,58.8,1.9,58.1,2.7,55.9,54.5,7.8306252
2020/2/26 10:00,226.4,700593.1,204.6,227.005,60,56.2,28.1,52.2,2,51.7,2.9,50.2,49.3,9.06585
2020/2/26 11:00,263.6,892409.7,239.1,279.812,60,52.3,26.2,47.3,2.2,46.8,3.1,45.5,44.8,9.0577002
2020/2/26 12:00,264.2,961249,242.6,299.909,60,53.9,26.9,44.1,2.2,43.6,3.2,41.9,40.9,8.8371
2020/2/26 13:00,228.4,897181,210.1,283.968,60,65.6,32.8,48.4,2.4,47.6,3.4,44.9,43.1,7.718325
2020/2/26 14:00,161.4,709422.4,148.5,233.733,60,70.5,35.3,49.6,2.1,48.4,3,44,40.8,4.9605999
2020/2/26 15:00,77.6,431574.5,66.8,154.388,60,83,41.5,50.9,2.1,49.5,3.1,44.5,40.8,2.068362525
2020/2/26 16:00,12.5,149530.6,8.9,63.386,60,91.3,45.7,54.4,2.4,52.7,3.4,46.7,42.2,0.10467273
2020/2/26 17:00,0,4962.1,0,9.341,26,94.7,47.4,59.2,2.4,57,3.4,49.1,43.2,0
2020/2/26 18:00,0,0,0,0,0,93.7,46.8,63.7,2,61.2,2.9,52.7,46.5,0
2020/2/26 19:00,0,0,0,0,0,38.5,19.2,63.6,1.6,62.1,2.3,56.7,53,0
2020/2/26 20:00,0,0,0,0,0,33.9,16.9,63.3,2,61.7,2.9,56.3,52.7,0
2020/2/26 21:00,0,0,0,0,0,40.2,20.1,62.8,2.2,61.1,3.1,55.1,51.2,0
2020/2/26 22:00,0,0,0,0,0,52.7,26.4,61.1,2,59.2,2.9,52.8,48.6,0
2020/2/26 23:00,0,0,0,0,0,41.8,20.9,59.6,1.9,57.7,2.8,51.6,47.5,0
2020/2/27 0:00,0,0,0,0,0,37.7,18.9,58.4,1.9,56.9,2.7,51.6,48.1,0
2020/2/27 1:00,0,0,0,0,0,17.2,8.6,62.3,2.3,61.1,3.3,57.1,54.6,0
2020/2/27 2:00,0,0,0,0,0,51,25.5,61.8,2.4,60.5,3.4,56,53.2,0
2020/2/27 3:00,0,0,0,0,0,81.3,40.7,61.6,2.1,60.6,3,57.1,54.9,0
2020/2/27 4:00,0,0,0,0,0,87.8,43.9,61.6,2,60.9,2.9,58.7,57.4,0
2020/2/27 5:00,0,0,0,0,0,89.6,44.8,64.8,2.1,64.2,3,62.3,61.2,0
2020/2/27 6:00,0,0,0,0,0,92.4,46.6,62.9,2.2,62.4,3.2,60.8,59.9,0.050219999999999994
2020/2/27 7:00,13.5,6403.1,4.4,8.752,25.9,93,46.6,60.6,2.3,60.4,3.3,59.9,59.6,0.8307
2020/2/27 8:00,80.3,155765,43,56.667,59.8,95.6,48,59.1,2.4,58.9,3.5,57.9,57.4,2.77562724
2020/2/27 9:00,165.5,443792.8,101.6,138.402,58.5,96.3,49.4,56.4,2.4,56.1,3.5,55,54.4,6.1747749
2020/2/27 10:00,233.9,726824.8,156.9,214.195,48.6,97.1,58.1,53.1,2.5,52.7,3.6,51.3,50.4,6.7663590750000004
2020/2/27 11:00,271.1,919578.5,188.8,265.747,52.6,95.5,53.9,50.4,2.7,50.1,3.9,48.9,48.2,8.2256874
2020/2/27 12:00,271.7,988406,182.1,280.491,58.9,95.1,48.5,48.9,2.8,48.4,4,47,46.1,7.792962599999999
2020/2/27 13:00,235.6,923652.8,148.6,257.329,44.5,85.9,55.8,51.6,2.5,51.3,3.6,50.5,50.2,6.0678374999999996
2020/2/27 14:00,168,734384,109.2,209.389,51,86.4,50.6,53.7,2.3,53.3,3.3,52,51.3,2.0547874499999996
2020/2/27 15:00,82.9,453280.8,56.3,142.198,50.1,91.9,54.2,56.1,2.3,55.6,3.4,53.9,52.8,0.473762505
2020/2/27 16:00,14.9,163284.2,7.8,62.375,42.3,98.6,64.7,60.3,2.4,59.5,3.4,56.8,54.8,0.04302273
2020/2/27 17:00,0,8636.6,0,10.689,20.3,99.2,64.7,65.4,2.3,64.4,3.3,60.8,58.2,0
2020/2/27 18:00,0,0,0,0,0,99.6,70.2,68.9,2.2,67.9,3.2,64.4,61.8,0
2020/2/27 19:00,0,0,0,0,0,97.2,49.9,73.3,2.2,72.1,3.1,67.9,64.7,0
2020/2/27 20:00,0,0,0,0,0,97.7,51.9,74.7,1.9,73.8,2.7,70.5,68.1,0
2020/2/27 21:00,0,0,0,0,0,98.2,56.6,74.2,1.7,73.4,2.5,70.5,68.4,0
2020/2/27 22:00,0,0,0,0,0,97.2,50,74.6,1.5,73.7,2.1,70.4,68,0
2020/2/27 23:00,0,0,0,0,0,97.7,50.3,74.6,1.5,73.6,2.2,70,67.7,0
2020/2/28 0:00,0,0,0,0,0,98.5,64.1,73,1.6,72.3,2.3,69.9,68.4,0
2020/2/28 1:00,0,0,0,0,0,100,68.6,73.8,1.5,73,2.2,70,67.9,0
2020/2/28 2:00,0,0,0,0,0,100,84.8,73.4,1.4,72.8,2,70.6,69.1,0
2020/2/28 3:00,0,0,0,0,0,100,65.1,73.1,1.5,72.4,2.2,70.1,68.6,0
2020/2/28 4:00,0,0,0,0,0,97.4,52,74.4,1.5,73.8,2.1,71.8,70.5,0
2020/2/28 5:00,0,0,0,0,0,94.7,47.5,75.9,1.6,75,2.3,71.8,69.6,0
2020/2/28 6:00,0,0,0,0,0,98.9,50.8,73.5,1.5,72.6,2.2,69.2,66.8,0.03342
2020/2/28 7:00,16.2,10507.1,4.5,8.983,19.8,94.2,63.1,74.6,1.5,73.5,2.1,69.3,66,1.2247375049999998
2020/2/28 8:00,86.1,171244.5,51.3,58.582,45,87,56,69.4,1.3,68.5,1.8,65,62.1,3.2677125000000005
2020/2/28 9:00,172.6,467491.2,126.1,143.699,58.7,88.5,45.7,66.8,1.1,65.6,1.6,61.5,58.4,2.8580625
2020/2/28 10:00,241.4,753359.2,170.3,216.485,50.5,80.1,53.5,64.2,0.9,63.1,1.2,59.5,56.9,2.2525125000000004
2020/2/28 11:00,278.8,946966.9,202.4,260.979,51.1,25.3,21.3,60.2,0.7,59.4,1,56.5,54.7,1.9806
2020/2/28 12:00,279.2,1015742.7,129,256.252,39.4,68.9,58.3,60.6,0.6,59.7,0.9,56.7,54.8,3.005124975
2020/2/28 13:00,242.8,950295.1,51.7,205.34,11.5,95.6,88.8,66,0.9,65.1,1.3,62.2,60.2,4.5
2020/2/28 14:00,174.7,759549.8,33.8,153.791,22.5,94.8,78.7,65.4,0.8,64.7,1.2,62.3,60.8,2.74962495
2020/2/28 15:00,88.3,475326.5,12.8,104.42,15.3,99.2,86.9,69.2,1,67.8,1.4,62.9,59.6,0.32479773
2020/2/28 16:00,17.4,177637.8,1.4,47.205,8,99.8,93.2,67.4,1.1,65.9,1.6,60.7,57.1,0.043309079999999986
2020/2/28 17:00,0,12337.3,0,8.894,3.5,99.9,94.5,68.7,1.3,67.3,1.9,62,58.1,0
2020/2/28 18:00,0,0,0,0,0,100,98.3,73.6,1.3,71.7,1.9,65.2,60.1,0
2020/2/28 19:00,0,0,0,0,0,99.9,94.1,84.2,1.5,82.7,2.1,77.1,72.9,0
2020/2/28 20:00,0,0,0,0,0,99.9,97.9,84.4,2.1,83.7,3,80.8,78.5,0
2020/2/28 21:00,0,0,0,0,0,99.8,98.4,84.6,2.3,84.8,3.3,85.4,86.2,0
2020/2/28 22:00,0,0,0,0,0,99.9,99.7,89.6,2.2,89.7,3.1,90,90.4,0
2020/2/28 23:00,0,0,0,0,0,98.3,97.2,90.4,1.9,90.4,2.8,90.2,90.2,0
2020/2/29 0:00,0,0,0,0,0,97,96.9,89.5,1.9,89.5,2.8,89.5,89.6,0
2020/2/29 1:00,0,0,0,0,0,33.2,33.2,95.1,1.3,94.5,1.9,92.3,90.7,0
2020/2/29 2:00,0,0,0,0,0,46.8,46.8,95.3,1.1,94.5,1.7,91.1,88.5,0
2020/2/29 3:00,0,0,0,0,0,55.5,55.5,96.8,1.1,96.1,1.6,93.3,91.1,0
2020/2/29 4:00,0,0,0,0,0,62.7,62.7,96.2,0.7,95.6,1,93,90.9,0
2020/2/29 5:00,0,0,0,0,0,47.9,47.9,99.4,0.9,98.8,1.3,95.9,93.4,0
2020/2/29 6:00,0,0,0,0,0,53.4,53.4,96.3,1,95.9,1.5,93.1,90.4,0
2020/2/29 7:00,19,14668.9,7.7,10.072,17.9,45.7,45.7,89.6,1.2,89.8,1.8,90,89.7,0.0535875
2020/2/29 8:00,92.1,187527,56.4,61.384,32.1,46.5,46.5,89.1,1.1,89.1,1.6,88.6,87.6,0.31583751
2020/2/29 9:00,179.8,491658.6,125.6,147.469,37.9,36.8,36.8,85.9,0.9,85.6,1.3,84.4,83.3,1.176850005
2020/2/29 10:00,249.1,780177.2,195.7,229.138,57.4,4.3,4.3,78.2,0.8,78.1,1.1,77.9,77.9,5.291687475000001
2020/2/29 11:00,286.4,974558.7,205.6,269.371,35.9,40.2,40.2,72.1,1.1,72.2,1.6,72.8,73.7,7.414187549999999
2020/2/29 12:00,286.8,1043244,216.9,276.782,41.9,30.2,30.2,68.1,1.6,68.1,2.3,68.5,69.4,8.33509863
2020/2/29 13:00,250.1,977093,209.2,279.539,59.2,96.2,48.8,70.3,1.5,70.3,2.1,70.5,71,6.85096245
2020/2/29 14:00,181.4,784903.3,118.3,238.773,58.5,99.2,50.9,70.1,1.4,69.8,2,68.6,68,2.3467124999999998
2020/2/29 15:00,93.8,497688.5,49.3,155.676,59.4,98.6,49.9,71.1,1.7,70.3,2.4,67.4,65.4,0.53442501
2020/2/29 16:00,20,192592.7,5.4,68.984,60,100,50,74.4,2.1,73,3,68.1,64.5,0.034159079999999994
2020/2/29 17:00,0,16073.1,0,12.935,34.5,100,51.1,73.6,2.4,71.6,3.5,64.4,58.9,0
2020/2/29 18:00,0,0,0,0,0,100,51.2,75.2,2.4,73,3.4,65,59.2,0
2020/2/29 19:00,0,0,0,0,0,100,54.7,78,1.7,76.4,2.5,70.6,66.4,0
2020/2/29 20:00,0,0,0,0,0,100,56.6,81.1,2.3,78.8,3.3,70.5,64.3,0
2020/2/29 21:00,0,0,0,0,0,100,63.7,83.7,2.7,81.4,3.9,72.9,66.6,0
2020/2/29 22:00,0,0,0,0,0,100,89.3,83.8,2.7,81.7,3.9,74.1,68.4,0
2020/2/29 23:00,0,0,0,0,0,100,99.2,85.6,3.2,83.7,4.6,76.6,71.3,0
2020/3/1 0:00,0,0,0,0,0,97,94.9,85.7,3.5,83.9,5.1,77.5,72.5,0
2020/3/1 1:00,0,0,0,0,0,100,97.2,83.9,3.2,81.5,4.6,72.8,66.3,0
2020/3/1 2:00,0,0,0,0,0,99.9,98.3,83.5,3.4,81.7,4.9,75.2,70.2,0
2020/3/1 3:00,0,0,0,0,0,100,99.3,82.8,3.8,81.9,5.5,78.8,76.4,0
2020/3/1 4:00,0,0,0,0,0,99.9,99.1,82.3,4,81.8,5.8,80.2,79.1,0
2020/3/1 5:00,0,0,0,0,0,99.8,96.9,82.8,4.1,82.4,5.8,80.9,79.9,0
2020/3/1 6:00,0,0,0,0,0,99.5,96.8,81.3,4.1,81,6,79.7,78.9,0.030633329999999997
2020/3/1 7:00,22,18902.9,0.3,7.792,1.4,99.9,98.1,80.9,3.4,80.4,4.9,78.5,77,0.3334125
2020/3/1 8:00,98.2,204617,4.7,43.483,3.1,99.9,97.4,78.4,3.7,78.1,5.2,77,76.3,0.59142501
2020/3/1 9:00,187.1,516268.3,32.4,108.26,9.4,99.1,91.8,75.6,3.7,75.5,5.4,75.1,75,1.07153751
2020/3/1 10:00,256.7,807260.2,100.1,186.969,34.1,97.2,70.2,71,3.9,71.2,5.6,71.6,72.2,1.9227624749999999
2020/3/1 11:00,294.2,1002337.8,138.4,248.069,21.4,91.2,77.9,68.4,4.1,68.4,5.9,68.6,68.9,2.4844624499999997
2020/3/1 12:00,294.4,1070894.7,65.3,229.153,2.3,100,98.1,67.5,4.3,67.5,6.2,67.3,67.4,1.639024995
2020/3/1 13:00,257.4,1004031.6,4.5,150.659,3.5,100,98.1,73.9,4.9,74,7.1,74.2,74.5,0.738525
2020/3/1 14:00,188.2,810428.4,3.6,97.728,4.1,100,99.2,73.6,5.4,73.5,7.8,73.2,73.1,0.35892499499999997
2020/3/1 15:00,99.4,520344.3,2.2,71.517,10.2,99.9,98.1,73.7,5.6,73.5,8,72.9,72.7,0.2082375
2020/3/1 16:00,22.7,208142.6,0.3,38.18,12.3,99.8,94,74.3,5.5,74.1,7.8,73.2,72.8,0.00977727
2020/3/1 17:00,0,19855.8,0,9.217,13,99.6,93.5,75.4,5.4,75,7.7,73.7,72.9,0
2020/3/1 18:00,0,0,0,0,0,99.3,96,77.1,5.2,76.7,7.4,75.3,74.4,0
2020/3/1 19:00,0,0,0,0,0,99.9,99.7,79,4.6,78.7,6.6,77.6,76.9,0
2020/3/1 20:00,0,0,0,0,0,100,99.9,80.7,4.6,80.3,6.6,79.2,78.5,0
2020/3/1 21:00,0,0,0,0,0,99.9,99.3,81.3,4.8,81.1,6.9,80.2,79.7,0
2020/3/1 22:00,0,0,0,0,0,99.5,98.3,81.4,5.1,81.1,7.4,80.1,79.4,0
2020/3/1 23:00,0,0,0,0,0,99.9,99.8,80.9,5.2,80.7,7.5,79.8,79.3,0
2020/3/2 0:00,0,0,0,0,0,100,100,80.9,5.2,80.6,7.4,79.5,78.8,0
2020/3/2 1:00,0,0,0,0,0,99.9,98,83.7,4.6,83.2,6.5,81.6,80.5,0
2020/3/2 2:00,0,0,0,0,0,94.9,85.1,82.9,4.2,82.1,6,79.2,77.1,0
2020/3/2 3:00,0,0,0,0,0,40.6,32.3,83.8,4,82.7,5.8,78.6,75.9,0
2020/3/2 4:00,0,0,0,0,0,84.4,66.6,82.8,4,81.5,5.7,77,73.9,0
2020/3/2 5:00,0,0,0,0,0,99,92.9,80.7,4.2,79.6,6,75.7,73,0
2020/3/2 6:00,0,0,0,0,0,99.4,87.7,78.9,4.5,78,6.4,74.7,72.3,0.0020181749999999997
2020/3/2 7:00,25.2,23694.7,6.4,13.18,27,88.4,60.6,79.1,4,78.2,5.7,75,72.8,0.28448751
2020/3/2 8:00,104.5,222507.6,50.6,67.246,57.8,51.3,29.1,75.2,4,74.6,5.8,72.2,70.7,2.10582498
2020/3/2 9:00,194.5,541294.3,128.1,151.904,56.3,46.3,27.1,71.4,3.9,70.8,5.7,68.8,67.5,6.850024949999999
2020/3/2 10:00,264.5,834589.7,206.5,234.364,59.4,34.5,18,66.8,4.2,66.4,6.1,65.1,64.3,6.9831876
2020/3/2 11:00,301.9,1030288.2,196.6,283.422,33.9,99.6,72.9,64.8,4.5,64.5,6.4,63.4,63,9.2485749
2020/3/2 12:00,302.1,1098680.1,124.8,279.325,7.2,99.9,94,65,4.6,64.6,6.6,63.1,62.4,5.41296255
2020/3/2 13:00,264.8,1031096.4,64.1,235.653,10,100,91.7,69.5,4.5,69,6.4,67.5,66.5,4.40521245
2020/3/2 14:00,195,836109.3,12.1,164.48,11.3,100,90.6,71.6,4.7,70.9,6.7,68.6,66.9,2.630012475
2020/3/2 15:00,105.1,543272.1,1,93.377,3.6,100,96.9,73.7,4.5,73,6.5,70.3,68.5,0.8561000249999999
2020/3/2 16:00,25.6,224274.5,0.5,41.961,3.7,100,97,76.2,4.6,75.5,6.6,72.8,71,0.06692500499999998
2020/3/2 17:00,0,24309,0,9.841,22.4,99.5,72.6,78.8,4.7,78.1,6.8,75.5,73.7,0
2020/3/2 18:00,0,0,0,0,0,99.6,72.5,82.1,4.9,81.4,7.1,79,77.4,0
2020/3/2 19:00,0,0,0,0,0,99.9,74.1,83.4,4.5,82.7,6.4,80.1,78.3,0
2020/3/2 20:00,0,0,0,0,0,99.7,78.6,82.2,4.6,81.4,6.6,78.9,77.1,0
2020/3/2 21:00,0,0,0,0,0,99.8,86.5,81.2,4.5,80.5,6.5,78.2,76.7,0
2020/3/2 22:00,0,0,0,0,0,92.6,87.5,81,4.8,80.5,6.9,78.6,77.4,0
2020/3/2 23:00,0,0,0,0,0,93.3,92,81.6,5,81.1,7.1,79.5,78.5,0
2020/3/3 0:00,0,0,0,0,0,90.4,89.9,82.1,4.9,81.6,7.1,79.8,78.6,0
2020/3/3 1:00,0,0,0,0,0,91,90.1,81.6,4.4,81,6.4,78.9,77.4,0
2020/3/3 2:00,0,0,0,0,0,68.5,68.4,81.6,4.1,80.9,5.9,78.5,76.9,0
2020/3/3 3:00,0,0,0,0,0,63.4,63.4,81.5,3.9,81,5.7,79.1,77.8,0
2020/3/3 4:00,0,0,0,0,0,60.1,60.1,81.1,4.1,80.6,5.9,78.7,77.5,0
2020/3/3 5:00,0,0,0,0,0,16.5,16.5,80.7,4.1,80.3,5.9,78.7,77.8,0
2020/3/3 6:00,0,0,0,0,0,65.4,65.4,77.2,4.1,76.7,5.8,75.2,74.2,0.04418751
2020/3/3 7:00,28.7,29461.7,6.1,12.859,5.2,89.1,89.1,73.3,3.7,72.9,5.3,71.5,70.8,1.6779250049999999
2020/3/3 8:00,111,241182.1,34.9,61.251,4.9,92.5,92.5,69.4,3.7,69,5.3,67.9,67.3,5.544674850000001
2020/3/3 9:00,202,566710.6,114.2,144.537,8.7,85.9,85.9,65.4,3.5,65,5.1,64,63.7,7.7957877
2020/3/3 10:00,272.2,862147.2,214.4,236.855,58.1,4,4,61.1,3.5,60.7,5.1,59.5,59.1,9.1776876
2020/3/3 11:00,309.8,1058394.2,257,301.83,56.5,6.1,6.1,58.4,3.7,58.1,5.3,57.1,56.7,9.670287599999998
2020/3/3 12:00,309.7,1126585.5,254,321.756,52.1,13.1,13.1,57.8,3.7,57.4,5.3,56.3,56,9.4528875
2020/3/3 13:00,272.2,1058273.1,228.8,306.262,59.4,1,1,57.6,3.4,57.3,4.8,56.3,56.2,8.2350876
2020/3/3 14:00,201.9,861930.6,175,260.287,60,0,0,59.6,3.7,59.1,5.3,57.7,57.1,5.8694374499999995
2020/3/3 15:00,110.9,566450.9,97.2,185.004,60,2.3,1.2,62.5,3.8,62,5.5,60.2,59.2,2.66101245
2020/3/3 16:00,28.6,240969.6,22.7,90.827,60,45.4,22.7,67.1,3.7,66.5,5.3,64.7,63.7,0.44252499
2020/3/3 17:00,0,29396.5,0,20.483,43,26.5,13.2,72.2,3.5,71.6,5.1,69.7,68.5,0
2020/3/3 18:00,0,0,0,0,0,1.5,0.7,78.1,3.5,77.4,5,75.1,73.6,0
2020/3/3 19:00,0,0,0,0,0,0.4,0.2,79.3,3.2,78.6,4.6,76.3,74.7,0
2020/3/3 20:00,0,0,0,0,0,0,0,78.9,3.1,78.3,4.5,76,74.4,0
2020/3/3 21:00,0,0,0,0,0,0.8,0.8,79.1,2.9,78.4,4.2,76.2,74.7,0
2020/3/3 22:00,0,0,0,0,0,2,1.4,79.5,2.7,78.9,3.9,76.8,75.5,0
2020/3/3 23:00,0,0,0,0,0,19.8,10,79.7,2.8,79.1,4.1,77,75.7,0
2020/3/4 0:00,0,0,0,0,0,2.8,2.7,80,2.9,79.3,4.2,77.2,75.9,0
2020/3/4 1:00,0,0,0,0,0,99.9,98.7,74.1,3.1,73.5,4.4,71.5,70.3,0
2020/3/4 2:00,0,0,0,0,0,99.7,97,73.2,3.3,72.6,4.7,70.6,69.3,0
2020/3/4 3:00,0,0,0,0,0,98.8,93.6,72.3,3.2,71.8,4.6,70.1,69.1,0
2020/3/4 4:00,0,0,0,0,0,86.9,86,73.5,3.4,73,4.9,71.2,70.2,0
2020/3/4 5:00,0,0,0,0,0,91,91,74.3,3.4,73.8,4.8,72,71,0
2020/3/4 6:00,0,0,0,0,0,90.2,89.9,72.4,3,71.9,4.3,70.4,69.4,0.022515
2020/3/4 7:00,32.4,35450.4,7.7,14.663,11.8,94.8,85.1,74.5,3.2,73.9,4.6,71.8,70.4,0.334249995
2020/3/4 8:00,117.6,260615.9,30.2,66.573,26.2,98.2,77.6,71.7,3.4,71.1,4.9,69.3,68.1,0.8579124899999999
2020/3/4 9:00,209.5,592492,37.5,132.026,31.6,98,72.7,66.9,3.3,66.4,4.7,64.9,64.2,1.102662495
2020/3/4 10:00,280.1,889914.6,58.3,181.885,47.4,94.9,58,63.5,3.1,63.1,4.4,61.4,60.5,1.217475
2020/3/4 11:00,317.6,1086640.1,81.2,219.095,28.7,97.4,74.8,61.2,2.9,60.8,4.2,59.5,59,1.121612505
2020/3/4 12:00,317.4,1154596.5,52.4,217.521,10,99.4,91.3,60.7,2.7,60.3,3.9,59,58.6,0.89945001
2020/3/4 13:00,279.6,1085547.5,24.6,180.448,9.5,99.4,92.8,67.4,2.8,67.1,4,66.2,66,0.947050005
2020/3/4 14:00,208.9,887877,28.3,154.143,18.8,98.8,84.6,67.7,2.8,67.3,4,66.1,65.6,0.88108749
2020/3/4 15:00,116.8,589860,13.5,119.513,6.6,99.7,94.4,69.8,2.8,69.3,4.1,67.4,66.2,0.5539125
2020/3/4 16:00,31.9,258204.9,1.2,58.814,3,99.8,97.4,73.8,2.6,73.1,3.7,70.6,68.9,0.046112505
2020/3/4 17:00,0,34635.6,0,13.191,1.7,99.9,98.1,78,2.7,77.2,3.9,74.4,72.3,0
2020/3/4 18:00,0,0,0,0,0,99.9,98.8,81,2.8,80.3,4,77.6,75.7,0
2020/3/4 19:00,0,0,0,0,0,100,99.7,84.6,2.3,84,3.4,81.9,80.3,0
2020/3/4 20:00,0,0,0,0,0,100,99.7,86.4,2.2,85.9,3.1,84,82.6,0
2020/3/4 21:00,0,0,0,0,0,100,100,87.3,1.9,86.7,2.8,84.6,83.2,0
2020/3/4 22:00,0,0,0,0,0,100,100,88.1,2.1,87.6,3,85.6,84.3,0
2020/3/4 23:00,0,0,0,0,0,100,100,86.2,1.8,85.7,2.5,84.1,83.1,0
2020/3/5 0:00,0,0,0,0,0,100,100,85,1.3,84.8,1.8,84.4,84.2,0
2020/3/5 1:00,0,0,0,0,0,100,100,86.1,0.5,86.4,0.8,87.6,88.6,0
2020/3/5 2:00,0,0,0,0,0,100,100,88.1,0.3,88.4,0.5,89.5,90.6,0
2020/3/5 3:00,0,0,0,0,0,100,100,89.9,0.4,90.1,0.6,91.1,92,0
2020/3/5 4:00,0,0,0,0,0,100,100,92.3,0.7,92.3,0.9,92.5,92.8,0
2020/3/5 5:00,0,0,0,0,0,100,100,93.5,0.8,93.5,1.2,93.6,93.8,0
2020/3/5 6:00,0,0,0,0,0,99.3,98.7,94.6,0.9,94.4,1.3,94,93.7,0
2020/3/5 7:00,36.4,41727.8,0.9,6.53,2.1,100,99.6,94.4,0.9,94.2,1.3,93.5,92.9,0.009400005000000001
2020/3/5 8:00,124.3,280778.7,12.6,36.067,9.1,99.8,97.9,92.7,0.8,92.4,1.1,90.9,89.7,0.19144999499999998
2020/3/5 9:00,217.1,618613.6,40.4,90.137,17.6,98.3,92.6,86.9,0.7,86.7,1,85.9,85.4,1.5993249900000002
2020/3/5 10:00,287.9,917873.9,86.3,158.318,31.5,86.7,79.3,78.6,0.9,78.6,1.3,78.7,79.1,3.172274925
2020/3/5 11:00,325.5,1115010.3,142.4,223.193,45.1,41,41,71.2,1.7,71.1,2.4,71.1,71.6,6.27231255
2020/3/5 12:00,325.2,1182698.5,112.2,232.195,16.9,84.2,84.2,72.3,2.3,72.1,3.4,71.9,72.2,5.2983
2020/3/5 13:00,287.1,1112905.7,31,171.182,0.1,100,100,81,1.2,80.8,1.7,80.2,80.1,1.9983750000000002
2020/3/5 14:00,215.8,913933.9,10.2,114.06,5.6,93.3,93.3,80.6,0.8,80.1,1.1,78.5,77.6,2.222262525
2020/3/5 15:00,122.9,613479.8,13.3,88.913,7.3,93.2,93.2,82,0.4,81.4,0.6,79.1,77.6,1.1989999949999999
2020/3/5 16:00,35.3,275954.6,4.1,52.658,8,89.8,89.8,85.3,0.6,84.3,0.8,80.9,78.4,0.1452
2020/3/5 17:00,0,40070.5,0,13.342,2.2,98.4,98.4,89.1,0.6,87.9,0.8,83.6,80.6,0
2020/3/5 18:00,0,0,0,0,0,93.3,93.3,90.8,0.8,89.9,1.1,86.5,84,0
2020/3/5 19:00,0,0,0,0,0,71,68.5,92,1.2,91.3,1.8,88.7,86.8,0
2020/3/5 20:00,0,0,0,0,0,80.3,76.3,93.5,1.3,92.7,1.9,90.1,88.1,0
2020/3/5 21:00,0,0,0,0,0,64.5,64.5,96.9,1.2,95.6,1.8,91.3,87.8,0
2020/3/5 22:00,0,0,0,0,0,48.2,48,99.5,1.2,97.4,1.8,89.6,84,0
2020/3/5 23:00,0,0,0,0,0,50.4,50.4,100,1.3,97.4,1.9,87.5,79.7,0
2020/3/6 0:00,0,0,0,0,0,81.5,75.6,97.9,1.5,95.1,2.1,84.4,76.2,0
2020/3/6 1:00,0,0,0,0,0,91.4,85.1,96,1.7,93.8,2.4,85.2,78.5,0
2020/3/6 2:00,0,0,0,0,0,99,95.4,94.3,1.5,92,2.2,83.1,76.1,0
2020/3/6 3:00,0,0,0,0,0,99.9,96.8,93.4,1.5,91,2.1,81.8,74.3,0
2020/3/6 4:00,0,0,0,0,0,95.8,83.5,93.9,1.5,91.4,2.1,81.7,73.7,0
2020/3/6 5:00,0,0,0,0,0,98.6,94.5,92.4,1.4,89.9,2,80.2,72.1,0
2020/3/6 6:00,0,0,0,0,0,96.3,94,91,1.3,88.5,1.8,78.9,70.6,0.126199995
2020/3/6 7:00,40.6,48353.3,4.2,18.202,3.9,99,96,85.4,1.9,83.3,2.7,75.3,68.5,0.5766
2020/3/6 8:00,131.2,301635.9,19.5,67.549,4.1,99.6,96.8,81.6,1.5,79.7,2.2,72.4,66.3,1.200962505
2020/3/6 9:00,224.8,645050.8,34.9,126.315,2.7,99.6,98.2,77.1,1,75.3,1.5,68.8,63.5,3.0795375
2020/3/6 10:00,295.8,946007.3,29.7,166.09,2.2,99.8,98.9,73.3,0.7,71.7,1,65.9,61.1,6.6129876
2020/3/6 11:00,333.3,1143489.5,44.9,194.796,2.2,99.8,98.7,71.9,0.6,70.3,0.8,64.1,59.4,5.5392375
2020/3/6 12:00,332.9,1210877.6,72.8,221.391,2.8,99.7,98.5,68.3,0.7,66.9,1,62,58.2,2.5997125499999996
2020/3/6 13:00,294.5,1140334.1,81,223.913,6.4,99.7,94.5,68,0.9,66.6,1.3,61.3,57.5,1.1819625150000002
2020/3/6 14:00,222.9,940086.7,50.4,189.139,3.3,99.9,97.2,73.8,0.7,71.8,1,64.7,59.9,0.9625125149999999
2020/3/6 15:00,128.9,637291.1,17.3,127.504,5.8,99.5,96.8,67.7,0.4,66.7,0.6,63,60,0.20969999999999997
2020/3/6 16:00,39,294190.8,9.6,66.948,16.7,94.8,85.4,73.1,0.4,71.5,0.5,65.8,61.8,0.146224995
2020/3/6 17:00,0,45739.9,0,20.387,3.5,99.8,99.1,76.1,0.7,74.6,1.1,69.2,65.4,0
2020/3/6 18:00,0,0,0,0,0,99,97.2,79.9,1.1,78.9,1.6,74.9,71.8,0
2020/3/6 19:00,0,0,0,0,0,88.4,75.6,85.8,1.4,84.8,2,81.2,78.2,0
2020/3/6 20:00,0,0,0,0,0,77.8,66,90.1,1.3,88.8,1.8,84.5,81,0
2020/3/6 21:00,0,0,0,0,0,55,48.2,94.5,1.3,93.2,1.9,87.7,83.6,0
2020/3/6 22:00,0,0,0,0,0,30.6,27.4,98.5,1.5,97.2,2.2,91,85.4,0
2020/3/6 23:00,0,0,0,0,0,20.5,20.5,100,1.4,99.4,2.1,93.4,87.2,0
2020/3/7 0:00,0,0,0,0,0,50,50,99.4,1.5,98.6,2.1,93.3,87.3,0
2020/3/7 1:00,0,0,0,0,0,39.5,39.5,98.6,1.9,97.4,2.7,91.6,85.7,0
2020/3/7 2:00,0,0,0,0,0,26.8,26.8,97.5,1.8,96.3,2.6,90.3,84.2,0
2020/3/7 3:00,0,0,0,0,0,14.9,14.9,96.4,1.4,95,2,88.9,82.7,0
2020/3/7 4:00,0,0,0,0,0,2.9,2.9,97.4,1,95.8,1.4,88.7,81.6,0
2020/3/7 5:00,0,0,0,0,0,12.3,12.3,97.3,1,95.5,1.5,87.4,79.6,0
2020/3/7 6:00,0,0,0,0,0,83.6,60.8,93.1,1.2,91.3,1.7,83.3,75.6,0.153775005
2020/3/7 7:00,45.1,58724.3,25.2,25.266,50.4,62,36,85.5,1.4,83.8,2,77.1,70.9,2.1115125
2020/3/7 8:00,138.2,323150.6,96.3,101.252,57,53.2,29.5,76.8,1.3,75.3,1.8,69.5,64.4,4.34116245
2020/3/7 9:00,232.5,671779.8,175.6,199.422,47.7,70,45.5,70.6,1,69.3,1.5,64.5,60.8,6.4259625
2020/3/7 10:00,303.8,974297.4,238.3,281.711,27.8,69.1,61.4,63.9,0.9,63.1,1.4,60.3,58.3,8.799699899999998
2020/3/7 11:00,341.3,1172062.6,291.9,338.73,54.8,8.6,8.6,57.6,1.2,57,1.8,55.1,54,9.7304124
2020/3/7 12:00,340.7,1239119.8,297.2,361.38,60,0,0,54.9,1.3,54.3,1.9,52,50.8,9.3722499
2020/3/7 13:00,302,1167819.2,261.5,343.125,52.6,12.3,12.3,53.5,1.7,52.7,2.4,49.9,48.3,8.3161875
2020/3/7 14:00,229.9,966321.4,204,291.872,60,0.1,0,55.6,1.9,54.7,2.7,51.3,49.1,6.1423499999999995
2020/3/7 15:00,135.1,661275.4,95.7,207.903,60,97.4,48.7,59.3,2,58.3,2.8,54.6,51.9,2.48483745
2020/3/7 16:00,42.8,312884.6,14.6,103.995,58.8,97.5,49.7,62,2.1,60.9,3,56.9,54,0.12768749999999998
2020/3/7 17:00,0,53147.6,0,25.763,6.2,100,94.4,64.8,2.3,63.6,3.2,59.6,56.6,0
2020/3/7 18:00,0,0,0,0,0,100,92.6,67.5,2.3,66.5,3.3,63.2,60.9,0
2020/3/7 19:00,0,0,0,0,0,100,86,69.1,2.5,68,3.6,64.1,61.4,0
2020/3/7 20:00,0,0,0,0,0,100,97.2,67.9,2.3,67,3.3,64.1,62.1,0
2020/3/7 21:00,0,0,0,0,0,100,92.6,66.8,2.4,65.9,3.5,63,61.1,0
2020/3/7 22:00,0,0,0,0,0,100,95.2,66,2.7,65.3,3.9,62.9,61.4,0
2020/3/7 23:00,0,0,0,0,0,99.6,89.6,67.4,2.8,66.7,4.1,64.5,63.2,0
2020/3/8 0:00,0,0,0,0,0,100,99.9,67.3,2.8,66.6,4.1,63.9,62.1,0
2020/3/8 1:00,0,0,0,0,0,100,100,71.3,3.2,70.6,4.7,68.3,66.8,0
2020/3/8 2:00,0,0,0,0,0,100,100,70.6,3.3,69.9,4.8,67.5,65.9,0
2020/3/8 3:00,0,0,0,0,0,100,100,73.7,3.3,73,4.7,70.4,68.7,0
2020/3/8 4:00,0,0,0,0,0,100,99.5,69,3.1,68.1,4.5,64.7,62.3,0
2020/3/8 5:00,0,0,0,0,0,100,99.9,66.7,3.3,65.7,4.7,62.1,59.6,0
2020/3/8 6:00,0,0,0,0,0,100,99,65.3,3.2,64.3,4.6,60.9,58.6,0.0038727149999999997
2020/3/8 7:00,49.9,69703.1,0.1,10.025,1,100,99.2,64,3.4,63.1,4.9,59.8,57.7,0.17347500000000002
2020/3/8 8:00,145.3,345284.2,0.7,40.169,0,100,100,63.7,4,62.9,5.8,60.2,58.5,0.8494125
2020/3/8 9:00,240.3,698777,0.8,74.925,0,100,100,64.4,4.2,63.6,6.1,60.9,59.3,0.8699999850000001
2020/3/8 10:00,311.7,1002726.8,18,106.033,5.6,99.2,95,64.4,4,63.6,5.7,60.9,59.2,1.46447499
2020/3/8 11:00,349.2,1200714.7,44.9,147.976,22.4,96.3,79.5,62.2,4.2,61.5,6,59,57.5,1.059287505
2020/3/8 12:00,348.4,1267411.2,32.2,170.672,11.9,98.6,89.3,61.7,4.1,61,5.9,58.5,57,1.016899995
2020/3/8 13:00,309.5,1195347.7,6.6,131.185,0,100,100,63.8,3.6,62.8,5.1,59.6,57.5,0.960362505
2020/3/8 14:00,237,992624.2,0.2,70.607,0.4,100,99.7,66.1,3.4,65.1,4.8,61.7,59.6,0.49052499
2020/3/8 15:00,141.3,685415,0.1,39.787,0,100,100,68.8,3.1,67.9,4.5,64.7,62.7,0.1975875
2020/3/8 16:00,46.8,332006.6,0,22.661,0,100,100,76.5,2.3,75.1,3.3,70.5,67.4,0.01197501
2020/3/8 17:00,0,62394,0,6.243,0,100,100,77,0.7,75.7,1,71,67.9,0
2020/3/8 18:00,0,0,0,0,0,100,100,80.6,0.4,78.9,0.5,73.1,69.3,0
2020/3/8 19:00,0,0,0,0,0,99.9,99.7,81.8,1.5,80,2.1,74,70.1,0
2020/3/8 20:00,0,0,0,0,0,100,99.9,86,1.7,84.7,2.5,79.9,76.5,0
2020/3/8 21:00,0,0,0,0,0,92,91.5,96.3,1.6,94.6,2.2,88.7,84.9,0
2020/3/8 22:00,0,0,0,0,0,97.8,90.1,93.3,1.6,92.2,2.3,88.2,85.3,0
2020/3/8 23:00,0,0,0,0,0,99.2,96.5,94.5,1.2,93,1.7,87.9,84,0
2020/3/9 0:00,0,0,0,0,0,90.8,72.4,97.8,1.3,96.1,1.9,89.5,84.4,0
2020/3/9 1:00,0,0,0,0,0,98.2,89.1,98.9,1.7,96.7,2.5,88.6,82.3,0
2020/3/9 2:00,0,0,0,0,0,99.8,99.1,96.9,1.6,94.1,2.3,84.2,76.6,0
2020/3/9 3:00,0,0,0,0,0,100,100,95.7,1.4,92.7,2.1,81.7,73.3,0
2020/3/9 4:00,0,0,0,0,0,94.7,94.6,92.6,1.6,89.7,2.2,79.2,71.1,0
2020/3/9 5:00,0,0,0,0,0,58.2,40,88.2,1.6,85.7,2.2,76.6,69.7,0
2020/3/9 6:00,0,0,0,0,1.9,36,35.8,83.8,1.8,81.3,2.6,72.2,65.3,0.099799995
2020/3/9 7:00,54.9,81176.2,19.9,27.69,45.2,81.5,53.1,84,2.1,81.3,3,71.7,64.1,2.1294
2020/3/9 8:00,152.4,367997.6,66.8,96.412,38.9,48.1,42.7,78.6,2.4,76.2,3.5,67.4,60.3,1.951712475
2020/3/9 9:00,248.2,726019.7,151.2,182.29,49.4,44.9,33.2,71.4,2.3,69.4,3.3,62.1,56.2,2.633625
2020/3/9 10:00,319.7,1031278.6,238.6,268.173,52.1,15.2,15.2,63.5,2.4,61.9,3.4,55.9,51.5,1.8291625049999998
2020/3/9 11:00,357.1,1229430.9,278.9,330.101,55.4,11.1,11.1,53.3,2.5,52.2,3.6,48.2,45.8,1.8433875149999999
2020/3/9 12:00,356.2,1295738.5,144.6,299.701,15.5,92.8,92.8,50.5,3,49.5,4.3,46.3,44.5,1.7414375249999998
2020/3/9 13:00,317,1222906.9,38.3,200.346,11.4,97.3,95.4,72.4,2.3,72.2,3.3,71.6,71.4,1.02568749
2020/3/9 14:00,244.1,1018981.5,41.6,141.777,5.7,97.6,96.4,75.7,1.9,75.7,2.8,76.2,76.8,0.67770003
2020/3/9 15:00,147.6,709692.5,22,106.511,7.3,95.1,94.6,76.1,2.4,75.9,3.4,75.5,75.5,0.5574749999999999
2020/3/9 16:00,51,351527.4,11.3,59.763,11,89.7,89,78.8,2,78.4,2.9,77.3,76.7,0.08848749
2020/3/9 17:00,0,71962.3,0,18.887,4.5,96.3,96.2,83,1.6,82.7,2.3,81.6,80.9,0
2020/3/9 18:00,0,0,0,0,0.1,96.1,94.8,88.4,1.2,88,1.8,86.4,85.3,0
2020/3/9 19:00,0,0,0,0,0,96.9,96.9,94.1,1.2,93.7,1.7,91.9,90.5,0
2020/3/9 20:00,0,0,0,0,0,93.1,93.1,96.5,1.1,95.8,1.6,93.1,90.9,0
2020/3/9 21:00,0,0,0,0,0,93.9,93.9,98.4,1.2,97.5,1.7,94,91.2,0
2020/3/9 22:00,0,0,0,0,0,98.9,98.9,98,1.2,97.1,1.7,93.6,90.7,0
2020/3/9 23:00,0,0,0,0,0,99.2,99.2,96.2,1,95.4,1.5,92.4,89.9,0
2020/3/10 0:00,0,0,0,0,0,81.6,81.6,99.5,0.8,98.6,1.1,95.2,92.5,0
2020/3/10 1:00,0,0,0,0,0,45.6,45.6,99.9,0.4,98.5,0.6,93.9,90.3,0
2020/3/10 2:00,0,0,0,0,0,11.2,11.2,100,0.3,100,0.5,95.8,92.1,0
2020/3/10 3:00,0,0,0,0,0,1.8,1.8,100,0.7,100,1,98,94.6,0
2020/3/10 4:00,0,0,0,0,0,32.1,32.1,100,0.8,100,1.2,97.9,93.9,0
2020/3/10 5:00,0,0,0,0,0,47.4,47.4,100,0.8,99.8,1.2,93.3,88.3,0
2020/3/10 6:00,0,0,0,0,3.6,48.4,48.4,97.4,0.9,95.4,1.3,87.9,82.2,0.224824995
2020/3/10 7:00,60.1,93170.1,39.8,34.935,53.4,11,11,91.8,1.1,90.3,1.5,84.6,80.2,3.484137525
2020/3/10 8:00,159.7,391251.7,108.6,118.702,47.6,96.2,58.5,89,1.1,87.9,1.6,83.3,79.3,5.9517126
2020/3/10 9:00,256,753485.3,174.8,210.243,56.8,95.8,50.6,81.1,1.5,80.6,2.2,78.4,76.4,6.16563735
2020/3/10 10:00,327.7,1059935.9,197.6,277.934,59.4,98.4,49.7,70.9,2.1,70.9,3.1,70.8,70.7,5.5858125
2020/3/10 11:00,365.1,1258196.8,168.8,306.218,59.5,96.7,48.7,61.2,2.6,61.1,3.7,60.8,60.7,3.0678124499999995
2020/3/10 12:00,364,1324088.3,103.7,288.767,53.1,96.8,54.7,56.4,3,56.1,4.3,55.2,54.8,4.66305
2020/3/10 13:00,324.6,1250483.8,45.3,238.731,5.9,99.8,95.1,58.8,2.9,58.4,4.2,57.3,56.7,3.0735875249999998
2020/3/10 14:00,251.2,1045380.3,36.7,191.556,5.4,99.6,95.4,60.8,2.8,60.3,4,58.7,57.7,2.025924975
2020/3/10 15:00,154,734091.4,39.7,153.743,23.3,96.7,79.3,61.9,2.7,61.3,3.9,59,57.6,1.0111875
2020/3/10 16:00,55.3,371418.3,33.4,101.451,59.5,18.7,10.1,62.7,2.5,61.7,3.6,58.4,56.2,0.28667499
2020/3/10 17:00,0,81869.6,0,34.541,60,46.5,23.2,65.1,2.2,63.9,3.2,59.6,56.8,0
2020/3/10 18:00,0,0,0,0,4,60,30.1,69.9,2.2,68.7,3.1,64.6,61.9,0
2020/3/10 19:00,0,0,0,0,0,52.5,34.3,69.7,2.3,68.8,3.3,65.8,63.9,0
2020/3/10 20:00,0,0,0,0,0,85.8,54.1,70.4,2.4,69.6,3.4,66.8,65,0
2020/3/10 21:00,0,0,0,0,0,95,61.6,72,2.1,71.2,3,68.2,66.2,0
2020/3/10 22:00,0,0,0,0,0,96.1,62.6,73.5,1.9,72.6,2.8,69.5,67.5,0
2020/3/10 23:00,0,0,0,0,0,98,63.1,74.8,1.8,73.8,2.5,70.4,68,0
2020/3/11 0:00,0,0,0,0,0,98.8,79.9,75.2,1.4,74,2,70.1,67.4,0
2020/3/11 1:00,0,0,0,0,0,99.9,99.1,76.8,1.4,76.1,2.1,73.4,71.4,0
2020/3/11 2:00,0,0,0,0,0,100,99.1,79.9,2,79,2.9,75.9,73.6,0
2020/3/11 3:00,0,0,0,0,0,99.9,96.4,82.7,1.7,81.5,2.5,77.1,73.9,0
2020/3/11 4:00,0,0,0,0,0,99.9,98.2,83.2,1.3,81.6,1.9,75.8,71.7,0
2020/3/11 5:00,0,0,0,0,0,99.7,95,82.5,1,80.9,1.5,75.1,71.1,0
2020/3/11 6:00,1.6,448.7,0,0.209,0.8,99.8,96.2,80.6,1.1,79.2,1.6,74.4,71,0.024825
2020/3/11 7:00,65.6,106168.3,1.2,16.831,0.8,100,99.3,81.5,1,79.9,1.4,74.5,70.4,0.247450005
2020/3/11 8:00,167.1,415008,2.6,47.731,1.6,100,98.8,81.8,1.1,80.4,1.6,75.4,71.5,1.77077502
2020/3/11 9:00,263.9,781151.9,0.6,56.673,0.4,100,99.9,85.1,1,84,1.4,79.8,76.6,0.886412505
2020/3/11 10:00,335.7,1088682.3,2.3,54.515,3.7,100,99.5,89.4,0.8,88.3,1.1,84,80.8,1.14726249
2020/3/11 11:00,373,1286998.1,4.7,64.505,1.7,100,99.8,90.4,0.6,89.4,0.8,85.7,82.8,1.38680001
2020/3/11 12:00,371.8,1352447.5,2.5,66.934,0.5,100,99.9,91.7,1.8,91.1,2.6,89,87.6,1.69905
2020/3/11 13:00,332.1,1278066.2,10.5,88.72,3.4,99.9,97.3,78.4,3.8,77.7,5.5,75.1,73.2,2.2250625000000004
2020/3/11 14:00,258.3,1071807.7,15.8,129.162,2.5,99.8,97.9,70.9,3.7,70.3,5.3,68.3,66.8,1.09415001
2020/3/11 15:00,160.4,758595.5,28.1,131.594,2.2,99.1,97.7,65.9,3.2,65.1,4.7,62.2,60.1,0.76894998
2020/3/11 16:00,59.9,391650.9,25.6,92.71,7.5,92.9,90.2,66.4,2.1,64.9,3.1,59.9,56.6,0.78264999
2020/3/11 17:00,0,92128.9,0,32.938,10.2,93.9,88.5,70.9,1.5,68.1,2.1,58.8,52.7,0.001007144999999985
2020/3/11 18:00,0,0,0,0,1.6,78.8,77.8,75.9,1.3,72.2,1.9,59.8,51.4,0
2020/3/11 19:00,0,0,0,0,0,23.6,16.1,75.4,1.8,71.6,2.5,58.8,49.9,0
2020/3/11 20:00,0,0,0,0,0,73.9,56.1,74.7,2,71.8,2.8,62,55.1,0
2020/3/11 21:00,0,0,0,0,0,94.3,91.7,73.5,1.8,71.5,2.5,64.8,60.1,0
2020/3/11 22:00,0,0,0,0,0,100,99.5,72.5,1.8,71,2.6,66,62.4,0
2020/3/11 23:00,0,0,0,0,0,99.9,98.3,73.5,0.6,71.8,0.9,65.8,61.6,0
2020/3/12 0:00,0,0,0,0,0,100,98.7,76.2,0.7,73.9,1,65.9,60.5,0
2020/3/12 1:00,0,0,0,0,0,100,98.5,83.3,1,81.5,1.4,75.3,70.8,0
2020/3/12 2:00,0,0,0,0,0,95.6,71.1,85.1,0.7,83.1,1.1,76.1,71.1,0
2020/3/12 3:00,0,0,0,0,0,41.7,23.5,89.9,0.9,87.5,1.3,79.4,73.9,0
2020/3/12 4:00,0,0,0,0,0,90.6,75.7,88.6,1.8,85.9,2.6,76.4,69.9,0
2020/3/12 5:00,0,0,0,0,0,100,100,81.5,1.4,79.7,2,73.6,69.4,0
2020/3/12 6:00,4.4,1224.3,0.1,0.957,0.8,99.7,97.1,79.7,1.1,78.3,1.5,73.3,69.8,0.00481251
2020/3/12 7:00,71.3,120101.3,2.8,23.016,2,100,98.3,78.2,1.4,76.4,2,70.1,65.5,0.295125015
2020/3/12 8:00,174.5,439228.5,12.1,60.643,5.6,99.9,95.4,71.5,0.8,70.4,1.2,66.4,63.4,0.65202498
2020/3/12 9:00,271.9,808998.2,17.6,91.826,0.9,100,99.6,69.3,0.4,68.9,0.6,67,65.7,1.0440375
2020/3/12 10:00,343.8,1117501.4,14.8,114.74,4.6,99.9,97.2,69.3,0.4,69.2,0.6,69,68.8,0.5739749999999999
2020/3/12 11:00,381,1315820.6,12.4,126.645,2.2,100,99.5,73.3,0.8,73.3,1.2,73.2,73.1,0.862112475
2020/3/12 12:00,379.6,1380803.3,4,115.567,2.5,100,99,76.3,1.1,76.2,1.5,75.8,75.5,0.53532501
2020/3/12 13:00,339.6,1305641.7,2.9,79.735,1.8,99.9,99.7,93.7,1.4,93.7,2,93.5,93.2,1.992099975
2020/3/12 14:00,265.4,1098251.2,3.6,51.827,13.1,96.2,94.8,96.7,1.1,96.4,1.6,95.2,94.2,0.9786374849999999
2020/3/12 15:00,166.8,783189.4,2.3,40.667,2.2,99.9,99.9,98.2,1.3,98.1,1.9,97.6,97.1,0.08768751
2020/3/12 16:00,64.5,412197.8,0.8,27.515,2.5,99.8,99.6,95.7,2.3,95.9,3.2,96.8,97.4,0.0016499999999999998
2020/3/12 17:00,0.9,102996.5,0.2,9.603,0,100,100,86.8,3.4,86.7,4.9,86.2,85.9,0
2020/3/12 18:00,0,238.1,0,0.243,2.2,97.5,91.9,86.3,3.7,86.2,5.4,85.9,85.8,0
2020/3/12 19:00,0,0,0,0,0,95.3,95.1,84.7,3.4,84.5,4.9,83.9,83.7,0
2020/3/12 20:00,0,0,0,0,0,100,100,82,3.9,82,5.6,82.3,82.5,0
2020/3/12 21:00,0,0,0,0,0,99.1,99.1,79.2,3.6,79.2,5.2,79.4,79.6,0
2020/3/12 22:00,0,0,0,0,0,99.9,99.5,79.5,3.7,79.7,5.3,80.2,80.8,0
2020/3/12 23:00,0,0,0,0,0,94,93.8,78.8,3.9,78.9,5.6,79.3,79.8,0
2020/3/13 0:00,0,0,0,0,0,90.3,90.3,75.7,3.5,75.7,5.1,75.9,76.2,0
2020/3/13 1:00,0,0,0,0,0,64.6,64.6,80.7,4.5,80.9,6.5,81.9,83,0
2020/3/13 2:00,0,0,0,0,0,81.9,81.9,78.9,4,79,5.7,79.6,80.5,0
2020/3/13 3:00,0,0,0,0,0,87.9,87.9,79.6,4.3,79.8,6.1,80.9,82.1,0
2020/3/13 4:00,0,0,0,0,0,76.8,76.8,81.1,4.2,81.5,6.1,83.2,84.8,0
2020/3/13 5:00,0,0,0,0,0,89.7,89.3,83.9,4.2,84.4,6,86.2,88,0
2020/3/13 6:00,7.1,2001.3,0.7,2.369,5.1,81.5,80.8,83.7,3.7,84,5.3,85.6,87.3,0.0008125049999999999
2020/3/13 7:00,77.1,134700.4,8.7,23.409,6.2,94.5,94.5,80.8,4,81.2,5.8,82.7,84.4,0.012799995
2020/3/13 8:00,182,463876.3,4.9,48.108,4.6,95.9,95.4,78.8,4.4,79.2,6.3,80.6,82.3,0.0387
2020/3/13 9:00,279.8,837003.1,4,54.764,0.9,99.1,99,76.8,4.3,76.9,6.1,77.6,78.5,0.03077499
2020/3/13 10:00,351.8,1146377.3,8.1,75.982,1.4,98.1,98.1,76.8,3.8,76.9,5.5,77.3,78,0.257299995
2020/3/13 11:00,389,1344650.4,26.4,131.006,2.7,96.2,96.2,74.6,3.3,74.9,4.7,76.3,77.9,0.15885001499999998
2020/3/13 12:00,387.3,1409142.9,46.1,176.238,3.9,94.5,94.5,70.3,3.5,70.5,5,71.5,72.8,0.488374995
2020/3/13 13:00,347.1,1333198.5,81.9,199.709,27.3,67.6,67.6,69.7,4.4,69.7,6.4,69.9,70.7,0.5957625
2020/3/13 14:00,272.6,1124698.7,107.1,211.067,32.4,63,63,73.4,3.9,73.6,5.5,75,76.7,1.0152124949999999
2020/3/13 15:00,173.3,807858.1,61.9,171.288,14.2,81.1,81.1,69.8,3.6,69.7,5.2,70,71,0.061675005
2020/3/13 16:00,69.3,433032.8,19.5,95.036,19.8,73.7,73.7,78.6,3.6,78.7,5.1,79.4,80.7,0.06786250499999998
2020/3/13 17:00,3.2,114679.2,0.5,30.529,18.2,73.8,73.8,85,3.7,84.8,5.3,84,83.3,0
2020/3/13 18:00,0,893.7,0,1.906,6,63.7,63.7,86.1,3.1,85.8,4.5,84.8,84,0
2020/3/13 19:00,0,0,0,0,0,63.7,63.7,87.4,2.7,87,3.9,86.1,85.8,0
2020/3/13 20:00,0,0,0,0,0,64.5,64.5,86.2,2.5,85.9,3.5,84,82.3,0
2020/3/13 21:00,0,0,0,0,0,76.2,76.2,86.2,2.4,86.1,3.4,86,86.1,0
2020/3/13 22:00,0,0,0,0,0,65.3,65.3,88.4,2.7,88.4,3.8,88.9,89.6,0
2020/3/13 23:00,0,0,0,0,0,52.4,52.4,87.3,2.7,87.2,3.9,86.8,86.3,0
2020/3/14 0:00,0,0,0,0,0,50.3,50.3,86.3,2.5,86.2,3.6,85.5,84.7,0
2020/3/14 1:00,0,0,0,0,0,48.8,48.8,86.6,2.1,86.5,3,85.6,83.8,0
2020/3/14 2:00,0,0,0,0,0,100,99.8,84.9,1.9,84.7,2.7,83.6,81.5,0
2020/3/14 3:00,0,0,0,0,0,100,100,86.1,1.8,86,2.6,84.9,82.8,0
2020/3/14 4:00,0,0,0,0,0,3.3,3.3,90.3,1.7,90.4,2.5,89.8,88.1,0
2020/3/14 5:00,0,0,0,0,0,81.3,75,86.3,1.8,86.4,2.6,86.2,85.5,0
2020/3/14 6:00,9.9,2780,1,5.545,3,94.6,94.5,81.3,1.9,81.4,2.7,81.6,81.8,0.01186251
2020/3/14 7:00,83.2,150011.6,39.7,49.809,43.2,35.7,35,78.8,2.3,78.7,3.3,78.2,77.5,0.059512499999999996
2020/3/14 8:00,189.6,488915.6,139.4,145.566,53.7,67.5,39.3,70.9,2.3,70.7,3.3,69.7,68.8,0.132087495
2020/3/14 9:00,287.8,865146.3,205.8,244.745,55.5,85.8,47,61.2,2.7,60.8,3.9,58.6,56.7,1.1761875149999999
2020/3/14 10:00,359.9,1175294.4,268.8,321.441,59.6,86.8,43.9,52.5,2.9,51.8,4.2,49.2,47.4,4.451250075
2020/3/14 11:00,396.9,1373474.1,310.4,377.176,57,82.7,43.9,46.3,3.1,45.7,4.5,43.6,42.4,8.48103735
2020/3/14 12:00,395.1,1437454.2,322.9,400.765,53.5,35.3,23.1,44.2,2.7,43.6,3.9,41.6,40.5,8.438449799999999
2020/3/14 13:00,354.6,1360724.8,302.8,387.617,58.5,10.8,7.3,46.1,3,45.5,4.3,43.7,42.8,6.926212349999999
2020/3/14 14:00,279.7,1151138.2,237.2,336.893,58.6,6.7,5.1,45.4,2.8,44.8,4,42.7,41.4,2.7663624749999998
2020/3/14 15:00,179.8,832587.1,152.7,254.442,59.2,48,25.2,48.9,2.8,48,4.1,45,42.7,1.25472501
2020/3/14 16:00,74.2,454130.2,65.2,153.79,60,1.6,0.8,52.6,3.1,51.5,4.4,47.2,43.6,0.36578751000000004
2020/3/14 17:00,5.5,126790.6,4,54.359,60,0,0,56.6,3,55.1,4.3,49.4,44.6,0.0012
2020/3/14 18:00,0,1548.5,0,4.148,16,43,21.5,62.1,3.1,60.4,4.4,53.6,47.8,0
2020/3/14 19:00,0,0,0,0,0,89.6,45.8,66.6,3.3,64.5,4.8,56.6,49.9,0
2020/3/14 20:00,0,0,0,0,0,12.1,6.2,66.6,3.3,64.6,4.7,57.2,51.2,0
2020/3/14 21:00,0,0,0,0,0,97.7,48.8,66.2,3.1,64.3,4.4,57.2,51.7,0
2020/3/14 22:00,0,0,0,0,0,89.5,45.5,66.5,3,64.7,4.3,58.3,53.2,0
2020/3/14 23:00,0,0,0,0,0,69.4,35.1,66.1,2.8,64.2,4,57.1,51.5,0
2020/3/15 0:00,0,0,0,0,0,63,31.8,65.8,2.3,64,3.2,57.7,53,0
2020/3/15 1:00,0,0,0,0,0,99.7,98,62.3,2.7,60.9,3.9,56,52.4,0
2020/3/15 2:00,0,0,0,0,0,99.9,97.3,63.2,2.3,62.4,3.3,59.6,57.7,0
2020/3/15 3:00,0,0,0,0,0,100,99.6,63.1,2.3,62.3,3.4,59.8,58.4,0
2020/3/15 4:00,0,0,0,0,0,100,99.8,69.5,2.9,69,4.1,67.3,66.2,0
2020/3/15 5:00,0,0,0,0,0,100,100,64,2.8,63.2,4,60.2,58.1,0
2020/3/15 6:00,12.7,4337.5,0,3.609,0,100,100,62.8,2.8,62.1,4.1,59.5,57.8,0.014299995
2020/3/15 7:00,89.4,166065,0,17.543,0,100,100,65.2,3.1,64.5,4.4,62.3,60.9,0.3992625
2020/3/15 8:00,197.2,514312,1.5,46.361,0,100,100,64.1,3,63.3,4.3,60.7,58.9,0.7823999999999999
2020/3/15 9:00,295.8,893407.7,9.6,85.705,5.6,98.3,94.4,62.7,2.8,62,4,59.5,58,1.1930625
2020/3/15 10:00,367.9,1204237.1,9.3,102.797,0,100,100,67.3,2.5,66.7,3.6,64.6,63.2,1.3890375
2020/3/15 11:00,404.8,1402278.1,0.5,95.657,0.5,100,99.6,67.9,2,67,2.9,63.7,61.6,2.6055000749999997
2020/3/15 12:00,402.9,1465724.8,7.2,108.188,0,100,100,74.5,2.2,74.1,3.1,72.9,72,5.1318624
2020/3/15 13:00,362.1,1388209.3,7.3,126.189,0,100,100,69.2,2.2,67.9,3.2,63.3,60.1,7.385299949999999
2020/3/15 14:00,286.9,1177558.4,8.5,123.449,0,100,100,68.5,2.1,67,3,61.9,58.4,7.165037549999998
2020/3/15 15:00,186.3,857362.6,19.7,112.372,6,97.1,93.5,67.8,2.2,66.5,3.2,62.3,59.6,3.193775025
2020/3/15 16:00,79.3,475465.7,8.6,80.384,1.9,99.9,99.2,71.9,2,70.5,2.9,65.9,63,0.66430002
2020/3/15 17:00,7.9,139359.1,0.4,29.198,2.1,100,99.9,77,3.5,76.8,5.1,76.5,76.4,0
2020/3/15 18:00,0,2202.3,0,1.877,0.2,99.7,99.7,94.8,5.1,95.1,7.4,96.1,96.9,0
2020/3/15 19:00,0,0,0,0,0,100,100,82.2,3.4,82.4,4.8,83.2,84,0
2020/3/15 20:00,0,0,0,0,0,100,99.9,80.4,3.3,80.4,4.7,80.5,80.7,0
2020/3/15 21:00,0,0,0,0,0,100,99.7,77.7,2.5,77.3,3.6,75.6,74.3,0
2020/3/15 22:00,0,0,0,0,0,99.4,99.4,77,2,76.5,2.8,74.7,73.4,0
2020/3/15 23:00,0,0,0,0,0,99.4,99.4,76.9,2.2,76.5,3.2,74.9,73.8,0
2020/3/16 0:00,0,0,0,0,0,73.7,73.7,77.3,2.1,76.8,3,74.8,73.6,0
2020/3/16 1:00,0,0,0,0,0,20.2,20.2,81.9,2,81.5,2.8,79.7,78.3,0
2020/3/16 2:00,0,0,0,0,0,11,11,87.9,1.9,87,2.7,83.5,80.5,0
2020/3/16 3:00,0,0,0,0,0,7.3,7.3,90.2,1.9,89.2,2.8,85.2,81.8,0
2020/3/16 4:00,0,0,0,0,0,3.3,3.3,91.6,1.8,90.8,2.6,87.1,83.6,0
2020/3/16 5:00,0,0,0,0,0,17.4,17.4,90.4,1.5,89.7,2.1,86.5,83.2,0.0006112499999999999
2020/3/16 6:00,15.6,8707.2,5.4,7.939,22.3,18.1,18.1,88.2,1.6,87.8,2.3,85.5,82.7,0.30100000499999996
2020/3/16 7:00,95.7,182877.2,46.1,53.41,31.6,48,48,83.3,1.2,83.2,1.7,82.5,81.6,2.9121
2020/3/16 8:00,204.8,540031.9,144,148.957,59.4,1,1,77.6,1.2,77.4,1.8,76.5,75.5,6.81466245
2020/3/16 9:00,303.8,921768.1,254.5,261.284,60,0,0,67.2,1.6,67.2,2.3,67,66.4,8.836274999999999
2020/3/16 10:00,375.9,1233190.3,321.9,350.574,60,0,0,53.9,2.4,53.8,3.4,54,54.8,10.104349800000001
2020/3/16 11:00,412.8,1431049.4,357.8,404.265,60,16,8,46.4,2.7,46.3,3.9,46.1,46.5,10.634962500000002
2020/3/16 12:00,410.6,1493942.9,255.8,398.486,60,0,0,40.7,2.7,40.4,3.9,39.6,39.4,10.2288498
2020/3/16 13:00,369.6,1415640.6,155,341.077,20.4,99,82.5,36.3,3.3,35.8,4.8,34.2,33.4,8.9641626
2020/3/16 14:00,294,1203947.8,191,297.837,46.6,32.4,27.3,39.7,3.3,39.3,4.7,38,37.5,6.908925
2020/3/16 15:00,192.9,882171,168.2,254.463,60,2,1,42.8,2.8,42.4,4,41,40.4,2.4080875500000003
2020/3/16 16:00,84.5,497016.1,63,163.78,60,98.1,49.1,50,2.1,49.4,3,47.4,46.1,0.41791250999999996
2020/3/16 17:00,10.2,152405.3,3.2,60.211,59.6,99.2,49.9,55.9,2,55.2,2.9,52.9,51.2,0.0021166649999999998
2020/3/16 18:00,0,2855.8,0,7.139,4.6,100,89,60.1,2.2,59.3,3.1,56.4,54.2,0
2020/3/16 19:00,0,0,0,0,0,99.9,78.5,62,2.2,61.2,3.1,58.3,55.8,0
2020/3/16 20:00,0,0,0,0,0,99.9,93.7,64.2,2.3,63.3,3.2,60.1,57.3,0
2020/3/16 21:00,0,0,0,0,0,99.9,97.4,65.9,2.1,65.1,3,62.3,60.1,0
2020/3/16 22:00,0,0,0,0,0,100,97.6,66,1.8,65.4,2.6,63.3,61.6,0
2020/3/16 23:00,0,0,0,0,0,100,99.7,66.4,1.5,65.8,2.2,63.6,62.1,0
2020/3/17 0:00,0,0,0,0,0,100,99.6,66.8,1.9,66.3,2.8,64.6,63.5,0
2020/3/17 1:00,0,0,0,0,0,100,100,67,2.3,66.3,3.4,63.8,62,0
2020/3/17 2:00,0,0,0,0,0,100,100,71,2.5,70.3,3.6,67.5,65.3,0
2020/3/17 3:00,0,0,0,0,0,96.4,84.4,69.7,2.5,68.9,3.6,65.8,63.4,0
2020/3/17 4:00,0,0,0,0,0,99.6,99.5,65.5,2.1,64.7,3,61.5,59.1,0
2020/3/17 5:00,0,0,0,0,0,99,99,62.7,2.3,62.1,3.3,60,58.6,0.005566679999999999
2020/3/17 6:00,18.6,13109.7,0.2,3.479,0,100,100,62.4,2.4,61.8,3.4,59.5,57.7,0.279724995
2020/3/17 7:00,102.2,200451.5,1.7,19.35,0.4,99.6,99.6,60.4,3.7,59.8,5.4,57.8,56.4,0.56016249
2020/3/17 8:00,212.5,566043.2,25,62.522,5.9,91.8,91.6,66.9,3.2,66.3,4.6,64.4,63,2.987712525
2020/3/17 9:00,311.8,950208.2,38.2,120.216,1.6,99.7,99,68.1,2.6,68,3.7,67.6,67.3,3.369849975
2020/3/17 10:00,384,1262139.3,40.8,144.887,4,98.6,98.2,76,2.5,75.7,3.6,74.6,73.6,7.38296265
2020/3/17 11:00,420.7,1459775.1,108.5,184.662,27.1,74.1,69,65.3,3.8,65,5.5,64.1,63.5,8.7678375
2020/3/17 12:00,418.3,1522096.8,213.1,277.441,10.2,93.2,91.3,67.6,3.6,67.7,5.2,68.1,68.7,3.7707750749999995
2020/3/17 13:00,377.1,1443008,209.9,324.043,17.6,73.8,73.2,58.8,4.7,58.8,6.8,59,59.4,6.644774999999999
2020/3/17 14:00,301.2,1230295.5,127.3,278.242,18.1,77.4,74.9,63.4,4.3,63.5,6.1,63.8,64.3,2.374025025
2020/3/17 15:00,199.5,906999.4,85.3,203.559,34.8,50.4,48.2,68.2,4.3,68.3,6.2,68.7,69.4,0.7393250100000001
2020/3/17 16:00,89.7,518758.9,29.2,126.913,6.5,93.3,91.7,71.3,3.8,71.2,5.5,71,71.2,0.168375015
2020/3/17 17:00,12.5,165941.7,1.9,49.38,11.5,87.7,84.8,73.2,3.3,73,4.8,72.4,72.3,0.02283
2020/3/17 18:00,0,4020.4,0,7.725,5.1,86.5,83.6,76.9,3.1,76.7,4.5,76.2,76,0
2020/3/17 19:00,0,0,0,0,0,80.8,69.6,80.6,2.9,80.5,4.2,80.2,80.1,0
2020/3/17 20:00,0,0,0,0,0,94.3,91.1,79.5,2.7,79.2,3.9,78,77.1,0
2020/3/17 21:00,0,0,0,0,0,98.6,98.1,80.9,2.4,80.3,3.4,78.1,76.4,0
2020/3/17 22:00,0,0,0,0,0,96.6,95.3,77.2,2.6,76.9,3.7,75.7,74.9,0
2020/3/17 23:00,0,0,0,0,0,78,69.6,77.4,2.2,77,3.2,75.4,74.1,0
2020/3/18 0:00,0,0,0,0,0,59,52.6,82,1.9,81.3,2.7,78.7,76.7,0
2020/3/18 1:00,0,0,0,0,0,59.6,59.4,87.1,2.3,86.7,3.3,85.1,83.8,0
2020/3/18 2:00,0,0,0,0,0,39.8,39.8,87.8,2.1,87.1,3,84.5,82.2,0
2020/3/18 3:00,0,0,0,0,0,30,30,89.4,1.7,88.5,2.5,85.1,82.4,0
2020/3/18 4:00,0,0,0,0,0,32.4,32.2,91.1,1.8,90,2.6,85.8,82.7,0
2020/3/18 5:00,0,0,0,0,0,43.5,42.7,87.7,1.7,86.6,2.5,82.7,79.5,0.035205
2020/3/18 6:00,21.7,17559.7,9.8,11.69,18.9,54.8,54.8,86.2,1.6,84.9,2.3,80.5,76.7,0.59045001
2020/3/18 7:00,108.8,218777.9,76,72.777,45.6,28.6,26.3,73.4,2.3,72.8,3.3,70.4,68.4,3.16465005
2020/3/18 8:00,220.3,592315,145.2,168.242,36.9,58.5,51.9,66.9,2.4,66.6,3.4,65.4,64.5,5.23422495
2020/3/18 9:00,319.9,978709.6,153.9,234.505,29.9,81,72.1,60.9,2.3,60.8,3.2,60.4,60.3,6.52782495
2020/3/18 10:00,392,1291069.3,154.6,269.293,22.2,88.3,81.2,56.3,2.1,56.3,3,56.3,56.6,8.290824899999999
2020/3/18 11:00,428.6,1488442.5,158.5,290.485,12.9,93.1,88.7,54.5,3.4,54.3,4.9,53.9,53.8,4.050899925
2020/3/18 12:00,426,1550175.2,143.6,286.176,17.2,92.4,84.4,52,4.2,51.8,6.1,51.1,51,7.7117127
2020/3/18 13:00,384.6,1470300.7,162.4,275.534,37.9,59.2,56.9,54.2,2.8,54,4.1,53.6,53.6,1.5509125049999999
2020/3/18 14:00,308.3,1256591,84.5,230.252,1.1,99.7,99.2,61.9,2.9,61.9,4.2,62.3,63,1.8137624999999997
2020/3/18 15:00,206.1,931835.2,4.7,121.36,0.4,99.9,99.7,67.2,3,67.1,4.3,66.9,66.9,1.7243999849999998
2020/3/18 16:00,95.1,540672.9,3.2,40.744,4.3,99.1,98.2,75.7,2.2,75.5,3.2,74.8,74.2,0.06269999999999999
2020/3/18 17:00,14.9,179973.8,0.5,14.434,2.8,99.7,99.2,81.2,2.4,81,3.5,80.5,80,0.014590904999999986
2020/3/18 18:00,0,7661.7,0,2.697,4.6,97.3,96.8,84.8,3.9,84.8,5.6,84.5,84.3,0
2020/3/18 19:00,0,0,0,0,0,85.5,84.6,85.1,2.9,85.2,4.1,85.6,86,0
2020/3/18 20:00,0,0,0,0,0,84.1,82,85.6,3.1,85.7,4.5,85.9,86.3,0
2020/3/18 21:00,0,0,0,0,0,96.7,93.9,83.2,3.4,83.4,4.9,84.2,85.1,0
2020/3/18 22:00,0,0,0,0,0,98,97,84,4.2,84.2,6.1,85.4,86.7,0
2020/3/18 23:00,0,0,0,0,0,97.7,97.1,85.3,4.6,85.6,6.7,87.2,88.8,0
2020/3/19 0:00,0,0,0,0,0,99.8,99.8,88.9,4.5,89.2,6.5,90.2,91.3,0
2020/3/19 1:00,0,0,0,0,0,85.9,85.3,90.9,4,91.2,5.8,92.4,93.8,0
2020/3/19 2:00,0,0,0,0,0,81,80.7,92.2,3.9,92.3,5.6,93.2,94.2,0
2020/3/19 3:00,0,0,0,0,0,52.7,52.6,91.3,4,91.4,5.7,91.8,92.3,0
2020/3/19 4:00,0,0,0,0,0,60.5,60.5,89.1,3.3,89.1,4.7,89.3,89.7,0
2020/3/19 5:00,0,0,0,0,0,64.6,64.6,85.1,2.8,85.1,4,85,85.1,0
2020/3/19 6:00,25,22079.8,11.8,13.126,20.8,51.3,51.3,80.9,2.6,80.8,3.7,80.6,80.7,0.087550005
2020/3/19 7:00,115.6,237834.3,82.6,76.63,54.1,10.4,10.4,78.3,2.5,78.2,3.7,78,78,2.161062525
2020/3/19 8:00,228,618817.5,156.4,173.494,50,29.2,29.2,70.9,2.9,70.8,4.2,70.8,71.1,5.63903745
2020/3/19 9:00,327.9,1007254.2,179.6,245.322,24.4,67.1,67.1,60.9,4.7,60.7,6.8,60.8,61.5,4.96673745
2020/3/19 10:00,400,1319966.2,120.5,259.763,9.7,92.7,92.7,58.7,5.2,58.4,7.5,58.1,58.6,2.3316375
2020/3/19 11:00,436.4,1517039.2,57.8,215.403,12,87.5,87.5,63.1,4.8,62.9,6.9,63.2,64.3,1.792849965
2020/3/19 12:00,433.7,1578166.9,93.6,186.71,4.6,97.3,97.3,81.3,4,81.2,5.7,81.8,83.2,3.737849925
2020/3/19 13:00,392,1497508.5,80.7,181.357,2.5,98.6,98.6,74.3,3.3,74.2,4.8,73.9,74.9,1.260449985
2020/3/19 14:00,315.4,1282823.8,29.5,140.622,5.8,90.8,90.8,64.8,2.7,64.6,3.8,63.9,65,2.2112249999999998
2020/3/19 15:00,212.7,956666.3,17.7,97.882,7.3,87.9,87.9,64.8,2.7,64.7,3.9,64,64.8,1.8566374799999998
2020/3/19 16:00,100.5,562737.9,8.1,65.642,1.7,97.2,97.2,61.8,2.8,61.5,4,60.4,60.6,0.31960000499999996
2020/3/19 17:00,17.4,194501.3,2.2,28.836,27.2,63.6,63.6,61.8,2.3,61.4,3.3,60,59.7,0.031024995
2020/3/19 18:00,0,11314.4,0,6.073,14.4,70.1,70.1,66.8,1.4,66,2,63.4,62.1,0
2020/3/19 19:00,0,0,0,0,0,67.5,67.5,70.2,1.1,69.2,1.6,65.9,64.2,0
2020/3/19 20:00,0,0,0,0,0,70,70,74,1.2,72.9,1.7,69.3,67.3,0
2020/3/19 21:00,0,0,0,0,0,55.8,55.8,80.1,1.5,79.1,2.2,75.7,73.6,0
2020/3/19 22:00,0,0,0,0,0,82.1,82.1,83.1,1.7,82.4,2.4,80.1,78.6,0
2020/3/19 23:00,0,0,0,0,0,71.8,71.8,84.2,1.7,83.7,2.4,81.9,80.7,0
2020/3/20 0:00,0,0,0,0,0,69.4,69.4,83,1.4,82.5,2,80.8,79.7,0
2020/3/20 1:00,0,0,0,0,0,96.4,96.4,87.6,1.6,87.6,2.3,87.5,87.5,0
2020/3/20 2:00,0,0,0,0,0,97.3,97.3,87.3,1.9,87.5,2.8,88,88.3,0
2020/3/20 3:00,0,0,0,0,0,87.9,87.9,86.2,2,86.3,2.9,86.5,86.6,0
2020/3/20 4:00,0,0,0,0,0,95.9,95.9,86.2,2.1,86.2,3.1,86.4,86.5,0
2020/3/20 5:00,0,0,0,0,0,68.5,68.5,84.3,2.2,84.3,3.1,84.2,84.1,0
2020/3/20 6:00,28.6,27873.5,7.6,11.711,24.4,52.3,52.3,82.4,2.3,82.4,3.3,82.4,82.4,0.014000009999999998
2020/3/20 7:00,122.4,257588.2,45.1,61.874,33.5,68,68,80.9,2.2,81.4,3.1,83.4,84.7,0.26191249499999997
2020/3/20 8:00,235.8,645522,100.3,140.606,34.7,61.5,61.5,71.9,2.6,72.3,3.7,73.6,74.1,0.1419
2020/3/20 9:00,335.9,1035824.4,151.8,213.389,41.5,48.8,48.8,64.1,2.6,64.3,3.7,65.2,65.7,0.016787504999999998
2020/3/20 10:00,408,1348816,192.2,273.928,33.5,57,57,57.8,2.4,58,3.4,58.5,58.8,0.56391249
2020/3/20 11:00,444.3,1545553.1,185.3,308.467,23.7,66.7,66.7,58.9,2.4,59.1,3.5,59.9,60.3,0.3894
2020/3/20 12:00,441.3,1606060.9,78,246.714,21.3,75,75,64,2.5,64.3,3.6,65.4,66.1,1.226862495
2020/3/20 13:00,399.4,1524621,6,131.137,4.2,97.5,97.5,74.1,2,74.5,2.8,75.9,76.7,0.8790874949999999
2020/3/20 14:00,322.6,1308983.9,33.7,101.435,8,95.2,95.2,75.6,1.8,76,2.6,77.2,78,0.960900015
2020/3/20 15:00,219.3,981481.1,42.4,112.615,11.6,93.4,93.4,78.3,1.8,78.7,2.6,80.4,81.4,0.214549995
2020/3/20 16:00,106,584934.4,29.3,87.229,37.7,59.8,59.8,81,2,81.3,2.9,82.6,83.4,0.24031251
2020/3/20 17:00,19.9,209517.1,7.2,44.368,41.3,49.3,49.3,81,2.7,81.2,3.8,82.1,82.6,0.0048
2020/3/20 18:00,0,14986.9,0,10.228,21,53.1,53.1,84.4,2.7,84.3,3.8,83.9,84,0
2020/3/20 19:00,0,0,0,0,0,70.1,70.1,89.6,2.4,89.8,3.4,90.2,90.7,0
2020/3/20 20:00,0,0,0,0,0,50.3,50.3,85.9,1.8,85.3,2.6,83.2,82.1,0
2020/3/20 21:00,0,0,0,0,0,43.5,43.5,87.7,1.8,86.5,2.6,82.6,80.6,0
2020/3/20 22:00,0,0,0,0,0,49.5,49.5,88.4,1.9,87.3,2.7,83.6,81.5,0
2020/3/20 23:00,0,0,0,0,0,52,52,88.6,1.8,87.6,2.5,84.3,82.3,0
2020/3/21 0:00,0,0,0,0,0,49.8,49.8,88.6,1.8,87.5,2.6,83.8,81.6,0
2020/3/21 1:00,0,0,0,0,0,64.6,64.6,87.5,1.7,86.2,2.4,81.8,79.2,0
2020/3/21 2:00,0,0,0,0,0,58.3,58.3,87.9,1.7,86.5,2.4,82.1,79.4,0
2020/3/21 3:00,0,0,0,0,0,39.8,38.5,91,1.7,88.9,2.4,82.5,78.7,0
2020/3/21 4:00,0,0,0,0,0,45.7,37.4,93,1.7,90.1,2.5,81,76,0
2020/3/21 5:00,0,0,0,0,0,46.9,27.8,90,1.7,86.9,2.4,77.3,72,4.6155e-05
2020/3/21 6:00,32.5,34036.2,11.7,17.394,43.1,33.2,18.7,86.8,1.6,83.7,2.3,74.1,68.9,0.27080001
2020/3/21 7:00,129.4,278000,40.6,73.846,46.2,96.8,60,81.8,1.8,79.3,2.5,71.6,67.5,1.9873750199999998
2020/3/21 8:00,243.6,672401.1,109.1,160.054,58.4,95.9,49.3,75.4,1.6,74,2.3,69.3,66.6,5.3119875
2020/3/21 9:00,343.9,1064402.9,243.6,270.979,60,47.5,23.7,65.7,1.3,65.6,1.9,65.4,65.2,6.8529876000000005
2020/3/21 10:00,415.9,1377604.9,339.6,374.053,59.9,0.2,0.2,53.5,1.1,53.7,1.6,54,54.2,9.7208625
2020/3/21 11:00,452.1,1573972.4,350.3,425.568,55.1,8.2,8.2,49.2,0.9,48.9,1.3,48,47.4,10.6571502
2020/3/21 12:00,449,1633846.7,338,436.53,45.1,24.8,24.8,44.8,0.9,44.5,1.2,43.3,42.6,10.189262399999999
2020/3/21 13:00,406.8,1551628.5,307.2,415.457,30.7,54.3,54.3,40.6,0.9,40.1,1.3,38.5,37.5,9.335837699999999
2020/3/21 14:00,329.6,1335061.6,246.9,361.335,59.4,1.1,1.1,40.6,1.2,40.1,1.7,38.4,37.3,7.2541250999999995
2020/3/21 15:00,226,1006268.2,181,285.622,60,0,0,43.2,1.2,42.6,1.8,40.7,39.6,4.42140015
2020/3/21 16:00,111.6,607243.9,94.4,191.339,60,0,0,52.8,1.3,51.3,1.8,46,42.8,1.6083625049999999
2020/3/21 17:00,22.5,225008.4,16.9,85.238,60,0,0,64,1.4,60.8,2,50.4,44.6,0.08796248999999999
2020/3/21 18:00,0,18688.4,0,16.005,36,0,0,72.8,1.4,68.4,2,54.4,46.7,0
2020/3/21 19:00,0,0,0,0,0,0.6,0.3,77.5,1.2,72.2,1.7,56.1,47.8,0
2020/3/21 20:00,0,0,0,0,0,31.8,15.9,83.4,1.4,77,2.1,58,48.5,0
2020/3/21 21:00,0,0,0,0,0,31.7,15.8,90.6,1.4,83.3,2,61.9,51.4,0
2020/3/21 22:00,0,0,0,0,0,2.8,1.4,94.2,1.4,88.2,2,70.3,61.4,0
2020/3/21 23:00,0,0,0,0,0,25.3,12.8,96.2,1.3,91.5,1.8,77.1,69.6,0
2020/3/22 0:00,0,0,0,0,0,4.1,3.3,97.4,1.1,93.6,1.6,81.8,75.4,0
2020/3/22 1:00,0,0,0,0,0,60,30,93.1,1.4,88.7,2,75.1,67.9,0
2020/3/22 2:00,0,0,0,0,0,99.4,49.7,89.6,1.3,86.1,1.9,75.1,69.1,0
2020/3/22 3:00,0,0,0,0,0,99.2,49.6,87.4,1.1,84.6,1.6,75.6,70.7,0
2020/3/22 4:00,0,0,0,0,0,98.3,49.4,84,1.4,81.8,1.9,74.8,70.8,0
2020/3/22 5:00,0,0,0,0,0,99.4,59.7,76.6,1.5,74.9,2.2,69.3,66.1,0.037425
2020/3/22 6:00,36.6,40455.4,5.9,17.314,47.2,100,51.2,70.5,1.3,69.4,1.9,66.1,64.1,0.474199995
2020/3/22 7:00,136.4,299025.3,44,78.063,58.8,100,51,70.9,1.2,69.7,1.8,65.7,63.4,1.4653874999999998
2020/3/22 8:00,251.5,699428.4,125.5,174.611,59.4,99.7,50.7,64.4,1.1,64.1,1.6,63.2,62.7,3.23751255
2020/3/22 9:00,351.9,1092973,170.1,265.745,45.1,94.8,60.1,58.2,1.2,57.9,1.7,57,56.6,2.765462475
2020/3/22 10:00,423.9,1406319.5,166.1,322.106,8,99.6,93.2,52.4,1.6,52.2,2.3,51.3,50.8,1.964949975
2020/3/22 11:00,459.9,1602285.4,160.2,348.959,7.1,99.1,93.7,46.8,1.7,46.3,2.5,44.7,43.7,2.3925249749999997
2020/3/22 12:00,456.5,1661513.9,121.4,340.854,18.4,99.2,87.9,47,1.9,45.9,2.7,42,39.6,2.6177500499999993
2020/3/22 13:00,414.1,1578521.4,38.5,276.161,0,100,100,47.2,2.5,46,3.6,42,39.6,1.2867
2020/3/22 14:00,336.7,1361047.3,22.4,197.671,0,100,100,51.9,1.8,50.1,2.5,44.1,40.4,0.444462495
2020/3/22 15:00,232.6,1031016.9,12.2,127.143,0,100,100,55.2,1.5,53,2.2,45.7,41.3,0.328675005
2020/3/22 16:00,117.3,629649,0.7,58.213,0.6,100,99.8,56.5,1.9,54.6,2.7,48.3,44.7,0.20782499999999998
2020/3/22 17:00,25.3,240957,0.7,20.74,2.2,98.7,98.7,59.3,2.1,57.6,3.1,51.9,48.6,0.006931365
2020/3/22 18:00,0,22435.3,0,6.042,4.9,95.6,95.5,61.7,2.2,60.1,3.1,54.6,51.5,0
2020/3/22 19:00,0,0,0,0,0,3.6,3.6,70.5,2.3,68,3.2,59.9,55.4,0
2020/3/22 20:00,0,0,0,0,0,0.3,0.3,72.8,2.2,70.2,3.2,62.3,57.8,0
2020/3/22 21:00,0,0,0,0,0,32.5,32.5,74.4,2,72.2,2.8,64.9,61,0
2020/3/22 22:00,0,0,0,0,0,42.2,42.2,74.6,1.9,72.6,2.8,66,62.4,0
2020/3/22 23:00,0,0,0,0,0,70.1,68.2,72.5,1.7,70.8,2.4,65.4,62.4,0
2020/3/23 0:00,0,0,0,0,0,93.4,93.4,70.1,1.2,68.7,1.7,64.2,61.8,0
2020/3/23 1:00,0,0,0,0,0,92.2,84.7,70.5,1.5,69.2,2.2,65,62.5,0
2020/3/23 2:00,0,0,0,0,0,75.8,61.7,72.6,1.6,71.4,2.2,67.2,64.9,0
2020/3/23 3:00,0,0,0,0,0,84.4,44.3,74.3,1.6,73,2.2,68.8,66.4,0
2020/3/23 4:00,0,0,0,0,0,100,54.8,74.3,1.5,72.9,2.1,68.6,66,0
2020/3/23 5:00,0,0,0,0,0,100,94.8,71,1.7,69.9,2.5,66.2,63.8,0.021398865
2020/3/23 6:00,40.9,47191.6,2.6,15.56,22.2,100,78.7,68.9,1.5,67.9,2.1,64.3,61.7,0.45343749
2020/3/23 7:00,143.5,320617.1,6.7,49.719,9.2,100,92.3,63.4,1.3,62.8,1.9,60.9,59,0.8493124799999999
2020/3/23 8:00,259.3,726578.2,62.4,111.953,45.8,99.4,61.5,61.2,1.4,60.6,2,58.6,56.3,2.0356125
2020/3/23 9:00,359.9,1121518.3,167.2,225.461,53.2,100,56.4,55.1,1.5,54.9,2.1,54.3,52.8,2.172737475
2020/3/23 10:00,431.8,1434946.9,164.3,315.676,51.9,100,57.1,51.6,2,51,2.9,48.9,46.6,1.8298625099999999
2020/3/23 11:00,467.6,1630480.9,143.1,338.303,34.1,99.8,71.5,48.5,2.4,47.4,3.4,43.8,40.5,3.062150025
2020/3/23 12:00,464.1,1689052.2,209.2,358.781,6.9,92.7,90.6,46,2.5,44.8,3.6,40.4,36.4,3.45214995
2020/3/23 13:00,421.5,1605290.2,201.9,364.344,33.7,98.4,71.3,43.3,3.2,42.1,4.6,37.6,32.6,2.710612575
2020/3/23 14:00,343.8,1386931.8,92,297.262,20,100,83.4,44.7,3.3,43.4,4.7,38.3,33.2,1.849825035
2020/3/23 15:00,239.2,1055716.5,23.9,199.126,40.8,100,66,43.5,3.7,42.4,5.2,37.8,33.5,1.5413875049999999
2020/3/23 16:00,123,652132.7,7.6,121.683,14.2,100,88.1,45,3.7,44.1,5.3,39.3,34.6,1.678337505
2020/3/23 17:00,28.3,257341.1,2.1,55.296,4,97,95.1,43.5,3.6,42.5,5.2,37.3,32.3,0.074025
2020/3/23 18:00,0,27284.5,0,11.334,2.9,93.8,93.4,43.2,3.3,42.1,4.8,36.2,30.9,0
2020/3/23 19:00,0,0,0,0,0,99.7,90.6,40.5,4.6,39.7,6.6,34.9,30.1,0
2020/3/23 20:00,0,0,0,0,0,99.9,94.6,43.1,3.6,42.2,5.2,37.5,32.9,0
2020/3/23 21:00,0,0,0,0,0,100,99.5,44.5,3.3,43.6,4.7,38.8,34.6,0
2020/3/23 22:00,0,0,0,0,0,100,100,46.4,3.2,45.5,4.6,40.2,35.8,0
2020/3/23 23:00,0,0,0,0,0,100,100,48.2,3.2,47.2,4.6,42.1,37.9,0
2020/3/24 0:00,0,0,0,0,0,98.2,97.1,50.5,3.4,49.7,4.9,44.5,39.9,0
2020/3/24 1:00,0,0,0,0,0,99.9,99.1,50.5,3.2,49.4,4.6,44.2,40.1,0
2020/3/24 2:00,0,0,0,0,0,99.5,95.1,50.2,3.4,49.2,4.8,44.7,41.1,0
2020/3/24 3:00,0,0,0,0,0,100,99.3,51.1,3.7,50,5.3,46.1,43,0
2020/3/24 4:00,0,0,0,0,0,100,99.6,51.9,3.2,51,4.5,47.5,44.8,0
2020/3/24 5:00,0,0,0,0,0,100,99.1,53,2.5,52.2,3.5,49.2,47.1,0.052112505
2020/3/24 6:00,45.5,56116,0.9,10.315,2.8,100,97.7,55.5,2.3,54.8,3.3,52.2,50.3,0.39406249499999996
2020/3/24 7:00,150.6,342727.5,8.5,47.049,14.8,100,89.4,60.9,2.3,60.1,3.3,57.2,55.2,0.919912485
2020/3/24 8:00,267.1,753826.3,16.4,95.913,8,100,97.9,61.4,2.4,60.5,3.4,57.2,54.8,1.26848751
2020/3/24 9:00,367.8,1150022.8,19.4,116.625,1.4,100,99.7,58.9,2.5,58,3.6,54.7,52.7,1.59879999
2020/3/24 10:00,439.7,1463474,17.3,123.028,15.3,100,93.5,56.2,2.3,54.8,3.3,50.3,47.7,1.1278499999999998
2020/3/24 11:00,475.3,1658547.7,5.4,124.829,0,100,100,56.5,1.8,55.1,2.6,50.3,47.5,0.8122875
2020/3/24 12:00,471.6,1716451.9,0,106.539,0,100,100,59.1,1.6,57.9,2.2,53.6,51.1,0.62768748
2020/3/24 13:00,428.7,1631926,0.9,102.054,0,100,100,83,1.2,82.2,1.7,79.1,76.6,0.77690001
2020/3/24 14:00,350.8,1412706.3,2.9,95.688,1.3,100,99.5,78,1.1,77.2,1.6,74.1,71.3,0.63294999
2020/3/24 15:00,245.9,1080356.9,1.5,61.809,0,100,100,75.6,1.5,74.6,2.1,70.7,67.6,0.238474995
2020/3/24 16:00,128.7,674679.2,0,31.02,0,100,100,71,1.8,69.7,2.7,65.2,61.7,0.08286249
2020/3/24 17:00,31.4,274135.5,0,13.894,0.4,100,99.8,65.3,1.7,64,2.5,59.4,55.9,0
2020/3/24 18:00,0,32322,0,3.755,0.8,100,99.4,63.7,1.6,62.4,2.3,57.8,54.4,0
2020/3/24 19:00,0,0,0,0,0,100,99.4,67.7,1.1,66.5,1.6,61.9,57.9,0
2020/3/24 20:00,0,0,0,0,0,93.5,93.4,67.4,2.1,65.8,3,60,55.3,0
2020/3/24 21:00,0,0,0,0,0,100,89.4,61.9,2.8,60.3,4,54.8,50.6,0
2020/3/24 22:00,0,0,0,0,0,100,87.2,59.7,2.7,58.3,3.9,53.4,49.8,0
2020/3/24 23:00,0,0,0,0,0,99.7,90.7,58.6,2.7,57.3,3.8,52.7,49.5,0
2020/3/25 0:00,0,0,0,0,0,98.5,95.7,60.6,2.5,59.1,3.5,53.8,50.1,0
2020/3/25 1:00,0,0,0,0,0,99.7,98.7,66.4,1.6,64.7,2.2,58.8,54.8,0
2020/3/25 2:00,0,0,0,0,0,99.9,99.1,65.9,2.3,64.5,3.4,59.7,56.3,0
2020/3/25 3:00,0,0,0,0,0,99.8,99.6,66.1,2.6,64.8,3.7,60,56.4,0
2020/3/25 4:00,0,0,0,0,0,99.8,99.8,70.2,2.3,69,3.3,64.6,61.1,0
2020/3/25 5:00,0,0,0,0,0,99.9,99.9,73.8,2.2,72.8,3.2,68.9,65.6,0.009196605
2020/3/25 6:00,50.4,67181.3,0.5,4.166,0.9,100,100,80.7,2.1,79.9,3,76.4,73.1,0.275387505
2020/3/25 7:00,157.8,365308.7,0.4,11.651,0,100,100,94.4,1.4,93.3,2,89.1,85.4,0.8029749899999999
2020/3/25 8:00,274.9,781149,0.4,19.732,0,100,100,94.5,0.8,93.9,1.2,91.5,89.5,1.228137495
2020/3/25 9:00,375.8,1178471.1,0,34.162,0,100,100,95.3,1.8,95.1,2.6,94.2,93.8,1.7511375299999998
2020/3/25 10:00,447.5,1491888.5,0.5,54.496,0,100,100,94.2,3.2,93.9,4.6,93.2,93.2,2.6098875
2020/3/25 11:00,483,1686475.1,0.8,73.884,0,100,100,95.4,3.4,95.1,4.9,95.3,96.1,3.083925
2020/3/25 12:00,479.1,1743703.3,0.3,80.17,0,100,100,95.5,3.7,95.2,5.3,94.4,94.4,1.358312505
2020/3/25 13:00,436,1658419.8,0.4,82.222,0,100,100,93.4,3.2,93.1,4.6,92.2,92,0.5578875000000001
2020/3/25 14:00,357.8,1438362,0.3,88.156,0,100,100,93.2,2.9,92.8,4.2,91.5,91.4,0.65031252
2020/3/25 15:00,252.5,1104928.4,0.1,81.135,0.1,100,100,90.3,2.4,90.2,3.5,89.8,91,0.54361248
2020/3/25 16:00,134.5,697273.1,0.9,61.07,11,99.7,97.2,88.6,2.3,88.3,3.2,87.2,88.1,0.03391251
2020/3/25 17:00,34.7,291313.6,0.6,32.909,13.8,99.8,96.3,86.3,1.9,86,2.8,84.8,85,0
2020/3/25 18:00,0,37510.2,0,8.172,2.7,100,99.6,87.2,1.7,86.7,2.4,85.1,84.9,0
2020/3/25 19:00,0,0,0,0,0,99,68.5,93,1.8,92.5,2.6,90.7,89.9,0
2020/3/25 20:00,0,0,0,0,0,98,56.6,94.3,1.6,93.9,2.2,92.5,91.7,0
2020/3/25 21:00,0,0,0,0,0,97.8,51.1,94.8,1.4,94.2,2,92,90.7,0
2020/3/25 22:00,0,0,0,0,0,98,51.5,95.9,1.5,94.8,2.1,91.1,88.9,0
2020/3/25 23:00,0,0,0,0,0,99.1,59.3,95.9,1.2,94.4,1.7,89.3,86.3,0
2020/3/26 0:00,0,0,0,0,0,98.9,74,96.1,1,94.3,1.4,88.1,84.5,0
2020/3/26 1:00,0,0,0,0,0,99.3,78.1,95,1.6,93,2.3,86.4,82,0
2020/3/26 2:00,0,0,0,0,0,80,40,95.7,1.5,93.7,2.1,87.3,82.7,0
2020/3/26 3:00,0,0,0,0,0,0,0,97.8,1.3,95.7,1.8,88.7,84.4,0
2020/3/26 4:00,0,0,0,0,0,0,0,97.2,1.4,94.9,2,87.7,83.5,0
2020/3/26 5:00,0,0,0,0,2,0,0,93.4,1.2,91.5,1.8,85.6,82.2,0.15368749499999998
2020/3/26 6:00,55.4,78675.5,38.8,33.031,60,0,0,91.2,1.3,89.7,1.8,85.2,82.3,1.1204375100000001
2020/3/26 7:00,165.1,388313.5,125.9,122.016,55.3,7.9,7.9,85.4,1.3,84.5,1.9,81.6,79.6,2.800112475
2020/3/26 8:00,282.8,808523.7,210.8,228.394,55.1,11.6,11.6,78.5,1.3,78.4,1.9,78.1,77.8,4.0191126
2020/3/26 9:00,383.7,1206848,269.8,316.72,48.4,31.2,31.1,69.1,1.3,69,1.8,68.7,68.5,2.6625
2020/3/26 10:00,455.3,1520178.2,304.8,377.399,49.9,20.9,20.9,57.3,1.3,56.9,1.9,55.6,54.8,5.4833625
2020/3/26 11:00,490.6,1714252.5,350.3,422.156,47,46.1,34.6,48.8,1.8,48.2,2.6,46.1,44.8,4.6238624999999995
2020/3/26 12:00,486.5,1770797.1,250.6,405.634,12.1,88.8,88.6,48.2,3.2,47.1,4.6,43.5,41.3,4.5363126
2020/3/26 13:00,443.2,1684763.1,93.6,294.386,12.6,96.3,95.9,54.6,2.8,53.6,4,50,48,3.3650374499999995
2020/3/26 14:00,364.7,1463890.6,90.4,206.542,29.1,72.9,72.6,59.1,2.1,57.9,3.1,53.9,51.5,2.8639749749999996
2020/3/26 15:00,259.1,1129421.4,97.2,184.908,36.4,58.8,58.8,63.1,2.1,62,2.9,58.4,56.3,3.362012475
2020/3/26 16:00,140.4,719899.8,57.6,147.801,42.8,36.4,36.4,68.9,1.5,67.4,2.1,62.7,59.9,0.45721250999999996
2020/3/26 17:00,38.2,308847.7,13.7,77.45,23.5,67.1,67.1,73.7,1.5,72.1,2.2,66.9,63.9,0.07057501499999999
2020/3/26 18:00,0,42884.5,0,18.835,5.7,91.5,91.5,77.7,2,76.7,2.9,73.2,71.1,0
2020/3/26 19:00,0,0,0,0,0,93.4,93.4,81.5,1.1,79.9,1.5,74.5,71.4,0
2020/3/26 20:00,0,0,0,0,0,72.4,72.4,83,1.1,81.5,1.6,76.6,73.8,0
2020/3/26 21:00,0,0,0,0,0,66,65.9,87.4,1,85.2,1.4,78.4,74.5,0
2020/3/26 22:00,0,0,0,0,0,22.9,20.4,90.2,0.9,87.8,1.3,80.2,75.9,0
2020/3/26 23:00,0,0,0,0,0,46.5,39.2,93.8,1,90.8,1.4,81.6,76.5,0
2020/3/27 0:00,0,0,0,0,0,30.7,30.7,96.9,1.3,93.5,1.8,82.6,76.7,0
2020/3/27 1:00,0,0,0,0,0,4.6,4.6,96.8,1.4,93.8,2,84.6,79.5,0
2020/3/27 2:00,0,0,0,0,0,34.4,34.3,96.9,1.2,93.4,1.8,83.5,78.2,0
2020/3/27 3:00,0,0,0,0,0,28.4,28.4,97.2,1.4,93.9,2,83.7,78.5,0
2020/3/27 4:00,0,0,0,0,0,56.5,50.3,94.9,1.4,92,2,82.6,77.8,0
2020/3/27 5:00,0,0,0,0,1.2,90,88.5,91.3,1.3,88.7,1.9,80.5,76.1,0.19749999
2020/3/27 6:00,60.7,90616.2,20.9,25.922,10.1,92.2,91,86,1.5,84.1,2.1,77.9,74.3,0.65622501
2020/3/27 7:00,172.4,411696.6,67.7,96.646,16.3,77.2,77.2,78.1,1.6,76.9,2.2,73.2,70.9,1.8488874749999997
2020/3/27 8:00,290.6,835928.7,104.2,176.788,26.4,74.7,73.7,70.2,1.5,69.7,2.1,68.4,67.5,2.51955
2020/3/27 9:00,391.5,1235138.8,114.4,232.728,25,97,87.6,63.4,1.5,63.1,2.2,62,61.3,1.507862505
2020/3/27 10:00,463.1,1548331.1,56.8,238.868,1.2,100,99.7,64.3,1.9,63.3,2.7,60,58.1,3.5260250249999996
2020/3/27 11:00,498.2,1741869.7,22.5,213.556,0.4,99.9,99.9,62.9,2.6,62.2,3.7,59.8,58.6,8.5431876
2020/3/27 12:00,493.9,1797724.2,24.1,199.172,0.8,99.7,99.7,63.2,2.8,62.6,4,60.7,59.8,5.83011255
2020/3/27 13:00,450.4,1710947.5,17.8,177.515,1,99.9,99.9,58.9,3.4,58.3,4.8,56.2,55.3,6.8195751
2020/3/27 14:00,371.7,1489283.9,13.8,142.415,2.6,99.4,99.4,62.2,2.9,61.6,4.2,59.3,58.4,5.9306499
2020/3/27 15:00,265.7,1153827,26.2,119.282,7,92,92,65.7,3.1,65.3,4.4,64,63.8,2.260787475
2020/3/27 16:00,146.2,742545.5,35.8,107.086,29.9,65.1,65.1,68.3,3,67.9,4.3,66.5,66.4,1.1847124949999999
2020/3/27 17:00,41.8,326709.7,14,69.844,29.9,74.6,74.6,69.9,3.2,69.4,4.6,67.6,67.4,0.153700005
2020/3/27 18:00,0,48474.1,0,19.319,10.5,92.3,92.3,73.5,3.1,73,4.5,71.5,71.5,0
2020/3/27 19:00,0,0,0,0,0,99.9,99.9,77.3,2.7,77.1,3.9,76.5,77.3,0
2020/3/27 20:00,0,0,0,0,0,100,100,95.8,2.7,95.6,3.8,95.1,94.9,0
2020/3/27 21:00,0,0,0,0,0,91.4,91.4,88.6,2.8,88.2,4.1,86.8,85.8,0
2020/3/27 22:00,0,0,0,0,0,70.5,70.5,77.4,3.1,76.3,4.5,72.4,70.1,0
2020/3/27 23:00,0,0,0,0,0,49.9,49.9,73.9,3.6,73,5.2,69.9,68.3,0
2020/3/28 0:00,0,0,0,0,0,57.3,57.3,72.4,3.8,71.6,5.4,68.8,67.4,0
2020/3/28 1:00,0,0,0,0,0,92.2,92.2,69.9,4.1,69.1,5.8,66.3,65.1,0
2020/3/28 2:00,0,0,0,0,0,99.3,99.3,81.4,4.5,81.2,6.5,80.6,80.9,0
2020/3/28 3:00,0,0,0,0,0,98.8,98.7,92.5,3.7,92.2,5.4,91.3,91.2,0
2020/3/28 4:00,0,0,0,0,0,98,97.9,84.5,3.4,84.4,4.9,84,83.8,0
2020/3/28 5:00,0.4,121.5,0,0.056,0.3,98.5,98.5,74.7,2.9,74.4,4.1,73.2,72.5,0
2020/3/28 6:00,66.1,103143.8,7,19.952,1.3,99.2,99.2,72,3.5,71.8,5,70.9,70.3,0.09196249499999999
2020/3/28 7:00,179.7,435414,30.4,78.228,8.8,88.3,88.3,72.9,4.4,72.9,6.3,72.8,72.6,0.59503752
2020/3/28 8:00,298.4,863342.8,64,151.322,12.6,82.4,82.4,73.4,4.2,73.5,6,73.5,73.3,1.34865
2020/3/28 9:00,399.4,1263329.2,121.3,225.913,37,62.4,61.9,72.5,4.2,72.8,6,73.6,73.8,3.5336749499999995
2020/3/28 10:00,470.8,1576335.6,180.7,302.431,31,63.8,62.9,69.9,4.1,70.1,5.9,70.8,70.9,0
2020/3/28 11:00,505.7,1769316.7,202.2,350.83,19.2,75.6,75.2,65.1,4.4,65.2,6.3,65.2,64.9,8.07015
2020/3/28 12:00,501.2,1824475.7,198.4,365.838,11.9,84,84,61.7,4.5,61.7,6.5,61.7,61.5,5.0768625
2020/3/28 13:00,457.5,1736964.9,167.1,354.889,20.3,72.8,72.8,67.6,4.5,67.4,6.5,66.8,66.5,5.943825
2020/3/28 14:00,378.6,1514534.1,107.3,298.42,17.9,74.6,74.6,70,4.6,69.9,6.6,69.6,69.4,0.67957497
2020/3/28 15:00,272.3,1178136.2,87.7,230.997,33.1,65.7,65.7,69.3,4,69.1,5.8,68.4,68.1,2.1192374999999997
2020/3/28 16:00,152.1,765196.9,48.7,167.634,14.5,82.5,82.5,73.8,4.7,73.7,6.8,73.5,73.4,0.30559999499999996
2020/3/28 17:00,45.6,344871.7,12.4,87.851,23.3,72.4,72.4,80.2,4,80.3,5.8,80.7,80.9,0.07153750499999999
2020/3/28 18:00,0,56226.8,0,23.167,23.4,79.4,79.4,86,3.4,86.3,4.9,87.3,87.9,0
2020/3/28 19:00,0,0,0,0,0,84.4,84.4,91.8,3.3,92.2,4.7,93.5,94.3,0
2020/3/28 20:00,0,0,0,0,0,72.7,72.7,92.5,2.6,92.6,3.8,92.8,93,0
2020/3/28 21:00,0,0,0,0,0,82.7,82.7,87.3,3.3,87.3,4.7,87.3,87.4,0
2020/3/28 22:00,0,0,0,0,0,73.4,73.4,87,3.6,86.9,5.1,86.8,86.7,0
2020/3/28 23:00,0,0,0,0,0,85,85,86.4,3.5,86.6,5.1,87.5,88.1,0
2020/3/29 0:00,0,0,0,0,0,74.5,74.5,86.6,3.8,86.6,5.4,86.5,86.5,0
2020/3/29 1:00,0,0,0,0,0,99.7,99.7,83.9,3.7,84,5.3,84.4,84.6,0
2020/3/29 2:00,0,0,0,0,0,98.6,98.6,84.9,3.6,85,5.2,85.3,85.4,0
2020/3/29 3:00,0,0,0,0,0,99.2,98.4,82.3,3.8,82.4,5.4,82.9,83.1,0
2020/3/29 4:00,0,0,0,0,0,100,99.7,82.9,3.7,83,5.3,83.3,83.5,0
2020/3/29 5:00,3.2,891.6,0.2,0.602,1.8,98.3,94.6,82.8,3.6,82.9,5.2,83.2,83.4,0
2020/3/29 6:00,71.7,116821,4.9,17.859,0,100,100,84.8,3.7,84.8,5.3,84.9,85,0
2020/3/29 7:00,187,459423.9,0.6,38.474,0,100,100,86.1,3.5,86.1,5,86.3,86.3,0.002262495
2020/3/29 8:00,306.1,890745.9,27.3,89.673,2.8,98.3,98.3,81.9,3.3,81.9,4.8,82,82.2,0.205150005
2020/3/29 9:00,407.1,1291405.2,35.4,160.35,0,100,100,79.5,3.6,79.6,5.2,80,80.3,0.22550000999999997
2020/3/29 10:00,478.4,1604180.4,6.7,144.756,2.9,98.6,98.6,79.6,3.8,79.5,5.4,79.1,78.7,0.223300005
2020/3/29 11:00,513.2,1796583.7,18.4,106.202,4.6,99.1,99.1,82.4,4.9,82.4,7,82.4,82.6,1.27497501
2020/3/29 12:00,508.5,1851043,15.8,109.33,10.3,92.4,92.4,82.7,4.6,82.5,6.7,81.6,81.2,3.0686750249999997
2020/3/29 13:00,464.6,1762807.5,23.6,128.071,20.1,84.6,84.6,80.2,3.8,80.2,5.5,80,80,1.7209125299999999
2020/3/29 14:00,385.4,1539633.5,80.6,176.256,31.2,68.5,68.5,74.6,4,74.3,5.8,73.4,73.1,3.840387525
2020/3/29 15:00,278.8,1202340.6,91.9,201.591,27.6,58.1,58.1,76.5,4.2,76.4,6,75.8,75.5,2.96149995
2020/3/29 16:00,158,787841.3,51.1,157.892,28.8,66.6,66.6,82,3.5,82.1,5.1,82.3,82.4,0.9807125099999999
2020/3/29 17:00,49.5,363306.5,14.6,82.729,24.9,71.6,71.6,82.4,3.1,82.5,4.5,82.7,82.8,0.04711251
2020/3/29 18:00,0,65222.8,0,22.253,29.3,68.7,68.7,86.5,2.7,86.3,3.8,85.4,85,0
2020/3/29 19:00,0,0,0,0,0,86.9,86.9,88.6,2.3,88.4,3.3,88,87.6,0
2020/3/29 20:00,0,0,0,0,0,98,98,88.3,2,88.2,2.9,87.5,87,0
2020/3/29 21:00,0,0,0,0,0,81.5,81.5,90.8,1.7,90.7,2.5,90.2,89.9,0
2020/3/29 22:00,0,0,0,0,0,76.5,76.5,89.2,2,89.1,2.9,88.6,88.4,0
2020/3/29 23:00,0,0,0,0,0,74.9,74.9,91.3,1.9,91,2.8,89.9,89.4,0
2020/3/30 0:00,0,0,0,0,0,92.9,92.9,88.6,2.1,88.5,3,87.9,87.6,0
2020/3/30 1:00,0,0,0,0,0,89.1,89.1,90.1,1.8,90,2.5,89.7,89.5,0
2020/3/30 2:00,0,0,0,0,0,51,51,91.2,1.4,91.1,2,90.9,90.7,0
2020/3/30 3:00,0,0,0,0,0,67.5,49.9,90.6,1.3,90.2,1.9,88.8,88,0
2020/3/30 4:00,0,0,0,0,0,93.1,77.8,87.7,1.2,86.8,1.8,84,82.4,0
2020/3/30 5:00,5.9,1658.6,0.4,2.145,9.7,95.2,76.3,87.3,1.2,86.3,1.7,83.2,81.4,0
2020/3/30 6:00,77.5,131041.8,16.7,32.999,37.7,67.3,59.9,86.3,1.2,85.6,1.7,83,81.6,0
2020/3/30 7:00,194.4,483686.3,60.5,99.263,39.9,76.6,66.1,80.7,0.6,80.7,0.8,81,81.2,0.30881250000000005
2020/3/30 8:00,313.9,918118.5,138.8,181.79,43.4,57.6,49.3,74.2,0.4,74.4,0.5,75.1,75.6,2.075125005
2020/3/30 9:00,414.9,1319353.3,203.3,270.418,47.6,34.4,34.1,69.9,0.5,69.9,0.7,69.8,69.6,4.64037495
2020/3/30 10:00,486,1631854.5,223.9,329.904,46.1,34.9,34.9,64.7,0.6,64.4,0.8,63.6,62.8,8.5153497
2020/3/30 11:00,520.7,1823661.4,293.3,380.15,31.7,58.7,58.7,57.1,0.8,56.8,1.2,55.6,54.9,7.8345123
2020/3/30 12:00,515.7,1877417.9,231.7,401.205,13.8,84,84,55.6,1.3,55.2,1.9,53.9,53.1,4.9812375
2020/3/30 13:00,471.6,1788467.8,90.3,319.065,4.3,99.3,99.3,63,1.1,62.8,1.6,62.3,61.9,6.41626362
2020/3/30 14:00,392.3,1564574.8,25.4,194.393,0,100,100,65.2,1.2,65,1.8,64.4,64.1,3.063162525
2020/3/30 15:00,285.4,1226432,4.1,107.719,3,99.6,99.6,70.4,1.2,70.1,1.7,69,68.4,1.3917
2020/3/30 16:00,164,810466.5,9.7,69.916,8.4,95.4,95.4,72.2,1.1,71.6,1.6,69.3,68,0.44612499
2020/3/30 17:00,53.6,381987.3,2.5,45.194,0,100,100,72.7,1.4,71.8,2.1,69,67.3,0.07517499
2020/3/30 18:00,0,74485,0,13.747,0,100,100,74.6,1.9,74,2.7,71.7,70.3,0
2020/3/30 19:00,0,0,0,0,0,100,100,81.9,2.6,81.7,3.7,80.9,80.5,0
2020/3/30 20:00,0,0,0,0,0,99.9,99.9,82.7,3.3,82.4,4.7,81.5,81,0
2020/3/30 21:00,0,0,0,0,0,100,100,83.2,3.6,83,5.1,82.2,81.8,0
2020/3/30 22:00,0,0,0,0,0,100,100,85,3.4,84.7,4.9,83.9,83.6,0
2020/3/30 23:00,0,0,0,0,0,100,99.9,83.5,3.6,83.2,5.1,82.3,82.1,0
2020/3/31 0:00,0,0,0,0,0,100,99.9,82.5,3.4,82.2,4.9,81.4,81.5,0
2020/3/31 1:00,0,0,0,0,0,100,99.8,82.8,3.1,82.4,4.5,81.3,81.5,0
2020/3/31 2:00,0,0,0,0,0,100,100,81.6,3.3,81.3,4.7,80.1,80.6,0
2020/3/31 3:00,0,0,0,0,0,100,99.9,80.6,3.4,80.2,4.9,78.9,79.6,0
2020/3/31 4:00,0,0,0,0,0,100,99.9,81.3,3.7,80.8,5.3,79.7,80.4,0
2020/3/31 5:00,8.7,2422.3,0.2,1.049,0.3,99.4,99.3,82.5,3.6,82.1,5.2,81.2,82.1,0.038974995
2020/3/31 6:00,83.4,145845,4.7,15.439,6.5,98.2,94.4,81.8,4.9,81.5,7.1,81,81.8,0.28232500499999996
2020/3/31 7:00,201.8,508163.2,9.6,46.947,7.3,100,99,84.2,4.3,84.1,6.2,84.4,85.5,0.9774249899999999
2020/3/31 8:00,321.6,945441.9,2.8,63.441,0,100,100,86.8,4.6,86.7,6.6,87.2,88.2,1.3294375050000002
2020/3/31 9:00,422.6,1347160.3,0.2,67.641,0.4,100,99.9,91.4,4.8,91.2,6.8,90.9,91.1,1.00733181
2020/3/31 10:00,493.6,1659347.2,0.2,72.21,0,100,100,94.2,5,93.7,7.2,92,91.4,1.0432499999999998
2020/3/31 11:00,528,1850540.6,0.1,61.248,0.4,100,100,96.4,5.5,96,7.8,95,95,2.1300124499999997
2020/3/31 12:00,522.9,1903592.2,1.5,53.668,2,100,99.9,96,5.5,95.6,7.9,94.5,94.2,1.58295
2020/3/31 13:00,478.6,1813938.3,9.7,76.956,3.1,99.2,99,93.2,5.4,93.9,7.7,95.7,95.7,4.795362599999999
2020/3/31 14:00,399,1589350.7,40.6,125.67,17.1,97.7,89.2,88.1,6.5,88.3,9.3,88.9,89.6,2.709324975
2020/3/31 15:00,291.9,1250402.4,61.6,158.418,12.4,90.7,87.5,86.9,5.6,87,8,87.6,88.4,2.5371375000000005
2020/3/31 16:00,169.9,833061,34.8,136.633,20,93.7,85.9,85.3,5.1,85.4,7.3,85.9,86.6,0.50736249
2020/3/31 17:00,57.8,400888.7,6.3,73.8,7.1,99.8,98.4,85.5,4.9,85.6,7.1,86.3,87.4,0.037037489999999985
2020/3/31 18:00,0,84023,0,18.997,5.8,99.9,98.6,86.6,4.7,86.5,6.7,86.8,87.5,0
2020/3/31 19:00,0,0,0,0,0.3,100,98.3,83.2,4.4,83.2,6.3,83.5,84.4,0
2020/3/31 20:00,0,0,0,0,0,100,98.3,84.1,3.7,84.2,5.3,84.9,85.9,0
2020/3/31 21:00,0,0,0,0,0,100,98.7,84.7,3.4,84.7,4.9,85,85.9,0
2020/3/31 22:00,0,0,0,0,0,99.7,98.4,85,3.3,85,4.7,85.4,86.1,0
2020/3/31 23:00,0,0,0,0,0,99.7,98.1,84.7,2.9,84.6,4.2,84.8,85.4,0
2020/4/1 0:00,0,0,0,0,0,99.9,98.8,83.7,2.8,83.7,4,83.9,84.5,0
2020/4/1 1:00,0,0,0,0,0,100,99.5,81,2.3,81,3.3,81.3,82,0
2020/4/1 2:00,0,0,0,0,0,100,99.7,83,2,83,2.9,83.1,83.6,0
2020/4/1 3:00,0,0,0,0,0,100,100,86.8,1.7,86.8,2.4,86.7,86.9,0
2020/4/1 4:00,0,0,0,0,0,100,100,87.9,1.1,87.6,1.6,86.6,86,0
2020/4/1 5:00,11.4,3184.5,0,3.051,0,100,100,89.8,0.9,89.8,1.3,89.8,90,0.03292499999999998
2020/4/1 6:00,89.4,161253.2,0,13.769,0.4,100,100,90.7,1.5,90.8,2.1,91.2,91.7,0.274187505
2020/4/1 7:00,209.2,532818.5,0,27.285,0,100,100,90.7,2.2,90.6,3.1,90.2,89.8,0.46633750499999993
2020/4/1 8:00,329.3,972697.8,0,40.565,0,100,100,91.4,2,91.2,2.9,90.1,89.2,0.64745001
2020/4/1 9:00,430.2,1374813.3,0.1,48.476,0,100,100,91.5,1.8,91.2,2.6,89.9,88.8,1.625612505
2020/4/1 10:00,501.1,1686648,22,74.225,10.5,95.5,95.5,91.6,1.2,91.2,1.7,89.9,88.6,3.8153751
2020/4/1 11:00,535.3,1877212.3,81.8,155.303,20.7,81.1,81.1,83.4,1.3,83.4,1.9,83,82.5,2.9652499499999996
2020/4/1 12:00,530,1929558.1,69.9,198.965,7.4,91,91,77.3,2.6,77.3,3.7,77.6,77.8,5.6502375
2020/4/1 13:00,485.5,1839212,46.7,165.859,4.7,97.7,97.7,85.1,3,84.9,4.2,83.9,83.1,1.5837749849999998
2020/4/1 14:00,405.8,1613954.5,67.9,157.757,11.4,93.2,93.2,80,3.7,80,5.3,80,80,1.135150005
2020/4/1 15:00,298.4,1274244.3,33.8,140.295,6,94.8,94.8,84,3.6,84.1,5.1,84.8,85.3,2.061174975
2020/4/1 16:00,175.9,855613.5,4.1,84.206,3.3,98.2,98.2,86.2,3,86.4,4.4,87.1,87.7,0.77058753
2020/4/1 17:00,62.1,419985.9,6.8,47.525,22.6,74.2,74.2,86.6,3.2,86.7,4.6,87.2,87.6,0.30546249
2020/4/1 18:00,0,93843.8,0,18.306,37.1,55.4,55.4,86.6,3.3,86.4,4.7,85.5,84.9,0
2020/4/1 19:00,0,0,0,0,1.6,88.8,88.8,87,3.1,86.9,4.4,86.1,85.5,0
2020/4/1 20:00,0,0,0,0,0,96.7,96.7,88.8,2.9,88.7,4.2,88.5,88.5,0
2020/4/1 21:00,0,0,0,0,0,98.3,98.3,88.4,3.1,88.4,4.4,88.4,88.4,0
2020/4/1 22:00,0,0,0,0,0,96.3,96.3,86.9,3,86.8,4.3,86.4,86,0
2020/4/1 23:00,0,0,0,0,0,55.8,55.8,82.5,3.6,82.2,5.1,81.2,80.4,0
2020/4/2 0:00,0,0,0,0,0,99.9,99.9,78.7,2.3,78.2,3.3,76.4,75.2,0
2020/4/2 1:00,0,0,0,0,0,25,25,76.2,2.7,75.4,3.8,72.5,70.4,0
2020/4/2 2:00,0,0,0,0,0,72.4,50.2,77.6,2.6,75.5,3.8,68.5,63.4,0
2020/4/2 3:00,0,0,0,0,0,99.6,98.1,74.1,2.7,72.2,3.9,65.7,61.1,0
2020/4/2 4:00,0,0,0,0,0,99.9,99.3,67.1,2.7,66.1,3.9,62.5,60,0
2020/4/2 5:00,14.1,6707.6,0.1,2.47,0.4,100,99.3,66.6,2.2,65.9,3.2,63.5,61.9,0.020200005
2020/4/2 6:00,95.5,177275.1,0.5,16.887,0,100,100,67.5,1.1,66.9,1.6,65,63.7,0.24006249000000002
2020/4/2 7:00,216.5,557618.2,0.4,52.589,0,100,100,68.3,1.6,68,2.3,66.6,65.6,0.58074999
2020/4/2 8:00,336.9,999868.9,0.4,83.544,0,100,100,68.9,1,69,1.4,69.2,69.5,0.50758749
2020/4/2 9:00,437.8,1402300,1.1,91.995,0,100,100,75.1,1.4,75.3,2,76.2,77,0.36364999499999995
2020/4/2 10:00,508.5,1713746.9,33.7,131.178,15.2,98.1,86.6,74.3,1.7,74.5,2.5,75.3,76,1.75811247
2020/4/2 11:00,542.6,1903667.9,48.5,202.369,1.6,99.8,98.8,62.5,2.6,62.6,3.8,62.8,63,2.385337425
2020/4/2 12:00,537,1955308.1,15,217.112,0.6,100,99.6,59.6,3.4,59.4,4.9,58.8,58.4,3.278862525
2020/4/2 13:00,492.4,1864282,34.5,205.795,4.4,99.2,98.3,57.8,2.9,57.6,4.1,56.9,56.5,4.95501255
2020/4/2 14:00,412.5,1638379.5,81.9,232.268,6.6,97.5,94.7,58.7,2.9,58.5,4.2,57.9,57.5,2.84217495
2020/4/2 15:00,304.8,1297950.3,79,232.963,25.1,91.1,83.5,62,3.5,61.9,5.1,61.4,61.1,4.412325
2020/4/2 16:00,181.9,878113.5,29.8,165.522,1.2,99.9,99.6,67.3,3.4,67.3,4.9,67,67,1.319374995
2020/4/2 17:00,66.5,439255.3,2.5,76.415,0.5,100,100,73.9,3.4,74,4.9,74,74.2,0.027287504999999997
2020/4/2 18:00,0.9,104200.7,0,18.446,3.8,100,98.5,77.7,3.1,77.6,4.5,77.5,77.4,0
2020/4/2 19:00,0,240.8,0,0.362,0.3,100,99.5,91.9,5.1,92,7.4,92.4,92.9,0
2020/4/2 20:00,0,0,0,0,0,99.7,93.4,84.6,5.6,84.5,8,84.4,84.6,0
2020/4/2 21:00,0,0,0,0,0,99.9,98.6,82,5.3,81.9,7.6,81.7,81.7,0
2020/4/2 22:00,0,0,0,0,0,99.8,97.6,77.7,5.1,77.6,7.3,77.1,76.9,0
2020/4/2 23:00,0,0,0,0,0,95.5,92.1,83.9,5.1,83.9,7.3,84,84.3,0
2020/4/3 0:00,0,0,0,0,0,89.8,87,88.1,4.7,88.4,6.8,89.6,90.7,0
2020/4/3 1:00,0,0,0,0,0,74.7,74.7,70.6,4.5,70.4,6.4,69.5,69.1,0
2020/4/3 2:00,0,0,0,0,0,76.3,76.3,77.6,4.1,77.6,5.9,77.4,77.5,0
2020/4/3 3:00,0,0,0,0,0,90.2,83.9,83,4.8,83.2,6.9,84.1,85,0
2020/4/3 4:00,0,0,0,0,0,99,96.8,85,4.7,85.3,6.8,86.4,87.4,0
2020/4/3 5:00,16.9,10944.9,0.6,5.32,2.3,98.3,96.2,82.8,5,83,7.2,83.9,84.8,0.011262494999999983
2020/4/3 6:00,101.8,193907,15.2,39.869,5,99.2,97.4,86,4.3,86.3,6.2,87.8,89.1,0.23139999
2020/4/3 7:00,223.9,582529.7,57.3,110.616,14,89.7,89,76.7,4.3,77,6.1,78.3,79.6,0.0523875
2020/4/3 8:00,344.5,1026938.4,88.3,184.011,11.1,86.7,86.6,75.1,4.6,75.4,6.6,76.7,78,0.50874999
2020/4/3 9:00,445.4,1429608.3,117.6,250.799,23.1,80.7,80.2,74.7,4,75.1,5.7,77.1,79.1,3.9896123999999995
2020/4/3 10:00,515.9,1740634,131.9,304.656,17.6,84.8,83.5,71.6,3.9,72,5.5,73.7,75.7,6.5046250500000005
2020/4/3 11:00,549.8,1929899,117.4,316.469,27.1,80.2,79.3,72.6,3.5,73.1,5,75.1,77.1,3.1869375
2020/4/3 12:00,544,1980834.8,112.6,299.332,5.9,97.1,95.5,72.4,4.2,72.6,6.1,73.7,75.2,3.2916000000000003
2020/4/3 13:00,499.2,1889141.6,87.2,275.96,4.1,97,96.1,65.1,4.1,65.4,5.9,66.6,68.1,3.6298125
2020/4/3 14:00,419.1,1662619.3,56.5,239.722,2.5,99,98.1,75.9,4.5,76.2,6.4,77.9,79.7,0.7310749799999999
2020/4/3 15:00,311.3,1321513.2,42,194.237,3,99,97.8,72.6,4,72.8,5.7,74,75.4,1.5319875
2020/4/3 16:00,187.8,900550.8,18.8,141.813,4.9,98.9,95.9,72.5,4,72.6,5.7,73.5,74.5,0.001237515
2020/4/3 17:00,71,458674.7,3.9,80.136,2.5,99.6,98.1,78.6,3.4,78.7,4.9,79.5,80.5,0
2020/4/3 18:00,3.1,115258.8,0.1,25.147,1.4,99.7,98.9,81.6,3.4,81.9,5,83.2,84.6,0
2020/4/3 19:00,0,867.1,0,1.013,0.1,99.8,99.6,80.2,2.8,80.1,4.1,80.2,80.6,0
2020/4/3 20:00,0,0,0,0,0,99.7,99.2,83.7,2.4,83.4,3.5,82.6,82.4,0
2020/4/3 21:00,0,0,0,0,0,99.7,99.3,85.5,2.2,85.3,3.2,84.9,84.8,0
2020/4/3 22:00,0,0,0,0,0,99.8,99.3,84.3,2.5,84.4,3.6,85,85.8,0
2020/4/3 23:00,0,0,0,0,0,99.5,99.2,83.5,2.9,83.5,4.1,83.8,84.3,0
2020/4/4 0:00,0,0,0,0,0,99.5,99.4,83,3.3,83,4.8,83.1,83.5,0
2020/4/4 1:00,0,0,0,0,0,96.5,96.5,81.9,3.5,82.1,5,82.9,84,0
2020/4/4 2:00,0,0,0,0,0,96.4,96.4,82.4,3.7,82.6,5.3,83.3,84.3,0
2020/4/4 3:00,0,0,0,0,0,98.2,98.2,82.9,3.9,83.1,5.6,83.8,84.9,0
2020/4/4 4:00,0,0,0,0,0,98.5,98.5,82.6,3.9,82.7,5.6,83.2,84.3,0
2020/4/4 5:00,19.8,15194.2,0.7,6.806,1.8,97.2,97.2,81.1,3.7,81.3,5.3,82,83.1,0.03358749
2020/4/4 6:00,108,211133.5,7.4,38.349,2.1,97.1,97.1,77.6,3.9,77.7,5.6,78.4,79.4,0.0409125
2020/4/4 7:00,231.2,607522.5,25.9,100.259,4.6,94.9,94.9,84,3.5,84.1,5.1,84.3,84.8,0.35972502
2020/4/4 8:00,352.1,1053890,72.6,186.6,8.1,90.5,90.4,78,2.9,77.9,4.2,77.9,78.5,0.597437475
2020/4/4 9:00,452.9,1456726.4,151.3,277.152,30.1,69.9,69.8,68.5,3,68.1,4.3,67.2,67.5,0.8238124949999999
2020/4/4 10:00,523.3,1767299.7,196.2,334.179,33,68.7,68.7,68.4,3.5,68,5,67.8,68.7,5.9991501000000005
2020/4/4 11:00,556.9,1955897.6,187.6,351.399,16.3,91.7,91.7,70.1,3,69.5,4.4,68.8,69.5,10.574525099999999
2020/4/4 12:00,551,2006131.2,217.7,372.807,6.3,91.2,91.2,68,3.5,67.5,5.1,66.6,67.2,2.96183745
2020/4/4 13:00,506,1913784.5,248.3,400.461,34.4,58.9,58.9,66.5,3.8,66,5.4,64.4,65,5.271
2020/4/4 14:00,425.7,1686667.5,226.7,384.407,43.2,47.7,47.7,64.6,3.5,64.2,5,62.8,63.4,5.375975100000001
2020/4/4 15:00,317.7,1344926.2,173.1,317.878,42.3,46,46,63.5,3.3,62.8,4.7,60.2,60.2,1.434874995
2020/4/4 16:00,193.8,922915.5,100.2,226.748,37.8,53.6,53.6,63.5,3,62.8,4.3,60.7,60.8,2.5687000500000003
2020/4/4 17:00,75.7,478222.4,33.5,129.141,20.6,73.1,73.1,70.4,2.7,69.8,3.9,67.8,67.8,0.329387505
2020/4/4 18:00,5.3,126653.6,1.4,43.546,6.9,90.4,90.4,73.2,1.7,72.3,2.4,69,67.8,0.00061875
2020/4/4 19:00,0,1490.5,0,3.541,11.4,42.7,38.1,77.4,1.4,76.4,1.9,73,71.4,0
2020/4/4 20:00,0,0,0,0,0,13.6,10.7,84.2,1.2,82.6,1.7,77.2,74.6,0
2020/4/4 21:00,0,0,0,0,0,69.3,47.7,91.3,1.4,88.6,2.1,80.1,75.6,0
2020/4/4 22:00,0,0,0,0,0,97.3,71.3,93.6,1.4,90.5,2,80.7,75.5,0
2020/4/4 23:00,0,0,0,0,0,99.7,86,93.2,1.4,90.2,2,80.7,75.5,0
2020/4/5 0:00,0,0,0,0,0,99.8,93.1,92.7,1.2,89.6,1.7,79.8,74.5,0
2020/4/5 1:00,0,0,0,0,0,100,73.1,94.2,1.1,91.2,1.6,81.6,76.6,0
2020/4/5 2:00,0,0,0,0,0,99.4,73.3,94.3,0.8,91,1.2,80.7,75,0
2020/4/5 3:00,0,0,0,0,0,99.8,90.7,92.4,0.9,90,1.3,82.1,76.7,0
2020/4/5 4:00,0,0,0,0,0,99.9,98.4,89.6,1.5,88.4,2.1,84.3,80,0.037785
2020/4/5 5:00,22.9,19470,0.8,9.569,1.2,99.9,99,87.1,1.6,86.6,2.4,84.8,81.1,0.61587498
2020/4/5 6:00,114.4,228928.3,11.1,53.936,3.3,99.8,97.8,84.4,1.8,84.3,2.6,84.2,81,1.782724995
2020/4/5 7:00,238.6,632567.4,33.4,129.265,0,100,100,82.4,1.8,82,2.6,80.6,77.8,2.709375
2020/4/5 8:00,359.6,1080708.1,27.3,181.109,0,100,100,76,1.9,75.7,2.7,74.5,72.6,4.19732505
2020/4/5 9:00,460.3,1483643,4.5,182.841,0.2,100,99.9,72.1,1.6,71.6,2.3,69.8,68.2,3.2757500250000002
2020/4/5 10:00,530.5,1793735,42.8,203.822,15.7,100,87.2,66.5,1.4,65.9,2,63.7,61.8,3.2103
2020/4/5 11:00,564,1981655.9,79.6,285.966,0.5,100,99.6,63.6,1.3,63,1.8,60.9,59,2.7580625249999997
2020/4/5 12:00,557.8,2031190.5,42,318.305,0.4,100,99.7,61.6,1.2,60.9,1.7,58.4,56.5,2.892299925
2020/4/5 13:00,512.7,1938204.5,12.1,262.24,1.4,100,98.8,64.8,1.3,64.2,1.9,62.2,60.9,3.184749975
2020/4/5 14:00,432.3,1710518.3,7.7,184.743,0,100,100,69.5,1.2,68.4,1.7,64.5,61.9,1.027825005
2020/4/5 15:00,324,1368182.7,3.8,117.167,1.7,100,98.7,74.2,1.7,72.2,2.5,65.8,61.7,1.1529749999999999
2020/4/5 16:00,199.7,945198.4,2.6,77.862,0.2,100,99.9,73.7,1.4,71.5,2,64.6,59.8,0.5442
2020/4/5 17:00,80.4,497878.3,0.1,43.214,0,100,100,71.8,1.7,69.9,2.5,63.6,58.8,0.085512495
2020/4/5 18:00,7.5,138406.1,0,13.643,6.3,100,94.8,70.2,1.7,68.5,2.4,62.9,58.4,0
2020/4/5 19:00,0,2110.8,0,3.159,11.6,100,69.8,75,1.3,73,1.8,66.5,61.5,0
2020/4/5 20:00,0,0,0,0,0,100,51.4,76,1.3,74.3,1.8,68.9,64.4,0
2020/4/5 21:00,0,0,0,0,0,100,50,77.2,1.3,75.7,1.9,71,66.6,0
2020/4/5 22:00,0,0,0,0,0,100,52.3,80,1.2,78.4,1.7,73.2,68.4,0
2020/4/5 23:00,0,0,0,0,0,100,50,81.6,1.4,79.9,2.1,74.2,69.8,0
2020/4/6 0:00,0,0,0,0,0,100,50,81.9,1.9,80.2,2.7,74.8,71,0
2020/4/6 1:00,0,0,0,0,0,100,100,78.6,2.3,77.4,3.2,73.4,70.4,0
2020/4/6 2:00,0,0,0,0,0,100,100,78.3,2,77.1,2.8,73,70.2,0
2020/4/6 3:00,0,0,0,0,0,99.8,97.3,79.6,1.9,78.1,2.7,73.1,70.1,0
2020/4/6 4:00,0,0,0,0,0,99.9,95.5,78.9,1.9,77.5,2.7,72.8,69.9,0.033974999999999984
2020/4/6 5:00,26.2,24330.3,1.7,8.216,12.8,99.5,83.7,78.4,2,77.1,2.8,72.6,69.6,0.52332498
2020/4/6 6:00,120.8,247256.1,21.6,52.453,51.4,98.7,56.6,76.5,1.8,75.4,2.6,70.8,67.2,1.3066875
2020/4/6 7:00,245.9,657636.9,46.3,128.705,53.7,100,55.2,68.6,1.7,67.7,2.5,62.5,57.3,2.939912475
2020/4/6 8:00,367,1107377.6,55.2,197.625,15.8,100,86.9,66.4,1.9,65.5,2.7,59.9,54.9,3.3132625499999997
2020/4/6 9:00,467.7,1510347.1,104.6,273.442,39.6,100,67,62.7,2,61.6,2.8,56.2,52.1,4.4988375
2020/4/6 10:00,537.7,1819930.7,239,380.368,60,99.2,49.6,55.8,2.3,54.7,3.3,50.8,48.5,5.88315
2020/4/6 11:00,570.9,2007166.1,354.5,477.663,59.9,99.3,49.7,51.7,2.8,50.8,4,47.6,46,9.1233375
2020/4/6 12:00,564.6,2056006.1,404.6,521.887,60,92.8,46.4,49.9,3,48.8,4.3,45.3,43.5,10.618137599999999
2020/4/6 13:00,519.3,1962395.7,416.6,517.375,60,83.2,41.6,48.3,3.1,47.2,4.4,43.7,41.8,9.363662399999999
2020/4/6 14:00,438.8,1734165.9,352.7,470.449,60,85.4,42.7,48.8,3.2,47.8,4.6,44.7,43.1,7.6180374
2020/4/6 15:00,330.3,1391276.3,266.3,386.41,60,85.5,42.7,53.2,2.9,52.1,4.1,48.4,46.5,5.13276255
2020/4/6 16:00,205.7,967390.2,166.7,281.745,60,69.4,34.7,58,2.5,56.8,3.6,52.6,50.2,2.092512525
2020/4/6 17:00,85.1,517622.9,68.6,166.82,60,10,5,61.6,2.3,60.1,3.4,55,51.8,0.205512495
2020/4/6 18:00,9.7,150530.8,4.8,61.158,56.8,74.2,39.8,64.1,2.5,62.3,3.6,55.9,51.3,0
2020/4/6 19:00,0,2728.5,0,7.056,0,100,100,60.8,3.1,59.5,4.5,54.8,51.5,0
2020/4/6 20:00,0,0,0,0,0,100,100,67.1,2.7,65.9,3.8,61.2,57.5,0
2020/4/6 21:00,0,0,0,0,0,100,100,74.7,2.2,73.5,3.1,69.1,65.5,0
2020/4/6 22:00,0,0,0,0,0,100,100,79.2,0.7,78.4,1,75.3,72.3,0
2020/4/6 23:00,0,0,0,0,0,100,100,87.3,0.5,86.3,0.7,81.5,77.6,0
2020/4/7 0:00,0,0,0,0,0,100,100,92.6,0.6,91.6,0.9,87.3,83.8,0
2020/4/7 1:00,0,0,0,0,0,100,99.1,86.9,0.7,86.1,1,84.4,83.9,0
2020/4/7 2:00,0,0,0,0,0,98.6,96.5,92.2,1.2,91.5,1.7,89.2,88.2,0
2020/4/7 3:00,0,0,0,0,0,92.2,88.9,94.9,1.5,94.3,2.1,92.2,90.7,0
2020/4/7 4:00,0,0,0,0,0,98.6,94.4,93,2,92.6,2.9,91.4,90.8,0.01704
2020/4/7 5:00,29.7,30032.5,1.1,7.283,5,99,96.4,89.8,2.5,89.6,3.6,89.1,89.5,0.252612495
2020/4/7 6:00,127.3,266075,7.5,38.411,2.1,99.5,98.3,88.5,2.6,88.3,3.8,88.1,88.8,0.80661249
2020/4/7 7:00,253.1,682704.9,26.5,95.445,8.6,98.5,94.2,84.9,2.6,84.9,3.8,84.9,85.6,3.0583500000000003
2020/4/7 8:00,374.4,1133884,93.6,183.029,10.5,93.6,89.3,78.2,2.8,78.1,4,77.6,78.4,5.4183249
2020/4/7 9:00,475,1536828,230.8,300.02,46.7,61.4,50.1,67.8,3.8,67.5,5.4,66.6,67.2,7.7151999
2020/4/7 10:00,544.8,1845878.2,334.1,402.884,43.9,38.1,37.1,58.1,4,57.9,5.7,57,57.3,11.1772128
2020/4/7 11:00,577.9,2032421.2,378.9,466.552,51.7,17.5,16.8,51.2,3.7,50.7,5.3,49.1,48.6,10.822937699999999
2020/4/7 12:00,571.4,2080571.6,400.4,496.672,55.9,15.4,11.5,47,3,46.1,4.3,43,41.7,10.6232253
2020/4/7 13:00,525.9,1986352.2,388.7,493.901,56.8,7.9,7.8,49.1,3.1,48.2,4.4,44.9,43.5,9.3648126
2020/4/7 14:00,445.2,1757604.7,346,456.511,58.5,3.9,3.9,45.6,3.2,44.5,4.6,40.7,38.9,7.0675374
2020/4/7 15:00,336.6,1414200.8,240.4,377.767,59.2,98.2,49.8,47,2.8,45.6,4.1,40.8,38.3,2.540912475
2020/4/7 16:00,211.6,989482.5,81.3,255.232,59.2,100,50.6,52,2.3,50.1,3.2,43.8,40.6,1.9829874749999998
2020/4/7 17:00,90,537437.9,11.8,131.9,40.4,100,66.3,55.5,2.1,53.3,3,46.2,42.5,0.27980001
2020/4/7 18:00,11.9,163035,0.8,46.303,19,100,84.2,59.2,2,56.8,2.9,49,44.7,0.0011625
2020/4/7 19:00,0,3682.2,0,6.175,0.9,100,98.1,56,2.4,54.2,3.4,48.3,44.6,0
2020/4/7 20:00,0,0,0,0,0,99.2,79.3,59,2.2,57.3,3.2,51.6,47.7,0
2020/4/7 21:00,0,0,0,0,0,100,52.8,63.3,2.1,61.6,3,56,51.6,0
2020/4/7 22:00,0,0,0,0,0,99.8,68.1,65.1,2.1,63.7,3,59.1,54.4,0
2020/4/7 23:00,0,0,0,0,0,100,94.9,65.7,1.9,64.5,2.7,60.1,55.2,0
2020/4/8 0:00,0,0,0,0,0,100,98.1,66.8,1.9,65.8,2.7,62,57.6,0
2020/4/8 1:00,0,0,0,0,0,100,100,60.7,2.5,59.4,3.6,54.5,50.1,0
2020/4/8 2:00,0,0,0,0,0,100,100,54.9,3.3,53.9,4.7,49.9,47,0
2020/4/8 3:00,0,0,0,0,0,100,99.7,54.9,3.3,53.8,4.7,49.6,46.4,0
2020/4/8 4:00,0,0,0,0,0,100,99.9,54.9,3.2,53.6,4.6,48.9,45,0.022033319999999985
2020/4/8 5:00,33.3,35889.6,0.2,2.69,1.3,99.5,99.1,55,3.4,54.2,4.8,51.2,49.3,0.16302499499999998
2020/4/8 6:00,133.8,285339,3.4,18.515,1,99.6,99.6,56,3.5,55.3,5,53,51.8,0.26065000499999996
2020/4/8 7:00,260.4,707746.6,5.5,44.186,0.5,100,100,58.6,3,57.9,4.3,56,54.9,0.9399500099999998
2020/4/8 8:00,381.8,1160213.2,1.9,57.481,0.6,100,100,72.7,2.9,72.8,4.1,73.3,74.5,0.9359125199999999
2020/4/8 9:00,482.2,1563075.4,1.7,63.39,0,100,100,87.9,3.8,87.8,5.5,87.8,88.1,1.211025015
2020/4/8 10:00,551.8,1871569.2,13.1,102.107,0,100,100,85,3,84.8,4.3,83.8,82.6,1.2681124949999998
2020/4/8 11:00,584.7,2057413.9,16.7,151.994,0,100,100,82.5,2.9,82.4,4.2,82.3,82.2,0.875449995
2020/4/8 12:00,578,2104880.9,13.7,147.165,0,100,100,86.1,2.3,86.2,3.3,86.6,87.2,1.6643625
2020/4/8 13:00,532.4,2010068.8,34.1,138.207,7.3,91.5,91.5,85.5,1.4,85.6,2.1,85.8,85.6,4.18390005
2020/4/8 14:00,451.6,1780829.4,119.1,197.904,39.6,52.8,52.8,74.6,1.9,74.2,2.8,73,71.9,4.50079995
2020/4/8 15:00,342.9,1436950.4,137.1,247.363,26.3,69.4,69,63.6,4.6,63.5,6.6,63.2,63.4,4.53396255
2020/4/8 16:00,217.6,1011466.9,57.4,197.093,7.8,90.3,90.2,68.4,4.8,68.5,6.9,69,69.8,0.6258374999999999
2020/4/8 17:00,94.9,557305.8,11,101.503,9.3,92.4,92.1,72.2,4.3,72.2,6.2,72.5,73.3,0.128299995
2020/4/8 18:00,14.2,175920.6,0.5,32.628,6.1,98.7,98.7,76.7,4.1,76.8,5.9,77.2,78,0.003
2020/4/8 19:00,0,7118.4,0,3.561,6.4,91.8,91.8,90.4,3.1,90.6,4.4,91.2,91.5,0
2020/4/8 20:00,0,0,0,0,0,93.2,93.2,92.1,3.4,92.2,4.9,92.7,93.3,0
2020/4/8 21:00,0,0,0,0,0,61.2,61.2,87.2,4.3,87,6.2,86.2,85.6,0
2020/4/8 22:00,0,0,0,0,0,81.1,81.1,80.1,4.6,79.9,6.7,79.3,79.1,0
2020/4/8 23:00,0,0,0,0,0,82,82,81.9,4.8,81.9,6.9,82.3,83.2,0
2020/4/9 0:00,0,0,0,0,0,73.2,73.2,87.1,4.5,87.1,6.5,87.4,88.3,0
2020/4/9 1:00,0,0,0,0,0,53.4,53.4,83.2,4.4,82.9,6.4,82.3,82.3,0
2020/4/9 2:00,0,0,0,0,0,42.2,42.2,81.2,3.8,80.9,5.4,80.4,80.4,0
2020/4/9 3:00,0,0,0,0,0,38.8,38.8,77.4,3.5,77.2,5.1,76.9,77.4,0
2020/4/9 4:00,0,0,0,0,0,51,51,74.1,4,73.8,5.8,73.3,73.5,0.06371249999999998
2020/4/9 5:00,37.2,41955.4,10.6,15.766,30.7,56.4,56.4,72.9,3.7,72.6,5.3,72.5,73.3,0.486487515
2020/4/9 6:00,140.3,305000.4,44.8,66.259,15.8,82,82,72.8,3.8,72.7,5.5,73.1,74.4,0.7999125000000001
2020/4/9 7:00,267.6,732738.4,59.7,123.485,12.2,93.3,93.3,73.4,3.8,73.2,5.5,73.3,75,0.807887505
2020/4/9 8:00,389,1186351.8,37.1,141.031,8.4,97.2,97.2,77.2,3.9,77.1,5.6,77.4,79,1.29778755
2020/4/9 9:00,489.3,1589079.4,32.6,134.602,9.6,96.7,96.7,75.5,5.1,75.4,7.4,75.8,77.6,1.1280375
2020/4/9 10:00,558.8,1896995.6,49.7,150.485,9.9,91.9,91.9,78.2,4.2,78.2,6,78.6,80.2,0.9062625
2020/4/9 11:00,591.5,2082137.5,78.5,189.089,19.7,85.9,85.9,80,4.9,80,7.1,80.5,82.3,2.41058745
2020/4/9 12:00,584.6,2128928.3,90.1,214.974,15.8,93.8,92.5,80.9,4.4,80.8,6.4,80.5,84.1,3.8937375
2020/4/9 13:00,538.8,2033539.9,76.8,212.148,10.7,95.4,93.5,79.8,3.7,79.9,5.4,79.9,81.2,5.145612600000001
2020/4/9 14:00,457.9,1803834.8,51,191.796,21.7,96.7,89.3,80.5,3.3,80.5,4.8,80.2,80.9,0.35571252
2020/4/9 15:00,349.1,1459519.2,59.5,177.527,30.6,72.1,71.4,79.7,3.4,79.6,5,79.5,80.2,3.0053374500000003
2020/4/9 16:00,223.5,1033335.4,58,158.565,37.6,51.2,50.9,78.9,3.4,78.8,4.9,78.6,79,0.8642625
2020/4/9 17:00,99.8,577210.2,26.2,107.236,28.1,68.8,68.8,83,3.9,82.9,5.6,82.5,82.8,0.262900005
2020/4/9 18:00,16.4,189184.4,2.7,43.776,16.6,79.2,79.2,87,3.8,86.9,5.4,86.5,86.7,0.020904555000000002
2020/4/9 19:00,0,10550.3,0,7.032,13.2,71.3,71.3,87.1,3.9,87,5.6,86.5,86.4,0
2020/4/9 20:00,0,0,0,0,0,84,84,88.9,3.7,88.7,5.3,88,87.8,0
2020/4/9 21:00,0,0,0,0,0,90.1,90.1,89.5,3.6,89.4,5.2,89,89.1,0
2020/4/9 22:00,0,0,0,0,0,91.2,91.2,89.2,3.6,89.2,5.2,89.2,89.8,0
2020/4/9 23:00,0,0,0,0,0,98.6,92.8,90.5,3.7,90.4,5.4,90.2,90.8,0
2020/4/10 0:00,0,0,0,0,0,99.6,94.6,90.9,4,90.7,5.7,89.8,89.3,0
2020/4/10 1:00,0,0,0,0,0,100,99.9,88.2,3,88,4.3,87.4,87.1,0
2020/4/10 2:00,0,0,0,0,0,99.9,98.7,88.8,3.3,88.7,4.7,88.4,88.2,0
2020/4/10 3:00,0,0,0,0,0,92.9,91.9,88.2,3.2,88.3,4.6,88.3,88.4,0
2020/4/10 4:00,0,0,0,0,0,75.1,75.1,86.8,2.9,86.7,4.2,86.5,86.5,0
2020/4/10 5:00,41.3,48322.4,7.5,14.518,27,71.6,71.3,86,2.8,85.9,4,85.4,85.2,0.137925
2020/4/10 6:00,146.9,325010.8,19.7,52.564,21.9,83.3,83.3,83.1,2.8,83.2,4,83.8,84.2,0.46797500999999997
2020/4/10 7:00,274.7,757658,13.3,78.33,4.3,95.5,95.5,84.4,2.1,84.5,3.1,85.1,85.4,1.147887495
2020/4/10 8:00,396.2,1212286.7,17,90.652,2.1,98.3,98.3,83.4,1.5,83.6,2.2,84.6,85.3,1.9469374799999999
2020/4/10 9:00,496.4,1614830.1,8.6,100.429,1.3,99.1,99.1,81.1,2,81.3,2.9,82.1,82.6,1.5311249999999998
2020/4/10 10:00,565.7,1922149.6,24.3,126.465,0.6,99.5,99.5,80.8,2.1,81,3.1,81.5,81.9,2.5225125
2020/4/10 11:00,598.2,2106585.6,38.9,182.611,0.4,99.8,99.8,80.9,2,81.3,2.9,82.6,83.5,1.4476625099999998
2020/4/10 12:00,591.2,2152708,16.8,184.888,0,100,100,87.3,1.8,87.8,2.6,89.4,90.5,1.5373499849999999
2020/4/10 13:00,545.2,2056760.6,3.3,134.893,0,100,100,85.7,1.6,86.1,2.3,87.3,88.1,1.636287495
2020/4/10 14:00,464.2,1826616,0.4,100.497,0,100,100,86.4,1.3,86.8,1.9,87.9,88.6,0.7395499799999999
2020/4/10 15:00,355.2,1481901.7,0.6,72.342,0,100,100,93.5,0.6,93.6,0.8,94.1,94.2,0.648825
2020/4/10 16:00,229.3,1055080.2,0.4,43.488,0,100,100,94,0.7,94.5,1,96.3,97.3,0.55046253
2020/4/10 17:00,104.8,597135.1,1.1,27.84,0,100,100,91.2,1.4,91.5,2,92.4,93,0.44100000000000006
2020/4/10 18:00,18.8,202817.9,2.9,19.876,17.3,75.7,75.7,92.1,2.1,92.1,3,92.2,92.3,0.06860001
2020/4/10 19:00,0,13984.6,0,7.466,28.3,23.7,23.7,92.7,2.2,92.1,3.2,90,88.8,0
2020/4/10 20:00,0,0,0,0,0,36.4,36.4,94,1.9,92.9,2.8,89,86.7,0
2020/4/10 21:00,0,0,0,0,0,19,19,93.6,1.3,92,1.9,86.7,83.9,0
2020/4/10 22:00,0,0,0,0,0,13.9,13.9,95,1.2,92.8,1.8,85.8,82.1,0
2020/4/10 23:00,0,0,0,0,0,17.7,17.7,97.2,1.2,94.4,1.7,85.8,81.2,0
2020/4/11 0:00,0,0,0,0,0,7.7,7.7,99.5,1.2,96.5,1.7,87,82,0
2020/4/11 1:00,0,0,0,0,0,4.7,4.7,100,1.3,99.3,1.9,91.5,87.4,0
2020/4/11 2:00,0,0,0,0,0,2.2,2.1,100,1.4,100,2,91.9,87.3,0
2020/4/11 3:00,0,0,0,0,0,63.4,44.5,100,1.2,97.4,1.7,88.1,83.1,0
2020/4/11 4:00,0,0,0,0,0,100,75.6,96.7,1,93.7,1.5,84.4,79.2,0.0423375
2020/4/11 5:00,45.5,58217.7,2.8,18.687,13.5,99.9,94.5,95,1,92.3,1.4,83.4,78,0.34452499499999995
2020/4/11 6:00,153.4,345322.7,17.2,72.785,2.3,100,98.7,91.5,1,89.4,1.4,82.5,77.8,0.877024995
2020/4/11 7:00,281.8,782484.1,54.9,152.284,3.4,100,97.5,84.6,1,84.1,1.5,82.4,80.6,2.727725025
2020/4/11 8:00,403.4,1238005.4,111.4,245.398,3.7,100,98.4,77,1.4,77.1,2,77.5,77.4,4.7069000999999995
2020/4/11 9:00,503.4,1640318.5,211,349.134,3,100,97.8,69,1.8,68.9,2.6,68.6,68.6,6.1274874
2020/4/11 10:00,572.5,1947023.7,328,450.296,41,100,66.6,59.1,1.7,58.8,2.4,57.6,58,6.49225005
2020/4/11 11:00,604.8,2130751.7,310,502.531,48.6,100,60.1,52.9,1.4,52.3,2,50.1,49.6,5.67316245
2020/4/11 12:00,597.6,2176214.7,151.2,445.285,51.8,100,56.8,48.9,1.4,47.9,2,45,43.8,5.8636374
2020/4/11 13:00,551.5,2079726.1,27.5,308.263,2,100,98.3,53.9,1.7,52.7,2.5,49.1,47.5,4.5818124000000005
2020/4/11 14:00,470.4,1849168.1,11.5,213.505,3.6,100,97,56.4,1.8,55,2.5,50.5,48.2,2.6221125
2020/4/11 15:00,361.3,1504092.6,10.4,177.908,0.7,100,99.4,57.4,2.1,56.3,3,52.6,50.9,1.80435
2020/4/11 16:00,235.2,1076694,4.8,138.288,0,100,100,61.5,2,60.5,2.8,57.4,55.8,0.9054499949999999
2020/4/11 17:00,109.9,617065.7,0.6,83.833,0,100,100,65.6,1.8,64.6,2.5,61.3,59.6,0.266624985
2020/4/11 18:00,21.2,216808,0,31.967,0,100,100,69.3,1.7,68.5,2.4,65.7,64.3,0.0020249999999999847
2020/4/11 19:00,0,17428.4,0,4.882,0,100,100,75.5,1.8,75.3,2.5,74.4,74.1,0
2020/4/11 20:00,0,0,0,0,0,100,100,82.6,2,82.3,2.8,80.8,79.4,0
2020/4/11 21:00,0,0,0,0,0,100,97.6,87.7,1.6,87.2,2.3,85.1,82.9,0
2020/4/11 22:00,0,0,0,0,0,100,99.8,93.2,1.7,92.1,2.5,87.5,83.8,0
2020/4/11 23:00,0,0,0,0,0,99.8,97.7,90.3,1.6,89.5,2.3,86.1,82.9,0
2020/4/12 0:00,0,0,0,0,0,100,98.9,86.3,1.6,85,2.3,79.9,75.3,0
2020/4/12 1:00,0,0,0,0,0,100,100,87.2,1.6,85.8,2.2,80.2,75.4,0
2020/4/12 2:00,0,0,0,0,0,100,100,87.5,1.8,86.2,2.7,80.9,76.3,0
2020/4/12 3:00,0,0,0,0,0,100,100,88.5,1.8,87.4,2.6,83.2,79.6,0
2020/4/12 4:00,0,0,0,0,0,100,99.9,88.8,1.5,87.7,2.2,83.3,79.6,0.015981824999999998
2020/4/12 5:00,49.9,68395.5,0.1,4.109,0,100,100,91.2,1.9,89.6,2.8,83.5,78.8,0.15610000500000001
2020/4/12 6:00,160,365889.6,0.5,16.238,1.4,100,99.4,88.7,2.7,87.7,3.8,84.1,81.1,0.5479875
2020/4/12 7:00,288.9,807196.6,2.3,37.879,1.9,99.9,99.6,85.9,3.1,85,4.5,81.8,79,0.419612505
2020/4/12 8:00,410.4,1263495.9,2.6,63.225,2,100,99.9,84.6,4.5,84.1,6.5,82.4,81,0.6844999799999999
2020/4/12 9:00,510.3,1665535.4,2.5,74.216,0.7,100,100,88.8,4.8,89.1,6.9,90.3,91.2,0.6293124899999999
2020/4/12 10:00,579.2,1971610.6,2.3,75.047,0,100,100,93.8,4.7,94.1,6.7,95.2,96,1.74375003
2020/4/12 11:00,611.3,2154629.9,37.5,116.752,8,93.1,93.1,87.6,4.7,87.7,6.7,88.1,88.3,1.214862495
2020/4/12 12:00,604,2199443.2,58.5,175.621,15.4,89.1,89.1,87.6,4.4,87.9,6.4,89,90,2.1035249250000003
2020/4/12 13:00,557.8,2102431.5,33.2,178.513,3.9,98.1,97.6,88.3,3.8,88.7,5.4,90.4,91.7,0.6407999700000001
2020/4/12 14:00,476.6,1871486.6,30.3,149.277,1.2,99.7,99.6,95.5,3.9,95.4,5.6,94.9,94.6,0.75039999
2020/4/12 15:00,367.4,1526086.8,14.6,103.223,0,100,100,98.4,3.8,98.3,5.5,98.1,97.9,0.32817501
2020/4/12 16:00,241,1098169.7,3.5,58.331,1.2,99.9,99.7,95,3.8,95,5.5,95.1,95.3,0.236674995
2020/4/12 17:00,114.9,636987.7,2.1,35.976,1.1,99.9,99.9,91.4,3.7,91.7,5.4,93,94.2,0.00800001
2020/4/12 18:00,23.7,231137.5,0.2,17.476,0,100,100,89.4,5.3,89.4,7.5,89.3,89.3,0
2020/4/12 19:00,0,20893,0,4.547,0,100,100,80.7,6.2,80.6,8.9,80.3,80.2,0
2020/4/12 20:00,0,0,0,0,0,100,99.5,71.3,6,70.9,8.6,69.6,68.9,0
2020/4/12 21:00,0,0,0,0,0,99.9,99.7,75.3,6.3,75,9,74.2,74.2,0
2020/4/12 22:00,0,0,0,0,0,94.7,92.4,82.9,5.5,82.9,8,83.2,83.9,0
2020/4/12 23:00,0,0,0,0,0,99.9,99.8,75.5,6.6,75.4,9.5,75.2,75.7,0
2020/4/13 0:00,0,0,0,0,0,100,100,84.6,8,84.6,11.4,84.6,85.1,0
2020/4/13 1:00,0,0,0,0,0,97.3,96.1,83.5,7.2,83.5,10.3,83.8,84.8,0
2020/4/13 2:00,0,0,0,0,0,85.2,81.9,82.9,7.4,82.9,10.6,83.1,84.1,0
2020/4/13 3:00,0,0,0,0,0,78,77.5,80.4,6.6,80.4,9.5,80.6,81.7,0
2020/4/13 4:00,0,0,0,0,2.2,69.6,69.6,76.8,6.1,76.6,8.7,76.4,77,0.0032999999999999995
2020/4/13 5:00,54.5,78870.4,13.1,20.001,30.8,66.4,66.4,77.3,6.2,77.2,8.9,76.7,77.2,0.09918751499999999
2020/4/13 6:00,166.5,386667.2,45.9,75.298,27,77.2,77.2,82.3,6.1,82.3,8.8,82.4,83.4,0.529975005
2020/4/13 7:00,295.9,831776.3,69.6,136.267,30.2,74.5,74.5,77.5,6.1,77.5,8.8,77.9,79.2,0.632025
2020/4/13 8:00,417.4,1288746.4,95.3,184.88,23.7,68,68,72.2,6.3,72.1,9,72.2,72.9,3.0822500249999996
2020/4/13 9:00,517.2,1690472.2,129.7,244.708,29.4,73.1,73.1,70.8,5.4,70.7,7.8,71.4,72.4,4.202037450000001
2020/4/13 10:00,585.9,1995903.4,137.5,299.996,17.9,79.4,79.4,70.4,5.5,70.3,7.9,71.2,72.4,5.3897125500000005
2020/4/13 11:00,617.8,2178214.5,180.9,341.327,19.2,78.5,78.5,68,5.4,67.8,7.7,68.2,69.2,6.66535005
2020/4/13 12:00,610.3,2222388.5,199.5,370.771,14.4,81.3,81.3,62.2,5.9,61.9,8.4,61.5,62.1,7.1483124
2020/4/13 13:00,564,2124872.5,237.3,381.607,37.9,59.9,59.9,62.4,6,62,8.6,60.8,61.2,5.09716245
2020/4/13 14:00,482.7,1893567.2,228.5,375.169,33.5,54.4,54.4,57,5.6,56.5,8,55.1,55.4,4.794149999999999
2020/4/13 15:00,373.4,1547879.3,117.6,303.83,24.8,80.9,80.7,55.1,5.3,54.6,7.7,53.2,53.4,2.3918375249999997
2020/4/13 16:00,246.8,1119500.2,59,200.464,14.1,98.8,96.5,64.1,4.2,63.6,6,62,62.5,1.119987495
2020/4/13 17:00,120,656887.5,23.4,117.229,25,96.4,89.4,67,4.4,66.6,6.4,65.3,65.9,0.206275005
2020/4/13 18:00,26.4,245785.7,2.3,45.561,10.4,99.7,98.2,68.9,4.4,68.4,6.3,67,67.6,0.0185625
2020/4/13 19:00,0,25312.3,0,7.174,6,97.3,97,67.8,3,67.2,4.3,65.1,64.5,0
2020/4/13 20:00,0,0,0,0,0,96.9,96.5,64.6,2.9,63.9,4.2,61.4,60.6,0
2020/4/13 21:00,0,0,0,0,0,99.4,99.3,67,2.9,66.4,4.1,64.5,64.4,0
2020/4/13 22:00,0,0,0,0,0,88.3,88.3,73.7,2.6,73.2,3.7,71.4,71.8,0
2020/4/13 23:00,0,0,0,0,0,99.1,99.1,76.1,2.3,75.6,3.2,73.9,73.1,0
2020/4/14 0:00,0,0,0,0,0,96.5,91.5,77.3,2.3,76.9,3.3,75.5,74.9,0
2020/4/14 1:00,0,0,0,0,0,99.9,99.9,82.3,2,82,2.9,81.2,82.4,0
2020/4/14 2:00,0,0,0,0,0,100,100,86.9,1.8,86.7,2.5,86.6,87.8,0
2020/4/14 3:00,0,0,0,0,0,100,100,88.9,1.4,88.7,2,88.7,89.3,0
2020/4/14 4:00,0,0,0,0,0,100,100,87.2,2,87,2.8,86.9,87.4,0
2020/4/14 5:00,59.2,89649.3,0,5.446,0,100,100,87.5,2.6,87.4,3.8,87.5,88.1,0.08137499999999999
2020/4/14 6:00,173,407613.2,0.1,19.171,0.4,100,100,87.5,2.8,87.4,4,87.5,87.9,0.404550015
2020/4/14 7:00,302.8,856204.9,0.3,35.598,0.4,100,100,92,1.8,92.1,2.6,92.5,92.9,1.0561125
2020/4/14 8:00,424.4,1313745.8,5.9,53.076,0.4,100,100,92.3,1.9,92.3,2.7,92.5,92.7,1.670599995
2020/4/14 9:00,524,1715120.6,11.2,74.518,0.4,100,100,88.4,2,88.5,2.8,88.8,89.2,2.1251749500000003
2020/4/14 10:00,592.5,2019895.4,6.8,89.471,0.6,100,100,87.4,1.8,87.5,2.5,88.2,88.9,1.4706499949999998
2020/4/14 11:00,624.2,2201499.8,2.2,86.917,1.8,100,99.9,86.3,2.6,86.5,3.8,87.2,88,0.8114000100000001
2020/4/14 12:00,616.5,2245046,0,76.069,0,100,100,88,2.6,88.2,3.7,89.1,90,0.8468375100000001
2020/4/14 13:00,570.1,2147044.9,0.1,73.516,0.4,100,100,94.6,2.5,94.2,3.6,93.2,92.8,0.863887485
2020/4/14 14:00,488.7,1915405.5,0.1,68.071,0.2,100,100,94.2,2.4,93.8,3.4,92.8,92.4,0.70992501
2020/4/14 15:00,379.3,1569465.3,0.3,47.379,0.4,100,100,93.5,2.7,93.1,3.8,91.8,91.1,0.43663749
2020/4/14 16:00,252.6,1140679.1,0.2,33.431,1.3,100,99.4,87,3,87.1,4.3,87.4,87.7,0.142474995
2020/4/14 17:00,125.2,676752.2,0.1,26.926,2.7,100,99.9,85.7,3.8,85.7,5.4,85.9,86.2,0.004937489999999999
2020/4/14 18:00,29.1,260729.5,0,14.507,0.5,100,100,84.3,4.5,84.3,6.5,84.3,84.6,0
2020/4/14 19:00,0,29915.8,0,3.495,0,100,100,86.7,4,86.8,5.8,87.2,87.8,0
2020/4/14 20:00,0,0,0,0,0,100,99.9,95.1,4,94.8,5.8,93.7,93.2,0
2020/4/14 21:00,0,0,0,0,0,100,99.7,95.2,4.6,94.7,6.5,93.3,92.6,0
2020/4/14 22:00,0,0,0,0,0,99.9,94.7,92.1,4.4,92.2,6.4,92.3,92.6,0
2020/4/14 23:00,0,0,0,0,0,99.9,95.1,92.7,4.3,92.7,6.2,92.8,93.1,0
2020/4/15 0:00,0,0,0,0,0,99.9,95.9,92.6,4.1,92.7,5.8,93.1,93.6,0
2020/4/15 1:00,0,0,0,0,0,100,98.7,86.8,3.8,86.9,5.5,87.3,87.9,0
2020/4/15 2:00,0,0,0,0,0,100,99.8,86.5,4,86.7,5.7,87.7,88.9,0
2020/4/15 3:00,0,0,0,0,0,100,99.7,87.2,4.1,87.5,5.8,88.8,90.2,0
2020/4/15 4:00,1.5,406.6,0,0.151,1,99.9,99.3,86.5,3.8,86.9,5.4,88.5,90.2,0.08890000499999999
2020/4/15 5:00,64.1,101149.6,0.6,11.826,3,100,99.6,86.6,3.5,87,5.1,88.8,90.6,0.48023748
2020/4/15 6:00,179.5,428687.2,3,41.67,4.2,99.4,98.5,86.7,3.5,87,5.1,88.4,89.8,0.479662485
2020/4/15 7:00,309.7,880465,6.8,76.407,0.5,100,99.9,87.4,3.3,87.7,4.7,89.1,90.4,0.400737495
2020/4/15 8:00,431.2,1338483.4,4.3,99.165,0,100,100,90.5,2.8,90.8,4,91.9,93.1,0.67551249
2020/4/15 9:00,530.6,1739472.5,8.7,117.903,0,100,100,89.7,2.4,90.5,3.5,93.4,95.4,0.6235625099999998
2020/4/15 10:00,598.9,2043580.2,8.1,128.756,0,100,100,90.7,2.4,91.4,3.4,93.9,95.8,0.43240000500000003
2020/4/15 11:00,630.4,2224480.7,0.4,102.444,0,100,100,96.3,2,96.6,2.9,97.5,98.4,0.5513499900000001
2020/4/15 12:00,622.6,2267411.1,0,59.697,0,100,100,100,2.4,100,3.4,100,100,0.52433751
2020/4/15 13:00,576.1,2168944.4,0,41.351,0,100,100,100,2.1,100,3,100,100,0.51830001
2020/4/15 14:00,494.7,1936997.5,0,36.504,0,100,100,100,1.8,100,2.6,100,100,1.0522000049999998
2020/4/15 15:00,385.2,1590840.2,0.1,28.526,0,100,100,99.9,2,99.7,2.9,99.2,99,0.2245875
2020/4/15 16:00,258.4,1161699.8,0.1,29.52,0,100,100,98.5,2.7,98.3,3.9,97.8,97.6,0.17781250499999998
2020/4/15 17:00,130.3,696569.4,0,28.381,0,100,100,96.2,4.1,96.3,6,97,97.7,0.190587495
2020/4/15 18:00,32,275944.4,1.6,18.401,1.9,99.8,99.8,94.9,3,95.2,4.4,96.1,96.9,0.04156251
2020/4/15 19:00,0,34614.7,0,7.025,26,64.5,64.5,91.8,4.3,91.9,6.2,92.3,92.8,0
2020/4/15 20:00,0,0,0,0,0,95.8,95.8,92.8,4.2,92.9,6,93.3,93.8,0
2020/4/15 21:00,0,0,0,0,0,88.4,88.4,93.8,3.5,93.9,5,94.5,95.1,0
2020/4/15 22:00,0,0,0,0,0,91.1,91.1,90.6,3.7,90.9,5.3,92.2,93.4,0
2020/4/15 23:00,0,0,0,0,0,98.1,98.1,92.8,3.1,93.1,4.5,94.3,95.5,0
2020/4/16 0:00,0,0,0,0,0,80.6,80.6,96.8,4.5,97,6.4,97.5,98.1,0
2020/4/16 1:00,0,0,0,0,0,83.6,83.6,94.8,3.4,95,4.9,95.7,96.3,0
2020/4/16 2:00,0,0,0,0,0,86.1,86.1,94.7,3.9,95,5.6,96,97.2,0
2020/4/16 3:00,0,0,0,0,0,84.1,84.1,92,4.2,92.3,6,93.5,94.8,0
2020/4/16 4:00,3.9,1097.8,0.3,1.067,4,84,84,90.1,3.9,90.3,5.5,91.1,92,0.080837505
2020/4/16 5:00,69,113271.2,8.9,21.153,8.3,93.1,93.1,86.4,3.9,86.7,5.6,88.1,89.6,0.35510001
2020/4/16 6:00,186,449851.5,28.6,68.824,11.5,91.5,91.5,88.5,3.9,88.7,5.6,89.5,90.3,0.7648249799999999
2020/4/16 7:00,316.5,904540.1,55.9,129.984,15,84.6,84.6,85.6,3.6,85.7,5.1,86.3,86.9,3.316325025
2020/4/16 8:00,438,1362948.7,118,200.619,31.6,58.4,58.4,78.9,3.5,79.1,5.1,80,81,5.7692625
2020/4/16 9:00,537.2,1763520.3,213.2,297.135,26.6,74.2,74.2,72.2,3.7,72.4,5.3,73.2,74.3,5.7884874
2020/4/16 10:00,605.3,2066951.6,225.1,378.35,24.8,71.2,71.2,65,4.1,65.2,5.8,66.1,67.4,7.286124900000001
2020/4/16 11:00,636.7,2247152,190.3,385.666,18.5,80,80,69.2,4.3,69.5,6.2,70.8,72.4,3.7440749999999996
2020/4/16 12:00,628.7,2289479.6,98.9,314.201,22.9,76.9,76.9,74,4.6,74.2,6.6,75.2,76.6,6.291887399999999
2020/4/16 13:00,582.1,2190567.3,118.8,267.01,29,71,71,79.8,4,79.8,5.7,80.9,82.2,2.9473250249999996
2020/4/16 14:00,500.6,1958339.4,150.5,281.481,31.6,71.4,71.4,79.2,4.1,79.3,5.9,83.8,90.1,2.4379125
2020/4/16 15:00,391.1,1611999.5,120.1,260.861,24.8,75.7,75.7,79.9,3.9,79.8,5.6,80.5,81.8,5.49036255
2020/4/16 16:00,264.1,1182556.2,93.1,211.3,22,76.2,76.2,80.8,3.9,80.8,5.6,81.4,82.8,1.8944624549999998
2020/4/16 17:00,135.4,716327.3,46.1,147.092,37.2,59.7,59.7,78.1,4,78,5.7,78.1,79.2,0.75835002
2020/4/16 18:00,35.1,291405,8.2,67.34,31.5,60,60,80,4.7,79.7,6.7,79.3,79.9,0.08290000500000001
2020/4/16 19:00,0,39437.8,0,14.279,19.3,71.1,71.1,70.7,4.1,70.2,5.9,68.8,69.1,0
2020/4/16 20:00,0,0,0,0,0,87.4,87.4,72.6,3.5,72.1,5,70.6,70.6,0
2020/4/16 21:00,0,0,0,0,0,95.9,95.9,71.8,3.5,71.3,5,69.7,69.8,0
2020/4/16 22:00,0,0,0,0,0,80.9,80.9,75.4,3.6,75.1,5.2,73.9,74.5,0
2020/4/16 23:00,0,0,0,0,0,92,92,76.5,3.5,76.2,5,75.2,75.9,0
2020/4/17 0:00,0,0,0,0,0,76.9,76.9,77.5,3.3,77.2,4.8,76,76.3,0
2020/4/17 1:00,0,0,0,0,0,85.2,85.2,83.8,3.7,83.6,5.3,83,83.9,0
2020/4/17 2:00,0,0,0,0,0,95,95,83.8,3.5,83.6,5.1,82.9,83.9,0
2020/4/17 3:00,0,0,0,0,0,83,83,82.8,3.4,82.6,4.9,81.8,82.5,0
2020/4/17 4:00,6.4,1781.7,0.3,1.676,7.1,82.6,82.6,83.2,3.6,82.9,5.2,81.8,82.4,0.03975
2020/4/17 5:00,74,125747.6,6.3,16.721,5,98.1,98.1,82.6,3.3,82.5,4.7,82.1,82.7,0.53570001
2020/4/17 6:00,192.4,471070.4,12.8,53.413,4.7,98.5,98.5,79.7,3.1,79.5,4.5,78.9,79.2,1.069399995
2020/4/17 7:00,323.2,928414.3,63.3,127.911,19.2,79.4,79.3,74.8,3.5,74.8,5.1,74.6,74.9,2.273825025
2020/4/17 8:00,444.6,1387132,187.1,243.831,42.2,43.2,43,62.9,4.1,62.6,5.9,61.7,61.8,3.25407495
2020/4/17 9:00,543.7,1787256.4,291.9,365.359,36.2,62,54.9,58.4,4,58.2,5.8,57.4,57.4,2.392599975
2020/4/17 10:00,611.6,2090003.9,302.2,436.633,33.5,62.1,62,52.5,4.2,52,6.1,50.3,49.7,2.8944375
2020/4/17 11:00,642.8,2269509,267.8,450.373,17.1,86.7,85.5,52.9,4.4,52.4,6.3,50.7,50,3.2590545449999997
2020/4/17 12:00,634.7,2311247.3,221.3,435.138,25.5,84.9,83.1,56,3.8,55.8,5.5,54.8,54.4,4.09386255
2020/4/17 13:00,588,2211909.8,153.5,388.002,24,99.8,85.1,62.5,4.2,62.3,6,61.4,61,4.24626255
2020/4/17 14:00,506.4,1979427.3,88.4,322.754,25.6,99.8,84.5,57.4,4.3,57.1,6.2,56.1,55.4,5.445687599999999
2020/4/17 15:00,396.9,1632938.8,59.7,260.755,18.5,99.6,88.4,60.3,4.2,60,6,59.1,58.5,2.3531749499999997
2020/4/17 16:00,269.7,1203242.3,61.5,206.307,11.7,94,88.5,61.6,3.6,61.3,5.2,60.2,59.5,1.448037495
2020/4/17 17:00,140.6,736014.6,52.8,150.604,45.7,33.6,33.6,61.2,3.3,60.9,4.8,59.7,59,1.0823625
2020/4/17 18:00,38.2,307085.7,15.7,81.776,38.6,54.8,54.6,65.6,2.6,65,3.7,63.1,61.9,0.10330000499999999
2020/4/17 19:00,0,44409.1,0,21.801,32.8,80.1,61.9,64.2,2.3,63.4,3.2,60.7,59,0
2020/4/17 20:00,0,0,0,0,0,98.6,74.7,69.2,1.9,68,2.8,64,61.6,0
2020/4/17 21:00,0,0,0,0,0,98,88.5,70.2,1.7,68.9,2.5,64.7,62.2,0
2020/4/17 22:00,0,0,0,0,0,91.2,89.4,72.3,1.7,70.9,2.4,66.3,63.6,0
2020/4/17 23:00,0,0,0,0,0,95.4,93.5,73.7,1.7,72.3,2.5,67.6,64.9,0
2020/4/18 0:00,0,0,0,0,0,95.6,95.6,76.4,1.8,74.8,2.6,69.7,66.7,0
2020/4/18 1:00,0,0,0,0,0,99.7,99.3,73.1,1.9,72.3,2.8,69.4,67.7,0
2020/4/18 2:00,0,0,0,0,0,100,99.9,72.6,2,72,2.8,69.7,68.4,0
2020/4/18 3:00,0,0,0,0,0,100,100,73,2,72.6,2.8,71.1,70.2,0
2020/4/18 4:00,8.8,2458.3,0,1.328,0.2,99.8,99.8,75.1,1.9,74.9,2.7,74.1,73.7,0.05420001
2020/4/18 5:00,79.1,138597.4,0.3,11.569,0.5,99.8,99.8,76.8,1.7,76.8,2.5,76.6,76.5,0.348762495
2020/4/18 6:00,198.8,492310.2,0.9,31.392,0.4,99.8,99.8,75.9,1.6,76,2.4,76.2,76.3,0.5152125
2020/4/18 7:00,329.9,952072.6,3.1,57.597,1,99.6,99.6,77.5,1.7,77.7,2.5,78.4,78.8,0.63936249
2020/4/18 8:00,451.2,1411023.6,3.8,92.676,0,100,100,74.3,1.7,74.5,2.5,75.3,75.7,1.0481874899999999
2020/4/18 9:00,550.1,1810673.9,1.6,110.784,0,100,100,73.6,1.8,73.8,2.6,74.6,75.1,1.2544624949999998
2020/4/18 10:00,617.8,2112731.2,3.4,106.324,0.2,100,100,74.9,1.8,75.1,2.7,75.8,76.2,1.653274995
2020/4/18 11:00,648.8,2291547,3.7,108.443,0,100,100,75.4,1.9,75.5,2.7,76,76.3,1.582275
2020/4/18 12:00,640.6,2332710.3,18.6,131.588,0.9,99.9,99.9,75.8,2.4,75.9,3.4,76.2,76.4,1.099099995
2020/4/18 13:00,593.8,2232968.4,21.6,148.574,0.1,99.8,99.8,72.6,2.4,72.7,3.4,73.3,73.6,0.905925
2020/4/18 14:00,512.2,2000257.8,5.9,123.563,0.2,99.6,99.6,74.3,2.3,74.4,3.2,74.8,75,0.991362495
2020/4/18 15:00,402.6,1653654.2,6.9,91.671,0.2,99.7,99.7,75.9,2.3,76.1,3.3,76.7,77.1,0.63099999
2020/4/18 16:00,275.4,1223752.3,5.2,74.589,0.2,99.7,99.7,77.5,2.3,77.5,3.3,77.6,77.7,0.46005
2020/4/18 17:00,145.7,755620.6,2.4,52.734,0.9,98.6,98.6,79.9,1.6,79.9,2.4,80.1,80.2,0.07506250499999999
2020/4/18 18:00,41.5,322961,2.3,28.649,4,93.4,93.4,82.1,1.2,81.9,1.7,81.4,81.2,0.025150005
2020/4/18 19:00,0,51395.4,0,8.737,7.8,86.4,86.4,85.1,1,84.7,1.4,83.6,83,0
2020/4/18 20:00,0,0,0,0,0,86,86,87.3,1.2,87.1,1.7,86.3,85.8,0
2020/4/18 21:00,0,0,0,0,0,92,92,90.2,1.1,89.9,1.5,88.9,88.3,0
2020/4/18 22:00,0,0,0,0,0,90.9,90.9,91.5,1,91.2,1.4,90.3,89.7,0
2020/4/18 23:00,0,0,0,0,0,86.7,86.7,92.9,1.1,92.3,1.6,90.6,89.6,0
2020/4/19 0:00,0,0,0,0,0,87.7,86.1,93.9,1.1,93.2,1.5,91,89.7,0
2020/4/19 1:00,0,0,0,0,0,72.2,72,97.2,0.7,95.3,1,89.2,85.8,0
2020/4/19 2:00,0,0,0,0,0,75.8,75,96.8,1,95.3,1.4,90.4,87.7,0
2020/4/19 3:00,0,0,0,0,0,97.5,83.9,93.1,1.1,92.1,1.6,88.8,86.8,0
2020/4/19 4:00,11.2,3468.8,1,4.608,8.4,81.5,73.9,92.2,1.2,91.3,1.7,88.1,86.3,0.117312495
2020/4/19 5:00,84.3,151827.9,20.4,34.277,20.7,65.5,65.5,89.2,1.2,88.5,1.7,86.1,84.7,1.0340500049999999
2020/4/19 6:00,205.2,513539.5,68.9,102.89,22.1,64.2,63.7,83,1.1,82.7,1.6,82,81.5,2.963462475
2020/4/19 7:00,336.4,975500.8,161.7,204.887,34.9,53.7,47.7,76.1,1,76.7,1.4,78.5,79.6,6.4729125
2020/4/19 8:00,457.7,1434614.4,271.8,324.915,40,33.4,33.4,69.3,0.9,69.3,1.3,69.4,69.5,8.651312699999998
2020/4/19 9:00,556.5,1833765.9,329.7,422.766,22.6,62.3,62.3,61.3,0.5,61.7,0.8,63,63.8,10.1990247
2020/4/19 10:00,624,2135128.4,325,475.595,13,78.4,78.4,62.8,0.8,62.7,1.2,62.5,62.4,11.2838001
2020/4/19 11:00,654.8,2313261.8,239.6,478.104,5.3,91.1,91.1,64.6,1.3,64.1,1.9,62.6,61.6,11.2808877
2020/4/19 12:00,646.4,2353865,253.8,466.482,3.2,94.7,94.7,63.9,1.7,63.6,2.4,62.6,62,10.8687498
2020/4/19 13:00,599.5,2253739.8,342.8,484.166,48.9,18.5,18.5,56.8,1,56.8,1.4,57,57,9.6692001
2020/4/19 14:00,517.9,2020827.3,319.8,474.046,51.3,14.6,14.6,60.7,1.5,60.4,2.1,59.5,58.9,7.8911748
2020/4/19 15:00,408.3,1674141.4,232.7,398.299,48,21.3,20.7,64.2,1.6,63.7,2.3,62.1,61.2,5.5692126
2020/4/19 16:00,281,1244080.5,162.4,297.71,50.3,35.9,26.1,64.8,2,64.5,2.9,63.3,62.6,2.6318000249999995
2020/4/19 17:00,150.9,775134.8,92.2,198.73,54.8,8.9,8.7,69.3,2.4,69.1,3.4,68.3,67.8,0.6483749999999999
2020/4/19 18:00,44.9,339005.7,25.3,101.681,55.1,8.1,8.1,77.9,1.9,77.4,2.8,75.8,74.8,0.10517499
2020/4/19 19:00,0,59386.8,0,26.698,47.4,20.9,20.9,84.9,1.9,84.7,2.8,84,83.5,0
2020/4/19 20:00,0,0,0,0,0,30.7,30.7,92.1,1.4,91.8,2.1,91,90.5,0
2020/4/19 21:00,0,0,0,0,0,39,39,96.8,1,96.4,1.4,95.1,94.4,0
2020/4/19 22:00,0,0,0,0,0,50,48.9,97.9,0.9,97.4,1.3,95.5,94.5,0
2020/4/19 23:00,0,0,0,0,0,55.5,48.9,98.9,0.9,98.2,1.3,95.6,94.1,0
2020/4/20 0:00,0,0,0,0,0,89.1,61.9,100,0.7,99.6,1.1,95.6,93.3,0
2020/4/20 1:00,0,0,0,0,0,23.8,23.8,100,0.7,99.6,1,94.8,92.1,0
2020/4/20 2:00,0,0,0,0,0,24.1,24.1,100,0.4,99.2,0.6,94.5,91.8,0
2020/4/20 3:00,0,0,0,0,0,23.6,23.6,98.8,0.3,97.4,0.5,92.7,90.1,0
2020/4/20 4:00,13.6,7179.2,4.4,7.027,15,47.7,47.1,96.2,0.3,95,0.4,91.1,88.8,0.074325
2020/4/20 5:00,89.5,165436.6,48,52.681,32.6,45.6,45.6,93.6,0.5,92.9,0.7,90.5,89.1,0.39361250999999997
2020/4/20 6:00,211.5,534728.7,123,143.559,35.1,41.4,41.4,87.6,0.4,87.8,0.6,88.2,88.5,0.70268748
2020/4/20 7:00,342.9,998685.1,189.7,245.221,35.3,47.3,44.2,79.6,0.7,80.1,1,81.6,82.5,1.668525
2020/4/20 8:00,464.1,1457895.7,293.6,352.157,38.7,43.9,39.7,74.5,1,74.6,1.5,75.3,75.6,2.93655
2020/4/20 9:00,562.7,1856525.8,425.7,466.548,53.6,14.5,12.6,68.7,1.2,69,1.7,70.3,71,5.30967495
2020/4/20 10:00,630,2157190.3,484,553.088,56.2,6.3,6.3,66,1.4,66.2,2.1,67.1,67.6,9.1583502
2020/4/20 11:00,660.6,2334649.2,508.2,596.335,57.5,4.2,4.2,64.8,1.5,64.9,2.1,65.2,65.4,11.4126627
2020/4/20 12:00,652.1,2374707.9,518,610.46,58.2,2.9,2.9,64.3,1.4,64.1,1.9,63.2,62.7,10.9497999
2020/4/20 13:00,605.2,2274220.7,493.1,593.601,59.9,0.1,0.1,64.4,1.4,64.1,2.1,63.2,62.6,9.8724
2020/4/20 14:00,523.5,2041132.7,425.8,540.149,60,0,0,59.6,1.2,59.7,1.7,60.1,60.3,8.105799900000001
2020/4/20 15:00,413.9,1694396.7,334.6,455.551,60,0,0,54.1,0.8,54.5,1.2,55.6,56.3,5.74653735
2020/4/20 16:00,286.5,1264221.6,228.8,350.078,60,0,0,58.4,0.9,58,1.3,56.5,55.6,2.95532505
2020/4/20 17:00,156,794547.5,121.9,233.708,60,0,0,62.9,0.7,62.2,1,59.7,58.2,0.65728752
2020/4/20 18:00,48.4,355195.6,35.8,119.047,60,0,0,72.9,0.5,70.5,0.8,62.8,58.5,0.1173
2020/4/20 19:00,0,67553.9,0,31.921,60,0,0,72.6,0.7,69.7,1.1,60.4,55.4,0
2020/4/20 20:00,0,0,0,0,3,0,0,75.2,0.9,72.3,1.3,63.2,58.2,0
2020/4/20 21:00,0,0,0,0,0,0,0,78.8,0.8,76,1.1,67.2,62.5,0
2020/4/20 22:00,0,0,0,0,0,0,0,91.4,0.8,87.2,1.1,74.4,67.8,0
2020/4/20 23:00,0,0,0,0,0,0,0,95.7,0.5,91.6,0.8,78.9,72.3,0
2020/4/21 0:00,0,0,0,0,0,0,0,96.8,0.5,93.3,0.7,82.4,76.7,0
2020/4/21 1:00,0,0,0,0,0,0,0,100,0.5,97.5,0.7,88,82.9,0
2020/4/21 2:00,0,0,0,0,0,0,0,100,0.7,98.1,1.1,90.4,86.1,0
2020/4/21 3:00,0,0,0,0,0,45.2,45.2,96.9,0.9,94.3,1.2,87.2,83.1,0.008173634999999985
2020/4/21 4:00,16,10860.1,7,8.965,16.4,47.2,47.2,93.3,0.8,90.4,1.2,82.5,78.1,0.18572499
2020/4/21 5:00,94.8,179412.5,64.6,61.977,56.8,5.4,5.4,90.4,0.8,87.4,1.1,78,72.9,0.9913999949999999
2020/4/21 6:00,217.8,555849.9,164.6,165.126,59.6,25,12.9,81.4,0.3,79.3,0.4,72.4,68.6,3.533127255
2020/4/21 7:00,349.3,1021612.6,265.4,282.641,60,45.8,22.9,74.3,0.7,73.4,1,70.3,68.5,6.52545
2020/4/21 8:00,470.4,1480859,368.1,395.946,60,1.1,0.5,69.5,0.7,68.8,1.1,66.5,65.1,8.7083376
2020/4/21 9:00,568.8,1878947.6,464.9,497.818,60,0,0,67.3,0.4,66.2,0.6,62.3,60,9.377112599999998
2020/4/21 10:00,635.9,2178912.1,521.5,574.944,60,0,0,55.7,0.4,55.6,0.6,55,54.7,11.046462599999998
2020/4/21 11:00,666.4,2355705.3,547.1,618.669,60,0,0,49.1,0.7,49.1,1,49,49,11.239887300000001
2020/4/21 12:00,657.8,2395235.7,540.3,628.225,60,0,0,40.7,0.5,40.8,0.7,41.3,41.5,10.806825
2020/4/21 13:00,610.7,2294408.1,500,602.765,60,0,0,30.4,0.4,30.2,0.6,29.6,29.2,9.7301625
2020/4/21 14:00,529.1,2061170.8,428.4,544.087,60,0,0,28,0.8,28.2,1.2,28.9,29.3,7.9782
2020/4/21 15:00,419.5,1714416.3,334.5,457.477,60,0,0,32.8,0.9,33.2,1.3,34.8,35.7,5.682012449999999
2020/4/21 16:00,292,1284170.3,228.5,351.091,60,0,0,47.4,1.2,46.8,1.7,45.1,44.1,2.9288000249999997
2020/4/21 17:00,161.2,813848.9,122.4,234.917,60,0,0,61.1,1.6,58.9,2.2,51.5,47.4,0.65806248
2020/4/21 18:00,52,371506.8,37.2,121.006,60,0,0,69.9,1.6,65.8,2.3,53,46.1,0.12133748999999998
2020/4/21 19:00,0,75904,0,33.125,60,0,0,73.5,1.4,66.9,2.1,47.4,37.8,0
2020/4/21 20:00,0,0,0,0,6,0,0,81.9,1.4,73.6,1.9,50,38.6,0
2020/4/21 21:00,0,0,0,0,0,0,0,86.6,1.2,77.7,1.8,52.5,40.5,0
2020/4/21 22:00,0,0,0,0,0,0,0,90.9,1.1,81.1,1.6,53.7,41,0
2020/4/21 23:00,0,0,0,0,0,0,0,92.8,0.9,83.7,1.4,58.1,46.2,0
2020/4/22 0:00,0,0,0,0,0,0,0,94.5,0.6,87,0.9,65.6,55.4,0
2020/4/22 1:00,0,0,0,0,0,10.2,5.1,95.5,0.9,88.9,1.2,69.9,60.6,0
2020/4/22 2:00,0,0,0,0,0,14.6,9.8,95.4,1.1,88.6,1.5,68.9,59.5,0
2020/4/22 3:00,0,0,0,0,0,22.8,20,92.6,1.1,85.5,1.5,65.2,55.6,0.01270908
2020/4/22 4:00,18.5,14519.5,7.5,9.991,34.2,40.4,21.3,89.3,1,81.8,1.5,60.8,50.9,0.19274999999999998
2020/4/22 5:00,100,193736.6,62.3,64.123,59.2,54.7,28.1,86,0.9,79.1,1.3,59.2,49.7,0.9923125049999999
2020/4/22 6:00,223.9,576877.2,155,165.663,59.4,63.7,32.3,79.3,0.5,73.8,0.8,57.6,49.3,3.7429249499999995
2020/4/22 7:00,355.7,1044271,264.3,282.821,59.8,55.3,27.8,70.3,0.4,66.9,0.5,56.1,50.2,6.5518749000000005
2020/4/22 8:00,476.7,1503496.3,371.1,398.427,60,67.9,33.9,65.7,0.2,64,0.3,58.3,55,8.6576751
2020/4/22 9:00,574.9,1901025.2,437.1,495.647,60,97.7,48.8,57.3,0.7,56.8,1,55,53.9,10.1240625
2020/4/22 10:00,641.8,2200289.1,433.5,555.812,60,97.9,48.9,53.1,1.1,52.8,1.6,51.6,50.9,11.103900299999998
2020/4/22 11:00,672.1,2376426.4,407.1,576.31,60,87.9,44,50.5,1.4,49.7,2.1,47.2,45.6,11.1820251
2020/4/22 12:00,663.3,2415445.3,432.7,580.635,60,79.3,39.7,47,2.1,46,3,42.7,40.7,11.07808623
2020/4/22 13:00,616.2,2314299.1,463,577.35,59.9,39.5,19.8,51.3,3,50.8,4.3,49.2,48.3,9.641462400000002
2020/4/22 14:00,534.5,2080938.6,406.6,537.051,60,56.6,28.3,58.2,2.9,57.9,4.1,56.6,55.9,8.1113376
2020/4/22 15:00,425,1734196.6,271.4,443.768,60,79.2,39.6,61.4,2.2,60.9,3.2,59.2,58.1,5.35399995
2020/4/22 16:00,297.5,1303921.4,149.1,323.668,60,85.3,42.7,63.6,1.9,62.8,2.7,60.4,58.9,2.9622374999999996
2020/4/22 17:00,166.3,833030.1,87.1,213.038,60,85,42.5,68.5,1.8,67.3,2.6,63.3,60.9,0.67554999
2020/4/22 18:00,55.7,387916.8,29.3,115.067,60,80.6,40.3,74.3,1.6,72.5,2.3,66.6,63.2,0.14232499499999998
2020/4/22 19:00,0,84441.3,0,33.258,60,68.7,34.3,75.4,1.4,72.5,2.1,63.2,58,0
2020/4/22 20:00,0,0,0,0,8.9,85.2,43.2,82.7,1.3,79.5,1.8,69.2,63.5,0
2020/4/22 21:00,0,0,0,0,0,79.6,48.8,88.5,1.3,85,1.8,73.8,67.6,0
2020/4/22 22:00,0,0,0,0,0,0.8,0.8,92.3,1.3,88.7,1.8,77.4,71.2,0
2020/4/22 23:00,0,0,0,0,0,0.2,0.2,95,1.2,91.4,1.7,80.3,74.3,0
2020/4/23 0:00,0,0,0,0,0,2.8,2.8,97.8,1.1,94.2,1.6,82.8,76.8,0
2020/4/23 1:00,0,0,0,0,0,7.4,7.4,99.7,1,98.3,1.5,93.7,91.1,0
2020/4/23 2:00,0,0,0,0,0,24.5,24.5,100,1,99.1,1.4,95.4,93.3,0
2020/4/23 3:00,0,0,0,0,0,36,36,97.5,1,96.6,1.4,93.7,92.1,0.010963635
2020/4/23 4:00,21,18166.4,5.2,9.539,21.6,43,43,95.7,1,94.9,1.5,92.4,91,0.22144999499999998
2020/4/23 5:00,105.3,208382.9,38.9,54.42,32.9,45.2,45.2,91,0.9,90.9,1.3,90.7,90.5,0.65161251
2020/4/23 6:00,230.1,597786.1,94.4,134.191,35.5,40.8,40.8,83.8,0.7,84.5,1,86.8,88.1,1.223312505
2020/4/23 7:00,361.9,1066648.3,162.1,226.976,37.7,37.1,37.1,76.4,0.9,77,1.3,79.1,80.4,1.048112505
2020/4/23 8:00,482.8,1525800,268.2,337.512,47.4,20.9,20.9,70.3,1.3,70.8,1.8,72.3,73.3,0.994162485
2020/4/23 9:00,580.8,1922753,382.9,455.429,48.7,18.8,18.8,64.7,1.9,65,2.8,66.1,66.8,0.9626625
2020/4/23 10:00,647.5,2221317,436.4,541.952,35.6,40.7,40.7,63.5,2.4,63.8,3.4,64.7,65.2,0.931462515
2020/4/23 11:00,677.6,2396809.1,454.3,585.862,30.2,50.8,50.2,60.8,2.4,61,3.4,61.5,61.8,0.81838752
2020/4/23 12:00,668.8,2435333.8,240.1,512.247,49.6,86.5,51.9,59.4,2.4,59.4,3.5,59.3,59.2,0.8005875
2020/4/23 13:00,621.7,2333891.2,66.4,355.584,3.1,100,97.5,68.3,2.1,68.3,3,68.3,68.4,1.3089499949999996
2020/4/23 14:00,540,2100433.1,70.2,280.626,6.3,99.9,96.1,66.1,2.4,66,3.4,65.6,65.6,0.9460374899999999
2020/4/23 15:00,430.4,1753734.1,30.3,229.66,4.9,99.9,97.7,68.9,3,68.8,4.3,68.2,68.5,0.5012249999999999
2020/4/23 16:00,302.9,1323470,14,148.309,4.7,99.7,96.6,74.6,3,74.5,4.4,74.5,75.3,0.36566249999999995
2020/4/23 17:00,171.4,852082.1,11.8,98.672,3.7,99.7,96.7,79.7,2.8,79.7,4,79.8,80.8,0.13557499499999998
2020/4/23 18:00,59.5,404403.7,3.5,58.097,12.3,98.1,96.7,82.4,2.2,82.4,3.2,82.5,83.6,0.001049999999999985
2020/4/23 19:00,1.1,93476.3,0,16.081,0,100,100,82.8,2.2,82.7,3.1,82.1,82.9,0
2020/4/23 20:00,0,304.7,0,0.211,0,100,100,84.9,2.3,84.9,3.3,84.7,96.3,0
2020/4/23 21:00,0,0,0,0,0,100,100,87,2.3,87,3.4,86.9,89.9,0
2020/4/23 22:00,0,0,0,0,0,99.9,99.9,89.2,2.1,89.2,3,89.3,91.2,0
2020/4/23 23:00,0,0,0,0,0,99.7,99.7,91.6,1.9,91.6,2.7,91.5,92.9,0
2020/4/24 0:00,0,0,0,0,0,99.5,99.5,93.6,1.8,93.6,2.6,94.6,97.4,0
2020/4/24 1:00,0,0,0,0,0,94,90.7,92.7,2.1,92.6,3,92.7,93.8,0
2020/4/24 2:00,0,0,0,0,0,99.8,99.5,92.4,2.2,92.3,3.2,92.4,93.3,0
2020/4/24 3:00,0,0,0,0,0,99.9,99.9,91.6,2.3,91.6,3.3,92,93,0
2020/4/24 4:00,23.7,22452.1,0,3.838,0.5,100,100,90.4,2.2,90.4,3.1,91,92.6,0.030737505
2020/4/24 5:00,110.6,223319.6,0.1,12.72,0,100,100,90.2,2.1,90.2,3,91,92.4,0.46311249
2020/4/24 6:00,236.1,618553.7,8.4,39.34,0,100,100,90.7,2.3,90.6,3.4,91.2,92.5,0.991975005
2020/4/24 7:00,368.1,1088733.4,16.3,90.309,3.2,97.1,97.1,85,2.6,85.2,3.7,86.3,88,0.891137505
2020/4/24 8:00,488.8,1547762.8,33.8,138.912,19.2,80.9,80.9,83.3,2.7,83.3,3.8,84.2,85.3,1.3906874999999996
2020/4/24 9:00,586.6,1944125.6,168.1,233.378,31.2,67.2,67.2,80.3,2.8,80.3,4,80.7,81.3,3.173724975
2020/4/24 10:00,653.2,2241991.7,304.7,375.075,37.3,54.9,54.9,74.9,2.8,75,4,75.7,76.8,2.751875025
2020/4/24 11:00,683.1,2416850,329.5,452.925,38.2,58.7,58.7,67,3.1,67.1,4.4,68.2,69.9,5.8168374
2020/4/24 12:00,674.2,2454898.4,190.4,392.119,23.6,73.6,73.6,63.8,3.6,63.6,5.1,63.7,64.9,3.4174124999999997
2020/4/24 13:00,627,2353181.6,45.2,245.477,5.9,97.9,97.9,75.1,3.3,75,4.7,75.3,76.8,3.492975
2020/4/24 14:00,545.3,2119651.8,34.8,169.912,0.6,99.9,99.9,76.1,2.7,75.9,3.9,76,77.4,2.20836819
2020/4/24 15:00,435.8,1773025.4,57.8,176.859,17.3,86.8,86.8,70.7,2.8,70.3,4.1,70.1,71.2,2.465300025
2020/4/24 16:00,308.2,1342811.2,68.7,175.741,20.9,74.4,74.4,67.4,3.2,66.9,4.6,66.3,67.1,0.8584124999999999
2020/4/24 17:00,176.5,870996.4,35,132.945,4.6,97.8,97.8,71.2,3.2,71,4.5,71,72.2,0.269374995
2020/4/24 18:00,63.3,420946.7,6.5,65.358,1.1,99.9,99.9,80.3,2.8,80.1,4.1,80.3,81.3,0.16378749
2020/4/24 19:00,3.1,102974.9,0.1,16.616,5.7,98.7,98.7,82.7,3,82.5,4.3,82.7,83.9,0
2020/4/24 20:00,0,869.3,0,0.933,3.5,90.4,90.4,87.9,2.7,87.8,3.9,88.2,89.2,0
2020/4/24 21:00,0,0,0,0,0,97.1,97.1,90.5,2.3,90.4,3.3,90.3,90.9,0
2020/4/24 22:00,0,0,0,0,0,96.3,96.3,92.2,2.1,92.1,3.1,92.3,93,0
2020/4/24 23:00,0,0,0,0,0,93.6,93.6,93.9,1.9,93.8,2.7,95.5,98,0
2020/4/25 0:00,0,0,0,0,0,92.6,92.6,94.2,1.7,94.2,2.4,95.8,98.2,0
2020/4/25 1:00,0,0,0,0,0,99.7,99.7,90.5,2.2,90.4,3.1,90.8,92.1,0
2020/4/25 2:00,0,0,0,0,0,100,100,91,2.2,90.9,3.2,91.5,92.5,0
2020/4/25 3:00,0,0,0,0,0,99.8,99.8,91,2.2,90.9,3.2,92,93.9,0
2020/4/25 4:00,26.5,27207.8,0.2,3.476,1.5,99.3,99.3,90.1,2,90,2.9,90.7,91.7,0.051037515
2020/4/25 5:00,115.9,238510.9,0.3,14.995,0,100,100,90,2.1,89.8,3,90.4,91.5,0.290262495
2020/4/25 6:00,242.1,639158.3,2,35.118,0,100,100,88.6,2.1,88.6,3,89.5,90.9,0.335749995
2020/4/25 7:00,374.1,1110515.6,6.2,60.136,2.1,99.7,99.7,86.3,2.9,86.3,4.1,89,92.4,0.5197000199999999
2020/4/25 8:00,494.8,1569377.6,9.2,78.703,2.4,99.6,99.6,86.8,3.3,86.7,4.7,87.3,88.3,1.55998749
2020/4/25 9:00,592.4,1965137.9,9.4,92.883,1.4,99.9,99.9,86.9,3.6,86.9,5.2,88.3,90.1,2.7666500249999997
2020/4/25 10:00,658.7,2262309.3,19.1,115.982,5,99,99,85.2,3.3,85.1,4.8,85.5,86.5,3.15162495
2020/4/25 11:00,688.5,2436546.2,65.6,164.656,5.2,94.7,94.7,81,3.2,81,4.6,81.6,82.7,2.024837475
2020/4/25 12:00,679.5,2474136.6,53.4,190.66,3.6,94.7,94.7,77.4,3.2,77.4,4.5,78.1,79.2,1.5809500049999998
2020/4/25 13:00,632.3,2372167.9,6,141.339,0,100,100,81.1,3.6,81.3,5.2,83.1,85.5,1.7244625049999998
2020/4/25 14:00,550.6,2138591.9,3.1,90.557,0.1,100,100,82.7,3.4,83.4,4.8,88,94,1.931224995
2020/4/25 15:00,441.1,1792067.1,4.8,80.48,0.6,99.7,99.7,83.1,3.3,83.2,4.7,83.8,84.9,1.2375
2020/4/25 16:00,313.5,1361940.5,12.8,84.299,2.1,98.5,98.1,82.5,2.9,82.9,4.1,84.9,87.8,0.84265002
2020/4/25 17:00,181.5,889764.9,14.8,79.647,4.2,97.4,95.9,81.8,2.8,81.8,4.1,82.5,83.7,0.37566250500000004
2020/4/25 18:00,67.2,437525.7,3.5,46.022,4.9,99.2,96.3,84.7,2.4,84.8,3.4,85.4,86.5,0.087724995
2020/4/25 19:00,5.1,112685.6,0,11.572,1.3,100,99.7,86.4,2.9,86.6,4.1,88.2,90.4,0
2020/4/25 20:00,0,1428.5,0,0.89,0.4,100,99.8,87.7,2.7,87.7,3.9,88.2,89,0
2020/4/25 21:00,0,0,0,0,0,100,99.9,87.8,2.5,89.3,3.6,95.2,95.7,0
2020/4/25 22:00,0,0,0,0,0,100,100,89.4,1.9,89.4,2.7,89.6,89.9,0
2020/4/25 23:00,0,0,0,0,0,100,100,87.4,1.6,87.4,2.3,87.5,87.8,0
2020/4/26 0:00,0,0,0,0,0,100,100,87.2,1.3,87.1,1.8,86.8,86.6,0
2020/4/26 1:00,0,0,0,0,0,93.6,93.6,85.7,1.3,85.4,1.8,84.2,83,0
2020/4/26 2:00,0,0,0,0,0,95.7,95.7,82.1,1,81.7,1.5,80,78.4,0
2020/4/26 3:00,0,0,0,0,0,81.6,81.6,80,1.1,79.4,1.6,77.1,74.9,0
2020/4/26 4:00,29.4,32012.3,7.5,11.544,28.7,52.9,52.9,79.7,1,79.1,1.5,76.6,74.2,0.081287505
2020/4/26 5:00,121.2,253918.4,45.7,60.157,42.9,39.7,39.7,79.2,0.9,78.8,1.4,77.2,75.6,0.355562505
2020/4/26 6:00,248,659579.8,109.8,146.858,39.1,52.9,52.9,70.3,0.9,70.2,1.3,69.9,69.8,1.1450500049999999
2020/4/26 7:00,380.1,1131984.8,151.6,233.642,26.7,76.8,76.8,60,1.4,60.1,2.1,60.4,61,1.7433000300000001
2020/4/26 8:00,500.6,1590637.8,171.7,289.316,15.9,87.2,87.2,61.8,1.6,62,2.3,62.9,64.2,3.0705750000000003
2020/4/26 9:00,598,1985785.2,144,299.695,11.8,91.2,91.2,64.4,1.5,64.7,2.2,66.1,67.7,5.60967495
2020/4/26 10:00,664.2,2282266.2,76.5,282.751,9.3,93,93,68.2,1.4,68.4,2.1,69.5,70.6,3.1716124499999996
2020/4/26 11:00,693.8,2455894.7,107,307.69,7.1,96.3,96.3,63.8,1.3,64.1,1.8,65.3,66.7,3.781562475
2020/4/26 12:00,684.7,2493045.9,138.7,345.702,11.3,94.7,94.7,61.4,1.5,61.6,2.1,62.7,64.1,3.7953875999999998
2020/4/26 13:00,637.4,2390848,63,295.197,6.4,97.7,97.7,64.1,1,64.2,1.4,64.6,65.3,4.5941124
2020/4/26 14:00,555.8,2157250.9,19.7,218.582,7,97.1,97.1,65,1.3,65.1,1.8,65.3,65.9,2.674425
2020/4/26 15:00,446.3,1810856.2,102.2,220.91,12.4,89.7,89.7,67.8,2.2,68,3.1,69.3,70.8,2.0482125
2020/4/26 16:00,318.8,1380853.1,122.2,227.947,13.7,86.6,86.6,74,2,74.3,2.9,75.5,76.9,1.678849995
2020/4/26 17:00,186.5,908379.6,60.4,169.742,13.3,82.6,82.6,75.9,1.7,76.1,2.4,76.9,77.7,0.75691251
2020/4/26 18:00,71.1,454121.9,15.3,89.287,20,74.3,74.3,77.5,1.4,77.4,2.1,77.4,77.7,0.22907499
2020/4/26 19:00,7.1,122620.7,0.8,28.791,12.8,90.1,90.1,83.9,1.2,83.6,1.8,82.2,81.2,0.0008249999999999999
2020/4/26 20:00,0,1982.1,0,3.838,6.2,86,86,88.1,1.2,87.5,1.7,85.6,83.9,0
2020/4/26 21:00,0,0,0,0,0,53,53,93.3,1,92.5,1.4,89.2,86.2,0
2020/4/26 22:00,0,0,0,0,0,34.5,34.5,95.4,1,94.4,1.4,90.4,86.7,0
2020/4/26 23:00,0,0,0,0,0,35.5,35.5,93,1.4,92.4,2,90.4,88.8,0
2020/4/27 0:00,0,0,0,0,0,23.2,23.2,91.8,1.7,91.3,2.5,89.2,87.5,0
2020/4/27 1:00,0,0,0,0,0,3,3,93.8,1.4,93.4,2,92.1,91.3,0
2020/4/27 2:00,0,0,0,0,0,5.9,5.9,93.7,1.4,93.3,2,92,91,0
2020/4/27 3:00,0,0,0,0,0,16.5,16.5,91.7,1.4,91.4,2,90.1,89,0.012750000000000001
2020/4/27 4:00,32.4,36897.6,14.7,18.012,41.2,21,21,89.6,1.7,89.3,2.5,88.1,87,0.334825005
2020/4/27 5:00,126.4,269502.9,61.8,77.965,49.5,24.6,24.6,85.4,1.9,85.3,2.8,84.5,83.7,1.1231625
2020/4/27 6:00,253.9,679799,121.9,164.405,23.6,61.3,61.3,81.1,1.9,81,2.8,80.6,80,3.112899975
2020/4/27 7:00,386,1153131.2,216.5,265.765,30.7,52.9,52.9,74.3,2,74.3,2.8,73.8,73.3,4.278524999999999
2020/4/27 8:00,506.3,1611537.1,357.7,392.206,36.6,42.4,42.4,66,2.3,66.1,3.3,66.8,67.6,3.402312525
2020/4/27 9:00,603.5,2006062.9,432.7,503.918,37.9,43.9,43.9,55.5,2.6,55.6,3.7,56,56.9,2.833449975
2020/4/27 10:00,669.5,2301858.9,356.4,529.488,15,92.2,92.2,51.6,2.7,51.6,3.8,51.9,52.6,2.9056875
2020/4/27 11:00,699,2474893,245,481.716,2.8,99.4,99.4,51.8,2.6,51.5,3.7,50.9,51,3.315975
2020/4/27 12:00,689.8,2511624.1,126.3,406.518,1.2,99.9,99.9,50,2.4,49.4,3.4,47.7,47.1,4.864975050000001
2020/4/27 13:00,642.5,2409219.6,46,315.422,1,98.7,98.7,54.8,2.2,54.7,3.2,54.5,55,4.18575
2020/4/27 14:00,560.9,2175626.5,56.4,260.81,1.5,99.5,99.5,52.7,2.4,52.4,3.4,51.4,51.3,4.5434874
2020/4/27 15:00,451.5,1829389.6,92.1,257.696,5.1,99,99,52.5,2.7,52.1,3.8,51,50.9,2.9041250249999995
2020/4/27 16:00,324,1399544.7,73.9,236.411,3.4,98.4,98.4,52.1,2.4,51.6,3.5,49.9,49.2,2.4094250249999996
2020/4/27 17:00,191.5,926832.8,27.7,164.784,2.9,98.4,98.4,55.4,2.1,54.7,3,52.3,51,0.7411500000000001
2020/4/27 18:00,75.1,470717,5.1,79.539,10.3,96.7,96.7,59.1,1.9,58.2,2.8,55.3,53.4,0.24381249
2020/4/27 19:00,9,132788.9,0.5,24.593,2.8,96.5,96.5,62.3,2,61.8,2.8,59.9,58.6,0.00669
2020/4/27 20:00,0,2530.3,0,4.469,4.8,81.6,81.6,66.2,2,65.5,2.9,63,61.1,0
2020/4/27 21:00,0,0,0,0,0,65.8,65.8,69.8,1.9,68.9,2.7,65.6,63,0
2020/4/27 22:00,0,0,0,0,0,65.2,65.2,70.9,1.9,70.1,2.8,66.8,64,0
2020/4/27 23:00,0,0,0,0,0,53.9,53.9,73.9,2,73.1,2.8,69.7,66.9,0
2020/4/28 0:00,0,0,0,0,0,92.9,92.9,76.3,1.9,75.5,2.8,72.2,69.3,0
2020/4/28 1:00,0,0,0,0,0,99.2,99.2,72.2,2,71.6,2.9,69.1,66.8,0
2020/4/28 2:00,0,0,0,0,0,94.8,94.8,73.9,1.9,73.4,2.7,71.4,69.7,0
2020/4/28 3:00,0,0,0,0,0,93,93,76.2,2,75.7,2.8,73.9,72.4,0.015612509999999984
2020/4/28 4:00,35.5,41889.8,4.9,11.631,4.8,94.9,94.9,78.4,2.3,78,3.3,76.6,75.4,0.308387505
2020/4/28 5:00,131.6,285225.1,17.4,50.628,9.2,92.3,92.3,78.8,2.4,78.5,3.5,77.2,76.1,1.018450005
2020/4/28 6:00,259.6,699798.3,52.8,120.269,13.1,78.8,78.8,74.4,2.4,74.3,3.4,73.9,73.7,1.7852250299999999
2020/4/28 7:00,391.7,1173945.8,101.6,209.891,17.8,73.3,73.3,70.5,2.3,70.7,3.4,71.6,72.7,4.01350005
2020/4/28 8:00,511.9,1632069.6,203.8,316.648,21.8,69.9,69.9,66,2.4,66.2,3.4,67.4,68.9,6.1128374999999995
2020/4/28 9:00,609,2025966.6,340.8,433.254,26.9,61.3,61.3,62,2.3,62.2,3.4,63.3,64.7,7.153712399999999
2020/4/28 10:00,674.8,2321084.3,403.9,519.622,41.1,37.9,37.9,57.8,2.2,57.9,3.1,58.4,59.4,10.2463377
2020/4/28 11:00,704.2,2493538.5,461.6,573.872,34.1,52.1,52.1,55.7,1.6,55.6,2.3,55.6,56.1,4.84003755
2020/4/28 12:00,694.8,2529869.2,415,582.606,37.2,48.4,48.4,53.9,1.6,53.7,2.3,53.1,53.2,3.08203755
2020/4/28 13:00,647.5,2427280.8,268.2,501.897,25.9,81.1,81.1,51.9,1.6,51.4,2.4,49.5,48.8,10.3333749
2020/4/28 14:00,565.9,2193716.4,189.6,390.911,27.3,70.5,70.5,51.3,1.6,50.5,2.3,48.1,47,8.464424999999999
2020/4/28 15:00,456.6,1847664.2,147.8,317.158,27.6,65.1,65.1,51.1,1.8,50.5,2.6,48.3,47.3,6.10233765
2020/4/28 16:00,329.1,1418011,122.6,259.943,30.7,55,55,52,1.9,51.4,2.7,49.4,48.6,3.292599975
2020/4/28 17:00,196.5,945117.2,92.2,198.127,32.6,49.4,49.4,56,1.7,55.3,2.5,52.9,51.4,0.8435500199999999
2020/4/28 18:00,79.2,487293.6,40.6,124.997,37.3,41.9,41.9,61.6,1.3,60.7,1.9,57.3,54.9,0.20327499
2020/4/28 19:00,11,143193.5,4.4,49.085,42.8,42.3,41.4,67.2,1,65.9,1.4,61.3,57.8,0.006174989999999999
2020/4/28 20:00,0,4133,0,7.284,20.7,40.6,40.4,72,1.2,70.4,1.7,65,61.1,0
2020/4/28 21:00,0,0,0,0,0,66.9,54.6,71.5,0.9,70.7,1.4,67.5,64.8,0
2020/4/28 22:00,0,0,0,0,0,62.7,53.3,77.2,0.5,76.3,0.8,72.9,69.5,0
2020/4/28 23:00,0,0,0,0,0,69.1,52.6,86,0.6,84.6,0.8,79,74.2,0
2020/4/29 0:00,0,0,0,0,0,62.6,47.1,89.3,0.7,88,1,82.7,77.9,0
2020/4/29 1:00,0,0,0,0,0,21.2,21.2,91.5,0.9,90,1.3,84.2,79,0
2020/4/29 2:00,0,0,0,0,0,3.2,3.1,91.3,0.9,89.9,1.3,84,78.7,0
2020/4/29 3:00,0,0,0,0,0,10.6,6.3,89.8,0.8,88.4,1.2,83.2,78.4,0.08528751
2020/4/29 4:00,38.8,49694.7,21.4,22.608,55.8,15.5,9.8,88.5,0.8,87.3,1.2,82.7,78.4,0.57713748
2020/4/29 5:00,136.8,301046.2,89.6,95.252,52.4,65.4,40,84.9,0.8,84,1.1,80.4,76.8,1.66947498
2020/4/29 6:00,265.3,719560.7,168.7,197.318,53.4,52.6,32.7,77.3,0.8,76.7,1.1,74.3,71.8,2.0950624500000004
2020/4/29 7:00,397.4,1194419.8,199.2,281.836,21.9,80.4,72.7,71.5,0.9,71.2,1.3,69.8,68.1,2.7215625
2020/4/29 8:00,517.5,1652229.5,160.2,312.781,1.5,98.9,98.4,66.3,0.8,66.3,1.1,66.4,66.6,1.672112505
2020/4/29 9:00,614.3,2045492.3,78,290.034,0.7,99.7,99.4,63.9,0.3,64.1,0.4,65.1,66.3,6.93319995
2020/4/29 10:00,679.9,2339939.3,29.9,262.302,0,100,100,61.9,0.4,62.1,0.5,62.7,63.7,7.441449899999999
2020/4/29 11:00,709.2,2511828.9,154.4,318.426,4.7,93.7,93.1,61.4,0.9,60.9,1.2,59.7,59.5,5.9022624
2020/4/29 12:00,699.8,2547779.1,331.9,453.422,17,80.5,78,56.6,1.1,55.9,1.6,53.8,52.9,5.70773745
2020/4/29 13:00,652.5,2445029.6,379.3,530.627,32.3,52.1,51.5,52.2,1.6,51.6,2.3,49.5,48.8,5.694662549999999
2020/4/29 14:00,570.9,2211518.3,319.3,498.198,27,60.2,58.5,50.1,1.4,49.3,2,46.5,45.3,5.61426255
2020/4/29 15:00,461.7,1865677.3,199.9,396.078,19.1,77.2,72.7,47.9,1.5,46.9,2.1,43.8,42.2,3.5513625
2020/4/29 16:00,334.2,1436247.6,93.3,271.536,16.3,82.7,77.8,49.4,1.9,48.5,2.7,45.5,43.7,2.105637525
2020/4/29 17:00,201.4,963225.6,41.2,169.928,16.5,73.2,72.9,55,2,53.9,2.9,50,47.2,1.0585875
2020/4/29 18:00,83.2,503835.4,24.5,99.605,36.4,39.3,39.3,55.7,2.3,54.8,3.3,51.9,49.9,0.3483
2020/4/29 19:00,12.9,153833.6,4.3,43.817,55.4,28.8,18.2,56.3,2.4,55.1,3.4,50.8,47.8,0.003329999999999985
2020/4/29 20:00,0,7154.3,0,8.229,27.6,37.6,22.8,62.6,1.8,61.4,2.5,56.7,53.1,0
2020/4/29 21:00,0,0,0,0,0,13.6,11.4,68.8,1.5,67.5,2.1,62.8,58.9,0
2020/4/29 22:00,0,0,0,0,0,16.1,16.1,73.8,1.3,72.7,1.8,68.1,64.1,0
2020/4/29 23:00,0,0,0,0,0,3.9,3.9,74.3,1.1,73.2,1.5,68.7,64.5,0
2020/4/30 0:00,0,0,0,0,0,2.7,2.7,73.6,0.8,72.7,1.1,68.9,65.2,0
2020/4/30 1:00,0,0,0,0,0,90.9,90.9,61.4,1,60.6,1.5,57.3,54.6,0
2020/4/30 2:00,0,0,0,0,0,86.6,86.6,61,1.2,60.4,1.8,57.9,56,0
2020/4/30 3:00,0,0,0,0,2,0,0,63.1,1.3,62.4,1.9,59.6,57.5,0.0520875
2020/4/30 4:00,42.1,57630.6,24.3,24.303,60,0,0,65.1,1.3,64.4,1.9,61.6,59.5,0.280962495
2020/4/30 5:00,142,316928.8,101.2,100.601,60,0,0,62.7,1.4,62.3,2.1,60.8,59.6,1.199162505
2020/4/30 6:00,270.8,739070.4,204,211.579,60,0,0,57.3,1.6,57.1,2.3,56.5,56,4.14642495
2020/4/30 7:00,403,1214544.9,313.4,330.06,60,0,0,47.9,2.1,47.9,3,47.9,48.3,7.043337449999999
2020/4/30 8:00,522.9,1672011.4,419.8,445.281,60,0,0,43.4,2.4,43,3.5,41.8,41.4,9.2796123
2020/4/30 9:00,619.5,2064636.2,503.9,545.265,60,0,0,40.8,2.8,40.4,4,38.9,38.3,10.9677126
2020/4/30 10:00,685,2358421.2,521.4,610.023,52.3,17.7,17.7,38.5,2.7,37.9,3.9,36.1,35.2,11.8417998
2020/4/30 11:00,714.1,2529762.2,367.7,594.122,10,83.4,83.4,36.5,3,35.7,4.3,33.3,31.9,11.9783751
2020/4/30 12:00,704.6,2565352.3,235.7,505.65,7.9,88.6,87.8,35.8,3.6,35.3,5.1,33.5,32.4,11.636925299999998
2020/4/30 13:00,657.3,2462464.4,229.7,443.623,6,97.5,94.2,39.9,4.5,39.6,6.4,38.5,38,10.2482499
2020/4/30 14:00,575.8,2229030.2,241.6,433.822,21.4,91.8,79.3,38.5,3.9,38.1,5.7,36.8,36.2,8.4433623
2020/4/30 15:00,466.6,1883425.9,224.7,408.092,38.6,96.9,67.1,36.8,3.8,36.2,5.4,34.5,33.6,4.7208249
2020/4/30 16:00,339.2,1454250.6,164.4,334.943,22.4,97.7,80.2,38.6,3.7,38,5.4,35.9,34.8,2.478662475
2020/4/30 17:00,206.3,981150.9,126.7,244.959,53.1,53.1,32.3,41.8,3.2,41.1,4.6,39,37.6,0.81680001
2020/4/30 18:00,87.3,520326.5,49.2,150.1,59.4,2.9,2,46,3.1,45.2,4.4,42.4,40.5,0.262699995
2020/4/30 19:00,14.9,164704,4.7,58.811,36.4,73.3,56.3,50.8,3.7,50.2,5.3,48.2,46.7,0.013562505
2020/4/30 20:00,0,10149.7,0,9.832,32.6,87,44.1,55.4,3.3,54.7,4.8,52.2,50.4,0
2020/4/30 21:00,0,0,0,0,0,87.5,43.8,58.2,3,57.5,4.4,54.9,52.9,0
2020/4/30 22:00,0,0,0,0,0,58.9,29.4,60.5,2.8,59.7,4,56.9,54.8,0
2020/4/30 23:00,0,0,0,0,0,40.8,20.5,62.9,2.7,62,3.8,58.8,56.3,0
2020/5/1 0:00,0,0,0,0,0,51.4,25.7,65.3,2.6,64.2,3.7,60.5,57.6,0
2020/5/1 1:00,0,0,0,0,0,99.6,86.9,59,2.2,58.4,3.2,56.4,55,0
2020/5/1 2:00,0,0,0,0,0,99.8,95.1,59.7,2.4,59.3,3.5,57.7,56.5,0
2020/5/1 3:00,0,0,0,0,0.3,99.8,96.5,60.7,2.5,60.4,3.7,59.3,58.7,0.0015625049999999998
2020/5/1 4:00,45.5,65672.6,3,16.283,7.1,99,93.6,62.4,2.6,62.2,3.8,61.5,61.3,0.18410001
2020/5/1 5:00,147.1,332837.1,20.7,70.171,23.3,98.5,79.8,63.3,2.8,63.2,4,63.1,63.3,0.57809997
2020/5/1 6:00,276.3,758312.6,24.1,114.974,1.8,100,98.7,64.1,3,64.4,4.3,65.4,66.5,0.9079375049999999
2020/5/1 7:00,408.4,1234313.4,1.5,105.016,0,100,100,66.5,3.5,66.6,5,67.2,67.9,2.450312475
2020/5/1 8:00,528.2,1691410.3,55.8,152.173,14.2,98.2,87.8,62.4,3.5,62.6,5,63.6,64.7,8.248287300000001
2020/5/1 9:00,624.6,2083394.9,88.1,247.929,0,100,100,50.8,3.8,50.8,5.4,50.9,51.3,11.258262599999998
2020/5/1 10:00,689.9,2376527.5,69.3,268.149,8,87,86.9,52.6,3.4,52.5,5,52.4,52.7,11.3516997
2020/5/1 11:00,718.9,2547336.4,151.5,313.748,13.9,86.6,82.5,52.1,3.3,52.1,4.7,52.4,53,9.997724999999999
2020/5/1 12:00,709.4,2582587,160.8,377.157,19.4,83.6,76.9,48.5,2.9,48.2,4.1,47.5,47.4,4.59016245
2020/5/1 13:00,662.1,2479583.4,106.5,345.932,10.5,96,96,54.5,2.7,54.3,3.8,53.6,53.4,1.4975125049999998
2020/5/1 14:00,580.6,2246250.1,137,321.006,1.8,100,99.9,55.5,2.3,55.1,3.3,53.6,52.8,1.37559999
2020/5/1 15:00,471.5,1900907.4,84,298.196,2.8,99.7,99.6,53.9,2.8,53.4,4.1,52,51.3,0.7310375100000001
2020/5/1 16:00,344.1,1472015.8,12.5,196.799,4.6,99.3,99.3,56.4,3.2,56.1,4.6,55.3,55.2,0.7905875099999999
2020/5/1 17:00,211.2,998886.5,9.1,105.982,6.1,98.8,98.8,60.7,2.8,60.4,4.1,59.8,59.8,0.22945000499999998
2020/5/1 18:00,91.4,536751.9,3.3,59.836,7.6,91.6,91.4,64.5,2.2,64.2,3.1,63.3,63.2,0.028862504999999997
2020/5/1 19:00,16.8,175795.6,0.1,23.028,0.4,99.6,99.5,82.7,0.7,82.1,1,79.9,78.3,0
2020/5/1 20:00,0,13123.3,0,3.625,0.1,99.9,99.9,82.4,1.4,82,2,80.6,79.5,0
2020/5/1 21:00,0,0,0,0,0,96.7,96.7,84.8,2,84.4,2.9,83,81.8,0
2020/5/1 22:00,0,0,0,0,0,95.8,95.8,85.3,2.4,84.9,3.4,83.4,82.2,0
2020/5/1 23:00,0,0,0,0,0,99.4,99.4,83.5,2.5,83.3,3.6,82.8,82.3,0
2020/5/2 0:00,0,0,0,0,0,99.3,98.9,85.6,1.8,85.8,2.6,86.2,86.4,0
2020/5/2 1:00,0,0,0,0,0,81.7,81.5,87.9,0.8,87.8,1.1,87.4,87.2,0
2020/5/2 2:00,0,0,0,0,0,81,73.4,88,0.7,87.9,1,87.8,87.8,0
2020/5/2 3:00,0,0,0,0,4.7,78.2,69.6,87.4,0.4,87.4,0.6,87.2,87.3,0.06676249499999998
2020/5/2 4:00,49,73823.1,7.9,18.191,18.9,94.5,85,87.5,0.6,87.8,0.9,88.7,89.5,0.12307499999999999
2020/5/2 5:00,152.1,348737.1,17,63.041,2.7,99.9,98.9,87.1,0.8,87.4,1.2,88.7,89.9,0.4233375
2020/5/2 6:00,281.7,777273.3,30.1,116.57,2.9,100,99.7,83.3,1.1,83.8,1.6,85.4,87.1,1.3266624899999997
2020/5/2 7:00,413.8,1253717.8,65.6,170.836,17.7,89.6,88.4,74.4,1.2,75,1.8,77.5,79.9,2.8425874500000003
2020/5/2 8:00,533.4,1710421.5,110.9,237.244,7.9,98.4,98.2,69.1,1.2,69.6,1.7,71.7,73.6,3.286250025
2020/5/2 9:00,629.7,2101764.9,166.5,324.162,8,96.5,95.6,63.5,1.2,63.8,1.7,65.1,66.5,6.8210376
2020/5/2 10:00,694.8,2394255.8,198.6,392.519,11.5,92.5,90.6,61.8,1.2,61.9,1.7,62.5,63.4,5.4858876
2020/5/2 11:00,723.7,2564549.7,176.8,395.096,3.8,98.9,98.8,64.3,1.1,64.3,1.6,64.9,65.8,5.6876999999999995
2020/5/2 12:00,714.1,2599481.7,91.7,342.214,11.1,96.9,96.5,66.7,0.8,66.5,1.1,66.1,66.6,7.25886255
2020/5/2 13:00,666.7,2496385.2,42.8,287.66,2,99.7,99.4,73.1,1.1,73.2,1.6,73.8,74.9,6.5375874000000005
2020/5/2 14:00,585.4,2263176.1,63.1,265.832,12.5,87.7,87,66.8,1.2,66.9,1.8,67.7,68.6,1.912812495
2020/5/2 15:00,476.4,1918119,78.2,251.017,3.9,96.8,95.5,67.3,2.2,67.6,3.2,68.7,70,1.2666124949999997
2020/5/2 16:00,349,1489539.3,39.4,191.983,5.9,98.7,97.6,78.2,2.5,78.6,3.6,80.4,82.2,0.7324499999999999
2020/5/2 17:00,216,1016425.7,10.3,110.726,4.2,99.7,99.5,84.5,2.5,85,3.6,86.7,88.3,0.13287501
2020/5/2 18:00,95.5,553097.3,2.1,50.983,2.8,99.8,99.4,86.6,3,86.8,4.3,87.8,88.8,0.005549999999999999
2020/5/2 19:00,18.8,187095.7,0.1,16.326,1.6,99.7,99.7,92.8,2.6,93,3.7,93.6,94.4,0
2020/5/2 20:00,0,16079.5,0,3.33,1,99.9,99.9,93.6,2.4,93.8,3.4,94.4,95,0
2020/5/2 21:00,0,0,0,0,0,99.9,99.9,93.6,2.3,94.1,3.3,95.6,96.5,0
2020/5/2 22:00,0,0,0,0,0,100,100,93.9,2.1,94.1,3,95.2,96.3,0
2020/5/2 23:00,0,0,0,0,0,100,100,94.1,2.1,94.3,3.1,95.4,96.4,0
2020/5/3 0:00,0,0,0,0,0,100,100,95.7,2.3,95.7,3.3,96,96.6,0
2020/5/3 1:00,0,0,0,0,0,100,100,95,3.3,95.3,4.7,96.2,97,0
2020/5/3 2:00,0,0,0,0,0,100,100,93.6,3.5,94.1,5,95.8,96.4,0
2020/5/3 3:00,0.6,165.5,0,0.04,0.2,99.9,99.9,92.7,3.7,92.9,5.2,93.7,95,0.00951249
2020/5/3 4:00,52.5,82247.1,0.1,7.419,0.5,100,100,93.1,3.6,93.3,5.1,94.3,95.4,0.3687
2020/5/3 5:00,157.1,364596.4,2.2,30.076,1.2,99.7,99.7,90.4,3.3,90.8,4.7,92.6,94.5,1.012975005
2020/5/3 6:00,287,795939.4,14.5,72.823,11.8,92.2,92.1,90,3.2,90.1,4.6,90.8,91.4,0.9736000049999999
2020/5/3 7:00,419,1272751.1,61,150.822,22.6,79,79,86,3.5,86.2,5.1,86.8,87.4,2.352962475
2020/5/3 8:00,538.5,1729040.3,121.2,245.134,21.1,77.5,77.5,83.3,3.5,83.5,5.1,84.1,84.7,2.88038745
2020/5/3 9:00,634.6,2119743.2,178.3,323.866,19.9,79.6,79.6,81,3.5,81.1,5,81.6,82.3,1.515087495
2020/5/3 10:00,699.5,2411603.9,228.7,391.357,15.9,84.5,84.5,78.2,3.1,78.4,4.5,79.3,80.4,2.308599975
2020/5/3 11:00,728.3,2581400.7,204.3,423.465,10,91.2,91.2,76.5,3,76.7,4.2,77.8,79.3,6.149024999999999
2020/5/3 12:00,718.6,2616035.1,179.9,416.162,6.6,93.9,93.9,77.2,3.1,77.3,4.4,77.8,78.9,2.344250025
2020/5/3 13:00,671.3,2512868.3,193.4,407.352,10.8,86.1,86.1,62.7,3,62.9,4.4,63.7,65,3.070824975
2020/5/3 14:00,590,2279806.4,170.9,385.735,8.1,89.3,89.3,56,3.2,55.8,4.6,55.8,56.4,1.7747374949999997
2020/5/3 15:00,481.1,1935058.4,138.6,329.965,9.8,90.5,90.5,53.9,3.5,53.7,5,53.9,54.8,1.0661625
2020/5/3 16:00,353.9,1506817.2,110.3,260.466,8.2,89,88.9,57.6,3.1,57.3,4.5,57.5,58.3,1.72921251
2020/5/3 17:00,220.7,1033762.1,62.6,188.015,6,94.2,94.2,61.3,3.2,61.1,4.6,61.6,62.7,1.4665875
2020/5/3 18:00,99.6,569348.7,29.5,115.676,4.5,94.9,94.9,65.7,2.6,65.5,3.8,65.7,66.6,0.26885001
2020/5/3 19:00,20.9,198588.1,5.7,52.21,21,70.7,70.7,73.7,2.6,73.4,3.7,73.5,74.4,0.07422501
2020/5/3 20:00,0,19327.4,0,11.042,20.5,58.1,58.1,82.2,2.2,81.9,3.2,81.4,81.6,0
2020/5/3 21:00,0,0,0,0,0,39.3,39.3,87.6,2.2,87.3,3.2,86.8,87,0
2020/5/3 22:00,0,0,0,0,0,50.2,50.2,90.9,2.1,90.7,3.1,90.6,91.1,0
2020/5/3 23:00,0,0,0,0,0,81.6,81.6,91.5,2.2,91.3,3.2,91.4,92.1,0
2020/5/4 0:00,0,0,0,0,0,92.3,92.3,89.8,2.5,89.6,3.5,89.8,90.8,0
2020/5/4 1:00,0,0,0,0,0,98.8,98.8,87.4,2.2,87.3,3.2,87.8,88.8,0
2020/5/4 2:00,0,0,0,0,0,86.4,86.4,88.8,2.3,88.7,3.3,88.8,89.6,0
2020/5/4 3:00,2.6,715.1,0.3,0.708,4.6,82.5,82.5,86.1,2.5,86,3.6,86,86.8,0.19518749999999999
2020/5/4 4:00,56.1,91164.5,15.5,22.562,28,72.4,72.4,81,2.6,80.9,3.7,81.2,82.1,0.6806625
2020/5/4 5:00,162,380384.8,53.7,83.203,14.1,85,85,76.5,2.5,76.5,3.6,77,78.5,0.874587525
2020/5/4 6:00,292.2,814298.5,110,166.645,13.9,85.1,85.1,70.6,3.5,70.6,5.1,71.1,72.7,1.319800005
2020/5/4 7:00,424.2,1291406.8,202.8,264.78,32.8,59.8,59.8,61.8,3.2,61.7,4.6,61.9,63.5,4.1724124499999995
2020/5/4 8:00,543.4,1747262.8,270.8,361.577,36.9,60.5,60.5,57.5,3.5,57.4,5,57.2,58.5,1.9038250049999998
2020/5/4 9:00,639.4,2137327,296.8,429.05,36.7,61,61,56.7,3.6,56.5,5.2,56.3,57.5,6.29029995
2020/5/4 10:00,704.2,2428569.9,325.6,473.185,33.2,65,65,57.4,3.6,57.4,5.2,57.2,58.6,3.37189995
2020/5/4 11:00,732.8,2597887.7,297.7,487.556,31.1,68.4,68.4,56.9,3.6,57.1,5.1,57.6,59.3,7.6841877
2020/5/4 12:00,723.1,2632246,245.8,466.816,30.6,68.6,68.6,60,3.5,60.2,5,60.9,62.5,7.4309125499999995
2020/5/4 13:00,675.8,2529031.4,207.7,430.579,25.9,69.2,69.2,70.3,3.2,70.4,4.6,70.9,72.4,4.0939875
2020/5/4 14:00,594.6,2296139.2,164.6,376.822,23,76.1,76.1,72,3.2,72.1,4.6,72.4,73.8,4.43967495
2020/5/4 15:00,485.8,1951722.8,149.8,317.125,30.7,73.1,73.1,74.2,2.7,74.2,3.9,74.2,75.1,2.055474975
2020/5/4 16:00,358.6,1523845.8,128.5,260.869,31.7,63.1,63.1,71.9,3,71.8,4.3,71.5,72.4,1.7107999950000001
2020/5/4 17:00,225.4,1050889.6,90.8,197.508,40.9,52.9,52.9,70.4,3.1,70.2,4.5,69.8,70.4,1.022237505
2020/5/4 18:00,103.7,585493.2,40.2,124.694,47.5,31.8,31.8,71.6,2.4,71.5,3.4,70.8,71.3,0.27096249
2020/5/4 19:00,23,210254.2,6.7,53.293,45.3,40.6,40.6,79.5,2.5,79.3,3.7,78.5,78.5,0.0055625100000000005
2020/5/4 20:00,0,23156.7,0,10.632,30.4,58.3,53.5,85.2,1.8,84.6,2.6,82.5,81.6,0
2020/5/4 21:00,0,0,0,0,0,28.4,28.4,91.6,1.7,90.7,2.4,87.9,86.3,0
2020/5/4 22:00,0,0,0,0,0,95.1,51.9,95.1,2,94.1,2.8,90.8,88.8,0
2020/5/4 23:00,0,0,0,0,0,99.5,53.6,96.4,2,95.4,2.8,92.1,90.1,0
2020/5/5 0:00,0,0,0,0,0,98.9,62.9,96.3,1.9,95.4,2.7,92.4,90.5,0
2020/5/5 1:00,0,0,0,0,0,85.3,59.7,88.1,1.9,87.3,2.8,84.7,83.1,0
2020/5/5 2:00,0,0,0,0,0,99.7,96.6,87.4,2.1,86.7,3,84.3,82.4,0
2020/5/5 3:00,4.5,1254.4,0,1.41,1.3,99.8,98.3,85.2,2.1,84.6,3,82.4,80.4,0.08561250000000001
2020/5/5 4:00,59.7,100185,5.2,20.74,23.4,99.8,87.5,81.2,2.1,80.8,3,79.3,77.7,0.39162501
2020/5/5 5:00,166.8,396073.8,63.4,87.863,50.5,86.1,55.3,74.3,2.1,74,3,72.9,71.5,0.8585000099999999
2020/5/5 6:00,297.3,832339,164.2,202.545,58,98.5,51.3,62.7,2,62.7,2.9,62.6,62,1.418687505
2020/5/5 7:00,429.2,1309678.5,147.8,291.538,41.6,99.7,65.2,54,2.5,53.9,3.5,53.4,54.2,2.407875
2020/5/5 8:00,548.3,1765084.8,80.4,311.433,40.3,99.8,75,51.9,2.5,51.7,3.6,50.9,51.5,2.9906625
2020/5/5 9:00,644,2154513.7,56.2,312.499,15.4,100,93.2,48.8,2.8,48.4,4.1,47,47.2,3.305199975
2020/5/5 10:00,708.7,2445152.1,28.9,306.571,1.8,100,99.7,48.1,3,47.5,4.3,45.5,45.4,3.3372
2020/5/5 11:00,737.2,2614009.7,14.2,280.259,1.5,100,99.6,48.2,3.3,47.6,4.7,45.6,45.6,2.066225025
2020/5/5 12:00,727.5,2648113.2,14.5,234.942,2.2,100,99.9,53.7,3.3,53.2,4.7,51.5,51.9,2.020224975
2020/5/5 13:00,680.3,2544873.2,21.5,193.679,6.2,99.4,96.8,54.1,2.5,53.6,3.6,52,52.3,2.554575
2020/5/5 14:00,599.1,2312172.9,23,185.99,3.6,99.7,98,51.8,3,51.2,4.3,49,48.9,1.31142501
2020/5/5 15:00,490.4,1968109.9,9.5,173.02,0.8,100,99.7,54.4,3.9,53.7,5.6,51.8,51.8,1.1951625
2020/5/5 16:00,363.3,1540621.3,1.2,123.69,1.7,99.9,99.5,56.3,4,55.8,5.7,54.3,54.6,1.229025
2020/5/5 17:00,230.1,1067801.9,0.6,65.758,3.7,99.9,99.4,59.5,3.6,59,5.2,57.7,58,0.50993748
2020/5/5 18:00,107.8,601518.1,0.7,30.147,0.3,100,100,62.9,3.5,62.4,5,61.3,61.8,0.09953749499999999
2020/5/5 19:00,25.2,222073.5,0.1,12.884,0.1,100,100,71.6,3.7,71.3,5.4,70.8,71.5,0.0036
2020/5/5 20:00,0,26989.8,0,2.855,2,99.7,99.6,74.6,3.5,74.3,5,73.8,74.4,0
2020/5/5 21:00,0,0,0,0,0,99.8,99.8,77.2,3.2,76.7,4.6,76.1,76.6,0
2020/5/5 22:00,0,0,0,0,0,99.9,99.8,77.9,3.2,77.6,4.6,77.3,77.9,0
2020/5/5 23:00,0,0,0,0,0,99.9,99.9,81.8,3.4,81.5,4.9,81.4,82.4,0
2020/5/6 0:00,0,0,0,0,0,100,100,88.3,3.5,88.2,5.1,88.5,89.6,0
2020/5/6 1:00,0,0,0,0,0,99.6,98.8,95.1,3.1,94.6,4.4,93.3,93,0
2020/5/6 2:00,0,0,0,0,0,99.5,98.7,92.4,2.6,92.2,3.7,91.9,92.3,0
2020/5/6 3:00,6.4,1783.1,0.1,1.837,0.8,99.8,99.1,91.8,2.1,91.6,3.1,91.3,91.6,0.04502499
2020/5/6 4:00,63.3,109312.6,1.3,19.351,2,99.9,99.4,91.1,2.4,90.9,3.4,90.6,91,0.25947501
2020/5/6 5:00,171.6,411636.6,5.7,55.435,2.9,99.7,98.3,89.4,2.2,89.3,3.2,89.3,89.8,0.80753751
2020/5/6 6:00,302.3,850050.1,52.5,121.056,14.7,87.4,84.5,85.6,2.6,85.5,3.7,85.3,85.7,1.9973749499999998
2020/5/6 7:00,434.1,1327560.6,171.4,233.863,36,58.9,58.9,71.7,3.8,71.5,5.5,71.3,71.6,1.268800005
2020/5/6 8:00,553,1782502.8,252.4,337.462,41.2,51.3,51.3,70.2,4.1,70,5.9,70.3,71.5,2.274737475
2020/5/6 9:00,648.6,2171301,301.5,411.944,40.2,52.1,52.1,64.8,4.1,64.6,5.9,64.9,66.2,2.9793374999999997
2020/5/6 10:00,713.1,2461348.8,363.7,485.848,42.4,38.6,38.6,57.2,4.8,56.9,6.9,56.5,57.3,3.1074374999999996
2020/5/6 11:00,741.6,2629765.4,367.1,527.701,28.2,67.8,67.8,59.5,4.5,59.3,6.5,59.6,60.8,3.158100075
2020/5/6 12:00,731.8,2663635.9,388.4,549.782,24.1,69,69,64.3,3.7,64.2,5.3,64.5,65.7,8.308875
2020/5/6 13:00,684.6,2560392.7,345.9,543.134,27.7,61.5,61.5,56.1,4,55.8,5.8,55.5,56.2,4.69948755
2020/5/6 14:00,603.5,2327905.9,177.4,434.158,9.9,85.6,85.6,53.5,5.2,53.1,7.4,52.3,52.7,3.99256245
2020/5/6 15:00,494.9,1984217.3,85.7,291.127,15.9,84.2,84.2,76.9,4.1,76.8,5.9,76.9,78.4,0.56638749
2020/5/6 16:00,368,1557140.1,102.3,222.971,30.5,70.2,70.2,79.4,4.5,79.3,6.4,79.6,80.7,0.76605
2020/5/6 17:00,234.7,1084493.2,93.8,190.14,33.8,60.3,60.3,83,4,82.9,5.8,82.9,83.4,0.51576249
2020/5/6 18:00,111.9,617411.4,44.7,130.232,35,60.8,60.8,82.2,4.3,82.1,6.1,81.5,81.9,0.35925
2020/5/6 19:00,27.5,234023.8,7.7,58.143,14.4,78.4,78.4,80.5,4,80.2,5.8,79.4,79.7,0.009974985
2020/5/6 20:00,0,30844.4,0,12.464,8,90,90,81.4,3.2,81.1,4.7,80.1,80.6,0
2020/5/6 21:00,0,0,0,0,0,97,96.4,80.5,2.8,80.2,4,79.3,79.7,0
2020/5/6 22:00,0,0,0,0,0,98.7,98.7,80.5,2.8,80.3,4.1,79.8,80.7,0
2020/5/6 23:00,0,0,0,0,0,94.4,94.3,83.3,3,83.1,4.3,82.5,83.4,0
2020/5/7 0:00,0,0,0,0,0,96.2,91.1,84.4,3,84.3,4.4,83.9,84.9,0
2020/5/7 1:00,0,0,0,0,0,99.7,91.4,90.3,2.8,90.2,4.1,89.9,90.5,0
2020/5/7 2:00,0,0,0,0,0,99.9,99,89.3,2.6,89.1,3.7,88.5,88.9,0
2020/5/7 3:00,8.2,2301.2,0.2,2.034,2.2,99.7,99.3,86.7,2.5,86.6,3.7,86.1,86.9,0.035337495
2020/5/7 4:00,66.9,118548.5,1.6,14.148,3.3,99.9,99.6,86.2,2.8,85.9,4,85.1,85.8,0.410025015
2020/5/7 5:00,176.3,427048.5,12.5,44.21,10,95.6,95.6,81.9,2.9,81.7,4.2,81.1,82,0.61412499
2020/5/7 6:00,307.2,867421.4,68.4,109.487,24.5,83.2,83.2,76.2,3,76.1,4.2,76,77,0.9485875049999999
2020/5/7 7:00,438.9,1345047.5,155.4,209.906,31.4,66.8,66.8,66.5,3.2,66.5,4.5,66.5,68,2.5872374999999996
2020/5/7 8:00,557.7,1799513.4,187.4,292.903,30.5,70.9,70,59.4,3.3,59.2,4.7,58.6,59.8,1.9632500249999998
2020/5/7 9:00,653.1,2187686.5,150.8,319.664,16.2,91.8,90.5,55.3,3.3,55.1,4.7,54.4,55.4,3.298512525
2020/5/7 10:00,717.4,2477158.7,95.9,291.259,0.4,100,100,55.5,2.8,55.2,4,54.4,55.3,8.213612399999999
2020/5/7 11:00,745.8,2645153.9,31.3,232.794,0.5,100,100,54.1,3,53.7,4.2,52.5,53.2,5.79790005
2020/5/7 12:00,736,2678813.2,13.8,200.228,0.4,100,100,54,2.9,53.4,4.2,51.8,52,8.1327003
2020/5/7 13:00,688.8,2575588.8,33.2,220.775,1.9,99.9,99.9,55.2,2.8,54.9,4.1,54.3,55.1,5.106862499999999
2020/5/7 14:00,607.8,2343336.5,46.1,243.599,12.3,95.3,95.3,54.3,2.5,53.9,3.7,53.2,53.9,2.3061
2020/5/7 15:00,499.4,2000042.6,31.9,217.924,2.2,99.8,99.8,54.1,2.4,53.7,3.4,52.7,53.1,0.871837515
2020/5/7 16:00,372.5,1573398.7,12.5,152.125,0.4,100,100,60.7,2.1,60.4,3,60.4,61.5,0.64614999
2020/5/7 17:00,239.2,1100957.7,5.5,82.519,0.6,99.9,99.9,66.2,1.2,66,1.8,66.1,67.2,0.30608749500000004
2020/5/7 18:00,116,633161.3,4.1,43.636,17.4,80.5,80.3,70.2,0.3,69.9,0.4,69.9,70.7,0.20825001
2020/5/7 19:00,29.9,246082.6,1.3,24.7,8.1,99,97.8,74,1,73.9,1.4,74.3,75.1,0.005650005
2020/5/7 20:00,0,34737.4,0,7.139,0,100,100,78.1,1.3,77.8,1.9,76.9,76.2,0
2020/5/7 21:00,0,0,0,0,0,100,100,81.8,0.9,81.3,1.3,79.4,77.6,0
2020/5/7 22:00,0,0,0,0,0,100,100,83.4,0.2,82.8,0.2,80.1,77.8,0
2020/5/7 23:00,0,0,0,0,0,99.8,99.8,81.7,1.2,81.7,1.8,81.8,82,0
2020/5/8 0:00,0,0,0,0,0,99.4,99.2,85.9,1.8,86,2.7,86.1,86.4,0
2020/5/8 1:00,0,0,0,0,0,99.2,99.2,88.1,1.9,88,2.7,87.1,86.2,0
2020/5/8 2:00,0,0,0,0,0,99.9,99.9,87.1,1.9,87,2.8,86.1,85.2,0
2020/5/8 3:00,10,3926.9,0,0.949,0.3,99.3,99.3,87.3,2.1,87,3,85.8,84.5,0.019937504999999998
2020/5/8 4:00,70.6,127889,0.7,7.323,2.2,97.8,97.8,90.1,1.8,89.8,2.6,88.5,87.3,0.302012505
2020/5/8 5:00,180.9,442286,7.4,25.991,3.5,99,99,94.7,1,94.3,1.5,92.7,91.2,0.922387485
2020/5/8 6:00,312,884443.4,34.3,78.439,17.7,87.7,87.7,89.7,1.2,89.6,1.7,89.3,89,1.2824375099999998
2020/5/8 7:00,443.6,1362134,39,145.246,7.2,98.3,98.3,83.9,2.4,84.3,3.5,85.7,86.9,1.9278874499999998
2020/5/8 8:00,562.2,1816113.4,64.9,190.634,19.9,78.5,78.5,83.7,4.4,83.9,6.3,84.6,85.2,1.7170499999999997
2020/5/8 9:00,657.4,2203668.4,195,285.602,30,73.1,73.1,82.2,3.7,82.6,5.4,83.9,85.1,1.2596874899999997
2020/5/8 10:00,721.7,2492580.6,279.2,411.452,17.4,78.6,78.6,81,3.6,82.1,5.2,86.7,88.4,4.922737499999999
2020/5/8 11:00,750,2660174.4,317.7,477.676,29.5,61.1,61.1,77.2,3.9,77.5,5.6,78.5,79.6,6.05854995
2020/5/8 12:00,740.1,2693644.3,285.4,484.35,34,57.6,57.6,72.4,3.2,72.9,4.6,74.7,76.6,3.33998745
2020/5/8 13:00,693,2590460.6,154.5,412.307,12.6,93.8,93.8,73.8,2.7,74.2,3.8,76,78.1,2.271887475
2020/5/8 14:00,612.1,2358463.5,64.6,287.351,2.1,99.7,99.7,76.5,3,76.6,4.3,77.1,78.2,1.583912505
2020/5/8 15:00,503.8,2015583.6,35.7,193.937,4.3,98.6,98.6,73.7,2.8,73.8,4.1,74.6,76,1.83861249
2020/5/8 16:00,377,1589393.5,35.2,155.262,14,92.6,92.6,74.1,2.6,74.2,3.7,74.8,76.1,3.24058755
2020/5/8 17:00,243.7,1117189.7,23,125.919,5.2,98.5,98.5,74.6,2.3,74.6,3.2,75.4,76.8,0.932524995
2020/5/8 18:00,120.1,648756.7,20.6,91.144,4.8,96.7,96.7,75.6,2,75.6,2.9,76.2,77.4,0.58866252
2020/5/8 19:00,32.3,258226.7,10,55.34,41.5,43.9,43.9,78.4,1.6,78.2,2.3,78.3,78.9,0.0260625
2020/5/8 20:00,0,39262.7,0,17.014,28.3,60.3,60.3,84.9,1.5,84.5,2.2,83.5,83.3,0
2020/5/8 21:00,0,0,0,0,0,75.1,75.1,87.8,1.4,87.4,2.1,86.4,86.1,0
2020/5/8 22:00,0,0,0,0,0,58.6,58.6,91.2,1.3,90.9,1.8,89.9,89.3,0
2020/5/8 23:00,0,0,0,0,0,50.6,50.6,92.7,1.1,92.6,1.6,92.3,92.2,0
2020/5/9 0:00,0,0,0,0,0,61.5,61.5,94.2,1.1,93.9,1.6,93.4,93.4,0
2020/5/9 1:00,0,0,0,0,0,41.6,41.6,95.8,1,95.6,1.4,95,94.8,0
2020/5/9 2:00,0,0,0,0,0,59,59,95.4,0.9,95.1,1.3,94.2,93.6,0
2020/5/9 3:00,11.8,6716.1,3.5,6.282,25.6,31.2,31.2,94.3,0.8,94,1.2,93.1,92.4,0.222212505
2020/5/9 4:00,74.2,137326,40.4,46.268,43,29,29,92.2,0.8,92.1,1.2,91.3,90.7,0.66699999
2020/5/9 5:00,185.4,457327.5,115.5,130.643,33.7,52.4,52.4,87.6,1,87.7,1.4,88,88.1,1.08267501
2020/5/9 6:00,316.6,901107.1,148.8,223.064,1.2,98.2,98.2,79.5,1.4,79.6,2,80.2,80.6,1.4527625100000001
2020/5/9 7:00,448.2,1378815.3,91.4,268.637,0,100,100,72.3,2.1,72.6,3,74.2,75.9,1.776550035
2020/5/9 8:00,566.6,1832300,51.5,265.304,0,100,100,63.6,2,63.8,2.9,64.9,66.4,3.6625499249999995
2020/5/9 9:00,661.7,2219245,37.2,262.235,0,100,100,59.2,1.8,59.3,2.6,60,61.2,1.704825
2020/5/9 10:00,725.8,2507613.3,16,252.5,0,100,100,63,2,63.1,2.8,64.1,65.5,4.18135005
2020/5/9 11:00,754,2674826.2,37.3,257.833,0,100,100,66.1,1.7,66.4,2.4,67.8,69.5,3.440187525
2020/5/9 12:00,744.2,2708128.5,100.4,309.197,0,100,100,67.2,1.2,67.6,1.7,69.3,71.3,2.080125
2020/5/9 13:00,697.1,2605007.1,142,346.838,15.4,84.4,84.4,71.1,3,71.4,4.3,72.8,74.5,5.84011245
2020/5/9 14:00,616.3,2373285.3,194.7,368.07,19.6,81.8,81.8,70.4,4,70.7,5.8,72,73.6,2.126274975
2020/5/9 15:00,508.1,2030838,244.5,382.266,41.7,36.6,36.6,62,3.5,62.1,5,62.4,63.3,4.83201255
2020/5/9 16:00,381.5,1605121,198.7,337.771,31.4,59.2,59.2,61.7,3.5,61.7,5,62.2,63.1,2.027300025
2020/5/9 17:00,248.1,1133183.7,114.4,240.101,33.7,59.8,59.8,65,2.7,65.1,3.8,65.7,66.6,1.2277249949999998
2020/5/9 18:00,124.1,664187,52.2,146.075,34.8,57.3,57.3,66.5,2.8,66.6,4,67.1,67.9,0.303150015
2020/5/9 19:00,34.7,270433.2,12.4,71.467,25.6,65.2,65.2,71.2,1.1,71.1,1.6,70.7,70.8,0.094037505
2020/5/9 20:00,0,45488.4,0,18.053,31.4,56,56,75.5,1,75.2,1.4,74.3,74,0
2020/5/9 21:00,0,0,0,0,0,72.4,72.4,79.5,1,79.2,1.4,78.2,77.8,0
2020/5/9 22:00,0,0,0,0,0,45.6,45.6,83.6,0.6,83,0.9,80.6,79,0
2020/5/9 23:00,0,0,0,0,0,59.7,59.7,88,1.3,87.4,1.9,85.2,83.4,0
2020/5/10 0:00,0,0,0,0,0,89.7,89.7,90.1,1.4,89.6,2,87.9,86.4,0
2020/5/10 1:00,0,0,0,0,0,98.2,98.2,89.2,2.3,90.1,3.2,93.5,95.9,0
2020/5/10 2:00,0,0,0,0,0,100,100,84.8,4.4,84.7,6.3,84.3,84.2,0
2020/5/10 3:00,13.6,9448.9,0,1.642,0.1,99.8,99.8,82.8,3.6,82.7,5.1,82.8,83,0.16658751000000002
2020/5/10 4:00,77.8,146847.5,2.1,15.336,0.9,98.8,98.8,83.3,2.8,83.4,4.1,83.9,84.4,0.46530000000000005
2020/5/10 5:00,189.8,472152.7,11.4,53.38,2.8,97,97,79.9,2.3,80,3.3,81,82.2,1.66305
2020/5/10 6:00,321.2,917404.1,14.9,101.381,8,91.5,91.5,74.1,2,74.3,2.9,75.7,77.6,2.38287495
2020/5/10 7:00,452.7,1395087.1,49.7,157.149,9.5,92,91.9,73.3,2.1,73.6,3,75.1,77,0.434775
2020/5/10 8:00,570.9,1848070.5,142.1,259.63,8.3,90.6,90.6,68.9,2.7,69.2,3.9,70.6,72.3,1.652087505
2020/5/10 9:00,665.8,2234414.6,222.4,378.079,13.2,86.8,86.8,65.9,2.7,66.1,3.9,67.3,68.9,0.533875005
2020/5/10 10:00,729.8,2522256,331.1,475.111,25.7,63.2,63.1,60.2,2.9,60.4,4.2,61.3,62.7,4.41338745
2020/5/10 11:00,757.9,2689108.6,372.3,549.822,17.6,75.8,75.7,61,3.1,61.2,4.4,62.3,63.8,10.558149899999998
2020/5/10 12:00,748.1,2722265.4,295,552.829,17.3,75.1,75,59.3,3.4,59.5,4.9,60.4,61.7,10.626800099999999
2020/5/10 13:00,701,2619227.5,318.4,531.007,19.4,74.8,74.4,56.2,3.9,56.2,5.6,56.5,57.3,7.919112599999999
2020/5/10 14:00,620.4,2387800.7,329.1,519.094,31.9,56.3,56.3,52.3,3.8,52.3,5.5,52.7,53.6,8.130912599999998
2020/5/10 15:00,512.3,2045803.7,264.6,452.295,37,48.2,48.2,51.3,3.6,51.2,5.2,51.5,52.2,2.34915
2020/5/10 16:00,385.8,1620578,188,345.678,39.7,43.7,43.7,50.1,3.5,50,5.1,49.8,50.4,2.1819375
2020/5/10 17:00,252.5,1148934.2,119.4,248.327,35,55.7,55.7,50.6,3.6,50.5,5.2,50.3,50.8,0.9225250199999999
2020/5/10 18:00,128.1,679441.8,56.9,161.641,42.7,47.6,47.6,54,3.4,53.9,4.9,53.5,53.9,0.5055
2020/5/10 19:00,37.3,282679.1,11.9,77.196,25.4,65.6,65.6,78.1,2.9,77.9,4.1,78.1,79.2,0.0951
2020/5/10 20:00,0,51751.7,0,18.196,30.7,60.3,60.3,81.6,2.5,81.5,3.6,81.8,82.8,0
2020/5/10 21:00,0,0,0,0,2.1,64.6,64.6,82.9,2.1,82.7,3,83.1,84.1,0
2020/5/10 22:00,0,0,0,0,0,77.7,77.7,83.3,1.6,82.9,2.3,82.9,83.5,0
2020/5/10 23:00,0,0,0,0,0,53.7,53.7,80.8,2,80.5,2.8,80.5,81.2,0
2020/5/11 0:00,0,0,0,0,0,42.7,42.7,82,2.1,81.8,3,81.5,81.6,0
2020/5/11 1:00,0,0,0,0,0,80.6,80.6,75.2,2.7,75,3.8,75,75.4,0
2020/5/11 2:00,0,0,0,0,0,89.7,89.7,76.8,2.9,76.7,4.2,76.4,76.3,0
2020/5/11 3:00,15.3,12127.9,0.6,4.093,1.9,98.2,98.2,79.7,3.3,79.5,4.8,79.3,79.5,0
2020/5/11 4:00,81.4,156437.6,2,19.108,1.3,99.3,99.3,79.5,3.3,79.6,4.8,80.1,81.2,0.000587505
2020/5/11 5:00,194.2,486742.8,4.6,41.875,0.4,99.6,99.6,84.9,3.7,84.9,5.3,85.3,86,0.001274985
2020/5/11 6:00,325.6,933326.5,10.7,71.836,7.4,95.7,95.7,84.9,3.6,85,5.2,85.5,86.3,0.06819998999999999
2020/5/11 7:00,457,1410945.1,15.8,102.271,1.5,99.1,99,84.4,3.4,84.6,4.9,85.4,86.4,0.8298625049999999
2020/5/11 8:00,575.1,1863422.6,17.2,126.864,1.8,98.6,98.6,83.4,3.4,83.6,4.9,84.4,85.4,3.0156750000000003
2020/5/11 9:00,669.8,2249176,59.2,187.772,26.9,75.2,75.1,78.5,3,78.7,4.2,79.6,80.9,2.787237525
2020/5/11 10:00,733.7,2536508.1,161.8,307.862,32.1,71.5,71,75.1,2.9,75.5,4.1,76.9,78.5,4.68895005
2020/5/11 11:00,761.8,2703021.4,197.3,392.003,26.5,83.5,78.7,75.9,3,76.3,4.3,77.9,79.7,5.833487549999999
2020/5/11 12:00,751.9,2736054.6,105.2,367.509,5.3,98.6,96.8,79.8,3.4,80.2,4.8,81.8,83.4,4.6446124499999994
2020/5/11 13:00,704.9,2633121.2,38.1,297.276,1.3,99.8,99.4,78.7,3.4,79,4.9,80.5,82.3,4.1838501
2020/5/11 14:00,624.4,2402008.3,46.3,260.949,1.6,99.3,98.8,78.5,3.3,78.9,4.7,80.4,82.1,3.367062525
2020/5/11 15:00,516.5,2060478.4,38.3,235.66,3.3,97.8,97.7,78.6,3.4,78.9,4.8,80.3,81.9,1.57425
2020/5/11 16:00,390.1,1635760.9,15.2,175.841,1.5,98.3,98.1,75.8,3.8,76.2,5.5,77.5,78.9,2.2927250249999998
2020/5/11 17:00,256.8,1164435.9,12,121.828,1.5,97.8,97.8,74.7,3.7,74.9,5.4,75.6,76.6,1.1600125049999999
2020/5/11 18:00,132.1,694511,5.1,79.081,1.1,98.5,98.5,77.8,3.6,77.9,5.1,78.5,79.5,0.16976249999999996
2020/5/11 19:00,39.8,294942.3,0.7,34.948,0.6,99.4,99.3,85.4,3.2,85.3,4.5,85.2,85.6,0
2020/5/11 20:00,0,58058.4,0,8.676,0.6,99.5,99.4,83.1,2.5,83.1,3.6,83.5,84.2,0
2020/5/11 21:00,0,0,0,0,0,99.7,99.7,87.9,1.9,87.9,2.7,88.2,88.9,0
2020/5/11 22:00,0,0,0,0,0,99.6,99.6,91,1.8,91.1,2.6,91.5,91.9,0
2020/5/11 23:00,0,0,0,0,0,99.4,99.4,92.9,1.9,92.8,2.8,92.6,92.6,0
2020/5/12 0:00,0,0,0,0,0,99.8,99.7,92,2.1,91.8,3.1,91.1,90.5,0
2020/5/12 1:00,0,0,0,0,0,98.9,98.4,92.1,1.7,92,2.5,92.1,92.4,0
2020/5/12 2:00,0,0,0,0,0,93,90,91.2,2.1,91.2,3,91.4,91.9,0
2020/5/12 3:00,17.1,14755.7,1.1,5.731,3.8,96,94.6,89.7,1.9,89.7,2.7,90,90.4,0
2020/5/12 4:00,85,166077.9,5.6,26.578,4.7,98,97.1,87.9,1.7,88.1,2.4,88.9,89.9,0
2020/5/12 5:00,198.4,501080.2,9.4,60.076,2.5,99.5,98.9,86.4,1.7,86.5,2.4,87.5,88.7,0.24643750499999995
2020/5/12 6:00,330,948866.9,10.7,95.967,2.5,99.5,98.6,81.9,1.7,82.3,2.4,83.5,85.4,1.547425005
2020/5/12 7:00,461.2,1426385.5,15.2,127.827,1.8,99.9,99.7,81.7,1.7,82.1,2.5,83.9,86,4.1514501
2020/5/12 8:00,579.2,1878354.1,86.9,192.644,12.4,96.8,94.8,76.8,1.6,77.1,2.3,78.9,80.9,7.497262499999998
2020/5/12 9:00,673.8,2263528,203.6,324.468,27.3,79.6,74.7,65.9,1.6,66.2,2.3,67.5,69.1,8.541850199999999
2020/5/12 10:00,737.5,2550368.8,276.8,454.52,31.9,75.9,70.2,64.7,2.5,65,3.6,66.3,67.8,8.4121125
2020/5/12 11:00,765.5,2716564.1,361.1,540.287,26.2,75.2,69.9,63.4,2.9,63.6,4.2,64.5,65.7,9.689349900000002
2020/5/12 12:00,755.7,2749495.6,217.3,503.266,36.1,54.2,51.5,55.1,3.1,55.1,4.5,55.4,56.1,4.407874950000001
2020/5/12 13:00,708.7,2646687.5,29.5,334.004,7.3,97.5,97.5,74.9,3.3,75.1,4.8,76.4,78.1,11.1389877
2020/5/12 14:00,628.3,2415906.8,101,276.83,21.2,81,80.8,74.2,3,74.5,4.3,75.8,77.4,4.8439875
2020/5/12 15:00,520.5,2074860.2,179.7,337.177,25.8,75.6,75.3,72.1,3,72.2,4.3,72.7,73.8,5.3359875
2020/5/12 16:00,394.3,1650666.5,148.8,318.617,30.4,66.4,65.7,71.9,3.3,71.9,4.7,72.4,73.4,1.4529874950000001
2020/5/12 17:00,261,1179683.6,87.4,230.29,28.1,67.4,67,77.7,3.4,77.8,4.8,78.2,79.1,0.89656251
2020/5/12 18:00,136,709385.2,31,138.677,31.8,69.8,69.8,81,3.4,80.9,4.8,80.8,81.4,0.104725005
2020/5/12 19:00,42.5,307201.2,4.3,62.008,6.7,96.6,95.2,84.6,3.1,84.6,4.5,84.7,85.4,0
2020/5/12 20:00,0,64411.2,0,14.768,2.9,97.6,97.5,85.7,3.1,85.7,4.4,86,86.8,0
2020/5/12 21:00,0,0,0,0,0.3,97.8,97.8,91.2,3.2,90.9,4.5,89.9,89.4,0
2020/5/12 22:00,0,0,0,0,0,97.5,97.5,90.2,2.5,90.2,3.6,90.2,90.3,0
2020/5/12 23:00,0,0,0,0,0,97,97,93.7,2.5,93.7,3.6,93.9,94.2,0
2020/5/13 0:00,0,0,0,0,0,97.7,97.7,90.9,2.3,90.9,3.3,90.9,91.3,0
2020/5/13 1:00,0,0,0,0,0,96.4,96.3,86.4,2.7,86.4,3.8,86.7,87.5,0
2020/5/13 2:00,0,0,0,0,0,97.1,97.1,86.3,2.6,86.3,3.7,86.7,87.5,0
2020/5/13 3:00,18.9,17717,1.3,6.034,7.5,87.7,87.7,85.5,2.4,85.4,3.4,85.5,86.1,0
2020/5/13 4:00,88.5,175747.2,19.3,40.789,17.3,81.8,81.6,84.8,2.2,84.8,3.2,84.8,85.4,0
2020/5/13 5:00,202.6,515148.6,76.8,118.055,23.7,73.8,72.5,81.7,2.2,81.7,3.1,81.7,82.2,0.03114998999999998
2020/5/13 6:00,334.2,964018.4,126.1,206.166,21.3,74.3,74,72.8,2.8,72.7,4,73,73.9,0.635412495
2020/5/13 7:00,465.3,1441404.8,116.4,266.993,23.9,99.5,89.7,76.1,2.5,76.3,3.5,77.7,79.6,3.218274975
2020/5/13 8:00,583.1,1892863.1,130.8,320.35,20.4,99.9,91.3,73.5,2.4,73.8,3.5,75.1,77,3.3830625
2020/5/13 9:00,677.6,2277469.6,210.9,394.866,32.6,99.4,84,67.9,2.3,68.2,3.4,69.5,71.2,5.0988751500000005
2020/5/13 10:00,741.2,2563837.8,281.6,477.336,26.9,99.5,84.4,63.4,2.6,63.5,3.7,64.5,65.9,4.40398755
2020/5/13 11:00,769.1,2729736.7,213.7,506.395,15.9,99.8,89.4,58.9,2.9,59.1,4.2,60.2,61.5,1.749225
2020/5/13 12:00,759.3,2762588.2,98.3,428.47,10.4,99.6,92.8,53.4,3.3,53.5,4.8,54.3,55.4,3.18512505
2020/5/13 13:00,712.5,2659925.8,83.8,335.61,6.7,99.6,95.6,59.7,3.9,59.8,5.6,60.4,61.5,2.8132375499999998
2020/5/13 14:00,632.1,2429495.2,164.5,344.587,10.4,99.1,92.9,54.9,3.7,55.1,5.3,55.9,57,1.9993250249999999
2020/5/13 15:00,524.5,2088946.9,166.5,364.856,13.6,99.1,91,54.1,3.7,54.3,5.3,55,56.2,3.1649874749999998
2020/5/13 16:00,398.4,1665291.5,82.7,292.444,29,97.9,78.8,58.6,3.2,58.7,4.6,59.1,60,1.983062475
2020/5/13 17:00,265.2,1194672.2,59.8,206.654,53.7,95,55.8,59,2.7,59,3.8,59.6,60.7,0.485212485
2020/5/13 18:00,139.9,724055,30.7,141.97,50,95.9,60.6,60,2.6,60,3.7,60.3,61.2,0.27501250499999996
2020/5/13 19:00,45.1,319434.6,4,69.042,12.1,99.3,92.7,69.1,2.4,69.2,3.4,69.5,70.4,0.07808749499999999
2020/5/13 20:00,0.2,70875.3,0,16.523,4.9,99.7,97,74.8,2.2,74.8,3.1,75,75.8,0
2020/5/13 21:00,0,65,0,0.13,0.2,99.9,99.2,79.2,2.3,79.2,3.4,79.3,79.9,0
2020/5/13 22:00,0,0,0,0,0,99.3,97.6,82.9,2.2,82.9,3.1,83,83.3,0
2020/5/13 23:00,0,0,0,0,0,92.9,92.4,84,2.2,83.9,3.2,83.5,83.3,0
2020/5/14 0:00,0,0,0,0,0,88.5,88.5,82.8,2.3,82.6,3.3,82.1,81.9,0
2020/5/14 1:00,0,0,0,0,0,62.6,62.6,80.8,2.7,80.6,3.8,79.7,79.2,0
2020/5/14 2:00,0,0,0,0,0,65.5,56.7,79.8,2.4,79.5,3.4,78.5,77.9,0
2020/5/14 3:00,20.6,21024.5,6.7,10.892,39,25.9,25.4,78.3,2.2,78.1,3.2,77.3,76.8,0.006912509999999999
2020/5/14 4:00,91.9,185422.6,46.3,57.013,53.8,20.1,17.8,74.2,2.3,74.1,3.3,73.8,73.9,0.186025005
2020/5/14 5:00,206.6,528932.9,82.6,127.904,39,89.1,69.4,71.8,2.4,71.8,3.4,72.2,73.1,0.9254624999999999
2020/5/14 6:00,338.3,978774.8,66.6,177.922,11.1,99.7,94,70.4,2.6,70.5,3.8,71.3,72.8,1.79062503
2020/5/14 7:00,469.3,1455999.7,81.9,218.444,2.7,99.9,98.2,65,3.2,65.2,4.6,66.3,67.8,2.577674925
2020/5/14 8:00,587,1906947.9,101.6,277.628,14.8,99.5,89.7,63.3,3.4,63.5,4.9,64.4,65.7,3.52204995
2020/5/14 9:00,681.2,2290999.9,91.3,318.819,6.3,99.4,95.6,63.5,3.4,63.7,4.9,64.9,66.3,4.1132376
2020/5/14 10:00,744.8,2576914.8,133.3,352.169,7.6,93.5,93,64.6,3.2,64.8,4.6,65.7,67,1.996425
2020/5/14 11:00,772.7,2742538.9,131.3,387.417,3.3,98.9,97.4,60.3,3.5,60.5,5,61.7,63.1,4.0497999
2020/5/14 12:00,762.9,2775332.2,83.1,371.39,0.9,99.5,99.1,57.7,4.1,57.8,5.9,58.6,59.7,1.8909499949999997
2020/5/14 13:00,716.1,2672835.5,50.1,300.49,0.7,99.2,99.1,62.5,3.5,62.7,5,63.6,64.8,3.436912575
2020/5/14 14:00,635.9,2442772.1,22.6,222.591,0.5,99.5,99.5,69,3.6,69.2,5.1,70.2,71.5,2.8486124999999998
2020/5/14 15:00,528.4,2102736.4,36.9,191.029,2.9,96.6,96.6,68.4,3.5,68.5,5,69.2,70.4,2.79913755
2020/5/14 16:00,402.5,1679632.8,27.2,164.732,1.8,98.7,98.7,67.1,3.7,67.2,5.3,67.6,68.7,0.77068752
2020/5/14 17:00,269.3,1209396.6,7.5,106.665,0.2,99.9,99.9,70.8,3,71,4.3,72,73.4,0.42371248499999997
2020/5/14 18:00,143.8,738511.4,1.8,61.345,0,100,100,75.2,2,75.3,2.9,76,77.2,0.209262495
2020/5/14 19:00,47.8,331622.6,0,32.784,0,100,100,80.2,1.7,80.3,2.5,81.1,82.2,0.08657498999999999
2020/5/14 20:00,1.8,77768.8,0,10.407,0,100,100,83.8,1.3,83.8,1.8,84.1,84.5,0
2020/5/14 21:00,0,513.5,0,0.754,0,100,100,87.8,1.6,87.7,2.3,87.5,87.4,0
2020/5/14 22:00,0,0,0,0,0,100,100,88.8,1.8,88.6,2.6,87.5,86.6,0
2020/5/14 23:00,0,0,0,0,0,98.6,96.5,89.2,1.4,88.7,1.9,86.6,84.6,0
2020/5/15 0:00,0,0,0,0,0,95.5,89.5,86.5,1.4,86.2,2,84.8,83.5,0
2020/5/15 1:00,0,0,0,0,0,99.1,98.8,87.2,1.7,87.2,2.5,86.9,86.9,0
2020/5/15 2:00,0,0,0,0,0,99,98.4,86.4,1.5,86.5,2.2,87.1,87.9,0
2020/5/15 3:00,22.4,24277.8,1.1,5.163,16.5,88,87.9,89.1,2.5,89.3,3.6,90.4,91.6,0.12015
2020/5/15 4:00,95.4,195080.2,8,26.763,16.2,90.5,90.5,88.6,2.9,88.7,4.1,89.2,89.8,0.28640001
2020/5/15 5:00,210.6,542418.9,21.8,60.367,11.8,91.7,91.6,85.7,3,85.8,4.3,86.4,87.2,0.532787475
2020/5/15 6:00,342.3,993130,50.1,110.855,10.2,89.6,89.6,82.9,3.4,83,4.9,83.4,84.1,2.5012499999999993
2020/5/15 7:00,473.2,1470167.3,104,195.09,29.2,77.9,75.6,73.6,3.2,73.9,4.6,75.4,77,3.782574975
2020/5/15 8:00,590.7,1920607,155.3,286.155,17.3,88.7,88.3,71.3,3.1,71.6,4.5,73.2,74.9,6.480225
2020/5/15 9:00,684.8,2304118.5,202,367.933,25.2,72.6,72.6,67.8,3.4,68.1,4.9,69.4,71,6.2478126000000005
2020/5/15 10:00,748.2,2589599.7,224.8,433.233,29.3,67.1,67.1,64,3.6,64.4,5.2,66,67.7,4.76218755
2020/5/15 11:00,776.1,2754970.9,181.8,431.09,8,89.3,89.3,62.5,3.7,62.9,5.3,64.4,65.9,4.15585005
2020/5/15 12:00,766.3,2787727.6,183.3,406.196,11.8,88.3,87.2,63.1,3.6,63.3,5.2,64.5,65.9,2.9083500000000004
2020/5/15 13:00,719.6,2685416.1,167.4,403.702,10.1,97.6,91.7,59,4.8,59.1,6.8,59.9,60.9,3.4142750250000002
2020/5/15 14:00,639.5,2455736.4,174.4,392.225,18.9,79.7,78.7,58.5,4.8,58.6,6.8,59.2,60.1,2.8752500249999997
2020/5/15 15:00,532.3,2116226.8,127.5,348.093,3.8,94.9,94.9,63.3,4.1,63.5,5.9,64.2,65.2,2.269400025
2020/5/15 16:00,406.4,1693687.1,54.7,265.996,3.8,94.4,94.4,63.5,4.3,63.6,6.1,64.3,65.2,3.262862475
2020/5/15 17:00,273.3,1223851.9,30.4,179.66,1.5,97.9,97.9,67.2,4.3,67.4,6.2,68.3,69.3,1.8124124849999999
2020/5/15 18:00,147.6,752745.8,7.4,97.825,4,94.2,94.2,73.2,3.9,73.2,5.6,73.8,74.5,0.22082499
2020/5/15 19:00,50.6,343745.6,1.8,39.26,2.5,96.9,96.9,75.7,3.4,75.9,4.9,76.6,77.4,0.0814875
2020/5/15 20:00,3.4,84699.6,0.2,12.844,9.6,87.3,87.3,76,3,76.1,4.3,76.7,77.6,0
2020/5/15 21:00,0,953.3,0,1.734,3.9,84.6,84.6,78.5,3,78.5,4.3,78.7,79.1,0
2020/5/15 22:00,0,0,0,0,0,82.8,82.8,80.5,3.1,80.4,4.4,80.1,80.2,0
2020/5/15 23:00,0,0,0,0,0,99,95.7,78.3,3.3,78.3,4.7,78.1,78.2,0
2020/5/16 0:00,0,0,0,0,0,99.9,96,77.9,3.3,77.9,4.7,78,78.3,0
2020/5/16 1:00,0,0,0,0,0,94.8,87.2,80.9,2.9,81,4.1,81.4,82.1,0
2020/5/16 2:00,0,0,0,0,0,99.2,97.8,76.4,3.1,76.6,4.5,77.4,78.3,0
2020/5/16 3:00,24.2,27485.7,0.7,7.946,0.7,99.3,99.2,77.8,3,77.8,4.3,78.2,78.7,0
2020/5/16 4:00,98.7,204695.3,1.3,28.975,0,100,100,80.6,2.9,80.8,4.2,81.6,82.4,0.013562504999999985
2020/5/16 5:00,214.4,555593.5,2.1,54.944,0,100,100,77.7,2.9,78,4.2,79.1,80.1,0.5692250099999999
2020/5/16 6:00,346.1,1007078.7,11.8,94.173,0,100,100,74.9,3.3,75.2,4.7,76.4,77.6,1.666037475
2020/5/16 7:00,476.9,1483905,20.6,136.356,0,100,100,66.3,3.8,66.6,5.5,67.7,68.9,2.499699975
2020/5/16 8:00,594.3,1933839.1,19.6,170.017,0.1,100,100,62.5,4.3,62.7,6.2,63.5,64.5,3.7699499249999997
2020/5/16 9:00,688.3,2316824.9,15.1,196.04,1.2,99.9,99.9,61,4.6,61.2,6.6,62.2,63.1,4.032325049999999
2020/5/16 10:00,751.6,2601892.5,17,217.044,0.5,99.9,99.8,60.7,4.5,60.9,6.5,61.5,62.2,3.156837525
2020/5/16 11:00,779.4,2767032.7,25.7,246.084,0,100,100,61.1,4.3,61.4,6.2,62.4,63.5,2.3723750249999997
2020/5/16 12:00,769.7,2799774.3,15.6,229.471,0.1,100,100,63.6,3.8,63.9,5.5,65.2,66.4,2.6486874749999996
2020/5/16 13:00,723.1,2697667.2,12.8,178.194,0.5,99.8,99.7,70.7,2.8,70.8,4,71.2,71.7,1.715950005
2020/5/16 14:00,643.1,2468387.2,16.5,160.307,0.6,99.7,99.5,68.5,3.1,68.7,4.5,69.9,71.2,0.9873749999999999
2020/5/16 15:00,536,2129416.1,10.9,143.878,0.1,100,100,67.8,2.9,68,4.2,69,69.9,1.0937999999999999
2020/5/16 16:00,410.3,1707451.3,5.8,109.645,0.4,99.8,99.7,73.4,2.6,73.6,3.8,74.4,75.1,1.076299995
2020/5/16 17:00,277.3,1238033.2,3.7,83.755,0.2,100,99.9,75.8,2.7,76,3.8,76.8,77.6,0.6200249999999999
2020/5/16 18:00,151.3,766749.6,2,63.25,0.2,100,99.9,76.7,2.9,76.9,4.2,77.7,78.4,0.54430002
2020/5/16 19:00,53.3,355784.9,0.5,35.001,1.4,99.6,99.2,80.6,2.7,80.5,3.9,80.3,80,0.058462499999999994
2020/5/16 20:00,4.9,91668.4,0.1,11.577,4.5,99.1,97.7,81.7,2.6,81.4,3.8,80.6,79.7,0
2020/5/16 21:00,0,1384.3,0,2.261,1.2,99.8,99.2,82.8,2.3,82.5,3.4,81,79.7,0
2020/5/16 22:00,0,0,0,0,0,99.8,99.1,83,1.8,82.4,2.6,79.9,77.6,0
2020/5/16 23:00,0,0,0,0,0,100,99.8,83.7,1.9,83,2.8,80.2,77.5,0
2020/5/17 0:00,0,0,0,0,0,99.9,99.3,82.8,2.1,82.3,3,80.3,78.4,0
2020/5/17 1:00,0,0,0,0,0,100,99.8,76.9,1.9,76.6,2.7,75.3,74.2,0
2020/5/17 2:00,0,0,0,0,0,99.9,99.6,75.2,1.9,75.1,2.7,74.7,74.6,0.003362505
2020/5/17 3:00,26.1,30656.7,0.3,6.522,2.8,99.9,99.6,74.5,1.9,74.5,2.7,74.6,75,0.11492500500000001
2020/5/17 4:00,102,214243.5,4.2,29.986,1.8,99.9,99.6,74.9,1.7,75,2.5,75.2,75.6,0.85238748
2020/5/17 5:00,218.1,568444.5,10,55.842,1.3,98.9,98.8,74.4,1.7,74.3,2.4,73.9,73.6,1.2334375049999997
2020/5/17 6:00,349.9,1020615.6,63.7,109.203,1.9,98.9,98.6,71.6,1.7,71.5,2.4,71.1,70.7,1.0251
2020/5/17 7:00,480.6,1497210.2,110.6,208.363,2.1,99.5,98.6,63.2,2.3,63.6,3.2,64.9,66.3,1.8071625
2020/5/17 8:00,597.7,1946643.3,41.3,225.843,0.5,99.9,99.8,63.5,1.6,63.8,2.3,65,66.2,1.5735625050000002
2020/5/17 9:00,691.6,2329118.7,12.7,160.959,0.1,100,100,71.8,0.8,72.1,1.1,73.2,74.1,3.036787425
2020/5/17 10:00,754.9,2613793.3,12.6,141.091,0.6,99.9,99.9,74.6,0.9,75,1.3,76.6,78.1,2.6861625
2020/5/17 11:00,782.7,2778724.7,54,180.148,6.4,98.1,98.1,79.3,1.3,79.7,1.9,81.2,82.4,1.76688753
2020/5/17 12:00,773,2811472.4,173.7,296.519,11.4,95.7,95.6,78.8,1.5,79.1,2.1,80,80.9,2.053925025
2020/5/17 13:00,726.4,2709588.4,211.1,420.809,20.7,83.6,83.4,75.4,1,75.7,1.4,76.9,77.7,4.36791255
2020/5/17 14:00,646.6,2480723.2,134.9,410.364,23.3,82.7,80.6,72.5,0.8,73.1,1.2,75.4,77.6,3.6298749
2020/5/17 15:00,539.7,2142302.3,139,331.951,17.3,88,84.8,75.9,1.3,76.5,1.8,79,81.3,1.031312505
2020/5/17 16:00,414.2,1720922.2,119.3,271.249,20.3,94,87.5,77.3,1.3,77.8,1.8,80.2,82.4,0.8591249849999999
2020/5/17 17:00,281.2,1251935.8,57.1,197.455,28.2,90.5,83.9,82.6,1.8,82.9,2.6,84.3,85.7,0.55377501
2020/5/17 18:00,155,780514.8,21.9,119.967,20.2,88.8,85.9,87.3,2,87.5,2.9,88.3,89,0.366825
2020/5/17 19:00,56,367722.9,5.5,58.357,10.1,92.4,92.4,90.1,1.8,90.6,2.6,92.7,94.4,0.027049995
2020/5/17 20:00,6.5,98675.1,0.4,19.205,17.5,87.6,87.6,92.5,1.8,92.5,2.6,92.6,92.7,0
2020/5/17 21:00,0,1806.3,0,3.021,9.6,83.1,83.1,91.2,2.3,91.2,3.3,91.2,91.1,0
2020/5/17 22:00,0,0,0,0,0,64.6,64.6,93.3,2.2,93,3.2,91.6,90.2,0
2020/5/17 23:00,0,0,0,0,0,31.7,31.7,95.4,2.1,95,3,93.5,92.1,0
2020/5/18 0:00,0,0,0,0,0,24.2,24.2,94.9,1.9,94.5,2.7,92.9,91.6,0
2020/5/18 1:00,0,0,0,0,0,36.7,36.6,94,2.1,93.5,3,91.8,90.6,0
2020/5/18 2:00,0,0,0,0,0,48.3,46,92.1,2,91.6,2.9,89.4,87.8,0.03178748999999998
2020/5/18 3:00,27.9,34222.4,9.9,13.711,41.1,45.9,45.9,90.9,2.1,90.5,3,88.4,86.6,0.25484999999999997
2020/5/18 4:00,105.2,223700.6,50.7,61.477,45.4,40.8,40.8,88.1,2.1,88,3,86.8,85.4,0.63601251
2020/5/18 5:00,221.8,580960.9,96.2,132.002,28.8,64.3,64.3,83.8,2.2,83.8,3.2,83.6,83.5,0.7082124900000001
2020/5/18 6:00,353.5,1033736.2,106.1,192.895,18.8,84.2,84.2,83.3,2.3,83.3,3.3,83.6,84.2,0.75529998
2020/5/18 7:00,484.1,1510081,110.3,232.519,23.9,80.5,80.5,82.9,2.5,82.9,3.5,83.6,84.7,2.632824975
2020/5/18 8:00,601.1,1959018.6,129.2,268.226,29.2,74.9,74.9,82.4,2.5,82.4,3.6,83.3,84.8,4.46920005
2020/5/18 9:00,694.9,2340999.9,170.2,325.773,29.1,75.4,75.4,80,2.5,80,3.6,80.8,81.8,1.63491249
2020/5/18 10:00,758,2625302.3,219.4,395.806,31.9,68.1,68.1,77.2,2.4,77.2,3.5,77.7,78.6,2.3089125
2020/5/18 11:00,785.8,2790047,249.4,442.877,33.5,61.3,61.3,73.8,2.6,73.8,3.7,74.2,75,4.54165005
2020/5/18 12:00,776.1,2822821.9,279.2,462.41,37.8,56.8,53.4,70,2.7,69.8,3.9,69.8,70.7,5.52227505
2020/5/18 13:00,729.7,2721179.3,276.1,460.738,28.7,71.8,70.1,68.6,2.6,68.2,3.8,67.7,68.6,1.6893500099999998
2020/5/18 14:00,650,2492743.5,225,417.086,23.5,74,74,66.3,3.1,65.9,4.5,65.4,66.2,4.0544376
2020/5/18 15:00,543.2,2154883.4,237.8,370.357,41,57.2,55.1,63.1,3.1,62.7,4.4,62.2,62.8,2.06637495
2020/5/18 16:00,417.9,1734096.8,175.3,331.474,41.4,97.9,70,60.6,3,60.3,4.4,60.1,60.7,1.7672500199999999
2020/5/18 17:00,285,1265555,76,253.062,13.8,95.9,88.4,61.4,2.9,61.1,4.1,60.8,61.3,0.59585001
2020/5/18 18:00,158.6,794033.5,39.3,162.342,9.3,96.6,92.9,62.7,2.6,62.3,3.7,62.1,62.6,0.305149995
2020/5/18 19:00,58.8,379542.4,13.6,86.894,8.6,89,88.9,73.6,2.3,73.3,3.3,73.1,73.6,0.033974999999999984
2020/5/18 20:00,7.9,105718.3,0.9,31.161,9.6,89.7,89.7,79,1.9,78.6,2.7,78,78.4,0
2020/5/18 21:00,0,2219.3,0,4.945,6.7,87,87,81.4,2.1,81,3,80.6,81.4,0
2020/5/18 22:00,0,0,0,0,0,89.4,89.4,85.9,1.9,85.7,2.8,85.7,86.7,0
2020/5/18 23:00,0,0,0,0,0,82.5,82.5,89.8,1.9,89.5,2.8,89.7,90.6,0
2020/5/19 0:00,0,0,0,0,0,78.9,78.9,90.7,1.9,90.4,2.7,90.5,91.4,0
2020/5/19 1:00,0,0,0,0,0,77.8,77.8,89.2,1.8,89,2.6,88.8,89.2,0
2020/5/19 2:00,0,0,0,0,0.5,75.7,75.7,88.9,1.9,88.8,2.7,88.6,88.9,0
2020/5/19 3:00,29.8,39140,5.6,11.177,33.4,64.5,64.5,88.8,2,88.7,2.8,88.6,89,0.08798750999999999
2020/5/19 4:00,108.4,233043.1,27.6,48.632,28.9,75,75,87.3,2,87.2,2.9,87.4,88,0.332262495
2020/5/19 5:00,225.3,593132,50.4,101.304,18.2,86.4,86.4,84.8,2.3,84.8,3.2,85,85.7,1.1651624999999997
2020/5/19 6:00,357,1046436.2,52.9,134.552,14.5,92.7,92.7,83.8,2.3,83.7,3.3,84,85,1.4032000049999998
2020/5/19 7:00,487.5,1522515.3,62.5,149.831,15.9,89.5,89.5,84.9,2,84.8,2.8,85,85.8,5.01231255
2020/5/19 8:00,604.4,1970964.3,109.5,207.128,16.3,89.5,89.5,84.2,2,84.3,2.9,84.8,85.6,5.7488751
2020/5/19 9:00,698,2352468.5,156.3,303.991,22.3,82.4,82.4,81.8,2.1,81.9,3,82.6,83.5,7.44317505
2020/5/19 10:00,761.1,2636419.9,247.3,400.379,30,71,71,78.6,2.2,78.7,3.2,79.1,79.8,7.6149000000000004
2020/5/19 11:00,788.9,2801000.2,343.3,493.708,35.1,57,57,71.9,2.3,71.9,3.3,72.3,73.7,3.784775025
2020/5/19 12:00,779.2,2833823.1,362.5,542.968,39.3,50.2,50.2,67,2.6,67,3.7,67.1,68.5,6.9320873999999995
2020/5/19 13:00,732.9,2732439.7,390.5,552.796,37.4,54.6,54.6,68.1,2.6,68.2,3.7,68.3,69.6,4.1974374
2020/5/19 14:00,653.4,2504447,363.9,534.997,39.8,49.3,49.3,58.4,2.8,58.4,4.1,58.2,59.4,5.98531245
2020/5/19 15:00,546.7,2167157.6,306.3,470.159,43.6,41.5,41.5,55.6,3,55.4,4.3,54.6,55.2,5.31808755
2020/5/19 16:00,421.5,1746972.1,236.1,386.339,34.3,48.3,48.3,55.9,3,55.7,4.3,54.9,55.5,3.741375
2020/5/19 17:00,288.7,1278886.1,138.8,291.014,35.7,41.2,41.2,57.9,2.8,57.7,4,56.7,57,1.35047499
2020/5/19 18:00,162.2,807297.9,86,195.082,40.1,34.4,34.4,61.6,2.3,61.3,3.2,60.4,60.7,0.39737500499999995
2020/5/19 19:00,61.5,391227.1,33.7,110.818,37.3,39.3,39.3,67.8,2,67.4,2.8,65.8,65.5,0.14601249000000002
2020/5/19 20:00,9.4,112794.3,3.4,41.065,53.6,16.2,16.2,75.5,1.4,74.9,2.1,73,72.1,0.004737495
2020/5/19 21:00,0,4352,0,6.344,28.5,17,15.8,82.1,1.3,81,1.8,77.5,75.7,0
2020/5/19 22:00,0,0,0,0,0,19.9,15,87,1.2,85.5,1.7,80.6,78.1,0
2020/5/19 23:00,0,0,0,0,0,48.4,27.6,92.5,1.1,90.3,1.6,83,79.1,0
2020/5/20 0:00,0,0,0,0,0,83.5,45,95.5,1.1,92.8,1.6,84,79.3,0
2020/5/20 1:00,0,0,0,0,0,95.9,52.5,94.8,1.2,92.5,1.7,85.1,81.2,0
2020/5/20 2:00,0,0,0,0,3.7,95.2,51.6,94.1,1.2,91.7,1.7,84,79.8,0.046187505
2020/5/20 3:00,31.6,43979.7,11.8,17.489,55.4,93.6,50.7,93.5,1.1,91.1,1.5,83.6,79.5,0.307425
2020/5/20 4:00,111.5,242248.5,66.4,76.427,57,78.8,41.9,89.4,1,87.6,1.5,81.5,78.1,0.495199995
2020/5/20 5:00,228.7,604948.3,166.2,173.999,58.2,39.9,21.4,80.4,0.9,79.8,1.2,77.8,76.7,1.7892250499999998
2020/5/20 6:00,360.4,1058711.7,274.3,290.568,59.2,1.9,1.6,69.6,0.5,69.9,0.7,71.3,72.1,4.73865
2020/5/20 7:00,490.7,1534511.6,339.4,396.043,53.2,23.9,17.6,60.5,0.5,60.7,0.8,61.4,61.8,7.577512349999999
2020/5/20 8:00,607.5,1982480.1,372,475.368,36.8,38.7,38.7,52.6,0.6,52.7,0.8,52.9,53.1,8.1523749
2020/5/20 9:00,701,2363524.6,437.5,549.379,29.2,51.5,51.5,50,1.1,49.9,1.6,49.9,49.8,11.0174124
2020/5/20 10:00,764.1,2647146.7,572.3,639.624,48.9,18.6,18.6,48.8,1.9,48.6,2.7,48.1,47.7,11.4918876
2020/5/20 11:00,791.8,2811584.6,662.2,722.049,60,0,0,45.8,2.2,45.6,3.1,44.9,44.4,11.541412199999998
2020/5/20 12:00,782.2,2844476.1,661.5,750.471,60,0,0,45.7,2.1,45.5,3,44.7,44.1,10.835762699999998
2020/5/20 13:00,736,2743369.3,625,726.875,60,0,0,46.2,2,45.9,2.8,44.7,43.9,9.749012699999998
2020/5/20 14:00,656.6,2515832.7,535.3,666.339,60,35.1,17.5,48.8,1.7,48,2.4,45.2,43.5,8.5538874
2020/5/20 15:00,550.1,2179123,440.5,576.651,59.8,1.3,0.8,49.3,1.7,48.3,2.4,44.9,42.7,5.9668626
2020/5/20 16:00,425.1,1759544.9,343.6,472.565,60,0,0,50.8,1.6,49.6,2.3,45.6,43.2,3.3353374499999995
2020/5/20 17:00,292.4,1291924.5,232,357.746,59.6,0.6,0.6,53.2,1.5,51.9,2.1,47.5,44.8,1.22745
2020/5/20 18:00,165.7,820300.6,129.8,240.369,58.7,2.7,2.7,59.6,1.1,58,1.6,52.5,49.2,0.346375005
2020/5/20 19:00,64.3,402761.4,46.7,131.993,60,0.3,0.1,64.6,1,62.2,1.4,54.3,49.7,0.15532500000000002
2020/5/20 20:00,10.8,119896.9,5.8,48.189,60,0,0,65.9,1.1,63,1.6,53.8,48.6,0.008962514999999999
2020/5/20 21:00,0,6565.6,0,7.696,34,0,0,70.8,1.2,67.6,1.8,57.2,51.6,0
2020/5/20 22:00,0,0,0,0,0,0,0,78,0.9,74.1,1.2,62,55.4,0
2020/5/20 23:00,0,0,0,0,0,0,0,86.5,0.9,82.1,1.3,68.3,60.9,0
2020/5/21 0:00,0,0,0,0,0,0,0,87.7,0.8,83.8,1.2,71.6,65,0
2020/5/21 1:00,0,0,0,0,0,0,0,84,0.8,81.1,1.2,71.6,66.2,0
2020/5/21 2:00,0,0,0,0,7,0,0,81.1,1,78.6,1.4,70.7,66.2,0.039962505
2020/5/21 3:00,33.5,48741.8,20.8,20.35,60,0.2,0.1,79.1,1,77.2,1.4,71.1,67.6,0.20682501
2020/5/21 4:00,114.4,251295.1,85.4,85.092,60,1.3,0.6,75.6,0.9,74.4,1.3,70.2,67.7,0.39361250999999997
2020/5/21 5:00,232,616400.9,181.5,185.032,60,10.4,5.2,68.7,0.8,68.4,1.2,67.7,67.1,1.633412535
2020/5/21 6:00,363.7,1070559.1,275.3,296.896,60,16.5,8.3,62.6,0.7,62.8,1,63.3,63.5,4.63008735
2020/5/21 7:00,493.9,1546068.5,351.3,404.774,60,77.9,39,56.4,0.8,56.5,1.2,56.7,56.7,7.355975099999999
2020/5/21 8:00,610.5,1993565.6,431.5,505.719,60,79.4,39.7,51.4,1,51.3,1.4,51.2,51,8.571812399999999
2020/5/21 9:00,703.9,2374168.6,531.9,600.996,60,30.8,15.4,49.4,1.1,48.9,1.5,47,45.8,8.9390751
2020/5/21 10:00,766.9,2657483.2,615,680.087,60,44.4,22.2,49.6,1.3,48.5,1.9,44.7,42.3,8.3501373
2020/5/21 11:00,794.6,2821801,643.2,726.168,60,34.3,17.2,46.8,1.6,45.5,2.3,41.1,38.4,9.695312399999999
2020/5/21 12:00,785.1,2854781.3,548.8,717.721,60,53.2,26.6,45.9,1.7,44.4,2.5,39.4,36.7,8.785312500000002
2020/5/21 13:00,739,2753967.7,407.7,655.166,23,98.5,80.1,46.2,1.4,45,2,41,38.9,10.0871751
2020/5/21 14:00,659.8,2526899.7,325.1,573.42,24.6,97.5,78.2,46.3,1.5,45.2,2.1,41.6,39.7,7.50801255
2020/5/21 15:00,553.5,2190777.6,246,485.141,27.5,97.9,76.1,45.9,1.5,45.1,2.2,42.2,40.8,5.94242505
2020/5/21 16:00,428.6,1771812.4,152.7,381.251,33.6,97.9,70.9,40.8,1.2,40.8,1.7,40.8,41,2.07203745
2020/5/21 17:00,295.9,1304665.9,71.6,269.288,33.6,97.9,70.9,42.6,0.8,42.6,1.1,42.3,42.2,1.4895250049999997
2020/5/21 18:00,169.2,833034.3,16.6,153.701,28.7,97.6,74.9,49.8,0.3,49.1,0.5,46.8,45.4,0.48383749499999995
2020/5/21 19:00,67,414130.4,0.1,62.975,0.9,99.9,99.2,53.8,0.4,52.7,0.6,49.1,46.8,0.171437505
2020/5/21 20:00,12.2,127018.1,0,20.049,1.5,99.1,98.3,59.1,0.6,57.4,0.9,52,48.7,0.002037495
2020/5/21 21:00,0,8727.8,0,4.044,3.1,94,92.8,67.1,0.9,64.6,1.3,56.5,51.7,0
2020/5/21 22:00,0,0,0,0,0,17.3,9.8,69.9,0.7,67.9,1.1,61.6,57.3,0
2020/5/21 23:00,0,0,0,0,0,5.7,2.9,82.1,0.8,79.4,1.1,70.6,64.2,0
2020/5/22 0:00,0,0,0,0,0,0,0,84.2,0.9,81.8,1.3,74.4,68.2,0
2020/5/22 1:00,0,0,0,0,0,0,0,85.3,1.2,82.9,1.8,75.3,68.6,0
2020/5/22 2:00,0,0,0,0,10,0,0,82.6,1.2,80,1.7,71.7,64.3,0.047862495
2020/5/22 3:00,35.3,53424.9,17.8,19.504,59.8,0.3,0.3,81.3,0.8,78.9,1.1,71,64.1,0.202099995
2020/5/22 4:00,117.3,260162.6,74.5,80.175,59.1,1.5,1.5,76.6,1.2,74.6,1.7,68,63.1,0.63542499
2020/5/22 5:00,235.1,627481.6,160.7,172.953,58,3.3,3.3,67,1.6,66.2,2.4,63.5,61.2,2.07439998
2020/5/22 6:00,366.8,1081975.3,265.8,282.121,59.8,1,0.7,61.5,1.8,61,2.5,59,57.4,4.3708125
2020/5/22 7:00,496.9,1557184.8,378.1,398.031,60,0,0,57.2,1.7,56.4,2.4,53.8,52.7,7.158524849999999
2020/5/22 8:00,613.4,2004220.7,476.7,508.102,60,0,0,52.1,1.8,51.2,2.6,48.5,47.7,9.1203375
2020/5/22 9:00,706.7,2384401,555.9,601.198,59.6,0.6,0.6,49.1,2.9,48.1,4.1,45.2,44.3,10.43025
2020/5/22 10:00,769.6,2667430,598.8,667.842,57.7,14.1,9,45.9,3.8,45.1,5.5,42.7,42,11.391374999999998
2020/5/22 11:00,797.4,2831649.9,610.6,703.103,57.1,4.9,4.9,43.8,4.1,43,5.9,40.9,40.2,11.6602749
2020/5/22 12:00,787.9,2864739,606.2,710.133,59.5,0.9,0.9,43.4,4.5,42.6,6.5,40.8,40.3,11.3414499
2020/5/22 13:00,741.9,2764234.9,568.2,686.863,57.1,4.9,4.9,44.2,4.5,43.5,6.4,41.9,41.5,10.2729123
2020/5/22 14:00,662.8,2537647,486.7,628.542,53.6,76.5,43.6,46.7,4.7,46.2,6.7,44.9,44.7,7.268587349999999
2020/5/22 15:00,556.7,2202119.5,270.7,513.459,52.3,99.2,56.4,48.9,4.5,48.5,6.4,47,46.7,3.8479499999999995
2020/5/22 16:00,432,1783771.5,85.2,352.864,51.3,99.8,57.1,50.9,3.9,50.3,5.6,48.4,47.7,2.8409625
2020/5/22 17:00,299.4,1317105.7,40.7,224.263,51.5,98.4,56.3,53,3.3,52.1,4.7,49.3,47.9,1.523050005
2020/5/22 18:00,172.5,845492,19.4,148.829,59.1,94.7,48.1,52.3,3.9,51.6,5.5,49.1,47.8,0.56850003
2020/5/22 19:00,69.7,425319.9,4.2,88.264,58.9,100,50.9,52.4,3.3,51.4,4.7,48.4,46.7,0.053787495
2020/5/22 20:00,13.5,134147.8,0.2,34.999,23.8,100,80.2,52.8,3.4,51.9,4.9,49,47.5,0
2020/5/22 21:00,0,10838.9,0,5.971,0,100,100,63.1,3,62.3,4.3,59.6,57.8,0
2020/5/22 22:00,0,0,0,0,0,100,99.7,70.3,3.4,69.5,4.8,66.6,64.2,0
2020/5/22 23:00,0,0,0,0,0,100,98.9,67.9,3.8,67.4,5.4,65.5,64.1,0
2020/5/23 0:00,0,0,0,0,0,100,100,68.3,2.8,67.5,4,64.9,63.6,0
2020/5/23 1:00,0,0,0,0,0,100,100,76.7,2.4,76.3,3.5,74.9,74,0
2020/5/23 2:00,0,0,0,0,0.5,99.2,97.8,77.3,2.2,76.8,3.1,75,73.8,0.029487509999999998
2020/5/23 3:00,37.2,58025.9,6.1,14.048,31.7,51.2,50,73.7,2.4,73,3.4,70.6,69.2,0.12507499499999997
2020/5/23 4:00,120.2,268831.7,38.7,57.812,31.7,47.2,47.2,71.6,2.8,71.1,4,69.4,68.6,0.387499995
2020/5/23 5:00,238.2,638183,111.5,137.16,38.8,36.1,36.1,70.2,2.9,69.8,4.2,68.6,68,1.75043745
2020/5/23 6:00,369.9,1092957.5,208.5,244.58,51.1,16.1,16.1,63.8,2.8,63.4,4,62.4,62.2,5.333699999999999
2020/5/23 7:00,499.8,1567859.6,224.1,324.419,17.9,70.8,70.4,58.6,2.9,58.1,4.1,56.7,56.4,2.75022495
2020/5/23 8:00,616.2,2014445.4,193.2,354.261,10.2,83.1,83,55.1,2.9,54.4,4.1,52.3,51.5,4.02892485
2020/5/23 9:00,709.4,2394222.3,253.5,403.143,17.7,70.8,70.8,50.8,3,50,4.3,47.6,46.6,5.742874949999999
2020/5/23 10:00,772.3,2676988.1,374.5,499.134,22.1,65,64.3,47.2,3,46.5,4.3,44,42.9,4.3604750999999995
2020/5/23 11:00,800,2841132,402.3,576.841,38.4,51.4,45,46.4,2.6,45.5,3.7,42.5,41.1,4.28018745
2020/5/23 12:00,790.6,2874349.5,270.6,538.313,25.6,72.7,67.2,47.3,2.8,46.5,4.1,43.9,42.7,5.109137400000001
2020/5/23 13:00,744.7,2774170.5,204.8,445.959,7.9,93.3,90,46.1,2.3,44.9,3.4,41.3,39.4,7.16801235
2020/5/23 14:00,665.8,2548073.7,294.9,444.25,50.8,28.3,22.2,43.2,2.5,42.1,3.6,38.6,36.8,6.4759125
2020/5/23 15:00,559.9,2213147,291.6,447.496,37.1,40.6,40.3,44,2.3,42.8,3.4,39.2,37.4,4.20523755
2020/5/23 16:00,435.3,1795419.3,234.6,380.998,41.1,39.1,35.5,44.2,2,43.1,2.9,39.4,37.4,1.356825
2020/5/23 17:00,302.8,1329239.5,200.3,309.079,55.7,11,9.2,47.1,2.1,45.8,3,41.5,39.1,0.95409999
2020/5/23 18:00,175.9,857666.8,117,226.809,59.8,0.4,0.4,51.8,2.2,50.3,3.1,45.6,42.7,0.31775000999999997
2020/5/23 19:00,72.3,436316.3,39.8,128.126,52.9,57.7,34.8,56.3,3.3,55.2,4.7,51.3,48.7,0.18263751
2020/5/23 20:00,14.9,141274.1,5.8,49.851,58.8,56.3,29.1,58,3,57,4.3,53.5,51.3,0.015712499999999997
2020/5/23 21:00,0,12900,0,9.738,42.5,81.3,41.3,61.7,2.6,60.5,3.8,56.5,54,0
2020/5/23 22:00,0,0,0,0,0,5.8,3.9,66.2,2.3,65.2,3.3,61.9,60,0
2020/5/23 23:00,0,0,0,0,0,2.3,1.6,71.6,2.3,71,3.4,68.9,67.7,0
2020/5/24 0:00,0,0,0,0,0,0,0,74.8,2.4,74.4,3.4,72.9,72,0
2020/5/24 1:00,0,0,0,0,0,0,0,76,1.9,75.6,2.7,74.2,73.3,0
2020/5/24 2:00,0.7,188.5,0.2,0.231,15,0,0,74.9,1.8,74.5,2.5,72.9,71.8,0.048975
2020/5/24 3:00,39,62728.6,23.5,23.109,60,0,0,74.3,1.8,73.9,2.6,72.4,71.4,0.21369998999999998
2020/5/24 4:00,122.9,277284.4,89.4,89.981,60,0,0,71.8,1.9,71.5,2.8,70.3,69.4,0.40567500000000006
2020/5/24 5:00,241.1,648498,186,189.073,59.7,0.5,0.5,66.5,2.1,66.3,3,65.6,65.3,1.65031254
2020/5/24 6:00,372.8,1103503,293.2,302.584,59.4,1,1,60.6,2.5,60.5,3.6,60.3,60.7,4.5662750999999995
2020/5/24 7:00,502.6,1578092.1,400.2,418.751,59.8,0.4,0.4,57,2,56.4,2.8,54.9,54.6,7.267187549999999
2020/5/24 8:00,618.8,2024240.1,497.6,527.812,59.8,0.4,0.4,50.9,1.6,50.3,2.3,48.8,48.3,9.720362399999999
2020/5/24 9:00,712,2403633.3,554.3,616.16,56.2,9.1,8.7,44.4,1.2,44.1,1.7,43.1,43,10.2261999
2020/5/24 10:00,774.8,2686158.2,541.9,660.002,47.2,23.2,23.2,37.7,0.8,37.7,1.2,37.6,37.9,6.2676126
2020/5/24 11:00,802.6,2850248.1,470.6,649.793,37.8,37.9,37.7,34.1,0.6,34.2,0.9,34.7,35.3,2.7194874749999998
2020/5/24 12:00,793.2,2883613.3,379.2,597.14,33.1,45.4,45.2,32.5,0.4,32.5,0.5,32.6,32.9,3.8167000499999997
2020/5/24 13:00,747.5,2783774.5,307.3,523.838,30,82,72.2,51.4,1.2,50.6,1.8,48.2,47.3,4.9952625
2020/5/24 14:00,668.7,2558178.8,267.3,459.572,29.1,94.6,78.6,55.2,1.8,54.3,2.6,51.6,50.5,4.1910126
2020/5/24 15:00,562.9,2223858.1,199.9,392.982,31.3,83.1,68.2,55.3,1.8,54.4,2.6,51.7,50.7,1.6804000049999996
2020/5/24 16:00,438.5,1806752.8,124,306.498,29.4,68.2,62.1,56.8,2.3,56,3.2,53.5,52.6,1.306249995
2020/5/24 17:00,306.2,1341063.1,64.6,209.934,22.7,71.9,71.2,60.4,2.9,59.8,4.1,58.2,57.5,0.958825005
2020/5/24 18:00,179.1,869551.9,29.9,128.124,20.2,73.8,73.6,69.4,2.4,68.9,3.4,66.6,64.7,0.39246250499999996
2020/5/24 19:00,75,447106.5,13.1,73.627,19.3,70.4,70.4,71.4,2.6,70.9,3.7,68.7,66.5,0.054974999999999996
2020/5/24 20:00,16.2,148383.5,2.2,31.732,14.5,80.1,80.1,76.8,2.4,76.2,3.4,74.2,72,0
2020/5/24 21:00,0,15225.3,0,6.411,11.9,83.2,81.7,80.1,1.6,79.2,2.2,76.2,74,0
2020/5/24 22:00,0,0,0,0,0,83.2,79,82.8,1.2,81.6,1.8,77.8,75.3,0
2020/5/24 23:00,0,0,0,0,0,72.2,72.2,85.8,1.1,84.5,1.5,80.2,77.7,0
2020/5/25 0:00,0,0,0,0,0,79.3,79.3,86.2,0.6,85,0.9,81,79,0
2020/5/25 1:00,0,0,0,0,0,3,3,88.4,1.1,87.1,1.5,83,80.8,0
2020/5/25 2:00,1.8,513.1,0.3,0.715,16.2,10.2,10.2,89.2,1.1,87.9,1.6,83.8,81.7,0.005875005
2020/5/25 3:00,40.8,67475.7,14.6,20.843,41.9,31.4,31.4,89.4,1,88.3,1.4,84.6,82.5,0.08228751
2020/5/25 4:00,125.5,285503.8,30.2,62.014,9.2,85.8,85.8,86,0.7,85.5,1.1,83.9,83,0.1732875
2020/5/25 5:00,244,658420.5,17.6,88.389,0,100,100,81.5,0.8,81.6,1.1,81.8,82,0.25095
2020/5/25 6:00,375.5,1113609.7,7.2,99.405,0.4,99.6,99.6,81,1.1,80.9,1.7,80.5,80.3,1.03935
2020/5/25 7:00,505.3,1587881.9,28.4,138.333,5.3,96.5,96.5,80.3,1.9,80.4,2.7,81.1,81.5,1.374737505
2020/5/25 8:00,621.4,2033605.1,107.4,237.309,5.6,94.5,94.3,73.6,2,73.7,2.8,74,74.1,4.30103745
2020/5/25 9:00,714.4,2412634.9,219.3,366.007,0.2,99.8,99.8,66.1,1.7,66,2.5,65.7,65.6,5.359900049999999
2020/5/25 10:00,777.2,2694941.4,220.5,440.578,0,100,100,63.2,1.5,63,2.2,62.1,61.6,7.582949999999999
2020/5/25 11:00,805,2858999,107.7,420.091,0,100,100,60.6,1.2,60.3,1.7,59.1,58.4,10.579287299999999
2020/5/25 12:00,795.7,2892530.7,126,401.935,1.3,98,98,59.8,1.1,59.3,1.6,57.6,56.6,10.5632625
2020/5/25 13:00,750.1,2793046.6,320.1,482.998,17.9,96.3,83.4,62.6,1.5,62.6,2.1,62.3,62.1,9.620099999999999
2020/5/25 14:00,671.5,2567961.3,474.8,575.994,59.2,61.2,31.4,58.1,1.5,58.1,2.2,57.9,57.8,8.232362400000001
2020/5/25 15:00,565.9,2234251.1,447.1,566.601,59.6,63.8,32.5,56.3,1.6,56.4,2.4,56.5,56.6,6.35676255
2020/5/25 16:00,441.7,1817769.2,343.2,475.066,59.6,1.3,0.9,53.4,1.5,53.7,2.2,54.7,55.3,3.76951245
2020/5/25 17:00,309.4,1352572.3,237.5,361.474,60,0,0,51.3,1,51.8,1.4,53.7,54.8,1.2740625
2020/5/25 18:00,182.2,881140.9,134.7,246.693,60,0,0,54,0.8,54.2,1.2,54.8,55.2,0.37420000499999995
2020/5/25 19:00,77.6,457678.2,52.9,140.373,60,6.6,3.3,62.2,0.2,61.4,0.3,58.9,57.4,0.15373749
2020/5/25 20:00,17.5,155461.5,6.6,56.565,60,91.9,45.9,63.3,0.5,62.3,0.8,59.1,57.2,0.00465
2020/5/25 21:00,0,17789.8,0,11.165,49,97.9,48.9,70.4,0.7,68.3,1,61.4,57.6,0
2020/5/25 22:00,0,0,0,0,0,99.1,49.6,79.2,0.8,76.2,1.1,66.7,61.5,0
2020/5/25 23:00,0,0,0,0,0,99.2,49.6,82.5,0.5,79.8,0.7,71,66.3,0
2020/5/26 0:00,0,0,0,0,0,99.1,49.6,87.6,0.4,84.9,0.6,76.1,71.4,0
2020/5/26 1:00,0,0,0,0,0,99.6,71,93.4,0.6,91.7,0.8,86.1,83,0
2020/5/26 2:00,2.9,825.2,0,0.741,2.4,99.9,94.2,93.2,0.9,91.6,1.3,86.4,83.5,0.06705
2020/5/26 3:00,42.5,72112.7,1.8,13.854,21.5,99.3,81.7,92.3,0.7,90.8,1,86.1,83.4,0.236850015
2020/5/26 4:00,128,293474.2,43.6,65.132,44.8,37.8,31.6,86.2,0.6,85.3,0.9,82,80.1,0.6374375099999999
2020/5/26 5:00,246.7,667944.6,148.6,164.971,27.8,61.4,57.5,79.7,0.5,79.6,0.7,79.2,79,1.9114625249999997
2020/5/26 6:00,378.2,1123275.6,153.2,255.057,13.9,81.1,78.9,73.6,0.4,74.1,0.5,75.8,76.9,2.991837525
2020/5/26 7:00,507.8,1597228.6,179.2,320.527,14.6,75.6,75.6,70.1,0.3,70.8,0.5,73.2,74.6,3.9145874999999997
2020/5/26 8:00,623.8,2042540.9,326.3,428.838,19.5,67.6,67.6,66.1,0.6,66.5,0.9,67.9,68.7,3.723837525
2020/5/26 9:00,716.8,2421227.9,418.8,543.831,32.7,45.5,45.5,58.4,0.5,58.8,0.7,60.3,61.1,2.115300074999999
2020/5/26 10:00,779.6,2703338.7,466,610.906,27.1,55.1,55.1,53.6,0.7,53.8,1.1,54.3,54.7,3.93528735
2020/5/26 11:00,807.4,2867385.7,243,545.601,0.8,98.8,98.8,51.9,0.9,51.7,1.3,51.3,51,2.672349975
2020/5/26 12:00,798.2,2901102.4,22.9,343.045,6.1,89.9,89.9,57.8,1.7,56.9,2.5,53.8,52,3.52369995
2020/5/26 13:00,752.6,2801986.8,39.3,224.829,1.8,97.1,97.1,65.7,0.3,65.6,0.4,65,64.6,2.426187525
2020/5/26 14:00,674.2,2577420.4,36.8,212.275,0.2,99.7,99.7,66.6,1,66.5,1.4,66.1,65.9,3.215025
2020/5/26 15:00,568.8,2244323.9,15.7,169.767,1.2,98.2,98.2,70.9,1.2,70.5,1.7,69.4,68.7,2.3524499999999997
2020/5/26 16:00,444.7,1828465.5,13.8,121.917,2.8,97.8,97.8,79.5,2.4,79.4,3.4,79,78.8,2.0825749499999997
2020/5/26 17:00,312.6,1363762.8,23.8,102.864,16.6,88.2,88.2,81.9,2.6,82,3.7,82.5,82.7,1.0102000050000002
2020/5/26 18:00,185.3,892427.5,20,81.475,3.5,99.3,99.3,82.5,2.5,82.6,3.6,83.1,83.4,0.05098749
2020/5/26 19:00,80.1,468019.4,9.4,50.265,3.7,98.1,98.1,83.8,1.6,83.5,2.3,82.4,81.7,0.027899999999999998
2020/5/26 20:00,18.9,162492.6,2.9,23.686,28.2,56.7,56.7,86.8,1.1,85.9,1.6,82.9,81.2,0.055462499999999984
2020/5/26 21:00,0,20290.6,0,6.565,34.3,39.7,39.7,90.4,1,89.1,1.5,85,82.6,0
2020/5/26 22:00,0,0,0,0,0,74.7,74.7,92,1.2,90.9,1.7,87,84.8,0
2020/5/26 23:00,0,0,0,0,0,57.9,57.9,92.9,1,91.6,1.4,87.5,85.1,0
2020/5/27 0:00,0,0,0,0,0,35.4,35.4,91.9,1.2,90.8,1.7,86.9,84.6,0
2020/5/27 1:00,0,0,0,0,0,34.2,34.2,90.9,1.4,89.8,2,86.1,84,0
2020/5/27 2:00,4,1124.7,0.9,1.939,19.6,21.8,21.8,90.9,1.4,89.6,2.1,85.3,82.8,0.059787494999999996
2020/5/27 3:00,44.3,76633.6,19.9,24.312,50.6,24.9,24.9,90.6,1.6,89.2,2.3,84.5,81.8,0.37562499
2020/5/27 4:00,130.5,301181.1,68.3,82.108,51.4,30.7,28.2,84.9,1.7,84.1,2.5,81.3,79.6,0.78267498
2020/5/27 5:00,249.2,677065.3,133.9,164.294,49.5,66.6,46.3,77.5,1.6,77.3,2.4,76.4,75.9,1.77885
2020/5/27 6:00,380.7,1132499.2,217.2,263.269,31.4,86.9,76,68.9,2.1,68.9,3.1,68.7,68.5,4.493724900000001
2020/5/27 7:00,510.2,1606132.3,259,360.447,25.9,93.2,81.5,56.8,3.4,56.7,4.9,56.4,56.2,5.92141245
2020/5/27 8:00,626.1,2051048.3,217.2,404.327,14.9,97.5,92.6,55.5,3.5,55.4,5,54.8,54.4,4.453725
2020/5/27 9:00,719,2429413.5,156.7,382.707,7.7,95.1,93.8,55.6,3.6,55.5,5.2,55.2,55.1,4.5772375499999995
2020/5/27 10:00,781.8,2711351.3,191.2,379.24,17.5,79.9,79.8,57.3,3.8,57.2,5.4,57,56.9,1.62885
2020/5/27 11:00,809.6,2875409.1,295.7,450.893,15.9,80.2,79.6,54.7,4.1,54.8,5.9,55.2,55.5,2.021687475
2020/5/27 12:00,800.5,2909328.7,325.7,516.451,17.6,80.5,78.7,60,4.8,60.1,6.8,60.6,60.9,1.7747250300000001
2020/5/27 13:00,755.1,2810594.8,301.2,508.253,22.9,68.5,68.5,62.4,3.8,62.6,5.5,63.4,63.8,3.178100025
2020/5/27 14:00,676.8,2586555.1,269.8,458.03,28.7,61.5,61.5,61.9,3.6,62.1,5.1,62.7,63,4.8846375
2020/5/27 15:00,571.6,2254075,252.8,406.422,34.7,52.2,52.2,61.3,3.7,61.4,5.3,61.7,61.8,4.2375874499999995
2020/5/27 16:00,447.7,1838838.8,187,338.282,32.9,60.3,60.1,64,3.5,64.2,5,64.8,65.2,4.029299999999999
2020/5/27 17:00,315.6,1374630.5,103.9,240.655,34.7,99.2,82.6,67.3,3.3,67.5,4.8,68,68.4,2.1029625
2020/5/27 18:00,188.3,903405.4,29,135.376,23.5,99,90.2,70,3.1,70.3,4.5,71.2,71.7,0.31952500500000003
2020/5/27 19:00,82.6,478118.9,4.2,60.801,10.5,99.9,93.5,79.3,2.5,79.4,3.6,79.7,79.9,0.11272499999999999
2020/5/27 20:00,20.2,169460.7,1.1,26.521,4.4,99.2,96.7,80.1,2.8,80.1,4,80.2,80.3,0.06668750999999998
2020/5/27 21:00,0,22730.2,0,6.761,27.7,73.1,71.2,81.1,2.5,81,3.5,80.7,80.5,0
2020/5/27 22:00,0,0,0,0,0,84.7,80.3,81.8,2.3,81.7,3.3,81.4,81.3,0
2020/5/27 23:00,0,0,0,0,0,99.7,87.7,81.6,2.1,81.7,3,81.9,82,0
2020/5/28 0:00,0,0,0,0,0,99.9,97,82.4,2.1,82.5,3,82.8,83,0
2020/5/28 1:00,0,0,0,0,0,100,99.6,83.5,2.8,83.5,4,83.4,83.4,0
2020/5/28 2:00,5,1411.5,0,0.736,2.5,100,98.7,83.6,2.7,83.5,3.8,83.4,83.3,0.022900004999999998
2020/5/28 3:00,45.9,81032.2,0.1,7.239,6.4,100,98.9,83.9,2.5,83.8,3.7,83.6,83.5,0.23363749499999997
2020/5/28 4:00,132.8,308611.1,0.3,21.352,0.5,100,99.9,83.8,2.6,83.8,3.7,83.8,83.9,0.5082
2020/5/28 5:00,251.7,685777.8,0.5,41.348,0.5,100,99.9,84,2.6,84,3.7,84,84,0.6226999799999999
2020/5/28 6:00,383.1,1141279,6.4,75.44,2,100,99.8,83.5,2.7,83.6,3.8,84.1,84.3,1.7173999800000002
2020/5/28 7:00,512.5,1614592.9,49.9,150.34,21.9,99.6,86.1,75.9,3.3,76.1,4.8,76.8,77.2,1.2638625
2020/5/28 8:00,628.3,2059128,76.6,242.869,2,100,99,71.3,4.2,71.6,6,72.6,73.1,3.1214499749999995
2020/5/28 9:00,721.2,2437192.8,45.2,268.618,3.6,99.9,98.4,68.8,4.1,68.9,5.9,69.3,69.6,5.2432875
2020/5/28 10:00,783.9,2718980.3,45.5,267.282,1.8,99.4,98.8,63.6,4.4,63.8,6.3,64.5,64.9,4.830175049999999
2020/5/28 11:00,811.8,2883070.1,78.2,303.796,5.4,96.5,95.4,61.9,4.5,62.1,6.4,62.7,63.1,4.2516250499999995
2020/5/28 12:00,802.7,2917210.2,86.5,331.786,3.9,99,97.9,62,4.2,62.3,6.1,63.4,64.1,5.6855123999999995
2020/5/28 13:00,757.5,2818870.7,63.6,312.059,6.5,96.5,95.9,59.3,4.1,59.5,5.8,60.1,60.5,2.312424975
2020/5/28 14:00,679.3,2595364.6,53.6,263.533,5.6,95.4,95.4,57.1,3.8,57.1,5.5,57,57,1.7290499999999998
2020/5/28 15:00,574.3,2263502.3,37.4,215.652,3.2,96.6,96.3,59.9,3.5,60,5,60.2,60.4,1.2168374999999998
2020/5/28 16:00,450.6,1848886.4,13.1,163.433,3.5,99.7,98.4,64,3.3,64.2,4.7,64.8,65.1,0.9020499899999999
2020/5/28 17:00,318.6,1385171.3,2.2,111.336,2.6,100,99,67.6,2.7,67.8,3.9,68.6,69.1,0.864062505
2020/5/28 18:00,191.2,914068.7,7.2,76.378,12.5,99.1,92.6,72.4,2.3,72.6,3.3,73.1,73.4,0.152775
2020/5/28 19:00,85.1,487965.7,7.6,54.593,15.2,97.2,92.5,72.1,1.5,71.4,2.2,69.1,67.7,0.011587515
2020/5/28 20:00,21.5,176349.1,1.5,31.104,26.6,99.2,78.3,71,1.6,69.9,2.3,66.2,64.1,0
2020/5/28 21:00,0,25111.1,0,8.932,5.2,99.9,95.4,73,1.6,71.6,2.3,66.8,64.1,0
2020/5/28 22:00,0,0,0,0,0,100,99.5,73.9,1.7,72.7,2.4,68.7,66.4,0
2020/5/28 23:00,0,0,0,0,0,99.8,96.9,74.4,1.6,73.3,2.3,69.5,67.3,0
2020/5/29 0:00,0,0,0,0,0,99.4,95.5,74,1.8,72.8,2.5,68.5,66,0
2020/5/29 1:00,0,0,0,0,0,96.7,85.5,78.1,1.3,75.4,1.9,66.8,62,0
2020/5/29 2:00,6,1685.6,0.8,3.127,17.1,69.4,65.7,81.3,1.4,78.2,2.1,68.1,62.5,0.060712499999999996
2020/5/29 3:00,47.6,85301.9,16,25.237,44.6,38.1,37.4,80.1,1.7,76.5,2.5,64.9,58.5,0.198662505
2020/5/29 4:00,135,315751.7,58.6,78.647,31.2,55.5,55.5,74.8,1.7,71.6,2.5,61.4,55.7,0.6964125
2020/5/29 5:00,254,694077.9,130.1,160.007,35.7,61.8,60.8,67.3,1.6,65.4,2.3,59.3,55.7,1.0988749949999999
2020/5/29 6:00,385.4,1149614.1,214.8,262.341,40.5,54.9,52.6,62.2,1.6,61.4,2.4,58.7,57,1.9537125449999997
2020/5/29 7:00,514.7,1622610.9,160.8,320.91,3.3,95.9,95.9,59,1.5,58.4,2.2,56.3,55,2.073762525
2020/5/29 8:00,630.4,2066781.2,46.7,299.426,0,100,100,56.6,1.4,56,2.1,53.8,52.4,2.349575025
2020/5/29 9:00,723.2,2444567.2,58.8,296.837,1.1,98.8,98.8,56.9,1.7,56.1,2.5,53.4,51.9,2.728775025
2020/5/29 10:00,785.9,2726227.2,99.1,350.674,0.2,99.8,99.8,56.8,1.7,56.2,2.5,53.8,52.4,3.9718374
2020/5/29 11:00,813.8,2890369.8,137.4,403.386,0.7,98.9,98.9,54,1.4,53.6,2,52.4,51.6,5.8005249
2020/5/29 12:00,804.9,2924747.5,183.8,443.552,3.9,93.6,93.6,52.2,1.1,51.9,1.6,50.8,50.1,7.37989995
2020/5/29 13:00,759.7,2826814.1,276.6,484.469,20,76.6,76.6,55.8,1.7,55.5,2.5,54.4,53.7,7.8635874
2020/5/29 14:00,681.8,2603847.8,348.4,504.281,36.4,53.4,52.4,54.8,1.9,54.4,2.7,53.2,52.5,8.572762799999998
2020/5/29 15:00,576.9,2272604,392.5,496.038,56.1,62.2,35.9,55,2.3,54.8,3.3,53.9,53.4,5.936962350000001
2020/5/29 16:00,453.3,1858605.4,329.9,453.459,57.1,88.6,47.6,58.5,2.4,58.4,3.4,57.9,57.5,3.4237000500000003
2020/5/29 17:00,321.5,1395381.2,202.7,355.389,58.5,96.6,50.6,63.8,1.8,63.5,2.5,62.6,62,1.1611125
2020/5/29 18:00,194.1,924411.3,71.3,227.511,59.1,98.7,50.1,65.4,1.1,65.4,1.6,65.1,65,0.62773749
2020/5/29 19:00,87.5,497549.4,10.5,115.961,52.4,98.9,60.3,72.8,0.9,72.2,1.4,70.3,69.1,0.33545000999999997
2020/5/29 20:00,22.8,183141.4,1.2,46.753,55.4,97.9,53.1,76.1,0.6,75.4,0.8,73.2,71.9,0.046575
2020/5/29 21:00,0,27435.7,0,11.536,58.4,97,50.9,74.8,0.4,74.7,0.5,74.3,74.1,0
2020/5/29 22:00,0,0,0,0,0,27.4,15.2,79.7,0.2,79.1,0.3,77.2,76,0
2020/5/29 23:00,0,0,0,0,0,0.3,0.3,89.2,0.5,87.1,0.7,80.1,76.2,0
2020/5/30 0:00,0,0,0,0,0,0,0,92.4,0.5,89.4,0.8,79.9,74.8,0
2020/5/30 1:00,0,0,0,0,0,3.9,3.9,93.2,0.2,89.8,0.2,79.2,73.5,0
2020/5/30 2:00,7,2116.8,2.2,4.515,31,0,0,92.1,0.7,89,0.9,79,73.7,0.062412495
2020/5/30 3:00,49.1,89435.4,26.1,31.165,59.9,0.1,0.1,92,0.8,89.1,1.2,79.9,74.9,0.319099995
2020/5/30 4:00,137.2,322591.6,88.8,95.562,59.8,0.5,0.5,86.4,0.4,84,0.6,76.2,71.9,0.44631250499999997
2020/5/30 5:00,256.3,701962,178.2,189.788,59.8,1.3,1,78.8,0.4,77.2,0.5,71.9,68.8,1.6834875599999997
2020/5/30 6:00,387.5,1157503.6,282.5,298.93,59.9,0.1,0.1,71.6,0.7,71,1,69,67.8,4.44717495
2020/5/30 7:00,516.7,1630186.6,389.5,412.971,59.9,0.2,0.2,64.2,1,63.7,1.4,61.8,60.7,7.0173873
2020/5/30 8:00,632.4,2074008.8,486.2,520.724,59.9,0.2,0.2,60.5,1.4,60,2,58.4,57.4,8.881575
2020/5/30 9:00,725.1,2451538,565.4,612.835,60,1.7,0.8,56.7,1.7,56.2,2.5,54.5,53.5,10.2064749
2020/5/30 10:00,787.8,2733093.2,618.8,681.939,60,3.2,1.6,52.2,2,51.8,2.8,50.4,49.5,10.9992375
2020/5/30 11:00,815.8,2897309.3,643.7,722.574,60,0,0,49.7,2,49.4,2.9,48.4,47.8,11.180424899999998
2020/5/30 12:00,806.9,2931941.1,637.8,731.351,60,0,0,49.1,2,48.9,2.8,48.2,47.8,10.7330001
2020/5/30 13:00,761.9,2834425.2,595.6,706.067,59.7,0.5,0.5,52,2.6,51.7,3.7,50.6,50,9.769749899999999
2020/5/30 14:00,684.1,2612003.9,528.9,650.538,59.5,0.9,0.9,50.8,2.2,50.5,3.2,49.7,49.2,8.208599999999999
2020/5/30 15:00,579.4,2281378.4,445.6,571.737,59,1.7,1.7,51.8,2.1,51.5,3,50.2,49.5,6.164462400000001
2020/5/30 16:00,456,1867993,342.9,472.997,58.9,1.9,1.9,54.6,2.1,54.1,3.1,52.6,51.7,3.73347495
2020/5/30 17:00,324.3,1405256.2,237.6,362.138,59.7,0.5,0.5,57,1.7,56.5,2.5,54.8,53.8,1.3079124899999999
2020/5/30 18:00,196.8,934427.7,140.5,251.006,60,0,0,57.8,1.3,57.1,1.9,54.9,53.6,0.351612495
2020/5/30 19:00,89.8,506860.1,59.3,148.043,60,0,0,58.8,1.1,57.3,1.5,52.7,50,0.1898625
2020/5/30 20:00,24.1,189821,12.5,64.839,60,0,0,66.6,1.2,64.3,1.7,57.2,53.4,0.024049994999999984
2020/5/30 21:00,0,30630.7,0,15.084,60,0,0,75.2,1.3,72.2,1.8,62.8,57.8,0
2020/5/30 22:00,0,0,0,0,2,0,0,83.6,1.2,79.5,1.7,67.2,60.9,0
2020/5/30 23:00,0,0,0,0,0,0,0,90.2,1,84.8,1.5,68.8,60.9,0
2020/5/31 0:00,0,0,0,0,0,0,0,93.7,0.9,87.8,1.3,70.5,62,0
2020/5/31 1:00,0,0,0,0,0,0,0,92.9,1.2,87.9,1.8,72.9,65.2,0
2020/5/31 2:00,7.8,3519.5,2.6,4.469,33,0,0,92.1,1.2,87.8,1.7,74.4,67.5,0.077950005
2020/5/31 3:00,50.6,93425.2,28.8,32.402,60,0,0,89.9,1.1,85.9,1.7,73.5,67,0.23277501
2020/5/31 4:00,139.2,329120.5,94.9,99.04,60,0,0,83.8,1.4,80.5,2,70.1,64.5,0.438912495
2020/5/31 5:00,258.3,709426.7,188.3,195.226,60,0,0,75.9,1.6,73.4,2.2,65.5,61.1,1.721775
2020/5/31 6:00,389.6,1164946.9,295.2,306.005,60,0,0,68.4,1.7,67,2.5,62.2,59.4,4.472037599999999
2020/5/31 7:00,518.7,1637320.7,403.1,420.878,60,0,0,58.9,1.8,58.1,2.7,55.5,54,7.055462400000001
2020/5/31 8:00,634.2,2080812.2,500.4,529.036,60,0,0,52.5,1.8,51.9,2.7,50.2,49.2,8.9459376
2020/5/31 9:00,726.9,2458106.7,578.4,621.022,60,0,0,47.7,1.8,47.4,2.6,46,45.3,10.2228126
2020/5/31 10:00,789.6,2739579.7,631.4,689.745,60,0,0,44.3,1.8,43.8,2.5,42.3,41.5,10.952937599999998
2020/5/31 11:00,817.6,2903889.6,655.2,730.069,60,0,0,42.1,1.9,41.7,2.7,40.2,39.3,11.0728122
2020/5/31 12:00,808.9,2938791.7,649.4,739.457,60,0,0,39,1.9,38.7,2.7,37.4,36.6,10.5840624
2020/5/31 13:00,764,2841703.6,612.6,716.98,60,0,0,34,1.9,33.8,2.7,33,32.5,9.5523999
2020/5/31 14:00,686.4,2619831.9,546.7,663.343,60,0,0,29.4,1.4,29.6,2,30.2,30.5,8.0669376
2020/5/31 15:00,581.9,2289823.6,458.9,583.054,60,0,0,35.8,1.9,35.3,2.8,33.8,32.9,6.1956
2020/5/31 16:00,458.6,1877046.3,355.8,482.847,60,0,0,45.7,2.9,44.7,4.1,41.5,39.6,3.755137425
2020/5/31 17:00,326.9,1414792.5,247.7,370.802,60,0,0,50.8,2.9,49.8,4.1,46.2,44.2,1.3397374949999998
2020/5/31 18:00,199.5,944112.2,146.9,257.422,60,0,0,57.8,2.3,56.2,3.3,51,48.1,0.364725
2020/5/31 19:00,92.1,515888.2,63.9,152.822,60,0,0,60.1,1.7,58.2,2.4,51.9,48.5,0.20611249499999998
2020/5/31 20:00,25.3,196371.7,14.3,67.976,60,0,0,70.3,1.1,67.3,1.6,58,52.9,0.041200005
2020/5/31 21:00,0,34158.7,0,16.084,60,0,0,72.8,1.1,69.6,1.6,59.7,54.4,0
2020/5/31 22:00,0,0,0,0,5,0,0,80.7,1,76.4,1.4,63.4,56.6,0
2020/5/31 23:00,0,0,0,0,0,0,0,85.4,0.9,80.4,1.2,65.7,58.2,0
2020/6/1 0:00,0,0,0,0,0,0,0,85.4,0.6,80.8,0.9,67,60,0
2020/6/1 1:00,0,0,0,0,0,0,0,89.1,0.8,84.1,1.2,69.2,61.7,0
2020/6/1 2:00,8.7,4850.5,2.9,4.744,35,0,0,89.3,0.7,84.8,1.1,71.2,64.3,0.08606251499999999
2020/6/1 3:00,52.1,97263.1,30,33.536,60,0.5,0.2,88.8,0.9,85,1.3,73.4,67.3,0.24017500499999997
2020/6/1 4:00,141.1,335328.7,96.3,100.746,60,17.7,8.8,85,0.6,81.8,0.8,71.9,66.6,0.42129999000000007
2020/6/1 5:00,260.3,716469.2,189.5,196.811,60,0,0,76.3,0.4,74.6,0.6,69.1,66,1.6772375099999999
2020/6/1 6:00,391.5,1171943.7,295.5,307.206,60,2.1,1.1,66.7,0.4,66.6,0.6,66,65.7,4.46243745
2020/6/1 7:00,520.5,1644014.1,401.4,421.231,60,21.7,10.8,59.9,0.4,60.2,0.6,61.4,62.1,6.99409995
2020/6/1 8:00,636,2087192.7,496.9,528.361,60,50.6,25.3,54.2,0.3,54.6,0.5,55.8,56.6,8.8163748
2020/6/1 9:00,728.6,2464274.8,575.5,619.937,60,7.6,3.8,47.1,0.5,47.6,0.7,49.2,50.1,10.0242252
2020/6/1 10:00,791.3,2745688.2,630.7,689.028,60,8.8,4.4,45.4,1.6,45.5,2.2,45.8,46,10.880925
2020/6/1 11:00,819.4,2910111.9,653.2,729.593,60,37.2,18.6,48.1,2.9,47.8,4.2,46.6,45.9,11.2195623
2020/6/1 12:00,810.7,2945299.7,595.6,730.78,60,96.7,48.3,47.4,3.4,47,4.9,45.8,45.1,10.662612300000001
2020/6/1 13:00,766,2848649.4,417.1,669.856,60,99.2,49.6,47.3,2.8,46.7,4,44.7,43.6,8.822324700000001
2020/6/1 14:00,688.6,2627330.9,230.2,554.01,60,100,50,48.7,2.8,48.1,4,46.2,45.1,7.905825
2020/6/1 15:00,584.2,2297937.7,154.4,441.79,60,99.2,49.6,52.4,2.8,51.9,4,50.2,49.2,4.2565875
2020/6/1 16:00,461.1,1885762.6,118,356.494,60,99.7,49.9,53,2.4,52.3,3.5,49.9,48.4,2.265737475
2020/6/1 17:00,329.5,1423986.1,77.8,275.182,60,99.7,49.9,51.3,1.7,50.6,2.4,48.2,46.9,1.521349995
2020/6/1 18:00,202,953459.4,45.2,192.187,60,98.4,49.2,52.1,1.1,51.5,1.6,49.5,48.3,0.6102375
2020/6/1 19:00,94.3,524624.6,15.5,114.532,60,96.2,48.1,56.8,1,55.2,1.4,50,47,0.31722501000000003
2020/6/1 20:00,26.6,202777.4,3.4,52.517,60,91.7,45.9,67.1,1.1,64,1.6,54.1,48.7,0.05773750499999998
2020/6/1 21:00,0,37581.3,0,13.603,60,84.2,42.1,73.1,1.1,69.1,1.6,56.8,50.3,0
2020/6/1 22:00,0,0,0,0,7,73,36.5,72.2,0.8,68.6,1.2,57.3,51.3,0
2020/6/1 23:00,0,0,0,0,0,93.2,46.6,80.9,0.9,75.9,1.2,61,53.4,0
2020/6/2 0:00,0,0,0,0,0,95.5,47.8,82.5,0.8,77.5,1.1,62.6,54.9,0
2020/6/2 1:00,0,0,0,0,0,96.8,48.4,86.6,0.7,82.1,1,68.5,61.5,0
2020/6/2 2:00,9.5,6109.7,0.6,4.223,37,97.5,48.7,87.7,0.9,83.7,1.2,71.6,65.1,0.06887500499999999
2020/6/2 3:00,53.5,100940.9,9.9,28.7,59.8,96.5,48.4,87.4,0.6,84.1,0.9,73.6,67.7,0.3863625
2020/6/2 4:00,142.9,341207.9,62.5,89.43,49.6,56.5,36.9,81.4,0.5,79.3,0.8,72.8,68.8,1.00172502
2020/6/2 5:00,262.2,723087,174.5,187.861,35.7,72,56.3,70.4,0.3,70,0.5,68.7,67.6,1.705925025
2020/6/2 6:00,393.3,1178494,210.5,285.065,27.1,63.3,59.1,62,1,61.7,1.4,60.5,59.5,3.1336125
2020/6/2 7:00,522.2,1650267.7,269.1,369.837,4.9,94.6,93.2,60.3,1.4,59.7,2.1,57.5,56.1,6.89367495
2020/6/2 8:00,637.6,2093151.8,420.6,482.087,9.4,93.2,88.8,57.1,1.6,56.5,2.4,54.3,53.3,7.9061246999999995
2020/6/2 9:00,730.2,2470044.1,463.7,582.47,47.3,95.8,59.4,54.1,1.7,53.5,2.5,51.5,50.8,9.060862499999999
2020/6/2 10:00,792.9,2751420.2,456.2,634.544,51.4,98.7,59.1,53.9,2.2,53.4,3.1,51.6,51.2,8.96759619
2020/6/2 11:00,821,2915977.4,435.3,655.694,44.4,98.1,64.7,55.1,2.4,54.7,3.4,53.2,52.9,9.2799501
2020/6/2 12:00,812.5,2951465.8,308.1,621.855,41.9,98.2,67.9,55.6,2.4,55.1,3.4,53.4,53.2,10.250850299999998
2020/6/2 13:00,767.9,2855262.5,210.6,552.652,55.1,99.3,55.8,61.3,3,61.3,4.3,61.3,61.8,7.9071126
2020/6/2 14:00,690.6,2634500,198.4,496.161,32,99.2,73.7,65.7,3.2,65.8,4.6,66.2,66.2,5.004375
2020/6/2 15:00,586.5,2305719,158.1,429.445,28.8,98.6,75.8,67.1,3.4,67.1,4.9,67.1,66.4,4.5660250499999995
2020/6/2 16:00,463.5,1894139.2,131.7,351.911,38.3,97.1,67,69.5,3.4,69.5,4.9,69.5,68.5,2.5710625499999997
2020/6/2 17:00,332,1432833.3,88.6,276.339,34.5,96,71.2,74.4,3.2,74.4,4.7,74.6,73.2,1.3673250000000001
2020/6/2 18:00,204.5,962464,25.2,173.837,16.3,99,89.8,80.4,3,80.5,4.4,80.8,80.3,0.66238749
2020/6/2 19:00,96.5,533060.7,0.9,76.2,3.5,99.9,97.4,84.1,2.2,84.1,3.2,84.2,82.8,0.181787505
2020/6/2 20:00,27.8,209022.9,0.1,27.361,2.3,100,99.2,86.9,2,86.8,2.8,86.8,86.7,0
2020/6/2 21:00,0,40897.4,0,7.275,2.6,100,99.1,89.2,1.9,89.1,2.7,88.9,89.2,0
2020/6/2 22:00,0,0,0,0,0.6,100,98.9,90.5,1.9,90.4,2.8,90.4,90.8,0
2020/6/2 23:00,0,0,0,0,0,99.8,95.8,92.5,1.5,92.5,2.2,92.5,92.9,0
2020/6/3 0:00,0,0,0,0,0,100,99.7,93.3,1.2,93.2,1.7,93,93.5,0
2020/6/3 1:00,0,0,0,0,0,100,100,92.5,1.3,92.4,1.8,92.2,92.7,0
2020/6/3 2:00,10.2,7296.9,0,1.229,0,100,100,92.1,1.1,92,1.6,92.8,95.6,0
2020/6/3 3:00,54.8,104450.1,0,6.444,0,100,100,92,1.1,91.8,1.6,91.8,93,0
2020/6/3 4:00,144.5,346750.1,0.5,21.358,0,100,100,91.1,1.7,90.8,2.4,90.7,91.6,0.17142501
2020/6/3 5:00,263.9,729278.1,0.9,50.375,0,100,100,89,1.8,88.7,2.6,88.7,89.9,0.349675005
2020/6/3 6:00,394.9,1184597.9,3.8,95.238,0,100,100,87.8,1.7,87.4,2.5,87.3,88.4,0.406575
2020/6/3 7:00,523.8,1656082.7,22.3,166.7,0.4,100,99.9,84.8,1.6,84.5,2.3,85,86.9,0.425775015
2020/6/3 8:00,639.1,2098691.2,39.3,238.79,1.8,100,99.9,82,1.7,81.7,2.5,91.2,98.1,0.335250015
2020/6/3 9:00,731.7,2475416.2,43.7,277.486,0.6,100,100,80.2,1.8,79.7,2.6,79.5,80.5,0.7263375
2020/6/3 10:00,794.4,2756777.4,46.7,306.47,0.6,100,99.9,78,1.8,77.6,2.6,77.5,78.3,2.0190374999999996
2020/6/3 11:00,822.6,2921487.2,51.3,346.959,0.8,100,99.7,73.6,1.9,73.4,2.8,73.6,74.6,2.479625025
2020/6/3 12:00,814.2,2957290.7,43.4,356.707,1.7,99.9,99.1,72.2,1.8,72,2.6,71.9,72.6,1.014662505
2020/6/3 13:00,769.8,2861542.6,77.1,348.701,8.1,99.3,93.4,80.4,1.4,80.2,2,79.6,79.7,1.778312505
2020/6/3 14:00,692.6,2641338.2,118.9,362.96,16.1,99.7,88.8,79.5,1.6,79.4,2.3,78.9,79.1,2.4564500249999996
2020/6/3 15:00,588.6,2313165.6,87.7,327.763,22.8,99.5,85,78.9,1.5,78.6,2.2,78,78.2,1.6001999999999998
2020/6/3 16:00,465.8,1902173.2,39.9,243.843,13.2,99.8,94.4,79.7,1.6,79.5,2.3,78.9,79.3,0.9269625
2020/6/3 17:00,334.4,1441330.4,14.8,174.646,6.6,99.9,95.4,80.2,1.5,80,2.2,79.6,80,0.82672497
2020/6/3 18:00,206.9,971120.7,5.4,116.569,1.5,100,98.9,79.6,1.1,79.7,1.6,80.3,81,0.27286251
2020/6/3 19:00,98.5,541188,1,63.253,5.3,99.9,95.6,90.4,1.2,90.2,1.7,89.3,88.9,0.17187500999999997
2020/6/3 20:00,29,215093.1,0.2,24.51,1.8,100,98.5,95,1.8,94.7,2.5,93.5,92.6,0.0041624999999999995
2020/6/3 21:00,0,44104.6,0,5.347,1.9,100,98.5,96.4,1.7,96,2.4,94.1,92.6,0
2020/6/3 22:00,0,0,0,0,0.3,99.9,98.8,97.6,1.4,97.1,2,95.2,93.6,0
2020/6/3 23:00,0,0,0,0,0,100,99.7,98.6,1.3,98.2,1.9,96.2,94.5,0
2020/6/4 0:00,0,0,0,0,0,99.5,98.9,99.3,1.4,98.8,1.9,96.3,94,0
2020/6/4 1:00,0,0,0,0,0,97.3,87.4,97.8,1.8,96.9,2.6,93.2,89.6,0
2020/6/4 2:00,10.9,8412.2,0.8,4.817,27.5,88.5,61.5,94.9,1.9,93.9,2.8,90,86.5,0.177362505
2020/6/4 3:00,56,107782.1,9.3,28.92,24.2,91.7,75.8,91.3,1.8,90.2,2.6,85.9,82,0.35544999
2020/6/4 4:00,146.1,351948.5,33.9,79.978,28,96.6,75,88,1.9,86.9,2.7,82.5,78.7,0.51315
2020/6/4 5:00,265.5,735040.9,74.9,153.659,53,94.4,53.1,83.1,2.1,82.1,3,78.2,75,0.58298751
2020/6/4 6:00,396.5,1190255.8,122.7,237.962,59.6,92.5,46.6,76.4,2.1,75.4,3,72,69.3,1.5756
2020/6/4 7:00,525.2,1661460.4,125.9,295.872,26.5,96.7,76.2,63.2,2.8,62.5,4,60.3,59.1,3.8911624499999995
2020/6/4 8:00,640.5,2103812.5,111.3,318.751,21.5,97.6,80.9,53.5,3.1,52.8,4.4,50.7,49.6,3.287574975
2020/6/4 9:00,733.1,2480392.9,182,383.995,40.6,95,63.7,47.3,3.1,46.6,4.4,44.4,43.3,7.8693498
2020/6/4 10:00,795.8,2761761.3,224.2,480.894,40.5,97.2,64.8,44,3.3,43.3,4.7,41.1,40,7.631325
2020/6/4 11:00,824.1,2926642.5,194.8,517.458,50.8,97.1,56.2,41.7,3.5,41,5.1,38.8,37.8,10.6740501
2020/6/4 12:00,815.8,2962774.9,182.9,503.208,59.8,96.2,48.3,38.5,3.5,37.7,5,35.1,33.8,9.5614998
2020/6/4 13:00,771.5,2867489.7,178.7,474.568,47.6,97.6,59.2,43,2.7,42.1,3.8,39.1,37.7,9.7687623
2020/6/4 14:00,694.5,2647844.6,210.9,460.376,31.2,97.6,72.8,40.5,2.5,39.5,3.6,36.3,34.7,6.677937449999999
2020/6/4 15:00,590.7,2320275.7,217.2,443.774,12.7,96.6,87.7,39.9,2.6,38.7,3.7,34.7,32.6,5.0597124
2020/6/4 16:00,468,1909862,104.4,346.276,3.7,96.5,95.2,40.1,2.5,38.8,3.5,34.6,32.1,4.066574999999999
2020/6/4 17:00,336.8,1449473.5,52.2,224.114,6.3,90.3,89.8,46.8,2.6,44.8,3.8,38.4,34.4,1.5658500149999999
2020/6/4 18:00,209.1,979424.6,99.1,178.635,35.6,44.1,42.4,47.6,2.5,45.5,3.6,38.4,34,0.43446249
2020/6/4 19:00,100.5,548998.5,70.7,145.433,60,28.1,14.1,45.1,3,43.3,4.3,37.2,33.5,0.23423749499999996
2020/6/4 20:00,30.2,220973.8,18.4,76.209,60,18.2,9.1,49.5,2.6,47.3,3.7,40.4,36.1,0.042475004999999996
2020/6/4 21:00,0,47200.3,0,19.312,59.8,0.3,0.3,53.4,2.1,51.1,3,43.6,38.9,0
2020/6/4 22:00,0,0,0,0,14.9,0.6,0.6,57.2,1.9,54.8,2.7,47,42,0
2020/6/4 23:00,0,0,0,0,0,0.6,0.6,60.9,1.8,58.7,2.6,51.3,46.6,0
2020/6/5 0:00,0,0,0,0,0,0,0,66.3,1.6,63.9,2.4,56,51.1,0
2020/6/5 1:00,0,0,0,0,0,0,0,65.4,1.3,63.2,1.9,56.1,51.7,0.001024995
2020/6/5 2:00,11.6,9455.5,4.5,6.426,43,0,0,67.2,1.6,65.3,2.3,58.7,54.5,0.0953625
2020/6/5 3:00,57.2,110928.8,36.4,39.388,60,0,0,68.4,2.2,67,3.2,62.2,58.8,0.27523749
2020/6/5 4:00,147.6,356796.8,108.4,111.052,60,0,0,68.5,2.3,67.4,3.4,63.5,60.6,0.4691500049999999
2020/6/5 5:00,267,740373.9,204.7,210.305,60,0,0,64.6,2.2,63.8,3.2,61,59.1,1.758425055
2020/6/5 6:00,397.9,1195468.3,311.2,322.172,60,0,0,59.2,2.5,58.7,3.6,57.2,56.4,4.43447505
2020/6/5 7:00,526.5,1666402.2,416.8,436.197,60,0,0,51.8,2.7,51.5,3.9,50.5,50.2,7.2422249999999995
2020/6/5 8:00,641.8,2108517.5,470.5,527.389,49.3,17.8,17.8,47.5,2.9,47.2,4.2,46,45.7,9.2456877
2020/6/5 9:00,734.3,2484976.1,497.6,584.966,40.8,32.3,32.3,45.1,3,44.6,4.3,42.7,41.9,10.672212600000002
2020/6/5 10:00,797.1,2766373.5,539.4,632.606,43.8,26.9,26.9,43,3,42.4,4.3,40.3,39.3,11.615849999999998
2020/6/5 11:00,825.5,2931444.7,550.9,667.715,43,30.8,30.8,40.2,2.8,39.5,4,37.1,35.9,9.157274999999998
2020/6/5 12:00,817.3,2967919,515.1,671.775,50.8,15.9,15.9,36.9,3,36.2,4.3,33.7,32.5,9.519375
2020/6/5 13:00,773.1,2873103.6,449.3,638.791,12.2,79.6,79.6,36.9,3.6,36.2,5.2,34.1,32.9,6.455599949999999
2020/6/5 14:00,696.3,2654018.2,430.6,590.83,44.8,78.9,52.1,36.9,3.4,36,4.8,33.1,31.5,6.245637449999999
2020/6/5 15:00,592.6,2327047.5,340.9,526.562,32.6,97.5,71.6,34.3,2.6,33.3,3.8,29.9,28.1,3.4680375
2020/6/5 16:00,470.1,1917202.8,269.5,438.734,41.7,61.9,46.2,35.4,3.2,34.3,4.6,30.8,29,2.563674975
2020/6/5 17:00,339,1457259.1,167.7,334.94,51.6,98.7,56.4,37.8,3.3,36.9,4.7,33.8,32,1.2685000050000002
2020/6/5 18:00,211.3,987370.8,38.2,204.938,49.2,99.9,58.9,43.1,3,41.9,4.3,37.6,35.2,0.6936749999999999
2020/6/5 19:00,102.4,556484.7,10.3,102.268,52.3,100,56.5,50.3,4.2,49.5,6,47.1,45.6,0.2811
2020/6/5 20:00,31.4,226651.3,2.8,49.24,57.1,100,52.4,56.7,3.2,55.6,4.6,51.8,49.3,0.030462495
2020/6/5 21:00,0,50180.6,0,14.032,59.5,99.2,50,61.7,2.9,60.4,4.2,56.1,53.3,0
2020/6/5 22:00,0,0,0,0,17,98.5,49.4,66.8,2.8,65.5,4,61,57.9,0
2020/6/5 23:00,0,0,0,0,0,100,55.8,72.5,2.8,71.2,4,66.6,63.3,0
2020/6/6 0:00,0,0,0,0,0,99.3,55.6,75.9,2.5,74.5,3.6,69.8,66.4,0
2020/6/6 1:00,0,0,0,0,0,83.1,65,77.2,2.7,76.5,3.8,74.2,72.6,0
2020/6/6 2:00,12.2,10426.7,0.7,4.764,15,98.5,82.7,79.5,2.4,78.8,3.5,76.1,74.2,0.07862499
2020/6/6 3:00,58.3,113881.8,9.7,26.613,35.3,97.6,70.7,81.1,2.3,80.3,3.3,77.4,75.3,0.67884999
2020/6/6 4:00,148.9,361289.7,30.3,72.08,31.3,99.5,75.2,79.6,2.2,78.9,3.1,76.5,74.7,0.8675750249999999
2020/6/6 5:00,268.3,745276.3,23.8,119.002,30,99.7,77.5,77.2,2.2,76.7,3.2,75,73.7,1.3545375
2020/6/6 6:00,399.2,1200236.1,6,137.233,0.8,100,99.4,77.1,2.2,76.7,3.2,75.5,74.8,1.76700003
2020/6/6 7:00,527.8,1670909.8,12.9,157.181,0,100,100,76.3,2.2,76.2,3.1,76,76.1,2.969387475
2020/6/6 8:00,642.9,2112808.3,38.4,216.392,0.5,100,99.6,72.6,2.3,72.8,3.2,73.7,74.8,5.2746624
2020/6/6 9:00,735.5,2489167.8,126.1,322.902,3.2,100,97.4,70.8,2.2,70.9,3.2,71.7,72.7,4.6622124
2020/6/6 10:00,798.3,2770615.8,272.8,481.303,11.3,99.6,90.5,64.6,2.2,64.7,3.1,65.3,66.2,4.925250149999999
2020/6/6 11:00,826.7,2935894.8,351.6,589.988,38.2,100,69.6,57.8,2.4,57.8,3.5,58,58.6,2.445675075
2020/6/6 12:00,818.7,2972723.6,217.6,544.708,1.3,100,99,57.2,2.4,57,3.4,56.6,56.8,1.9381499999999998
2020/6/6 13:00,774.7,2878384.2,70.9,411.118,0.8,100,99.4,63,1.9,62.7,2.7,62.1,62.2,3.350825025
2020/6/6 14:00,698,2659858,46.5,295.023,1.9,100,98.5,57.8,1.5,58,2.1,58.9,59.9,4.58860005
2020/6/6 15:00,594.5,2333479.1,19,212.959,5.2,100,96.2,60.9,1.6,60.8,2.2,60.6,61,2.7502125
2020/6/6 16:00,472.1,1924193,5.4,151.978,2.1,100,98.2,56.7,1.2,57.2,1.8,59.3,61.1,1.1807875049999998
2020/6/6 17:00,341.1,1464683.5,2.2,111.672,0,100,100,58.7,0.8,59.3,1.1,61.5,63.2,0.8350625099999999
2020/6/6 18:00,213.4,994954.5,2.6,82.909,0,100,100,66.2,0.8,66.4,1.1,67.2,67.8,0.27253749000000005
2020/6/6 19:00,104.3,563639.2,0.8,52.076,0.8,100,99.5,76.7,1,76.4,1.4,75.7,75.2,0.168087495
2020/6/6 20:00,32.5,232112.5,0,21.97,0,100,100,85,1.3,84.3,1.9,81.6,79.9,0.035175015
2020/6/6 21:00,0.7,53248.9,0,5.017,0,100,100,90.9,1.5,89.9,2.2,86.1,83.5,0
2020/6/6 22:00,0,207.2,0,0.167,0,100,100,93.7,2,92.7,2.9,89.3,86.8,0
2020/6/6 23:00,0,0,0,0,0,100,100,95.2,2.7,94.6,3.9,92.4,90.6,0
2020/6/7 0:00,0,0,0,0,0,100,100,95.8,2.8,95.5,4,94.2,93.1,0
2020/6/7 1:00,0,0,0,0,0,100,100,96.5,3.1,96.3,4.5,95.3,94.7,0
2020/6/7 2:00,12.8,11325.8,0,1.013,0,100,100,96.6,3.3,96.6,4.7,96.6,96.8,0
2020/6/7 3:00,59.3,116633.6,0,5.321,0,100,100,94.9,3.8,95,5.5,95.6,96.1,0
2020/6/7 4:00,150.2,365422.4,0,16.124,0,100,100,93.9,3.8,94,5.4,94.6,95.2,0.033525
2020/6/7 5:00,269.6,749747.3,2.7,44.175,0,100,100,94.7,3.7,95,5.3,96,96.9,0.147075
2020/6/7 6:00,400.3,1204560.4,6,92.867,0,100,100,94.6,3.5,94.9,5,96.2,97.3,0.197925
2020/6/7 7:00,528.9,1674984.8,11.2,150.404,0.1,100,100,93.4,3.4,93.9,4.8,95.7,97,0.37606250999999996
2020/6/7 8:00,644,2116686.7,18.4,203.248,2.4,99.7,99.7,88.8,3.2,89.3,4.6,91.3,93,0.84321252
2020/6/7 9:00,736.6,2492969.9,18.2,228.593,1.8,99.1,99,83.3,2.9,83.8,4.1,85.9,87.7,0.77128749
2020/6/7 10:00,799.4,2774489.9,15.5,225.979,1.6,99.3,99.3,79.6,3,80.1,4.2,82.1,84,1.1379499949999998
2020/6/7 11:00,827.9,2939994.2,10.4,206.031,0.5,99.8,99.8,74.6,3.4,75,4.8,76.7,78.4,1.067950005
2020/6/7 12:00,820,2977189.4,6.8,176.731,0,100,100,73.2,3.8,73.6,5.4,75.1,76.7,1.565249985
2020/6/7 13:00,776.1,2883331.4,3.8,149.993,0,100,100,78.5,3.5,78.9,5,80.7,82.5,1.2443249849999998
2020/6/7 14:00,699.6,2665363.1,4,126.862,0,100,100,78.2,3,78.5,4.3,79.9,81.5,1.15275
2020/6/7 15:00,596.3,2339568.7,2.4,100.255,0,100,100,79.2,2.9,79.6,4.2,81.2,83,0.69170001
2020/6/7 16:00,474.1,1930829.9,0.1,67.514,0,100,100,79.5,2.6,79.8,3.7,81.1,82.6,0.64755003
2020/6/7 17:00,343.1,1471743.4,0,48.314,0.8,100,100,79.9,2.6,80.2,3.8,81.5,83.1,1.355862495
2020/6/7 18:00,215.4,1002171,13.7,51.936,4.9,98.1,98.1,79.1,2.4,79.3,3.4,80.4,81.9,0.8705374949999999
2020/6/7 19:00,106,570455,32.7,65.968,44.5,40.1,40.1,74.1,2.5,74.3,3.6,75.2,76.5,0.34996251
2020/6/7 20:00,33.6,237345.1,12.1,52.392,36,61,61,75.3,3,75.4,4.4,76,76.9,0.07791250499999999
2020/6/7 21:00,1.5,56191.2,0.2,16.073,3.9,97,97,76.8,3,76.8,4.4,77.2,77.9,0
2020/6/7 22:00,0,412.5,0,0.46,0.4,99.9,99.9,75.8,4,75.9,5.7,76.6,77.6,0
2020/6/7 23:00,0,0,0,0,0,100,100,79.3,4.3,79.5,6.2,80.3,81.5,0
2020/6/8 0:00,0,0,0,0,0,100,100,85.1,3.7,85.3,5.4,86.3,87.5,0
2020/6/8 1:00,0,0,0,0,0,100,100,86,3.4,86.1,4.9,86.8,87.7,0
2020/6/8 2:00,13.3,12370.2,0.1,1.591,0.5,100,100,87.9,3,88,4.4,88.7,89.4,0.006349995
2020/6/8 3:00,60.2,119176.6,0.4,6.076,0.5,100,100,90.1,2.5,90.2,3.6,90.7,91.2,0.082600005
2020/6/8 4:00,151.3,369190.8,0.7,13.89,1.1,100,100,92.5,2.3,92.4,3.4,92.3,92.5,0.217425
2020/6/8 5:00,270.7,753786.8,7,32.306,1.3,99.9,99.9,93.5,2.4,93.2,3.4,92.5,92.3,0.54051249
2020/6/8 6:00,401.4,1208442.2,11.8,65.959,0.2,100,100,93.2,2.6,92.9,3.8,92,91.6,1.183549995
2020/6/8 7:00,529.8,1678629.1,10.2,104.866,1.4,99.7,99.7,88.1,2.5,88,3.6,88,88.1,1.2695250150000001
2020/6/8 8:00,645,2120154.9,13.4,140.279,1.1,99.9,99.9,87.7,2.6,87.7,3.7,87.7,87.9,0.845775
2020/6/8 9:00,737.5,2496384.4,35,183.488,7.8,97.5,97.5,85.2,2.6,85,3.8,84.8,85.1,1.931362455
2020/6/8 10:00,800.4,2777997.6,79.2,246.042,9.6,96.8,96.8,82.7,2.3,82.7,3.3,83,83.9,2.914550025
2020/6/8 11:00,829,2943744.1,93.6,299.603,15.2,90.5,90.5,77.8,2.4,77.9,3.5,78.5,80,2.486937525
2020/6/8 12:00,821.2,2981317,173.6,356.669,27.8,75.8,75.8,72.2,2.6,72.3,3.8,72.8,74.5,3.303987525
2020/6/8 13:00,777.5,2887944.9,292,439.173,38.5,57.9,57.9,64.3,2.5,64.3,3.6,64.4,66,4.08302505
2020/6/8 14:00,701.1,2670532.5,297.4,473.813,25.1,72.5,72.5,60.7,2.6,60.6,3.8,60.2,61.6,3.6715125000000004
2020/6/8 15:00,597.9,2345314.4,232,422.416,30.5,64.3,64.3,56.5,2.7,56.3,3.9,55.5,56.6,4.7433
2020/6/8 16:00,475.9,1937110.9,176,338.569,32.2,52.3,52.3,57.4,2.6,57.2,3.7,56.5,57.5,4.8431374499999995
2020/6/8 17:00,345,1478435.1,141.7,273.589,31.3,50.7,50.7,58.7,2.5,58.5,3.5,57.7,58.6,1.72771251
2020/6/8 18:00,217.3,1009015.8,126.4,226.542,24.6,60.6,60.6,61.6,2.2,61.5,3.1,61,62.2,0.7986124800000001
2020/6/8 19:00,107.7,576925.5,71.2,161.581,47.8,20.7,20.7,61.8,1.8,61.5,2.6,60.6,61.3,0.41336249999999997
2020/6/8 20:00,34.6,242337.3,18.1,80.554,49.8,17.7,17.7,69.7,1.4,69.2,2.1,67.6,67.3,0.092137515
2020/6/8 21:00,2.2,58992.7,0.8,22.3,47.5,21.3,21.3,75.7,1.1,74.9,1.6,72,70.8,0
2020/6/8 22:00,0,605.6,0,1.491,17.8,23.2,23.2,74.2,0.6,73.9,0.8,73.1,73,0
2020/6/8 23:00,0,0,0,0,0,38.6,38.6,75.5,0.3,75.3,0.4,74.6,74.4,0
2020/6/9 0:00,0,0,0,0,0,44.7,44.7,77.9,0.5,77.6,0.7,76.5,75.7,0
2020/6/9 1:00,0,0,0,0,0,17.8,17.8,82.1,0.4,81.3,0.6,78.8,77,0
2020/6/9 2:00,13.8,13363,4.1,7.024,34.5,31.4,31.4,84.9,0.5,83.9,0.8,80.6,78.6,0.0409125
2020/6/9 3:00,61,121504.3,28.7,38.001,47,21.6,21.6,85,0.8,84.1,1.2,81.4,79.8,0.395625
2020/6/9 4:00,152.3,372591.4,90.7,104.2,53,11.6,11.6,78.5,1.3,78.2,1.9,76.9,75.6,1.0310125049999999
2020/6/9 5:00,271.7,757394.6,183,200.326,55.1,8.1,8.1,68,1.9,67.9,2.8,67.8,67.6,1.824449955
2020/6/9 6:00,402.3,1211883,288.6,312.721,58.9,1.9,1.9,61.1,2.4,61,3.4,60.6,60.9,4.61831265
2020/6/9 7:00,530.7,1681844.7,405.5,432.248,59.8,0.4,0.4,57.9,2,57.8,2.8,57.7,59,7.3454124
2020/6/9 8:00,645.8,2123215.1,521.6,549.089,59.2,1.3,1.3,55.1,1.8,55.1,2.7,55.2,56.4,9.3915627
2020/6/9 9:00,738.4,2499413.5,610.7,649.383,60,0,0,52.8,1.7,52.8,2.5,53,54.2,10.367237699999999
2020/6/9 10:00,801.3,2781140.5,660.4,721.901,59.5,0.9,0.9,51.2,1.3,51.2,1.9,51.3,52.3,11.445712200000003
2020/6/9 11:00,830,2947145.7,670.1,757.067,57.4,4.4,4.4,52.8,0.6,52.3,0.9,50.4,50.2,11.4683247
2020/6/9 12:00,822.3,2985106.8,632.7,752.997,52.3,28.1,24.3,52.3,0.9,51.5,1.4,48.8,48.2,11.0414499
2020/6/9 13:00,778.7,2892224.6,571.5,719.699,53.4,77.9,44.9,53.5,1.5,52.8,2.2,50.1,49.2,9.5011875
2020/6/9 14:00,702.6,2675365.1,488,662.775,56.4,94.7,50.5,53.1,1.6,52.2,2.3,49,47.7,8.5858374
2020/6/9 15:00,599.5,2350714.5,358.7,573.312,53.3,96,53.7,53.6,1.3,52.5,1.8,48.8,47,6.0625875
2020/6/9 16:00,477.6,1943033.2,242.3,458.147,57.1,96.3,50.5,47.9,1,47.3,1.5,45.2,44.3,3.87820005
2020/6/9 17:00,346.7,1484755.3,173.5,345.639,59.1,94.5,48,48.1,1.2,47.3,1.7,44.6,43.2,1.493575005
2020/6/9 18:00,219.1,1015484.6,105.2,240.19,58.3,88.8,45.8,59.7,1.5,58.6,2.1,54.8,52.2,0.48826248
2020/6/9 19:00,109.3,583044.3,34.4,140.526,55.1,87.3,48.2,63,0.9,61.7,1.3,57.5,54.8,0.434175
2020/6/9 20:00,35.6,247078.2,5,64.346,56.2,91.9,49.1,72.3,0.9,71,1.3,66.6,63.2,0.156375
2020/6/9 21:00,2.8,61648.4,0.1,18.974,56.1,92.6,49.5,78,0.9,76.9,1.3,73.1,69.5,0.009837509999999999
2020/6/9 22:00,0,786.4,0,1.784,24.2,94.5,48.9,86.1,1.2,84.6,1.8,79.6,75.2,0
2020/6/9 23:00,0,0,0,0,0,95.8,55.3,91.9,1.1,90,1.6,83.6,78.1,0
2020/6/10 0:00,0,0,0,0,0,96.5,59.5,94.1,0.8,92.2,1.2,86,80.1,0
2020/6/10 1:00,0,0,0,0,0,99.8,99.4,89.4,0.6,88.3,0.8,84.5,80.4,0.0006375
2020/6/10 2:00,14.2,14261,0.1,2.288,1.7,99.3,98,89.3,0.3,88,0.5,83.9,79.5,0.07971250499999999
2020/6/10 3:00,61.8,123610.2,0.7,13.843,3.5,98.1,96.1,88.4,0.3,87.1,0.4,82.7,78.1,0.3118875
2020/6/10 4:00,153.2,375621.4,10.5,43.923,12.7,89.8,84.3,86.3,0.5,85.2,0.8,81.7,77.7,0.9289999950000001
2020/6/10 5:00,272.5,760571,57.9,108.333,20.9,82.7,74,80,0.8,79.7,1.1,78.5,76.3,1.8244124849999999
2020/6/10 6:00,403.1,1214884.3,123.2,192.351,29.5,51.8,51.3,73.8,0.9,73.6,1.4,72.9,71.4,3.6243374999999998
2020/6/10 7:00,531.5,1684633.8,200.8,275.555,15.5,74.2,74.2,72,1.3,71.8,1.8,71.1,69.9,6.4299126
2020/6/10 8:00,646.5,2125869.6,337.9,400.867,43.9,26.8,26.8,65.7,1.4,65.4,2,64.4,63.3,8.959349999999999
2020/6/10 9:00,739.1,2502059.3,456.7,543.752,53.8,10.3,10.3,59.3,1.6,58.8,2.2,57,55.7,10.2675498
2020/6/10 10:00,802.1,2783920.6,533,634.268,48.6,20.8,20.8,52.4,1.6,51.9,2.2,50.3,49.5,11.0120376
2020/6/10 11:00,830.9,2950200.4,562.5,678.478,45.1,27.1,27.1,47.1,1.6,46.5,2.3,44.7,43.9,9.6276
2020/6/10 12:00,823.3,2988559.6,507.5,671.078,42.7,29.6,29.6,42.8,1.7,42.2,2.5,39.9,38.7,8.4129
2020/6/10 13:00,779.9,2896170.3,434.8,615.594,35,42,42,47.4,1.6,46.8,2.3,44.6,43.5,10.2368751
2020/6/10 14:00,703.9,2679859.9,408.9,558.31,34.2,42.9,42.9,42.7,1.5,42.2,2.2,40.4,39.5,8.483600099999999
2020/6/10 15:00,601,2355767.1,355.7,504.358,26.9,55.2,55.2,37,1.2,36.8,1.7,36.3,36.2,6.53459985
2020/6/10 16:00,479.2,1948594.4,238.3,417.98,16.3,72.8,72.8,40.1,1.4,39.8,2,38.6,38,3.378087525
2020/6/10 17:00,348.4,1490700.6,150,309.988,20.2,66.3,66.3,49.3,1.6,48.4,2.3,45.7,44.2,1.5043999949999998
2020/6/10 18:00,220.7,1021573,100.6,217.263,38.1,36.5,36.5,59,1.6,57.7,2.3,53.5,51,0.58958751
2020/6/10 19:00,110.7,588805.4,56.4,140.766,39.8,33.6,33.6,69.1,2.3,68.2,3.3,65.2,63.5,0.32337499499999994
2020/6/10 20:00,36.6,251557.3,18.2,72.947,47.2,21.3,21.3,76,2.1,75.1,3,72,70.2,0.135700005
2020/6/10 21:00,3.4,64152.9,1.1,22.917,55.7,46.6,26.9,82.7,1.9,81.7,2.7,78.3,76.3,0.004850009999999999
2020/6/10 22:00,0,955,0,2.31,26.2,80.7,42,89.1,1.9,87.7,2.7,83.2,80.7,0
2020/6/10 23:00,0,0,0,0,0,60.2,30.6,92.8,1.6,91.3,2.3,86.4,83.7,0
2020/6/11 0:00,0,0,0,0,0,49.4,25.2,94.5,1.3,92.8,1.9,87.5,84.4,0
2020/6/11 1:00,0,0,0,0,0,23.7,11.9,93.7,1,92.2,1.5,87.3,84.6,0.0055249949999999996
2020/6/11 2:00,14.6,15063.8,4.9,7.804,52,30.1,15,93.3,0.9,91.8,1.3,87.1,84.3,0.1148625
2020/6/11 3:00,62.5,125488.8,35.9,41.912,60,0.4,0.2,91.6,0.6,90.3,0.9,86.1,83.6,0.273775005
2020/6/11 4:00,153.9,378278.5,106.5,112.134,60,5.2,2.6,86,0.1,85.5,0.2,83.8,82.8,0.49663750500000003
2020/6/11 5:00,273.3,763316.8,199,208.599,60,13.6,6.8,80.8,0.5,81,0.7,81.5,81.9,1.7725249950000002
2020/6/11 6:00,403.8,1217447.9,304.3,318.387,59.6,8.4,4.6,74.6,0.9,74.6,1.2,74.7,74.7,4.44812505
2020/6/11 7:00,532.1,1686998.4,412.7,432.817,60,0,0,65.4,0.9,65.2,1.3,64.3,63.8,7.06503735
2020/6/11 8:00,647.1,2128120.6,510.6,541.289,60,0,0,51.4,0.9,51.5,1.4,51.9,52.1,9.009824700000001
2020/6/11 9:00,739.7,2504324.1,589.8,633.942,60,0,0,41.7,0.8,42.2,1.1,43.8,44.8,10.3014999
2020/6/11 10:00,802.8,2786339.5,643.8,703.55,60,0,0,41.5,0.7,42.1,1.1,44,45.2,11.0174748
2020/6/11 11:00,831.7,2952909.3,669,744.799,60,0,0,43,0.8,43.6,1.2,45.7,47,11.249837699999999
2020/6/11 12:00,824.2,2991675.8,665.4,755.592,60,0,0,45.5,1.1,45.9,1.6,47.2,48,11.009125200000001
2020/6/11 13:00,781,2899781.7,631.5,735.333,60,0,0,47.8,1.7,47.5,2.4,46.5,45.9,10.1210874
2020/6/11 14:00,705.1,2684015.9,567.9,684,60,0,0,47,2.4,46.6,3.5,45.4,44.7,8.5781001
2020/6/11 15:00,602.4,2360470.4,482.3,605.872,60,0,0,45.3,2.8,44.9,4,43.5,42.6,6.6217374
2020/6/11 16:00,480.7,1953791.8,382.3,508.117,60,0,0,46.6,2.7,46,3.9,43.9,42.7,4.07791245
2020/6/11 17:00,350,1496267.8,274.1,397.493,60,0,0,51,2.4,50.3,3.4,47.9,46.4,1.5666749999999998
2020/6/11 18:00,222.3,1027277.1,170.3,283.222,60,0,0,58.4,1.8,57.7,2.6,55.2,53.7,0.42622499999999997
2020/6/11 19:00,112.1,594203,82.4,176.117,60,0,0,65.5,1.7,64.5,2.4,61.1,59.2,0.250425
2020/6/11 20:00,37.4,255764.8,23.5,86.111,60,0,0,75.7,1.5,74,2.2,68.3,65.1,0.07988749499999999
2020/6/11 21:00,4,66501.2,1.7,26.108,60,0,0,83.7,1.5,81,2.1,72.5,67.9,0.000375
2020/6/11 22:00,0,1111.2,0,2.784,29,0,0,90.1,0.9,86.8,1.3,76.2,70.6,0
2020/6/11 23:00,0,0,0,0,0,0,0,94.3,0.3,90.7,0.4,79.5,73.5,0
2020/6/12 0:00,0,0,0,0,0,0,0,89.5,0.5,86.9,0.7,78.6,74,0
2020/6/12 1:00,0,0,0,0,0,17.1,8.5,84.1,0.8,81.9,1.2,74.9,70.8,0.00673749
2020/6/12 2:00,15,15771.5,6.8,8.626,54,1.1,0.5,84.1,1.1,82.1,1.6,75.6,71.9,0.11797498499999998
2020/6/12 3:00,63,127135.3,42.5,45.357,60,0,0,83.7,1.1,82.2,1.5,77.3,74.5,0.273724995
2020/6/12 4:00,154.6,380561.1,116.4,118.849,60,0,0,79.8,1,79.3,1.5,77.6,76.5,0.48540001499999996
2020/6/12 5:00,273.9,765632.6,214.5,218.845,60,2,1,75,1.1,75.5,1.6,76.9,77.8,1.81842498
2020/6/12 6:00,404.3,1219575.6,324.7,332.6,60,0,0,71.1,1.4,71.6,2,73.4,74.5,4.550549999999999
2020/6/12 7:00,532.6,1688941.1,435,450.029,60,0,0,65,1.7,65.4,2.5,66.7,67.4,7.14936255
2020/6/12 8:00,647.7,2129970.7,533.1,559.954,60,0,0,60.1,1.9,60.2,2.8,60.4,60.5,9.0141126
2020/6/12 9:00,740.3,2506209.9,611.2,652.481,60,0.3,0.1,55.3,2.1,55.1,3,54.2,53.6,10.3246749
2020/6/12 10:00,803.4,2788399.2,661.6,720.106,60,29.1,14.5,52.1,2.1,51.5,3,49.6,48.5,11.1004626
2020/6/12 11:00,832.4,2955273.8,683.1,758.208,60,16.4,8.2,47.7,2.1,47,3,44.7,43.3,11.0279127
2020/6/12 12:00,825.1,2994456,672.3,765.325,60,17.8,8.9,43.8,2.2,42.9,3.1,40.2,38.6,10.5174
2020/6/12 13:00,782,2903058.7,609.2,737.523,60,90.4,45.2,41.1,2.3,40,3.3,36.5,34.5,9.3001875
2020/6/12 14:00,706.3,2687832.1,506.9,673.374,60,79.6,39.8,38.1,2.5,36.8,3.7,32.5,30.1,8.2939374
2020/6/12 15:00,603.7,2364822.5,425.3,587.532,60,90.1,45.1,36.6,2.9,35.2,4.1,30.6,28.1,6.17470005
2020/6/12 16:00,482.1,1958622.9,344.8,491.792,60,97.4,48.7,38,2.9,36.5,4.1,31.6,29,3.9219874499999996
2020/6/12 17:00,351.5,1501453.6,251.6,386.164,60,76,38,42.4,2.6,40.5,3.8,34.7,31.5,1.543324995
2020/6/12 18:00,223.8,1032592.6,123.2,268.49,60,90.8,45.4,49.5,2.3,47.1,3.4,39.6,35.5,0.413074995
2020/6/12 19:00,113.4,599231.7,37.3,155.486,60,95,47.5,48.3,1.6,46,2.3,38.9,34.9,0.21995000999999997
2020/6/12 20:00,38.3,259691.9,8.4,72.607,60,91.4,45.7,56.2,1.4,53.1,2,43.4,38.1,0.05630001
2020/6/12 21:00,4.5,68688,0.8,23.041,60,60.7,30.3,65.1,1.3,61.3,1.9,49.8,43.4,0.000362505
2020/6/12 22:00,0,1254.9,0,2.944,30,26.3,13.1,71,1.3,67,1.9,54.9,48.1,0
2020/6/12 23:00,0,0,0,0,0,22.9,11.4,69.5,1.2,65.8,1.7,54.5,48.3,0
2020/6/13 0:00,0,0,0,0,0,5.6,2.8,61.3,1.2,58.8,1.7,51,46.4,0
2020/6/13 1:00,0,0,0,0,0,21.4,10.7,55.7,1.8,54,2.5,48.8,45.8,0.007000004999999985
2020/6/13 2:00,15.3,16384.1,5.3,8.333,55,94,47,56.7,1.8,55.1,2.5,49.7,46.6,0.126199995
2020/6/13 3:00,63.5,128545.3,35.3,43.314,60,40.7,20.3,56.2,1.8,54.5,2.6,49.2,46.2,0.31785
2020/6/13 4:00,155.1,382468,101.9,113.493,60,79.2,39.6,53,1.7,51.8,2.4,48,45.8,0.7151750099999999
2020/6/13 5:00,274.4,767519.6,175.2,206.046,60,75,37.5,51.5,1.8,50.4,2.6,46.9,44.7,2.1346624949999997
2020/6/13 6:00,404.8,1221269.6,234.1,303.536,60,88.7,44.3,48.8,2.1,47.8,3,44.6,42.7,3.2288125500000002
2020/6/13 7:00,533,1690464.1,308.8,403.876,60,94.3,47.2,44.3,2.2,43.4,3.1,40.5,38.9,3.7568249249999996
2020/6/13 8:00,648.1,2131422.2,427.7,512.871,60,92.2,46.1,39,2.2,38.3,3.2,36,34.7,5.41236255
2020/6/13 9:00,740.7,2507719.2,514.7,613.82,60,94.5,47.3,33.8,2,33.3,2.9,31.6,30.7,5.6127876
2020/6/13 10:00,804,2790101.5,515.2,677.333,60,96.9,48.4,28,1.4,27.9,2.1,27.5,27.3,6.43006245
2020/6/13 11:00,833,2957295,494.8,701.981,60,98.5,49.3,28.2,1.3,27.8,1.9,26.4,25.6,7.07395005
2020/6/13 12:00,825.8,2996900.8,478.7,700.298,60,98.4,49.2,30.6,1.6,29.7,2.2,26.8,25.2,6.9534249
2020/6/13 13:00,782.8,2906000.9,354.3,652.105,60,99.2,49.6,35.5,1.8,34.8,2.6,32.2,30.8,6.355437449999999
2020/6/13 14:00,707.3,2691307.3,297.3,574.344,60,94.7,47.4,38.6,2.2,37.6,3.1,34.6,32.9,8.7324249
2020/6/13 15:00,604.8,2368821.6,317.9,515.249,60,73.6,36.8,41.6,2.4,40.7,3.5,37.8,36.2,6.575912550000001
2020/6/13 16:00,483.4,1963085.2,323.5,461.774,60,9.2,4.6,39.3,1.9,38.9,2.7,37.6,36.8,3.74353755
2020/6/13 17:00,352.8,1506254.8,273.9,385.815,60,6.9,3.5,37.9,1.5,37.8,2.1,37.6,37.4,1.7477999999999998
2020/6/13 18:00,225.1,1037515.9,172.5,284.152,60,3,1.5,42.8,1.2,42.5,1.7,41.4,40.6,0.43838751000000004
2020/6/13 19:00,114.6,603886.2,83.6,177.016,60,0,0,53,1.4,51.5,2,46.5,43.2,0.24662499
2020/6/13 20:00,39,263329.9,24.3,86.842,60,0,0,63.4,1.3,60.8,1.9,52.5,47.5,0.057162495
2020/6/13 21:00,5,70708.1,2.2,27.186,60,2.8,1.4,71.1,2,68.3,2.9,59.7,54.4,0
2020/6/13 22:00,0,1386.2,0,3.432,32,0,0,79.7,1.7,76.5,2.5,66.5,60.2,0
2020/6/13 23:00,0,0,0,0,0,2.1,1,81.8,1.5,79,2.2,70.1,64.3,0
2020/6/14 0:00,0,0,0,0,0,0,0,84.3,1.3,81.5,1.8,72.4,66.7,0
2020/6/14 1:00,0,0,0,0,0,0,0,86.4,0.9,83.2,1.2,73.2,67.3,0.006400005
2020/6/14 2:00,15.5,16901.3,6.5,8.473,56,0.1,0,86.7,0.7,83.5,1.1,73.5,67.2,0.12181249499999999
2020/6/14 3:00,63.9,129715.6,39.5,43.764,59.9,23.5,11.8,84.2,0.7,81.5,1,72.8,67.1,0.32763749999999997
2020/6/14 4:00,155.6,383998.7,109.9,114.298,60,17.6,8.8,75.2,0.3,73.7,0.4,68.9,65.2,0.6746000099999999
2020/6/14 5:00,274.8,768979.3,205,211.06,60,5.7,2.8,64.8,0.3,64.6,0.4,64.1,62.9,1.8468250199999998
2020/6/14 6:00,405.1,1222532.1,307.4,320.328,60,21.5,10.7,56.3,0.3,56.5,0.5,57.4,57.1,4.4408625
2020/6/14 7:00,533.3,1691570.1,407,431.258,60,40,20,49.3,0.5,49.8,0.8,51.4,52.1,6.21537495
2020/6/14 8:00,648.4,2132477.8,500.8,535.939,60,35.4,17.7,44.2,0.6,44.6,0.8,46,46.8,8.76435
2020/6/14 9:00,741.1,2508854.1,562.8,623.778,59.9,39.1,19.6,40.5,0.8,40.9,1.2,42,42.8,9.776924999999999
2020/6/14 10:00,804.4,2791448.2,595.9,686.125,59.9,54.3,27.2,40.7,1.3,40.7,1.8,40.5,40.4,10.471575
2020/6/14 11:00,833.6,2958974.1,639.2,726.83,60,28,14,40.5,1.7,40.1,2.5,38.8,38.1,10.8412749
2020/6/14 12:00,826.5,2999010.5,652.7,744.009,58.9,2.6,2.2,40.5,2.1,39.8,3,37.5,36.4,10.429199999999998
2020/6/14 13:00,783.6,2908608.1,603.8,723.139,59.5,30,15.4,31.3,1.4,31.4,2,31.7,32.1,9.6206376
2020/6/14 14:00,708.2,2694440.6,535.8,666.469,59.7,34.3,17.4,36.5,2,35.9,2.8,33.9,33.3,8.4011499
2020/6/14 15:00,605.9,2372466,459,588.833,59.5,33.9,17.4,41,3.4,40.2,4.8,37.8,36.8,5.400812549999999
2020/6/14 16:00,484.6,1967176.2,358.3,493.237,57.5,31.4,17.8,42.7,3.4,42,4.9,39.5,38.3,3.3628000499999997
2020/6/14 17:00,354.1,1510668.4,229.1,377.108,54.7,38.1,23.5,46.5,2.5,45.4,3.5,42,40.1,1.170550005
2020/6/14 18:00,226.4,1042043.1,94.1,243.42,13.8,98.5,87.7,52.3,2.9,51.5,4.2,48.9,47.1,0.48466251
2020/6/14 19:00,115.7,608161.7,30.4,128.901,3.5,94.2,94.2,56.4,2.7,55.7,3.8,53.2,51.5,0.104125005
2020/6/14 20:00,39.8,266671,10.8,60.284,15.7,75.1,74.6,62.2,2.4,61.6,3.4,59.5,57.9,0.007512494999999999
2020/6/14 21:00,5.4,72556.6,0.9,21.178,4.1,93.5,93.5,67.9,1.8,67.2,2.5,64.5,62.6,0
2020/6/14 22:00,0,1504.8,0,3.266,8.7,76.4,76.1,71,1.4,70.2,2,67.4,65.4,0
2020/6/14 23:00,0,0,0,0,0,91.4,90.9,73.4,1.5,72.5,2.1,69.4,67.1,0
2020/6/15 0:00,0,0,0,0,0,92.3,86.4,77.5,1,76.3,1.4,72.1,68.9,0
2020/6/15 1:00,0,0,0,0,0,99.8,98.8,80.4,0.7,79.5,1,76.5,74,0.0028250099999999998
2020/6/15 2:00,15.7,17323.3,0.2,2.317,3.1,99.7,97.1,81,0.7,80.4,1,78.1,76.2,0.036449999999999996
2020/6/15 3:00,64.2,130643.3,0.8,10.191,0.1,100,99.9,82.6,0.4,82.2,0.6,80.6,79.1,0.343337505
2020/6/15 4:00,155.9,385152.9,0.2,19.779,0,100,100,88,0.2,87.2,0.3,84.7,82.7,0.7136250000000001
2020/6/15 5:00,275,770013.3,0.5,32.395,0,100,100,90.4,0.3,89.9,0.4,88,86.5,1.4618500049999998
2020/6/15 6:00,405.3,1223365.3,2.6,61.164,0,100,100,89.1,0.4,89.2,0.6,89.4,89.2,2.0671250249999997
2020/6/15 7:00,533.5,1692261.7,8.9,103.176,0.4,99.7,99.6,85.1,0.5,85.4,0.7,86.4,86.7,1.7696125200000001
2020/6/15 8:00,648.6,2133140,90.6,193.392,5.9,94.5,94.5,82.2,0.3,82.5,0.4,83.7,84.1,2.02258755
2020/6/15 9:00,741.3,2509617.1,177.8,335.449,4.1,98.6,98.6,73.6,0.6,74.1,0.8,76,77.6,1.824250035
2020/6/15 10:00,804.7,2792441.2,142.2,407.374,6.5,98,98,69.1,0.6,69.6,0.9,71.5,73.2,2.8208874749999997
2020/6/15 11:00,834,2960312.5,141.7,416.043,0.8,98.9,98.9,64.8,0.8,65.2,1.2,66.6,68.1,3.419487525
2020/6/15 12:00,827,3000785.9,119.8,408.125,6.2,90.5,90.5,65.1,1.3,65.1,1.8,65.2,65.9,3.10605
2020/6/15 13:00,784.3,2910879.9,113.2,380.383,2.2,96.5,96.5,70.5,1.3,70.4,1.8,70.1,70.5,3.5285249249999997
2020/6/15 14:00,709.1,2697230.8,118.1,369.113,6.3,89.6,89.6,67.1,1.6,66.9,2.2,66.2,66.4,3.274949925
2020/6/15 15:00,606.9,2375753.7,107.9,340.934,5.6,90.7,90.7,66.8,1.6,66.5,2.3,65.7,65.9,2.60344995
2020/6/15 16:00,485.6,1970893.3,141.2,304.049,29,52,52,65.7,1.6,65.4,2.2,64.3,64.4,2.1392624999999996
2020/6/15 17:00,355.2,1514691.3,141.7,274.665,42,30.5,30.5,66.3,1.7,65.8,2.5,64.3,64.1,1.1278874999999997
2020/6/15 18:00,227.5,1046170.7,115.9,223.575,53.1,11.5,11.5,68.8,1.7,68.3,2.4,66.5,66.1,0.83153751
2020/6/15 19:00,116.7,612053.6,64.9,151.106,47.7,20.5,20.5,75.6,1.5,75.3,2.1,74.2,74,0.35857500000000003
2020/6/15 20:00,40.4,269708.2,18.5,76.727,44.7,25.5,25.5,79.8,1.1,79.4,1.6,77.9,77.2,0.13039999500000002
2020/6/15 21:00,5.8,74228.7,1.6,25.024,45.4,24.4,24.4,85.3,1,84.4,1.4,81.3,79.6,0.00041249999999999994
2020/6/15 22:00,0,1635,0,3.752,28.5,16.1,16.1,90.7,1,89.5,1.5,85.3,82.9,0
2020/6/15 23:00,0,0,0,0,0,11.1,11.1,94.9,1,93.5,1.4,88.9,86,0
2020/6/16 0:00,0,0,0,0,0,7,7,96.9,0.8,95.7,1.2,91.5,88.8,0
2020/6/16 1:00,0,0,0,0,0,2.5,2.5,96.7,0.3,95.6,0.5,92.1,89.8,0.006949994999999984
2020/6/16 2:00,15.9,17650,6.1,8.586,53.8,5.7,5.7,96.2,0.2,95.2,0.3,91.8,89.5,0.128149995
2020/6/16 3:00,64.5,131326.5,38.1,43.668,60,0,0,94.3,0.3,93.5,0.4,91.1,89.3,0.308299995
2020/6/16 4:00,156.1,385931.1,107.8,113.557,60,0,0,88.8,0.6,88.7,0.8,88.6,88,1.026812505
2020/6/16 5:00,275.2,770623.5,202.8,209.918,60,0,0,82.4,1,82.7,1.4,83.6,83.6,1.811737455
2020/6/16 6:00,405.4,1223772,309.1,319.719,60,0,0,75.9,1.4,76.1,2,76.8,76.9,4.2445251
2020/6/16 7:00,533.6,1692541.7,414,432.073,60,0,0,70.2,1.8,70.3,2.6,70.6,70.9,6.75906255
2020/6/16 8:00,648.6,2133411.5,508.4,537.978,60,0,0,64.3,2.2,64.2,3.1,64.1,64.7,8.593625099999999
2020/6/16 9:00,741.4,2510010.4,587.6,629.888,60,0,0,59.4,2.3,59.2,3.2,58.6,59.3,9.912012599999999
2020/6/16 10:00,804.9,2793082.3,643.7,699.934,60,0,0,55.2,2.3,54.8,3.3,53.7,54.2,10.6703751
2020/6/16 11:00,834.3,2961311.4,672.2,742.66,60,0,0,52.1,2.4,51.6,3.4,50,50.2,10.7752875
2020/6/16 12:00,827.5,3002227.2,667.5,754.113,59.8,0.3,0.3,49.5,2.2,49.1,3.2,47.5,47.6,10.332524999999999
2020/6/16 13:00,785,2912816.2,627.8,731.505,60,0,0,46.1,1.9,45.8,2.8,44.7,44.7,9.4117374
2020/6/16 14:00,709.8,2699676.9,562.5,678.576,59.8,0.3,0.3,38.5,1.5,38.5,2.2,38.9,39.7,8.1063249
2020/6/16 15:00,607.8,2378683,480.2,601.439,59.8,0.3,0.3,39.3,1.6,39.2,2.3,38.8,39.2,6.213299999999999
2020/6/16 16:00,486.6,1974234.2,382.5,505.463,60,0,0,48.5,2.3,47.8,3.3,45.5,44.5,3.8703625499999994
2020/6/16 17:00,356.3,1518320.6,273.7,396.285,60,0,0,56.2,2.5,55.5,3.5,53.2,51.4,1.551512505
2020/6/16 18:00,228.5,1049895.2,168.9,282.308,60,0,0,61.2,2,60.9,2.8,59.1,57,0.45257499
2020/6/16 19:00,117.6,615557.4,82,175.594,60,0,0,67.1,2,66.6,2.9,64.3,61.2,0.261675
2020/6/16 20:00,41,272434.8,23.7,86.788,59.6,2.9,1.7,73.7,1.9,73.1,2.8,70.6,67.1,0.08908749
2020/6/16 21:00,6.1,75719.6,2.3,28.128,59.7,12.9,6.8,80.4,1.8,79.8,2.6,77.1,73.2,0.000625005
2020/6/16 22:00,0,2147.9,0,4.139,34.8,39.7,20.3,85.9,1.6,85.3,2.4,82.1,77.7,0
2020/6/16 23:00,0,0,0,0,0,71.9,36.7,89.2,1.3,88.6,1.9,85.7,81.2,0
2020/6/17 0:00,0,0,0,0,0,41,21,92.3,1.1,91.5,1.6,87.8,83,0
2020/6/17 1:00,0,0,0,0,0,76.3,38.4,93.6,0.8,92.7,1.2,88.5,83.6,0.010362509999999986
2020/6/17 2:00,16,17881.5,5.9,8.622,56.8,77.1,38.8,93.7,0.8,92.7,1.1,88.7,84.2,0.16949999999999998
2020/6/17 3:00,64.6,131764.1,37.2,43.4,59.8,48.1,24.3,90.9,0.6,90.2,0.8,87.3,83.5,0.3948375
2020/6/17 4:00,156.2,386334.1,103.7,111.962,59.8,62.2,31.3,83.7,0,83.7,0.1,82.8,80.5,0.57437499
2020/6/17 5:00,275.2,770811.9,192.4,205.641,59.9,82.3,41.3,76.1,0.3,76.3,0.4,76.3,74.8,1.7280125249999998
2020/6/17 6:00,405.4,1223754.7,283.3,310.615,59.9,86.4,43.3,69.1,0.4,69.4,0.6,69.7,68.6,4.185125025
2020/6/17 7:00,533.5,1692412.7,359.5,414.841,60,90.5,45.3,66.7,1.1,66.6,1.6,65.9,64.6,6.6254500499999995
2020/6/17 8:00,648.6,2133294.9,446.2,514.401,60,92.6,46.3,62.1,1.3,62,1.9,61.2,60,8.436099899999999
2020/6/17 9:00,741.5,2510036.5,515.2,602.426,60,94.1,47.1,55.2,1.4,55.2,2,54.9,54.4,9.701649899999998
2020/6/17 10:00,805,2793373.4,543.7,660.758,60,95.4,47.7,45.8,1.2,46.1,1.8,47.1,47.8,10.2755376
2020/6/17 11:00,834.6,2961971.8,580.6,692.252,59.5,94.6,47.7,40.1,1.1,40.4,1.6,41.6,43,10.6917501
2020/6/17 12:00,827.9,3003334.9,582.3,703.74,55,94.9,51.6,41.6,1.6,41.4,2.3,41.5,42.2,10.539550199999999
2020/6/17 13:00,785.5,2914416.5,537.6,682.17,53,93.9,52.8,47.3,2.3,46.7,3.3,45.4,45.3,9.5775
2020/6/17 14:00,710.5,2701777.7,480.1,627.756,52.7,78.7,46.1,50,2.9,49.3,4.2,47.6,47.3,8.0332626
2020/6/17 15:00,608.5,2381252.1,401.7,550.257,53,59.8,36.2,51,3.2,50.5,4.6,49.3,49.1,6.323487449999999
2020/6/17 16:00,487.5,1977196.5,327.9,462.057,53.1,45.8,28.9,53.3,3.1,52.9,4.5,52,51.9,3.8495498999999995
2020/6/17 17:00,357.2,1521553.4,240.1,366.621,52.9,46.8,29.6,57.5,3,57.1,4.3,55.9,55.4,1.75257501
2020/6/17 18:00,229.4,1053213.3,145.2,261.051,53.6,44.9,27.8,62.8,2.7,62.4,3.9,60.5,59.1,0.8126625
2020/6/17 19:00,118.4,618669.2,69.8,161.085,52.1,39.2,26.1,65.7,2.4,65.3,3.5,63,60.7,0.5048124900000001
2020/6/17 20:00,41.5,274844.9,19.9,80.242,53.2,37.8,24.7,71.3,2.5,71,3.6,69,66.6,0.17570001
2020/6/17 21:00,6.4,77025.3,2,26.721,53.8,32.7,21.7,74.7,2.6,74.6,3.7,72.7,69.9,0.008275005
2020/6/17 22:00,0,2589.3,0,4.209,32.5,28.8,19.4,77.8,2.5,77.7,3.6,75.8,72.6,0
2020/6/17 23:00,0,0,0,0,0,35,21.5,79.7,2.3,79.5,3.2,77.7,74.6,0
2020/6/18 0:00,0,0,0,0,0,43.1,24.8,81.1,2,81.1,2.9,79.6,76.9,0
2020/6/18 1:00,0,0,0,0,0,59.6,32.8,85,1.9,84.9,2.7,83.4,80.6,0.00034999499999999997
2020/6/18 2:00,16.1,18018,5.1,8.109,54.5,60.4,33.4,85.2,1.9,85.2,2.7,83.9,80.8,0.09617499
2020/6/18 3:00,64.6,131955.6,34,40.923,56.1,39.1,23.1,84,2,84.1,2.8,83,79.9,0.34751249999999995
2020/6/18 4:00,156.1,386363.4,100.5,107.29,56.4,6.9,6.8,77.2,2.1,77.4,3,76.7,74.4,0.55370001
2020/6/18 5:00,275.1,770581.1,187.5,199.377,57.5,6,5.4,69.4,2,69.4,2.9,68.8,67.1,1.70491248
2020/6/18 6:00,405.2,1223316.2,288.1,305.226,58.2,22.1,12.5,62.5,2.1,62.5,3.1,61.8,60.8,4.204100025
2020/6/18 7:00,533.4,1691877.9,394.4,417.545,58.1,37.1,20.2,56.4,2.4,56.3,3.5,55.8,55.1,6.6964251
2020/6/18 8:00,648.5,2132793.1,491.6,525.624,58.1,14.8,9,52.5,2.7,52.4,3.9,51.9,51.3,8.615775
2020/6/18 9:00,741.4,2509697.6,569.1,617.201,58.6,2.4,2.4,49.1,2.7,49,3.8,48.4,48,9.939862499999998
2020/6/18 10:00,805.1,2793316.3,623.4,686.261,58.8,33.5,17.8,46.4,2.8,46.3,4,45.7,45.4,10.7285499
2020/6/18 11:00,834.7,2962295,654.1,730.305,59.1,67.8,34.7,44.6,3.1,44.4,4.5,43.7,43.5,10.983749999999999
2020/6/18 12:00,828.2,3004109.5,644.1,740.923,59.4,1,1,42.6,3.5,42.6,5,42.2,42,10.691312400000001
2020/6/18 13:00,785.9,2915680.5,611,718.795,59.7,0.5,0.5,41.3,3.5,41.1,5.1,40.5,39.6,9.778625100000001
2020/6/18 14:00,711,2703532.1,563.2,673.735,60,0,0,43,4.1,42.7,5.8,41.5,39.5,8.331174899999999
2020/6/18 15:00,609.2,2383459.1,481.9,602.539,60,0,0,41.4,3.7,41,5.4,39.4,37.1,6.41107515
2020/6/18 16:00,488.2,1979777.8,380.9,506.076,60,0,0,43.3,3.1,42.8,4.5,41,38.5,4.000087499999999
2020/6/18 17:00,358,1524386.8,273.2,396.043,60,0,0,48.9,2.8,48.4,4,46.5,44.2,1.597312515
2020/6/18 18:00,230.2,1056121.7,171.4,283.406,60,0,0,55.9,2.6,55.4,3.8,53.6,51.3,0.45132500999999997
2020/6/18 19:00,119.1,621385.1,84.6,178.034,60,0,0,56.9,2.3,56.5,3.4,55.1,52.7,0.25943749499999996
2020/6/18 20:00,41.9,276933,25.3,88.999,60,0,0,66.9,2.1,66.5,3,65.2,61.9,0.09046249499999999
2020/6/18 21:00,6.6,78141.6,2.7,29.422,60,8.5,4.2,75.8,1.9,75.3,2.8,73.8,70.3,0.001024995
2020/6/18 22:00,0,2959.1,0,4.534,37,46.5,23.3,85,1.5,84.3,2.1,82,78.1,0
2020/6/18 23:00,0,0,0,0,0,72.3,36.2,89.9,0.8,88.9,1.2,85.4,80.7,0
2020/6/19 0:00,0,0,0,0,0,52.3,26.2,88.6,0.2,87.4,0.3,83.6,78.6,0
2020/6/19 1:00,0,0,0,0,0,0,0,93,0.3,91.4,0.4,86,81.3,0.0049875
2020/6/19 2:00,16.1,18059.6,6.6,8.789,58,0,0,92.8,0.8,91.6,1.2,87.6,83.4,0.12426250499999998
2020/6/19 3:00,64.6,131901.5,39.9,44.35,60,0,0,85.4,1.4,85,2,83.6,80.9,0.262512495
2020/6/19 4:00,156,386020.7,110.1,114.677,60,0,0,77.8,1.6,77.9,2.3,78.1,76.3,0.44971251
2020/6/19 5:00,274.9,769933.6,204.2,210.958,59.9,0.1,0.1,71.9,1.6,72,2.3,72.4,71.1,1.68587499
2020/6/19 6:00,405,1222459.5,310,320.805,60,0,0,66.5,1.6,66.6,2.3,67,65.7,4.3441626
2020/6/19 7:00,533.1,1690940,416.9,434.578,59.9,0.1,0.1,60.4,1.6,60.4,2.2,60.5,59.5,6.9139125
2020/6/19 8:00,648.3,2131908.8,514.6,542.49,59.9,0.1,0.1,55.2,1.7,55,2.4,54,52.8,8.7529251
2020/6/19 9:00,741.3,2508996.3,594.9,635.555,60,0,0,48.9,1.7,48.3,2.4,46.5,45,10.1247999
2020/6/19 10:00,805,2792912.8,651.3,706.546,60,0,0,42.7,1.7,42,2.5,39.6,38.2,10.8972
2020/6/19 11:00,834.8,2962282.2,678.9,749.913,60,0,0,37.9,1.8,37.2,2.6,34.5,33.2,11.1203001
2020/6/19 12:00,828.3,3004551.4,679.2,763.754,60,0,0,35.1,1.8,34.2,2.6,31.5,30.2,10.7830125
2020/6/19 13:00,786.2,2916607.7,647,746.45,60,0,0,32.9,2.1,31.9,3,28.6,27,9.8188872
2020/6/19 14:00,711.5,2704939.1,581.9,695.657,60,0,0,31.7,1.9,30.8,2.8,27.8,26.6,8.3961999
2020/6/19 15:00,609.8,2385302.4,493.7,615.924,60,0,0,31,1.9,30.3,2.7,27.7,26.9,6.4200250500000005
2020/6/19 16:00,488.9,1981975.8,390.2,515.847,60,0,0,31.5,1.9,30.7,2.7,28.2,27.6,4.01918745
2020/6/19 17:00,358.7,1526818.2,281.4,403.858,60,5.5,2.7,33.4,2,32.4,2.9,29.5,28.6,1.573862505
2020/6/19 18:00,230.9,1058617.5,179.1,290.152,60,0,0,36.7,2.1,35.6,3,32.3,30.8,0.399187485
2020/6/19 19:00,119.7,623701.5,89.4,183.441,60,7.6,3.8,34.9,1.2,34.3,1.8,32.2,31.1,0.244349985
2020/6/19 20:00,42.3,278694.5,26.6,92.074,60,54.2,27.1,40.5,1.1,39.6,1.6,36.4,34.3,0.0840375
2020/6/19 21:00,6.8,79065.2,2.6,30.484,60,85.7,42.9,51,1.4,49.3,1.9,43.7,39.7,0.001037505
2020/6/19 22:00,0,3256.9,0,4.719,37,97.8,48.9,60.3,1.4,58.1,2.1,50.7,45.3,0
2020/6/19 23:00,0,0,0,0,0,99.2,49.6,68.6,1.4,66.4,2,58.5,52.3,0
2020/6/20 0:00,0,0,0,0,0,97.7,48.8,73.5,1.3,71.8,1.9,65.2,59.1,0
2020/6/20 1:00,0,0,0,0,0,74,37,80.1,1,78.2,1.4,71.2,64.4,0.004137509999999985
2020/6/20 2:00,16,18006.8,5.8,8.778,58,72.8,36.4,82.2,0.9,80.6,1.3,74.4,67.6,0.12366248999999999
2020/6/20 3:00,64.4,131602.8,36.6,43.925,60,71.9,35.9,82.8,0.8,81.1,1.1,74.7,67.7,0.282375
2020/6/20 4:00,155.7,385308.2,98.4,111.869,60,73.8,36.9,78.3,0.8,76.5,1.2,69.8,63.4,0.47948751
2020/6/20 5:00,274.5,768872.1,181.3,203.824,60,80,40,66.4,0.9,65.2,1.3,61,56.8,1.6410124949999998
2020/6/20 6:00,404.6,1221187.6,270,307.541,60,68.8,34.4,55.5,1.1,54.7,1.5,51.9,49.4,4.136924925
2020/6/20 7:00,532.8,1689602.2,362.3,413.847,60,78.1,39.1,43.1,1.2,42.9,1.7,42.2,41.9,6.51261255
2020/6/20 8:00,647.9,2130644.9,469.5,519.941,60,85.9,43,36.6,1.5,36.4,2.1,35.7,36.1,8.3455125
2020/6/20 9:00,741,2507934.9,548.3,612.853,52.2,84.5,48.7,33.2,1.9,32.9,2.7,31.6,31.5,9.7115751
2020/6/20 10:00,804.9,2792164.9,570.4,670.034,50.1,64.2,40.4,31.6,2.3,30.9,3.3,28.6,27.9,10.4510499
2020/6/20 11:00,834.7,2961934.5,601.4,700.603,52.3,57.5,35.1,29.2,2.3,28.4,3.3,25.8,24.9,10.4797251
2020/6/20 12:00,828.4,3004661,615.3,712.99,53.8,63.9,37.1,27.8,2.3,27,3.4,24.2,23.2,9.8880249
2020/6/20 13:00,786.4,2917197.9,562.2,694.068,52.6,82.6,47.5,26.2,1.9,25.7,2.8,23.9,23.4,8.3729376
2020/6/20 14:00,711.8,2705997.4,458.6,630.46,50.6,79.9,47.7,26,1.9,25.4,2.8,23.4,22.7,5.68717485
2020/6/20 15:00,610.2,2386780.1,354.1,529.794,49.9,92,54.5,28.7,2.2,27.7,3.2,24.6,23.3,4.75789995
2020/6/20 16:00,489.4,1983788.2,273.3,433.514,46.2,95.6,59.3,28.4,2.4,27.3,3.4,23.8,22.3,3.53301255
2020/6/20 17:00,359.3,1528845,215.7,351.722,37.6,74.5,55.9,29.1,2.3,28.2,3.3,25.3,23.9,1.584499995
2020/6/20 18:00,231.5,1060697.7,150,264.675,58.1,81.1,42.1,34.5,2.5,33.3,3.6,29.5,27.6,0.91378749
2020/6/20 19:00,120.2,625615.4,68.7,170.033,59.2,90.3,45.8,37.9,1.7,36.9,2.4,33.7,32,0.42928748999999994
2020/6/20 20:00,42.6,280125.1,19.2,84.859,59.2,77.8,39.6,42.9,1.5,41.5,2.2,37,34.4,0.16042499999999998
2020/6/20 21:00,7,79793,1.9,28.496,58.3,65.8,34.3,48.9,1.6,47.1,2.3,41.5,38,0.0053500050000000006
2020/6/20 22:00,0,3482.6,0,4.503,36.2,33.1,18.9,51.7,1.7,50,2.4,44.3,40.6,0
2020/6/20 23:00,0,0,0,0,0,34.4,19.4,51.3,1.4,50,2,45.9,42.9,0
2020/6/21 0:00,0,0,0,0,0,29.2,15.6,55.3,1.4,53.8,2,49.2,46,0
2020/6/21 1:00,0,0,0,0,0,36.5,19.3,57,1.8,55.4,2.6,50.3,47.3,0.0014625
2020/6/21 2:00,15.9,17859.8,5.3,8.418,57.3,44.6,22.9,57.6,1.5,56.1,2.2,51.6,48.8,0.07217500499999999
2020/6/21 3:00,64.2,131061.4,31,41.165,58.2,82.5,42.8,58.7,1.6,57.1,2.2,52.2,49.5,0.23425000499999998
2020/6/21 4:00,155.4,384228.8,84.6,104.268,54.1,82.7,46.3,57.8,1.7,56.5,2.5,52.4,50.2,0.48481251
2020/6/21 5:00,274.1,767399.9,166.5,193.333,53,81.5,46.6,55.2,1.9,54.2,2.8,50.7,48.7,1.4498250000000001
2020/6/21 6:00,404.1,1219503.7,265.9,298.611,58.8,95.5,48.7,49.5,2.3,48.6,3.3,45.6,44.3,3.37984995
2020/6/21 7:00,532.3,1687867.7,366.2,409.842,59.5,84.5,42.7,44.5,2.8,43.7,4,40.9,40,4.584
2020/6/21 8:00,647.5,2129004.2,432.5,513.07,59.6,95.4,48,42.6,2.9,41.7,4.1,38.8,38,5.604237299999999
2020/6/21 9:00,740.7,2506515.8,464.3,592.306,59.9,96.4,48.3,40.8,2.9,39.9,4.1,37,36.3,6.9246875999999995
2020/6/21 10:00,804.6,2791074.3,517.8,653.922,60,97.4,48.7,37,2.8,36.1,4,33.2,32.2,6.7402125
2020/6/21 11:00,834.6,2961252.9,586.5,706.402,60,95.5,47.8,34,2.9,33,4.2,30,28.9,6.6546501
2020/6/21 12:00,828.5,3004438.5,601.3,730.334,58.9,85.2,43.5,32.1,3.1,31.1,4.4,28,26.8,6.7221624
2020/6/21 13:00,786.6,2917450.6,573.1,712.804,59.2,71.8,36.5,31.7,2.5,30.8,3.7,27.8,26.6,6.4957626
2020/6/21 14:00,712.1,2706706,538.3,667.368,53.4,71.1,41.1,32.3,2.8,31.2,4,27.8,26.4,4.685212395
2020/6/21 15:00,610.6,2387890.4,470.9,599.008,58.9,17.4,9.6,30.4,2.5,29.4,3.7,26.5,25.2,3.36715005
2020/6/21 16:00,489.9,1985212.8,358,498.718,38.4,37.9,36.9,31.3,2.6,30.1,3.8,26.8,25.2,2.58657495
2020/6/21 17:00,359.7,1530464.4,250.3,382.456,41,32.2,31.9,31,2.3,29.9,3.3,26.8,25.3,1.11428751
2020/6/21 18:00,231.9,1062359.5,141,264.306,56.5,5.9,5.9,33,2.1,31.9,3,28.2,26.3,0.31521248999999996
2020/6/21 19:00,120.5,627123.5,65.1,157.215,34,43.4,43.4,28.6,0.5,28.5,0.8,28.3,28.2,0.18462501
2020/6/21 20:00,42.8,281221.2,21.4,78.111,43,28.4,28.4,46.8,2.6,46.1,3.7,43.8,42.2,0.053924999999999994
2020/6/21 21:00,7.1,80322.5,2.3,26.829,55.8,7,7,62.2,2.6,61.5,3.8,58.5,55.8,0
2020/6/21 22:00,0,3636,0,4.234,36.3,4.5,4.5,68.1,1.6,66.8,2.2,61.7,57.7,0
2020/6/21 23:00,0,0,0,0,0,15.1,13.1,70.1,1.2,68.8,1.8,63.7,59.7,0
2020/6/22 0:00,0,0,0,0,0,26.6,17.5,71.6,1.5,70.6,2.1,66.1,62.1,0
2020/6/22 1:00,0,0,0,0,0,36.3,24.8,73.9,0.9,72.4,1.2,66.5,61.4,0.00549999
2020/6/22 2:00,15.8,17619,3.7,7.603,48.4,75,45,73.3,0.7,72,1.1,66.7,62.4,0.203962515
2020/6/22 3:00,63.9,130279.9,15.5,35.271,50.8,90,52.7,75.7,0.5,74.3,0.7,69.1,65.2,0.3163875
2020/6/22 4:00,154.9,382785.4,38.9,85.96,51.8,90.3,52,72.4,0.8,71.5,1.1,67.8,65.1,0.34632501
2020/6/22 5:00,273.5,765520,115.9,167.427,56,74.3,40.5,63.7,0.6,63,0.9,60.6,59.1,0.47948747999999997
2020/6/22 6:00,403.5,1217411.2,190.1,263.397,58.4,19.9,11.4,57.4,0.7,56.7,1.1,54.5,53.8,0.958437495
2020/6/22 7:00,531.7,1685739.5,125.1,304.336,13.4,82.8,80.5,58,2.2,57.8,3.2,57.5,57.9,1.92507498
2020/6/22 8:00,647,2126989.7,47.9,279.076,7.2,91.3,89.7,66.4,2.8,66.6,4,67,67.4,1.907862555
2020/6/22 9:00,740.2,2504741.5,26,240.601,0.3,99.5,99.5,67.4,2.3,67.6,3.3,68.4,69.4,1.6374
2020/6/22 10:00,804.3,2789642.7,10.3,210.681,0,100,100,67.2,2.2,67.3,3.1,67.8,69.1,2.20482495
2020/6/22 11:00,834.4,2960238.7,5.6,186.169,0,100,100,73.2,2.3,73.5,3.3,74.6,76.2,2.5662
2020/6/22 12:00,828.4,3003884.3,4,166.129,0.2,100,100,82.7,2.3,82.9,3.3,83.4,84.5,1.7175124949999998
2020/6/22 13:00,786.6,2917365.2,6.3,173.598,0,100,100,86.8,1.8,87,2.6,87.5,87.9,1.2248374949999998
2020/6/22 14:00,712.3,2707063.7,6.1,191.983,0.4,100,99.9,83.6,1.8,83.8,2.5,84.6,85.9,1.7241625349999998
2020/6/22 15:00,610.8,2388631.7,4.2,170.737,3,100,98.5,83.7,1.9,83.9,2.7,84.9,85.8,2.0586249750000007
2020/6/22 16:00,490.2,1986247.4,18.5,145.73,1.9,99.8,98.5,84,1.9,84.2,2.8,84.9,84.9,2.4580874250000004
2020/6/22 17:00,360.1,1531674.2,33.9,140.937,12.3,89.9,85.6,81.3,1.8,81.6,2.6,82.8,83,1.1811625049999999
2020/6/22 18:00,232.3,1063600.4,13.7,98.603,0.9,98.8,98.7,82.1,1.7,82.4,2.4,83.2,83,0.371037495
2020/6/22 19:00,120.8,628223.3,0,41.899,0.1,100,99.9,89.8,1.6,89.9,2.3,90.4,89.2,0.3108
2020/6/22 20:00,43,281979.8,0,16.707,0,100,100,90.8,1.1,91,1.5,91.7,90.8,0.054212504999999994
2020/6/22 21:00,7.1,80651.6,0,5.901,0,100,100,92.2,0.2,92.1,0.3,92.1,90.7,0.005275005
2020/6/22 22:00,0,3716.9,0,1.006,19.5,52.3,51.9,95.2,0.8,94.9,1.1,94.1,92.4,0
2020/6/22 23:00,0,0,0,0,0,83.8,83.8,98,1,97.4,1.4,95.5,93.3,0
2020/6/23 0:00,0,0,0,0,0,92.5,79.4,98.8,0.6,98.3,0.8,96.4,94.5,0
2020/6/23 1:00,0,0,0,0,0,98,94.5,98.3,0.7,98,1,96.9,96.2,0.0094875
2020/6/23 2:00,15.6,17285.1,0.4,5.264,0.7,99.4,99.1,98.5,0.9,98.2,1.3,97.2,96.7,0.18218749499999998
2020/6/23 3:00,63.5,129261.7,11.9,27.728,3.8,95.6,94.6,96.2,0.7,96.1,1,95.5,94.8,0.39968751
2020/6/23 4:00,154.3,380981.8,69.9,87.237,49.1,81.9,50,90.8,1,91,1.4,91.7,92,0.8478125249999999
2020/6/23 5:00,272.9,763236,153,183.025,40,93.3,63.3,84.4,1.7,84.7,2.4,86,86.7,2.17466253
2020/6/23 6:00,402.8,1214913.4,196.2,277.869,21.5,95.3,79.7,76.5,2.1,76.8,3,77.8,79.2,3.685800075
2020/6/23 7:00,531,1683221.1,246.2,361.17,44.6,98.8,62.2,67.5,1.8,67.4,2.6,67.4,68.4,6.0115875
2020/6/23 8:00,646.4,2124604.2,332,456.991,59.9,97.7,48.9,61.5,1.6,61.3,2.3,61,61.6,7.04331255
2020/6/23 9:00,739.7,2502614.4,371.2,548.655,60,98.4,49.2,56.6,1.5,56.5,2.2,56.2,56.7,6.4510499999999995
2020/6/23 10:00,803.8,2787872.2,370.2,603.374,60,94.5,47.3,53.5,1.8,53.4,2.7,53.1,53.2,7.412775
2020/6/23 11:00,834.1,2958892.8,504.7,656.281,38.7,66.4,50.9,54.2,1.9,53.8,2.7,52.5,52.2,9.9917124
2020/6/23 12:00,828.2,3002998.7,366.9,636.523,59.4,85.2,43.6,51.6,2,51,2.8,49.2,48.6,7.834162200000001
2020/6/23 13:00,786.6,2916941.5,107.4,494.634,0.9,100,99.2,51,1.7,50.4,2.4,48.2,47.4,3.6949499999999995
2020/6/23 14:00,712.3,2707069.3,197.4,429.669,18.5,95.2,82.2,46.1,2.3,45.1,3.3,41.7,40,2.316975
2020/6/23 15:00,611,2389002.1,299.4,461.628,44.6,92,58.8,41.5,3.3,40.9,4.7,38.7,37.6,2.0766
2020/6/23 16:00,490.4,1986889.7,255.9,432.442,56.2,91.2,48.7,53.1,4.5,53,6.5,52.6,52.5,0.71535
2020/6/23 17:00,360.3,1532471.7,146.3,329.08,41,89.7,60.7,60.7,4.5,60.7,6.5,60.7,60.7,0.70681251
2020/6/23 18:00,232.5,1064417.8,87.4,220.678,25.8,92.9,77,73,3.6,73.3,5.2,74.3,74.9,0.43897499999999995
2020/6/23 19:00,121,628912.3,44.1,137.197,43.2,87.8,58.8,76,2.2,76.4,3.2,77.5,78.1,0.340900005
2020/6/23 20:00,43,282398.6,11.5,67.236,28.6,77.6,67,81,1.5,81.3,2.1,82.4,83,0.142975005
2020/6/23 21:00,7.1,80778.9,1.1,21.433,40.2,73.3,54.5,84.7,0.7,84.9,1,85.5,85.9,0.0008124899999999999
2020/6/23 22:00,0,3725.3,0,3.548,29.9,31.1,26.7,87.5,0.1,87.5,0.1,87.4,87.4,0
2020/6/23 23:00,0,0,0,0,0,23.6,20.8,91.1,0.4,90.6,0.6,88.8,87.8,0
2020/6/24 0:00,0,0,0,0,0,20.6,15.3,93.2,0.6,92.3,0.9,89.2,87.4,0
2020/6/24 1:00,0,0,0,0,0,52.2,37.5,92.7,0.8,91.9,1.1,89.4,88,0.002299995
2020/6/24 2:00,15.4,16858.5,3.5,7.162,50.1,71,41.2,93.5,0.4,92.3,0.6,88.3,86,0.18140001
2020/6/24 3:00,63,128010.7,21.9,35.375,52.9,51.9,31.9,92.4,0.9,91,1.3,86.5,84,0.40702499999999997
2020/6/24 4:00,153.6,378821.8,64.1,91.633,54.4,75.8,42.6,85.5,1,84.7,1.4,82.1,80.5,0.7455375
2020/6/24 5:00,272.1,760551.5,100,167.29,48.7,98.3,58.5,76.1,1.2,76.2,1.7,76.7,76.9,1.8036375
2020/6/24 6:00,402,1212013.9,158.3,254.638,59.9,53.4,26.7,70.3,1,70.5,1.4,71.3,71.8,4.112324924999999
2020/6/24 7:00,530.2,1680315.6,193.1,322.521,24.5,74.4,66.8,67.6,0.8,67.8,1.1,68.4,68.8,6.156562500000001
2020/6/24 8:00,645.6,2121850.7,102.2,317.982,2.3,98.7,97.4,66.9,1.2,67.1,1.7,67.9,68.3,8.192300099999999
2020/6/24 9:00,739,2500137,164.6,332.824,29,92.3,71.9,65.3,0.8,65.3,1.2,65.4,65.5,9.536149799999999
2020/6/24 10:00,803.3,2785764.3,373.4,466.872,53.5,90.4,50.6,59.9,1.2,59.9,1.7,59.8,59.7,10.551375
2020/6/24 11:00,833.7,2957216.3,514.8,619.113,59.6,91.4,46,56.2,1.3,56.1,1.8,55.5,55.1,11.199874799999998
2020/6/24 12:00,827.9,3001782.1,531.5,683.315,51.8,92.6,56.7,51.1,1.5,51,2.2,50.5,50.1,10.4804748
2020/6/24 13:00,786.4,2916178.9,505.3,675.848,55.8,84.9,46.4,43.7,1.7,43.4,2.5,42.2,41.5,9.3373875
2020/6/24 14:00,712.3,2706721.7,475.6,638.156,59.5,84,42.5,43.5,1.9,42.9,2.7,41,39.9,8.078399700000002
2020/6/24 15:00,611,2389000.1,418.5,571.489,57,65.4,35.3,41.8,1.6,41.5,2.3,40.5,39.9,6.0256625999999995
2020/6/24 16:00,490.5,1987137.8,351.5,483.327,59.9,57.1,28.7,43.7,1.7,43.2,2.5,41.4,40.4,3.8286
2020/6/24 17:00,360.4,1532854.9,266.4,386.223,60,12,6,38.4,1.3,38.4,1.9,38.1,37.9,1.67559999
2020/6/24 18:00,232.6,1064809.5,162.2,277.914,59.8,0.3,0.3,39.2,1,39.1,1.4,38.6,38.4,0.57193752
2020/6/24 19:00,121,629188.4,75.4,170.89,50.9,18.2,16.7,43.5,0.6,43,0.8,41.3,40.3,0.29942499
2020/6/24 20:00,43,282475.6,22.4,84.482,53.7,24.1,17.3,53.4,0.5,51.5,0.7,45.3,41.8,0.11147500499999999
2020/6/24 21:00,7.1,80703.5,2.4,28.298,56.2,7,6.6,48.1,0.4,47,0.6,43.6,41.7,0.0009499949999999999
2020/6/24 22:00,0,3661,0,4.389,36,5.3,5.3,55.7,0.5,54,0.6,48.5,45.5,0
2020/6/24 23:00,0,0,0,0,0,0.9,0.9,69.5,1.2,66,1.8,55.2,49.5,0
2020/6/25 0:00,0,0,0,0,0,3.5,2,70.3,3.7,69.3,5.3,65.9,63.9,0
2020/6/25 1:00,0,0,0,0,0,8.5,4.3,82.3,1.8,81.7,2.5,79.8,78.7,0.00972501
2020/6/25 2:00,15.1,16340,5.1,7.843,54.1,5.3,3.5,84.8,0.7,83.9,0.9,80.8,79,0.14090001
2020/6/25 3:00,62.4,126531.8,31.8,40.097,58.7,15.9,9.5,82.5,0.5,82,0.7,80,78.9,0.33767500500000003
2020/6/25 4:00,152.8,376310,87.1,103.409,57.1,30.9,18.7,76.8,0.3,76.9,0.5,77.5,77.8,0.63166248
2020/6/25 5:00,271.2,757470.4,170.7,191.929,58.9,7.8,5,69.5,0.2,70.1,0.3,72.1,73.3,1.683475005
2020/6/25 6:00,401.1,1208716.2,266.1,294.729,58.5,28.3,15.5,65.3,0.3,65.9,0.5,68,69.4,3.973787625
2020/6/25 7:00,529.3,1677026.4,360.6,401.291,58.5,52.7,28.8,62.1,0.7,62.6,1,64,64.9,6.311512499999999
2020/6/25 8:00,644.8,2118732.1,457.2,505.35,58.9,47.7,24.9,61,1,61,1.5,60.9,60.8,7.943187599999999
2020/6/25 9:00,738.3,2497311.6,548,599.409,59.6,60.5,30.5,55.9,1.1,55.9,1.6,56,56,9.618637199999998
2020/6/25 10:00,802.7,2783320.8,613.1,674.676,60,1.1,0.5,49.2,1.1,49.4,1.6,50.1,50.5,10.5644625
2020/6/25 11:00,833.2,2955210.2,628.6,715.906,57.7,4.7,4.7,45,1,45.3,1.4,46.5,47.2,10.948362600000001
2020/6/25 12:00,827.5,3000234.5,602.3,716.846,57,17.7,12.2,43.6,1,43.8,1.4,44.7,45.2,10.482149999999999
2020/6/25 13:00,786.2,2915076.9,569.3,693.374,58.1,49,27.2,48.7,1.6,48.4,2.3,47.4,46.8,9.3076125
2020/6/25 14:00,712.1,2706019.8,516.4,648.745,56,43.9,27,49.7,2.5,49.6,3.6,49,48.7,7.8152376
2020/6/25 15:00,611,2388623.9,430.4,573.083,57.3,54,29.5,51.6,3.4,51.6,4.8,51.5,51.5,5.880562649999999
2020/6/25 16:00,490.5,1986989.6,332.2,475.133,56.8,64.3,35.2,52.8,3.2,52.5,4.5,51.5,50.9,3.67988745
2020/6/25 17:00,360.4,1532821.4,234.1,368.136,57.4,68.9,36.7,53.5,2.7,53,3.8,51.1,50,1.74099999
2020/6/25 18:00,232.6,1064773.3,151.8,263.092,57.5,4.4,4.2,55.7,2.2,55,3.2,52.6,51.2,0.7038125099999999
2020/6/25 19:00,121,629049.7,78.1,168.244,58.9,10.1,5.9,59.8,2.1,59.1,3.1,56.6,55.1,0.35494999499999996
2020/6/25 20:00,42.9,282209.7,23.4,85.775,59.5,27.7,14.3,65.8,1.8,65,2.6,62.1,60.5,0.10152501
2020/6/25 21:00,7,80425.2,2.2,28.427,60,31,15.5,72.1,1.4,71,2.1,67,64.8,0.00073749
2020/6/25 22:00,0,3523.8,0,4.3,37,28.9,14.5,77.3,1.3,75.8,1.9,70.6,67.7,0
2020/6/25 23:00,0,0,0,0,0,43.8,21.9,83.1,1,81,1.5,74.2,70.4,0
2020/6/26 0:00,0,0,0,0,0,74.3,37.5,86.2,0.7,83.9,1,76.5,72.4,0
2020/6/26 1:00,0,0,0,0,0,8.8,6.7,85.2,0.9,82.6,1.2,74.1,69.5,0.009062504999999998
2020/6/26 2:00,14.8,15730,5.2,7.574,52.8,4.8,4.4,86.1,0.4,83.4,0.6,74.9,70.2,0.12705
2020/6/26 3:00,61.8,124830.1,34.2,39.71,57.8,3.7,3.7,85.4,0.3,83.4,0.5,76.9,73.2,0.33358749
2020/6/26 4:00,151.9,373451.2,98.1,105.181,58.1,3.1,3.1,78.1,0.4,77.6,0.6,75.8,74.6,0.8067375
2020/6/26 5:00,270.2,753996.8,186.5,196.44,58.1,4.4,3.8,73,0.9,73,1.3,73.3,73.1,1.5301375050000001
2020/6/26 6:00,400.1,1205024.2,288.4,302.431,58.6,2.3,2.3,70.2,1.2,70.1,1.8,69.8,69.1,3.924962475
2020/6/26 7:00,528.3,1673357.1,394.8,414.715,59.5,0.9,0.9,66.4,1.3,66.2,1.9,65.7,65.2,6.61045005
2020/6/26 8:00,643.9,2115251.5,495.2,523.417,60,0,0,61.5,1.4,61.3,2.1,60.5,60,7.8994748999999995
2020/6/26 9:00,737.5,2494140.6,577.1,617.557,60,0,0,56.5,1.4,56.2,2,55,54.6,9.6014001
2020/6/26 10:00,802,2780543.6,635,689.185,60,0,0,50.7,1.3,50.4,1.9,49.6,49.6,10.274849999999999
2020/6/26 11:00,832.6,2952875.5,664.5,733.483,60,0,0,41.8,1.2,42,1.7,42.6,43.8,10.4765748
2020/6/26 12:00,827.1,2998356.3,633.4,735.638,56,6.7,6.7,37.4,1.2,37.7,1.7,38.6,40.1,10.3395999
2020/6/26 13:00,785.8,2913635,560.9,692.406,54.2,9.7,9.7,45.3,1.9,44.7,2.8,42.9,42.7,9.496812299999998
2020/6/26 14:00,711.9,2704962.4,480.7,622.652,49.9,16.9,16.9,48.2,2.4,47.5,3.5,45.5,45,8.074824900000001
2020/6/26 15:00,610.8,2387871.8,394.6,537.576,49,19.7,19,49.5,2.6,48.7,3.7,46.3,45.7,6.25780005
2020/6/26 16:00,490.3,1986443.1,308.5,443.391,49,18.8,18.6,50.9,2.7,50.2,3.9,48,47.4,4.23252495
2020/6/26 17:00,360.3,1532369.2,222.6,344.875,49.2,18.1,18.1,53.5,2.9,52.8,4.1,50.6,49.6,1.8317125049999998
2020/6/26 18:00,232.4,1064307.2,146.4,249.768,50.2,16.4,16.4,57.4,2.7,56.7,3.8,54.2,52.7,0.89432499
2020/6/26 19:00,120.8,628494.5,75.4,161.981,54.4,9.4,9.4,60.6,2.3,60,3.3,58,56.5,0.2534625
2020/6/26 20:00,42.8,281600.2,22.9,82.825,55,8.3,8.3,65.3,2.1,64.9,3,63.2,61.4,0.282137505
2020/6/26 21:00,6.9,79944.1,2.3,27.456,55.4,7.7,7.7,71.4,1.7,71.1,2.4,69.7,67.4,0.021025005
2020/6/26 22:00,0,3313.9,0,4.137,34.4,6.9,6.9,77.2,1.4,76.9,2,75,72.3,0
2020/6/26 23:00,0,0,0,0,0,6.2,6.2,81.1,1.1,80.7,1.6,78.3,75.3,0
2020/6/27 0:00,0,0,0,0,0,5.8,5.8,84.8,1,83.9,1.4,80.1,76.6,0
2020/6/27 1:00,0,0,0,0,0,50.4,50.4,81.2,1,81,1.5,79.6,77.4,0.0036375
2020/6/27 2:00,14.4,15029.3,3.7,6.327,36.9,30.4,30.4,85,0.8,84.3,1.2,81.3,78.2,0.1036125
2020/6/27 3:00,61,122911.8,27.4,34.968,47.8,20.3,20.3,83.4,0.9,82.9,1.3,80.4,77.7,0.285362505
2020/6/27 4:00,150.9,370250.7,86.5,96.49,52.1,13.2,13.2,79.1,0.5,79,0.8,77.6,75.8,0.47855000999999997
2020/6/27 5:00,269,750134.8,173.4,186.316,53.1,11.5,11.5,72.5,0.6,72.3,0.9,71.1,69.9,1.5679125
2020/6/27 6:00,398.9,1200941.6,275.9,293.449,55.3,7.8,7.8,65.8,0.9,65.5,1.3,64.2,63.3,4.006974974999999
2020/6/27 7:00,527.2,1669311,381.3,405.574,56.5,5.8,5.8,61,1.2,60.6,1.8,59.6,59.2,6.522062399999999
2020/6/27 8:00,642.8,2111412,483.8,514.475,58.8,2,2,56.4,1.6,56,2.4,55,54.7,8.375537699999999
2020/6/27 9:00,736.5,2490626.6,573.6,612.679,59.1,1.5,1.5,53,1.9,52.6,2.7,51.4,51,9.715637699999998
2020/6/27 10:00,801.2,2777434.2,592.6,672.355,58.7,2.1,2.1,49.9,1.9,49.3,2.7,47.7,47.2,10.4594499
2020/6/27 11:00,831.9,2950213.2,580.4,685.462,54.7,8.9,8.9,47.6,2,46.9,2.8,44.8,43.9,10.6026249
2020/6/27 12:00,826.5,2996147.7,601.8,692.022,46.6,22.3,22.3,43.9,2.3,43.2,3.3,40.7,39.6,10.1227125
2020/6/27 13:00,785.4,2911852.7,585.9,689.635,44.1,26.5,26.5,39.7,2.4,38.7,3.4,35.8,34.4,9.2504877
2020/6/27 14:00,711.5,2703548.3,523.2,646.615,40.4,32.7,32.7,35.8,2.6,34.8,3.7,31.4,29.7,6.427512449999999
2020/6/27 15:00,610.5,2386742.3,450,575.004,48.8,18.6,18.6,33.6,3.2,32.7,4.6,29.6,28,5.725574999999999
2020/6/27 16:00,490.1,1985496.4,363.8,487.139,55.3,7.8,7.8,35,3.3,34.1,4.8,31.1,29.4,2.83862505
2020/6/27 17:00,360.1,1531496.2,266.3,385.201,57.7,3.9,3.9,36.6,3.4,35.6,4.8,32.2,30.2,1.20927501
2020/6/27 18:00,232.2,1063409.3,147.6,268.959,57.4,4.3,4.3,38,3.1,36.8,4.4,32.7,30.2,0.4191
2020/6/27 19:00,120.5,627521.8,69.1,159.974,51.6,16.6,15.3,57.1,1.9,55.6,2.8,50.3,46.3,0.22939999500000002
2020/6/27 20:00,42.6,280647.1,24,81.093,56.8,7.9,6.6,66.4,1.4,64.6,2,57.7,52.1,0.056149994999999994
2020/6/27 21:00,6.7,79261.3,2.7,28.443,58.7,2.1,2.1,75.6,1.1,73.1,1.6,64,56.9,0
2020/6/27 22:00,0,3031.1,0,4.334,35.1,2.4,2.4,80.2,0.6,77.4,0.8,67.5,59.9,0
2020/6/27 23:00,0,0,0,0,0,2.2,2.2,80.2,0.7,77.5,1,67.9,60.7,0
2020/6/28 0:00,0,0,0,0,0,1.1,1.1,82.7,0.7,80.4,1,71.8,65,0
2020/6/28 1:00,0,0,0,0,0,34.4,33.9,68.4,1.7,66.8,2.4,61,56.4,0.002162505
2020/6/28 2:00,14,14238.6,4,6.247,37.9,27.2,27.2,64.4,2,63.1,2.8,58.7,55.8,0.101637495
2020/6/28 3:00,60.2,120783.5,27.6,34.561,42.4,29.4,29.4,66.1,1.6,64.9,2.3,60.9,58.2,0.257862495
2020/6/28 4:00,149.8,366714.3,81.5,93.979,49.5,17.5,17.5,65.5,2,64.7,2.9,61.9,59.8,0.44892501
2020/6/28 5:00,267.8,745889,170,183.489,51,17.1,16.1,61.1,2.4,60.6,3.4,58.9,57.9,1.630337505
2020/6/28 6:00,397.7,1196472.5,202.9,266.401,57.8,48.4,26,56.3,2.6,56,3.8,55.4,55.4,3.391487475
2020/6/28 7:00,526,1664891.6,210.5,319.729,42.9,69.7,49.1,53.9,2.9,53.8,4.2,53.6,53.8,6.457431735
2020/6/28 8:00,641.7,2107216.4,312.7,402.796,44.9,52.5,38.9,49.5,3,49.4,4.4,49,49.2,5.7498999
2020/6/28 9:00,735.5,2486771.8,391.2,509.138,51.4,73.2,44.1,45.8,3.3,45.6,4.7,45.1,45.2,5.3961749999999995
2020/6/28 10:00,800.3,2773994.5,504.5,597.296,53.2,50.1,30.7,40.7,3.2,40.3,4.5,39,38.7,6.00070005
2020/6/28 11:00,831.2,2947224.2,585,662.782,50.7,96.6,56.8,38,3.4,37.5,4.9,35.9,35.3,4.085162400000001
2020/6/28 12:00,825.9,2993608.8,425.2,644.192,40.7,57.3,44.9,36.3,3.8,35.9,5.4,34.6,34.1,10.851525
2020/6/28 13:00,784.8,2909729.4,292.7,555.138,40.2,92.4,62.8,37.8,3.3,37.2,4.7,35.3,34.5,8.2118625
2020/6/28 14:00,711.1,2701776.4,313.4,492.395,40.1,80.6,56.9,36.8,3.3,36.1,4.8,33.8,32.7,3.053487525
2020/6/28 15:00,610.1,2385233.7,170.3,402.106,11.5,99.9,90.4,42,4,41.5,5.7,39.7,38.9,0.85312497
2020/6/28 16:00,489.7,1984147.5,23.1,254.562,1.5,100,98.8,49.5,3.3,49.1,4.7,47.9,47.6,0.9601875
2020/6/28 17:00,359.7,1530200.5,9.1,155.823,0.5,100,99.6,52,3.1,51.6,4.5,50.4,50.2,0.261913635
2020/6/28 18:00,231.8,1062078.1,6.3,99.046,11.5,99.5,90.2,58.2,2,57.6,2.8,55.7,55,0.443362485
2020/6/28 19:00,120.1,626130.3,5.4,55.131,2.1,99.9,98.2,67.9,1.9,67.6,2.8,66.8,66.6,0.102237495
2020/6/28 20:00,42.2,279351,1.6,27.941,0.8,100,99.6,83.5,1.1,83.2,1.5,81.7,80.4,0.0037125
2020/6/28 21:00,6.5,78378,0,7.738,3.5,100,97.3,89,1.4,88.7,2.1,87.4,85.9,0
2020/6/28 22:00,0,2675.3,0,0.781,0.1,100,99.9,91.8,1.4,91.3,2,89.5,87.6,0
2020/6/28 23:00,0,0,0,0,0,100,100,95.4,0.9,94.8,1.2,92.3,90.2,0
2020/6/29 0:00,0,0,0,0,0,100,99.9,97.6,1.7,97.2,2.5,95.8,94.7,0
2020/6/29 1:00,0,0,0,0,0,100,98.6,93.9,1.4,93.9,2,93.5,93.2,0
2020/6/29 2:00,13.6,13358.5,0,1.537,0,100,100,93.9,1.2,93.9,1.7,94.2,94.6,0.023537489999999998
2020/6/29 3:00,59.3,118452.1,0,6.486,0,100,100,94.8,1.3,94.8,1.8,95,95.3,0.04640001
2020/6/29 4:00,148.6,362848,0,14.068,0,100,100,96.8,1.2,96.7,1.8,96.5,96.5,0.19241250000000001
2020/6/29 5:00,266.5,741263.9,0,22.995,0,100,100,97,1.5,97,2.2,96.9,96.9,0.51456249
2020/6/29 6:00,396.3,1191620.7,0.1,37.889,0,100,100,95.1,0.9,94.8,1.2,93.8,93,1.2331249949999998
2020/6/29 7:00,524.7,1660102.6,1.3,80.871,0.8,100,99.5,91.9,1.6,91.8,2.3,91.5,91.1,2.170674975
2020/6/29 8:00,640.5,2102667.8,3.6,148.695,1.7,100,98.9,88.4,1.5,88.3,2.1,87.6,86.9,2.005887525
2020/6/29 9:00,734.4,2482578.7,4,192.772,0.9,100,99.5,83.9,1.4,83.8,2,83.3,82.5,1.0887500099999998
2020/6/29 10:00,799.3,2770226,4.4,205.486,0,100,100,76.7,1.6,77.2,2.2,79.2,81,1.87909998
2020/6/29 11:00,830.3,2943909.4,7,226.555,0,100,100,73.7,2,74.2,2.8,76.3,78.2,1.9833125249999999
2020/6/29 12:00,825.1,2990739.7,5.3,234.88,0,100,100,71.6,1.9,72.2,2.7,74.7,76.9,1.87976247
2020/6/29 13:00,784.2,2907264.7,6.7,220.819,1.8,100,98.9,85.1,1.7,85.4,2.5,86.1,86.4,2.120525025
2020/6/29 14:00,710.5,2699645.6,7.7,224.299,3.4,100,97.8,80.3,1.6,80.9,2.3,83.2,85,2.9966125499999996
2020/6/29 15:00,609.6,2383344.4,28.4,235.569,7.3,98.7,94.5,77.5,1.1,78.1,1.5,80.4,82.3,2.7551625
2020/6/29 16:00,489.2,1982394.8,49.5,233.325,12,99.2,92.2,76.6,1.4,77.1,2,79.4,81.4,3.7924749
2020/6/29 17:00,359.2,1528480.4,48.5,209.308,28.8,98.7,81.1,76.9,1.3,77.3,1.9,78.9,80.4,1.549637505
2020/6/29 18:00,231.3,1060312,53.9,171.222,41.5,94.9,65.5,76.5,1.5,76.8,2.2,78.2,79.5,0.51488751
2020/6/29 19:00,119.6,624319.5,48.5,127.6,43.6,39.1,34.9,81.7,0.6,82,0.8,83.4,84.5,0.26607500999999995
2020/6/29 20:00,41.9,277713.2,18.2,74.051,44.3,46.2,43.6,85.8,0.5,86,0.7,87.1,88.1,0.055774994999999994
2020/6/29 21:00,6.2,77296.3,1.5,26.613,24.4,72.2,67.7,88.7,0.8,88.8,1.1,89.3,89.9,0
2020/6/29 22:00,0,2246.7,0,4.136,7.6,90,84.8,90.2,1,90.2,1.5,90.5,91,0
2020/6/29 23:00,0,0,0,0,0,84.4,73.4,91.4,1.3,91.4,1.9,91.7,92.1,0
2020/6/30 0:00,0,0,0,0,0,78.4,58.1,94.8,1,94.6,1.4,93.9,93.4,0
2020/6/30 1:00,0,0,0,0,0,53.8,41.4,92.6,1,92.4,1.5,91.8,91.3,0
2020/6/30 2:00,13.1,12389.8,2.7,6.193,30.5,48.8,43.9,94.2,0.9,94,1.3,93.1,92.5,0.08312499000000001
2020/6/30 3:00,58.4,115925.3,18.4,32.382,22.4,68.1,65.4,94.3,1,94.1,1.4,93.6,93.3,0.40119999
2020/6/30 4:00,147.3,358658.6,33.3,73.795,26.7,69,62.2,88.9,1,89.1,1.4,90,90.8,0.75316248
2020/6/30 5:00,265,736264.5,40.3,117.993,23.9,74.3,68.2,82.4,1.5,82.9,2.2,84.8,86.4,1.149349995
2020/6/30 6:00,394.9,1186390.5,46.9,167.182,9.4,89.4,88.2,76.9,1.8,77.4,2.5,79.4,81,1.732912485
2020/6/30 7:00,523.3,1654947.6,56,207.987,4.5,98.3,96,76.4,2.7,77,3.8,79.2,81.1,2.801949975
2020/6/30 8:00,639.2,2097769.3,107.4,255.88,9,91.8,90.1,72.2,2.7,72.7,3.9,74.6,76.3,1.7724500250000002
2020/6/30 9:00,733.2,2478049.8,159.3,329.968,9.6,91.2,90.2,69.1,3,69.5,4.3,71.3,72.9,2.96732505
2020/6/30 10:00,798.2,2766130.5,251.7,418.443,37,76.5,67.3,67.1,3.3,67.5,4.8,69.2,70.8,3.326775
2020/6/30 11:00,829.4,2940269.7,264.2,472.887,30.6,86.3,74,66.4,3.8,66.9,5.5,68.8,70.5,4.8148626
2020/6/30 12:00,824.3,2987540.6,105.8,373.216,22.7,93.2,81.6,68.9,4,69.5,5.8,71.8,73.8,3.4501125
2020/6/30 13:00,783.5,2904457.8,8.9,209.671,0,100,100,80.7,3,81.2,4.4,83,84.6,2.3607500249999998
2020/6/30 14:00,709.9,2697154.7,49.4,211.643,1.2,100,99.6,80,3,80.4,4.3,81.9,83.2,1.511175
2020/6/30 15:00,609,2381073,46.1,273.83,9.3,99.9,98.7,75,3.6,75.4,5.2,76.9,78.4,2.723075025
2020/6/30 16:00,488.6,1980236.4,31.1,240.738,14.5,99.7,96.3,73.9,3.7,74.3,5.2,75.8,77.3,0.65804997
2020/6/30 17:00,358.6,1526334.1,22.3,171.126,8,99.7,96.5,73.9,3.5,74.2,5,75.6,77,0.297587505
2020/6/30 18:00,230.7,1058109.7,7.7,111.872,6.2,99.9,99.4,73.5,3.1,73.8,4.5,75,76.2,0.5084874899999999
2020/6/30 19:00,119,622089,9.1,73.314,6.1,99.5,96.8,70.6,3.1,70.8,4.4,71.8,72.8,0.11546249999999998
2020/6/30 20:00,41.4,275735.4,2.9,41.73,1.7,99.8,99,73.8,3,74.1,4.4,75.2,76.4,0.033924989999999995
2020/6/30 21:00,5.9,76018.6,0.1,13.316,0.1,100,100,81.2,2.9,81.5,4.1,82.8,84.2,0
2020/6/30 22:00,0,1745.3,0,1.782,1.4,100,99.1,84,2.6,84.2,3.8,84.9,85.8,0
2020/6/30 23:00,0,0,0,0,0,99.9,98.1,87,3,87.1,4.3,87.7,88.3,0
2020/7/1 0:00,0,0,0,0,0,98.4,96.6,86.4,3,86.6,4.3,87.2,87.9,0
2020/7/1 1:00,0,0,0,0,0,89.9,77.4,80.7,2.4,80.8,3.5,81.3,81.9,0.021224999999999997
2020/7/1 2:00,12.6,11333.1,2.3,4.866,26,58.4,56.7,76.9,2.1,76.8,3,76.8,76.9,0.20198749499999996
2020/7/1 3:00,57.3,113211.2,20.4,28.043,39.5,45.2,45.2,71.2,2.1,71,3,70.2,69.7,0.32685000000000003
2020/7/1 4:00,145.9,354153,66.8,81.899,37.9,51.7,51.7,65.2,2,65,2.8,64,63.3,1.217687505
2020/7/1 5:00,263.5,730895.6,127.1,160.107,40.1,54.9,54.9,58,2.2,58,3.2,58.3,58.8,2.147487495
2020/7/1 6:00,393.3,1180786,188,242.614,34.3,62.3,62.3,56,2.3,56.3,3.3,57.2,58.2,3.461925
2020/7/1 7:00,521.8,1649430.1,244.1,320.92,34.4,64.2,64.2,55.4,2.5,55.6,3.6,56.4,57.4,4.81381245
2020/7/1 8:00,637.8,2092523.9,278.9,389.296,31.9,67.8,67.8,55.4,2.9,55.5,4.2,56.1,56.9,4.30153755
2020/7/1 9:00,731.9,2473187.2,289.5,438.176,35.4,65.1,65.1,56.2,3.3,56.5,4.7,57.6,58.6,4.7764374
2020/7/1 10:00,797.1,2761709.5,262.6,456.002,35.9,63.2,63,58.8,3,59.1,4.3,60.5,61.9,8.5196124
2020/7/1 11:00,828.3,2936305.8,274.8,470.522,33.9,62.6,62.6,59.4,3,59.8,4.3,61.2,62.6,4.3036125
2020/7/1 12:00,823.4,2984011.6,263.2,491.298,26,76,76,60.8,2.8,61.1,4,62.4,63.6,3.2299874999999996
2020/7/1 13:00,782.6,2901308.3,143.8,439.311,1.6,98.3,98.3,69.3,2.8,69.7,4,71,72.3,3.3228124500000003
2020/7/1 14:00,709.1,2694302.6,76.5,342.291,1,98.9,98.9,68.5,3,68.8,4.3,70,71.2,3.093462525
2020/7/1 15:00,608.3,2378417.9,141.3,321.892,3,96.1,95.9,65.9,2.6,66.2,3.7,67.5,69,2.2254875249999997
2020/7/1 16:00,487.9,1977670.8,126.7,313.736,9.9,89.6,88.9,62.8,2.4,63,3.4,64.2,65.5,1.9401375
2020/7/1 17:00,357.9,1523760.1,67,235.449,9,91.5,91.2,62.4,1.9,62.5,2.7,63.3,64.3,1.0356750000000001
2020/7/1 18:00,229.9,1055470,71.7,168.394,30.7,69,69,62.2,1.7,62.4,2.5,63.2,64.2,0.53056251
2020/7/1 19:00,118.3,619438.7,53,126.93,41.5,48.9,48.9,61.7,1.9,61.8,2.8,62.6,63.6,0.26817499499999997
2020/7/1 20:00,40.9,273420.3,16.9,71.48,45.6,37.5,37.5,66.5,1.5,66.4,2.1,66.3,66.6,0.067437495
2020/7/1 21:00,5.6,74547.9,1.6,24.107,47.5,23,23,72.1,1.2,71.7,1.7,70.6,70.2,0
2020/7/1 22:00,0,1557.4,0,3.581,24.2,28,28,75.8,1.1,75.5,1.6,74.3,73.8,0
2020/7/1 23:00,0,0,0,0,0,27.8,27.8,79.1,1.3,78.6,1.9,77.2,76.3,0
2020/7/2 0:00,0,0,0,0,0,37.4,37.4,84.2,1.2,83.7,1.8,81.7,80.3,0
2020/7/2 1:00,0,0,0,0,0,20.4,19.2,86.6,0.9,86.1,1.3,84,82.5,0.0017999999999999848
2020/7/2 2:00,12,10387.9,3.6,6.158,42.6,46.7,27.5,87.9,1,87.3,1.5,84.7,82.7,0.10102499999999999
2020/7/2 3:00,56.2,110318,27.7,34.718,58.1,19.6,11.6,88.7,1.2,88.1,1.7,85.8,83.9,0.3071625
2020/7/2 4:00,144.4,349338.7,86,95.309,57.2,20.1,13.2,83.4,1.1,83.1,1.6,81.9,80.9,0.56922498
2020/7/2 5:00,261.9,725162.6,168.3,182.018,57.1,15.7,10.3,73.5,1,73.6,1.4,73.8,74,1.974774975
2020/7/2 6:00,391.7,1174811.5,237.4,274.517,53,31.4,21.5,64.2,0.8,64.6,1.2,66.3,67.9,4.426324950000001
2020/7/2 7:00,520.2,1643553.8,277.4,350.051,44.2,45,45,58.6,0.4,58.9,0.6,60.4,61.9,5.769112499999999
2020/7/2 8:00,636.3,2086934.7,343.4,422.603,42,53.8,51.4,54,0.2,54.3,0.2,55.3,56.5,4.822387499999999
2020/7/2 9:00,730.5,2467993.4,406.7,503.207,40.1,65.5,58.7,50.1,0.3,50.3,0.4,51.1,52,5.9185251
2020/7/2 10:00,795.8,2756964.6,440.1,566.299,36.3,62.8,59.3,47.9,0.4,47.9,0.6,48.4,49,5.64555
2020/7/2 11:00,827.2,2932018.8,456.1,596.382,31.8,68.2,65,46.1,0.6,46.2,0.8,46.5,47.2,7.0930875
2020/7/2 12:00,822.4,2980152.8,393.1,594.807,26.2,72.6,67.8,45,0.7,45.1,1,45.5,46.1,7.216512300000001
2020/7/2 13:00,781.7,2897815.6,288.8,563.487,17.2,98.8,86.3,47.9,1.3,48.1,1.9,49,50,6.9043374
2020/7/2 14:00,708.2,2691088.3,201.6,498.595,9.3,99.5,93.6,50.1,1.3,50.2,1.9,50.9,51.8,4.5777501
2020/7/2 15:00,607.4,2375377.7,109.1,393.417,5.2,99.7,96.7,52.3,1.1,52.3,1.6,52.5,53.1,4.7907624
2020/7/2 16:00,487.1,1974696.2,53.8,282.593,3.6,99.6,96.9,52.2,1.1,52.3,1.6,52.7,53.5,3.045812475
2020/7/2 17:00,357.1,1520756.9,23.1,196.432,1.5,99.9,99,58.8,1.7,59,2.4,60,61.2,1.64796249
2020/7/2 18:00,229.1,1052392.1,5,120.123,0.6,99.9,99.5,69.5,1.7,69.8,2.4,70.9,72,0.5307375
2020/7/2 19:00,117.5,616368.9,2.3,64.036,0.9,99.8,99.2,74.5,2,74.1,2.8,72.5,71.2,0.287062485
2020/7/2 20:00,40.3,270771.1,1,33.007,1.7,99.6,98.4,79,2.1,78.6,3,77,75.5,0.037875
2020/7/2 21:00,5.2,72887.6,0.1,12.278,5.7,97,94,82.6,1.8,82.2,2.5,80.5,78.9,0
2020/7/2 22:00,0,1443.7,0,2.014,0.7,99.2,98.5,86.7,1.3,86.1,1.8,83.7,81.7,0
2020/7/2 23:00,0,0,0,0,0,98.3,96.5,87.2,1,86.8,1.4,85.1,83.7,0
2020/7/3 0:00,0,0,0,0,0,99.1,97.9,88,0.9,87.6,1.3,86.2,85.1,0
2020/7/3 1:00,0,0,0,0,0,97,93.7,87.6,0.9,87.5,1.3,87.5,87.8,0
2020/7/3 2:00,11.4,9444.8,0.3,3.94,1,99.2,98.9,87.2,0.7,87.2,1.1,87.4,87.9,0.08616249000000001
2020/7/3 3:00,55.1,107254.6,5.9,23.872,7.7,97.6,94.2,87.8,0.9,87.8,1.3,87.9,88.1,0.37742499
2020/7/3 4:00,142.8,344223.8,23.1,68.349,11.4,98.8,91.3,83.8,1.1,83.8,1.5,84.1,84.6,0.82231251
2020/7/3 5:00,260.1,719070.7,51.1,131.97,15.2,98.7,87.8,78.8,1.3,78.8,1.9,78.7,78.9,1.67036253
2020/7/3 6:00,389.9,1168471.3,120.5,222.439,31.6,80.9,65.9,71.2,1.3,71.5,1.8,73.2,74.9,4.837250099999999
2020/7/3 7:00,518.5,1637322.5,221.3,338.737,26,98.3,82.9,63.3,1.5,63.7,2.2,65.2,66.9,5.469562350000001
2020/7/3 8:00,634.7,2081004.7,296.6,444.768,36.4,96.7,72.5,58.3,1.1,58.6,1.6,59.9,61.3,5.0805126
2020/7/3 9:00,729.1,2462470.8,378.7,538.515,49,91,60.7,53.1,1.5,53.3,2.1,54.3,55.4,3.343625025
2020/7/3 10:00,794.5,2751897.5,412.2,605.531,51.3,86.2,53.3,49.8,1.5,50.3,2.1,52,53.6,3.0198
2020/7/3 11:00,826,2927409.2,347,580.542,38.3,92.2,72.1,50.7,1.5,50.7,2.1,50.8,51.3,0.267574995
2020/7/3 12:00,821.3,2975964.2,184.5,470.253,32.1,97.1,79.1,66.3,2.8,66.2,4,66.1,66.2,2.1342375
2020/7/3 13:00,780.7,2893979,42.3,336.258,5.9,98.5,96.5,83.1,3.7,83.3,5.3,84.2,85.1,3.359675025
2020/7/3 14:00,707.3,2687510.5,26,217.992,1.5,99.6,99.2,84.8,3,85,4.3,85.6,86.4,1.935087555
2020/7/3 15:00,606.5,2371951,23.8,147.34,5.9,98.8,97.2,82.4,2.8,82.3,4,82.4,82.8,1.13724999
2020/7/3 16:00,486.2,1971311.3,39.3,140.736,11.4,95.8,92.9,81.7,2.8,81.7,4,82,82.3,1.5488999849999998
2020/7/3 17:00,356.1,1517323.2,50.2,156.184,13.6,96.1,92.2,79.3,3,79.5,4.2,80.4,81.3,0.889037505
2020/7/3 18:00,228.1,1048875.1,27.4,133.668,6.5,99.7,98.3,81.5,2.9,81.8,4.1,82.8,83.9,0.2836125
2020/7/3 19:00,116.6,612880.2,8.6,81.774,3.6,98.9,97.7,84.8,2.6,84.8,3.8,84.8,84.9,0.145525005
2020/7/3 20:00,39.6,267791.6,3,37.32,0.6,99.5,99.3,84.4,2.4,84.4,3.4,84.4,84.5,0.004037504999999999
2020/7/3 21:00,4.7,71041.4,0.2,11.174,0.1,99.9,99.9,83.8,1.8,83.8,2.6,83.9,84,0
2020/7/3 22:00,0,1316.9,0,1.369,0.4,99.7,99.6,85.7,1.6,85.6,2.3,85.2,84.9,0
2020/7/3 23:00,0,0,0,0,0,98.5,98.1,88.8,1.7,88.6,2.5,87.5,86.4,0
2020/7/4 0:00,0,0,0,0,0,99.5,99.4,90.1,1.9,89.8,2.7,88.3,87.1,0
2020/7/4 1:00,0,0,0,0,0,89.5,88.9,88.2,1.6,88.2,2.3,88.2,88.4,0
2020/7/4 2:00,10.7,8436.3,0.9,3.255,8.3,83.2,83.2,88.5,1.8,88.4,2.6,87.9,87.6,0
2020/7/4 3:00,53.8,104029.7,8.2,20.609,3.2,98.8,98.8,87.1,1.7,86.9,2.5,86.6,86.3,0.005812499999999985
2020/7/4 4:00,141.1,338816.6,12.8,46.744,2.8,99.7,99.6,86.8,1.9,86.8,2.7,86.6,86.5,0.18841249499999999
2020/7/4 5:00,258.3,712625.6,4.3,65.925,1.9,99.6,99.5,84.5,2,84.5,2.9,84.7,85,0.76658751
2020/7/4 6:00,388,1161770,32.2,103.453,6.1,98.9,98.9,80.5,2.2,80.8,3.1,82,83.3,1.888699995
2020/7/4 7:00,516.7,1630739.9,93.7,171.591,10.6,94.4,94.4,80.5,2.2,80.8,3.2,82.4,83.9,2.536862475
2020/7/4 8:00,633,2074736.9,188,268.055,28.2,78.5,78.1,77.4,2.2,77.7,3.2,79.1,80.5,2.2642750499999997
2020/7/4 9:00,727.5,2456621.6,293.5,391.643,34.6,67.6,65.8,72,2,72.3,2.8,73.8,75.3,9.9694752
2020/7/4 10:00,793,2746509.6,367.3,491.212,38.3,60.5,56.7,65.1,1.9,65.4,2.7,66.8,68.2,10.369924799999998
2020/7/4 11:00,824.7,2922478,374.2,536.987,34.6,63.2,60.8,60.1,1.7,60.3,2.4,61.4,62.7,11.707737599999998
2020/7/4 12:00,820.1,2971445.9,447.3,576.021,34.4,68.7,67.5,57,1.4,57.2,2,58,59.1,11.3634
2020/7/4 13:00,779.6,2889798.1,497.5,611.774,42,49.7,48.2,53,1.2,53.3,1.7,54.4,55.7,10.464675
2020/7/4 14:00,706.2,2683568.3,418.8,580.575,42,50.6,49.8,50.8,1,51,1.5,52.1,53.2,8.966625
2020/7/4 15:00,605.5,2368136.3,338.5,501.724,36.6,47.8,47.6,49.6,0.8,49.7,1.2,50.3,51.2,6.89706255
2020/7/4 16:00,485.1,1967514.6,245.8,417.482,45.9,26.6,26.6,49.5,0.8,49.5,1.1,49.9,50.5,4.4119875
2020/7/4 17:00,355,1513457.7,202.4,336.428,56.3,11.7,11.7,51.8,0.8,51.8,1.1,51.8,52.1,1.728525
2020/7/4 18:00,227,1044918.5,148,256.288,56.6,8.5,8.5,52.5,0.9,52.2,1.2,51.3,50.6,0.40511250000000004
2020/7/4 19:00,115.5,608973.5,72.9,166.143,55.1,12.4,12.4,58.5,0.9,58.1,1.3,56.5,55.2,0.24063749999999998
2020/7/4 20:00,38.9,264486.6,23,82.902,59.7,0.5,0.5,65.3,1.1,64.5,1.6,61.6,59.3,0.07996251
2020/7/4 21:00,4.2,69013.3,1.7,26.081,60,0,0,73.1,0.9,71.8,1.3,67.1,63.7,0.000387494999999985
2020/7/4 22:00,0,1177.2,0,2.919,28,0,0,81.5,1.1,79.8,1.5,74,69.7,0
2020/7/4 23:00,0,0,0,0,0,0,0,89.3,1.2,87.6,1.8,81.2,76,0
2020/7/5 0:00,0,0,0,0,0,0.2,0.2,90.9,1.8,89.2,2.6,82.6,77.3,0
2020/7/5 1:00,0,0,0,0,0,0,0,88.2,1.9,86.9,2.8,82,78.1,0.0007875
2020/7/5 2:00,10,7362.8,4.1,5.566,40.9,0.2,0.2,91.1,1.5,89.3,2.1,82.4,76.8,0.08228751000000001
2020/7/5 3:00,52.5,100652.3,29.9,35.123,55,8.3,8.3,90.1,1.7,88.3,2.4,81.3,75.5,0.21899998499999998
2020/7/5 4:00,139.3,333126.1,91.4,100.902,56.5,5.8,5.8,84.2,1.9,82.4,2.7,75.7,69.9,0.38642502
2020/7/5 5:00,256.3,705833,197.1,199.182,59.8,0.4,0.4,74.9,2.1,73.4,3,67.9,63.1,1.53584997
2020/7/5 6:00,386.1,1154711.9,310.7,315.557,60,0,0,65.9,2.7,65.2,3.9,62.5,60.2,4.356962475
2020/7/5 7:00,514.8,1623809.7,421.1,433.708,60,15.5,7.7,59.7,2.8,59.8,4,60.6,61.4,6.8497626
2020/7/5 8:00,631.2,2068134.5,502.1,541.596,60,83.8,41.9,53.3,3.3,53.4,4.7,54.1,54.9,8.358624899999999
2020/7/5 9:00,725.9,2450448.2,425.9,603.019,60,100,50,47.3,3.3,47.2,4.8,47.2,47.3,6.5712
2020/7/5 10:00,791.5,2740802.4,373.8,621.594,58.6,99.3,50.8,41.9,3.3,41.6,4.7,40.5,40,6.691887599999999
2020/7/5 11:00,823.3,2917225.8,453.4,643.134,33.8,84.3,64,36.5,3,36.1,4.3,34.7,33.8,9.417800100000001
2020/7/5 12:00,818.8,2966597.8,401.2,640.802,29.2,100,75.7,35.8,3.2,35,4.6,32.3,30.6,4.06891245
2020/7/5 13:00,778.4,2885272.1,309,598.203,19.3,100,83.9,37.5,3.5,36.8,5,34.1,32.5,3.9328249499999997
2020/7/5 14:00,705,2679260.6,190,515.953,14.3,99.9,88.1,38.6,3.2,37.7,4.7,34.6,32.7,0.8601500099999999
2020/7/5 15:00,604.3,2363932.5,104.9,404.951,2.7,99.9,97.7,41.4,3.4,40.4,4.8,36.8,34.5,2.061575025
2020/7/5 16:00,483.9,1963304.7,51.8,299.016,0,100,100,45.4,3.7,44.7,5.4,42.3,40.9,1.2591374849999997
2020/7/5 17:00,353.8,1509159.5,10.7,192.917,0.1,100,99.9,53.2,3.2,52.7,4.7,50.8,49.7,0.73321251
2020/7/5 18:00,225.7,1040521.9,3.4,103.515,0,100,100,62.8,2.5,62.3,3.6,60.5,59.3,0.40682499
2020/7/5 19:00,114.4,604650.2,0,50.13,0,100,100,87.8,2.4,86.1,3.5,80.1,75.7,0.11237500499999999
2020/7/5 20:00,38,260861.3,0,22.047,0,100,100,90,2.3,88.5,3.4,83.2,79.5,0.016375005
2020/7/5 21:00,3.7,66807.7,0,6.905,0,100,100,89.7,3,88.4,4.2,83.6,80.2,0
2020/7/5 22:00,0,1024.5,0,0.725,0,100,100,89.9,3.2,88.7,4.6,84.4,81.3,0
2020/7/5 23:00,0,0,0,0,0,100,100,90,3.3,89.1,4.8,85.7,83.4,0
2020/7/6 0:00,0,0,0,0,0,100,100,90.9,3.5,90.1,5,87.3,85.4,0
2020/7/6 1:00,0,0,0,0,0,100,100,89.1,2.7,88.4,3.8,85.9,84.2,0
2020/7/6 2:00,9.3,6224.9,0,1.025,0,100,100,91,2.5,90.2,3.5,87.7,86,0
2020/7/6 3:00,51.2,97131.3,0,5.109,0.4,100,100,91.7,2.6,90.8,3.8,87.7,85.6,0.028549994999999984
2020/7/6 4:00,137.4,327161.7,0,13.903,0,100,100,93.4,2.5,92.6,3.6,89.5,87.3,0.14279999999999998
2020/7/6 5:00,254.3,698698.8,0,24.54,0,100,100,93.4,2.5,92.5,3.6,89.2,86.9,0.53179998
2020/7/6 6:00,384,1147301.8,0,33.133,0,100,100,94,2.6,93,3.8,89.3,86.7,0.6608375099999999
2020/7/6 7:00,512.9,1616535.7,0.2,48.168,0,100,100,92.1,2.6,91.3,3.7,88.6,86.7,1.490524995
2020/7/6 8:00,629.3,2061200.4,0.3,75.499,0,100,100,93.5,2.5,92.6,3.6,89.5,87.2,2.484537525
2020/7/6 9:00,724.1,2443952.7,1.9,103.792,0,100,100,88.3,2.8,88.1,4,87.4,86.9,1.999749975
2020/7/6 10:00,789.9,2734777.6,2.4,116.566,0,100,100,94,2.7,93.4,3.9,91.3,89.9,2.437637475
2020/7/6 11:00,821.8,2911653.4,0.4,117.209,0,100,100,90.6,2.7,90.4,3.9,89.8,89.3,5.0258123999999995
2020/7/6 12:00,817.4,2961420,15.3,145.846,0,100,100,88.7,2.6,88.2,3.8,86.4,85,3.9883875
2020/7/6 13:00,777,2880400.6,32.4,198.277,0,100,100,76.9,3.1,76.8,4.5,76.6,76.5,3.755699925
2020/7/6 14:00,703.7,2674586.4,16.9,206.667,0,100,100,73.9,3,74.2,4.3,75.2,76.1,1.382262495
2020/7/6 15:00,603,2359338.2,5.4,168.22,0.1,100,100,79.2,3.7,79.3,5.3,80,80.7,0.5949
2020/7/6 16:00,482.6,1958680.4,5.4,128.771,0.3,100,99.8,84.8,4.3,85.2,6.1,86.7,87.9,0.405612495
2020/7/6 17:00,352.5,1504427.5,7.8,103.781,1.2,100,99.4,88.2,4.7,88.4,6.8,89.3,90.1,0.45868749
2020/7/6 18:00,224.4,1035685.1,4.8,76.758,0.7,100,99.9,89.3,4.9,89.4,7,89.9,90.4,0.38251251000000003
2020/7/6 19:00,113.1,599911.9,0.3,41.349,0.1,100,100,88,3.9,87.9,5.6,87.4,87.2,0.16015000499999998
2020/7/6 20:00,37.2,256922,0,16.538,0.6,100,99.6,85.5,3.1,85.4,4.4,84.9,84.6,0.035912489999999984
2020/7/6 21:00,3.1,64429.2,0,4.759,1.8,100,99,86.3,2.7,86,3.8,85,84.2,0
2020/7/6 22:00,0,858.9,0,0.497,1.4,100,97.6,86.7,2.7,86.5,3.8,85.5,84.7,0
2020/7/6 23:00,0,0,0,0,0,100,98.1,88.5,2.8,88.4,4.1,87.8,87.5,0
2020/7/7 0:00,0,0,0,0,0,100,99.6,89,2.8,89,4.1,89,89.2,0
2020/7/7 1:00,0,0,0,0,0,100,99.9,90.8,3,91,4.3,92,93,0
2020/7/7 2:00,8.5,5023.1,0,1.373,0.4,100,99.6,92.3,2.8,92.4,4.1,93,93.6,0.0156
2020/7/7 3:00,49.7,93475.5,0.4,8.642,0.6,100,99.7,92.8,2.9,92.9,4.1,93,93.3,0.189799995
2020/7/7 4:00,135.4,320933.2,3.8,25.33,0.7,100,99.6,92.6,2.6,92.7,3.8,93,93.4,0.4617375
2020/7/7 5:00,252.1,691229.1,6.2,47.13,1.2,100,99.5,92.3,2.5,92.3,3.6,92.7,93.2,1.2911624999999998
2020/7/7 6:00,381.9,1139544.2,6.7,72.31,0.6,100,99.8,91.9,2.4,91.9,3.5,92.2,92.5,2.008887525
2020/7/7 7:00,510.8,1608921.8,9.5,99.176,2.3,99.9,99.3,89.2,2.1,89.5,3.1,90.7,91.8,4.71634995
2020/7/7 8:00,627.4,2053937.8,1.3,113.069,1,99.9,99.7,88.2,2.2,88.4,3.2,89.2,90,4.19157495
2020/7/7 9:00,722.3,2437137.6,1.4,120.57,1.5,99.8,99.6,87.4,2.3,87.5,3.4,88,88.5,4.7870874
2020/7/7 10:00,788.2,2728436.4,15.5,152.859,5.3,99.5,99.3,86.3,2.4,86.5,3.4,87.6,88.7,3.96383745
2020/7/7 11:00,820.2,2905761.4,50.1,213.828,14.3,96.9,94.3,81.9,2.4,82.3,3.4,83.9,85.4,3.34455
2020/7/7 12:00,815.9,2955912.5,121.7,286.334,21.4,97.8,91.8,78.8,2.6,79.1,3.7,80.3,81.7,4.7823876
2020/7/7 13:00,775.6,2875182.9,171.4,339.756,16.4,99,90.6,70.9,3.6,71,5.1,71.9,73,9.025712699999998
2020/7/7 14:00,702.4,2669544.7,124.4,325.153,14.2,99.2,93.3,71.6,3.4,71.7,4.9,72.4,73.5,7.64217495
2020/7/7 15:00,601.6,2354352.2,90.9,271.51,14.2,99,95.5,74.6,3.2,74.6,4.6,75,75.9,4.69742505
2020/7/7 16:00,481.2,1953640.5,112.2,243.389,12.6,98.4,95,74.6,2.9,74.6,4.2,75,76,3.71095005
2020/7/7 17:00,351,1499261,94.8,215.757,11,95.5,93.1,72.9,2.7,73,3.9,73.9,75.1,1.1301999899999997
2020/7/7 18:00,222.9,1030408.3,52.8,155.181,16,93.2,88.6,72.6,2.5,72.7,3.6,73.6,74.8,0.54743751
2020/7/7 19:00,111.7,594760.7,22.9,88.678,11.3,97.8,94.4,81.5,2.5,81.5,3.6,81.7,82.2,0.24297501
2020/7/7 20:00,36.3,252675.5,6.6,40.961,12.3,92.7,90,84.5,2.1,84.5,3,84.5,84.7,0.0987
2020/7/7 21:00,2.4,61882.4,0.2,11.579,11.7,90.7,88.9,85.8,1.9,85.7,2.8,85.6,85.8,0
2020/7/7 22:00,0,680.3,0,0.669,4.5,93.5,91,87.8,1.9,87.8,2.7,88,88.4,0
2020/7/7 23:00,0,0,0,0,0,97.4,95.8,87.2,1.9,87.3,2.7,87.8,88.5,0
2020/7/8 0:00,0,0,0,0,0,95.4,93.7,86.9,1.9,86.9,2.7,87.3,87.9,0
2020/7/8 1:00,0,0,0,0,0,96.1,87.6,86.7,1.7,86.7,2.4,86.8,87.3,0
2020/7/8 2:00,7.7,3757.7,0.6,2.27,8.7,98.1,92.8,87.5,1.6,87.4,2.3,87.1,87,0.0021374849999999997
2020/7/8 3:00,48.3,89693.5,8.2,17.043,16.8,95.9,90.1,87.6,1.6,87.4,2.3,86.7,86.2,0.371125005
2020/7/8 4:00,133.4,314451.1,29.9,54.472,22.9,86.3,81.5,84.3,1.6,84.3,2.4,84.2,84.3,1.0135249949999998
2020/7/8 5:00,249.9,683430.4,49.5,103.372,12.4,91.4,88.9,78.9,1.8,79.1,2.6,79.9,80.7,1.3610625
2020/7/8 6:00,379.6,1131443.9,66.6,151.071,5.3,97.4,96.5,73.8,2,74.1,2.9,75.3,76.8,1.426537515
2020/7/8 7:00,508.6,1600971.7,94,203.811,8.1,97.2,95.5,68.7,2.2,69,3.1,70.2,71.6,1.953062445
2020/7/8 8:00,625.3,2046349.5,113.3,262.589,9.8,99,97.6,68.2,2.4,68.4,3.5,69.4,70.8,2.9701874999999998
2020/7/8 9:00,720.4,2430004.9,71,273.577,0.2,100,100,68.1,2.7,68.4,3.8,69.8,71.4,2.13469995
2020/7/8 10:00,786.4,2721780.3,5.6,202.978,0,100,100,73.2,2.7,73.5,3.8,74.8,76.4,3.8844999749999998
2020/7/8 11:00,818.5,2899550.5,9.3,151.848,0.1,100,100,76.1,2.6,76.3,3.7,77.5,79.1,3.9865374
2020/7/8 12:00,814.3,2950075.2,47.8,192.695,0.8,100,100,75.1,2.8,75.5,4,77,78.7,3.89299995
2020/7/8 13:00,774.1,2869618.4,91.4,284.966,2.8,99.8,98.1,66,2.8,66.2,4,67,68.2,3.9960498749999998
2020/7/8 14:00,700.9,2664134.4,115.1,357.7,30.2,90.2,81.1,59.3,2.9,59.4,4.2,60.2,61.4,3.2388375
2020/7/8 15:00,600.1,2348973.3,139.7,358.331,10.9,95,94.7,61.7,3,61.8,4.3,62.6,63.7,1.8682125
2020/7/8 16:00,479.7,1948184,144.6,311.109,9.1,96.7,96.7,66.3,2.9,66.3,4.2,66.7,67.6,1.45821249
2020/7/8 17:00,349.4,1493659.3,78.6,231.99,8.4,96.1,96.1,69.2,2.7,69.3,3.9,69.8,70.9,1.3361249999999998
2020/7/8 18:00,221.3,1024691.6,28.7,136.934,12.9,91.3,91.3,73.1,2.4,73.3,3.4,74.1,75.4,0.9845125049999999
2020/7/8 19:00,110.3,589199,20.3,77.573,25.1,73,73,71.3,2.3,71.3,3.3,71.6,72.5,0.43167501
2020/7/8 20:00,35.3,248129.7,8.3,43.579,29.1,70.6,70.6,74.7,2.3,74.6,3.4,74.8,75.4,0.09146248500000001
2020/7/8 21:00,1.7,59172.1,0.2,13.346,29.2,69,69,77.4,2,77.3,2.9,77.6,78.2,0
2020/7/8 22:00,0,489,0,0.459,8.7,75.6,75.6,80.7,1.7,80.6,2.4,80.5,80.8,0
2020/7/8 23:00,0,0,0,0,0,71.2,71.2,82.9,1.7,82.8,2.5,82.4,82.5,0
2020/7/9 0:00,0,0,0,0,0,83.2,83.2,84.6,1.8,84.5,2.5,84,83.8,0
2020/7/9 1:00,0,0,0,0,0,88.5,84.9,83.2,2,83.2,2.9,83.2,83.5,0
2020/7/9 2:00,6.9,2429.4,0.6,3.131,3.1,98.3,95.1,82.4,2,82.3,2.9,82,81.9,0
2020/7/9 3:00,46.8,85793.6,6.2,21.342,5,97.4,95.4,81.6,2,81.5,2.9,81.2,81.1,0
2020/7/9 4:00,131.2,307726.4,16.5,56.13,10.2,97,92.1,77.7,2,77.7,2.8,77.6,77.9,0
2020/7/9 5:00,247.5,675309.1,18.7,90.119,6.8,99.1,97.2,75.4,1.9,75.4,2.7,75.7,76.3,0
2020/7/9 6:00,377.3,1123005.7,41.6,137.169,0.8,99.8,99.5,75.6,2.2,75.5,3.2,75.6,76,0
2020/7/9 7:00,506.4,1592689.2,64.3,199.524,6.5,97.6,96.5,73.3,2.9,73.4,4.1,74.4,75.8,0
2020/7/9 8:00,623.2,2038438.7,42.5,218.966,6.8,97.8,96.5,70.2,3.3,70.3,4.7,71,72.3,0
2020/7/9 9:00,718.4,2422557,22.6,188.739,0.1,99.9,99.9,67.9,3.3,68,4.8,68.6,69.7,0
2020/7/9 10:00,784.5,2714810.9,15.1,153.448,0.4,99.9,99.8,73.8,2.7,73.7,3.9,73.8,74.4,0
2020/7/9 11:00,816.8,2893021.3,21.8,143.691,1.9,99.3,99.2,77.7,2.6,77.7,3.7,77.7,77.8,4.738237499999999
2020/7/9 12:00,812.6,2943908.1,47.9,177.148,3.6,98.1,98,80.6,2.7,80.4,3.9,79.5,78.8,1.752637485
2020/7/9 13:00,772.5,2863706.6,128,270.892,7.8,90.2,90.1,71.4,2.5,71.7,3.6,73,74.4,2.463612525
2020/7/9 14:00,699.3,2658354.7,252.7,394.293,20.3,78.5,76.2,67.6,2.8,67.8,4,69,70.2,1.6844250149999997
2020/7/9 15:00,598.5,2343200.6,265.6,437.421,34.2,85.1,74.3,65.6,2.9,65.9,4.2,67.3,68.7,1.8807249449999999
2020/7/9 16:00,478,1942309.8,202.3,371.734,38.8,71.6,64.3,66.6,2.8,66.8,4,67.8,69.1,0.897499995
2020/7/9 17:00,347.7,1487621.9,166.3,285.726,40.4,53.2,51.4,67.8,2.6,68,3.7,68.7,69.9,1.16195001
2020/7/9 18:00,219.6,1018535.7,84.2,205.258,42.7,48.7,46.6,67.2,2,67.2,2.9,67.5,68.5,0.83512503
2020/7/9 19:00,108.7,583229.7,28.8,119.437,10.5,92.4,90.8,71.9,1.6,71.9,2.2,72.2,73.1,0.354012495
2020/7/9 20:00,34.2,243293,9.5,54.603,29.9,81.1,73.5,75.6,1,75.2,1.5,74.3,74.3,0.06796249499999998
2020/7/9 21:00,1,56303.3,0.1,15.268,42.7,70.1,55.5,79.1,0.9,78.5,1.2,76.7,76,0
2020/7/9 22:00,0,284.8,0,0.28,16.5,35.3,29.4,83.1,0.9,82.5,1.2,80.6,79.6,0
2020/7/9 23:00,0,0,0,0,0,67.5,47.9,88.3,0.9,87.6,1.3,85.4,83.9,0
2020/7/10 0:00,0,0,0,0,0,70.5,52.8,92.1,0.9,91.5,1.3,89.4,87.7,0
2020/7/10 1:00,0,0,0,0,0,91.2,55.2,95.5,1.3,95,1.9,93,91.2,0
2020/7/10 2:00,6,1672.8,0.9,3.51,24.7,94.8,60.7,94.5,1.4,94,1.9,91.7,89.7,0.10029998999999999
2020/7/10 3:00,45.2,81783.5,16.1,26.133,48.1,93.7,63.5,92.6,1.2,92.2,1.8,90.4,88.5,0.4018875
2020/7/10 4:00,129,300770.6,62.4,80.042,47.6,87.3,61,88.8,1.1,88.6,1.5,87.4,85.8,0.76643748
2020/7/10 5:00,245.1,666871.9,135.5,163.507,50.3,88.1,54.8,83.5,0.9,83.3,1.3,82.5,81.4,1.4115125099999999
2020/7/10 6:00,374.9,1114234.5,185.7,255.673,54.4,85.8,47.7,75,0.7,75,1.1,74.9,74.4,2.324274975
2020/7/10 7:00,504,1584078.4,235.8,340.439,47.8,94.3,64.7,68,0.8,68.2,1.1,68.8,69.5,6.089225099999999
2020/7/10 8:00,621,2030208.4,342.2,433.218,42.6,94.9,70.2,59.8,0.5,60.1,0.7,61.6,63.2,6.1850249999999996
2020/7/10 9:00,716.3,2414796,424.2,523.698,41,94.6,71.3,56.4,0.3,56.7,0.4,57.9,59.4,7.139912399999999
2020/7/10 10:00,782.6,2707529.3,487.8,595.952,39.9,78.7,63.7,52.6,0.2,52.8,0.3,53.9,55.2,11.396924700000001
2020/7/10 11:00,814.9,2886174.5,457.3,623.136,39.5,60.8,53.7,50.3,0.7,50.4,1,51.3,52.3,10.4163249
2020/7/10 12:00,810.9,2937411.1,428.2,605.379,33.8,60.5,60,51.5,1.2,51.6,1.8,52.2,53.2,9.782637599999997
2020/7/10 13:00,770.8,2857446.8,389.7,569.679,22.2,79.6,78.1,56.8,1.9,56.8,2.7,57.2,58,3.5540874749999998
2020/7/10 14:00,697.6,2652204.7,332.1,515.74,25,72,69,60.8,1.5,60.9,2.2,61.3,62.1,4.554525
2020/7/10 15:00,596.8,2337032.9,307.6,464.884,47.9,40.7,33.1,57.4,1.2,57.6,1.7,58.4,59.5,2.2965375
2020/7/10 16:00,476.3,1936017.2,234.3,395.285,46.9,51.5,41.6,56.3,1,56.4,1.4,57.3,58.5,0.408612495
2020/7/10 17:00,345.9,1481148.3,160.7,299.727,33.9,75.2,68.1,57.7,1.2,57.9,1.7,58.6,59.6,0.97498749
2020/7/10 18:00,217.8,1011941.1,71.5,195.55,17.6,89.7,85.6,68,2.1,68,3,68.1,68.4,0.6708499800000001
2020/7/10 19:00,107,576856,16.7,100.249,20,89.4,79.6,81.3,0.6,81.3,0.9,81.3,81.3,0.19261251000000001
2020/7/10 20:00,33.1,238175.1,4.2,42.854,17.8,94.7,83.3,88.6,0.5,88.3,0.8,87.4,86.5,0.026549999999999997
2020/7/10 21:00,0.2,53280.6,0,11.795,11.7,97.4,90.6,90.1,0.9,89.8,1.4,88.4,87.2,0
2020/7/10 22:00,0,67.9,0,0.045,1.7,98.9,94.7,92.8,1,92.1,1.5,89.6,87.7,0
2020/7/10 23:00,0,0,0,0,0,99.7,98.6,93.9,1.1,93.1,1.5,90.3,88,0
2020/7/11 0:00,0,0,0,0,0,98.4,96.6,93.9,1.1,93.1,1.6,90.1,87.5,0
2020/7/11 1:00,0,0,0,0,0,100,100,88.8,1.2,88.6,1.8,87.9,87.2,0
2020/7/11 2:00,5,1412.4,0.2,0.948,1.6,97,96.3,88.1,1.3,88,1.8,87.3,86.7,0.037062495
2020/7/11 3:00,43.7,77670.4,4.2,9.12,14.3,84.8,83.6,87.5,1.4,87.3,2,86.6,85.8,0.343975005
2020/7/11 4:00,126.7,293595.8,24.3,40.831,27.9,65.9,64.7,84.8,1.4,84.6,2.1,83.9,83,0.818175
2020/7/11 5:00,242.6,658125.8,94.5,119.828,40.4,49.4,46.6,79.2,1.5,79.2,2.1,78.8,78.3,1.57543752
2020/7/11 6:00,372.4,1105135.2,169.6,231.084,41.1,64.4,57.2,71.2,1.7,71.4,2.5,72,72.6,4.85475
2020/7/11 7:00,501.6,1575142.9,205.6,318.248,23.4,88.8,82.3,67.5,1.7,67.8,2.4,69.1,70.8,4.8194498999999995
2020/7/11 8:00,618.7,2021661.6,210.6,364.63,12.9,97,94.4,66.2,1.6,66.4,2.3,67.8,69.3,6.37358745
2020/7/11 9:00,714.1,2406724,215.6,407.271,12.7,95.9,95.1,64.2,1.6,64.4,2.3,65.4,66.8,4.39564995
2020/7/11 10:00,780.5,2699937,235.4,454.795,8.7,95.5,95.1,63.7,1.9,63.9,2.7,64.7,66,6.3661125
2020/7/11 11:00,813,2879010.6,331.4,521.41,27.2,80.8,78.5,61.6,2.2,61.7,3.2,62.2,63.3,4.12213755
2020/7/11 12:00,809,2930584.3,340.3,569.229,20.6,76.6,75.1,61.4,3.5,61.4,5.1,61.7,62.5,4.8677751
2020/7/11 13:00,768.9,2850838.6,211,510.853,0.8,99.2,99.1,62.3,3.5,62.4,5,62.9,64.1,3.9891250499999997
2020/7/11 14:00,695.7,2645683.4,181,440.242,0,100,100,62.2,3.2,62.1,4.6,62.4,63.4,1.8645750300000001
2020/7/11 15:00,594.9,2330469.4,136.9,402.377,0.1,100,99.9,61.5,3.1,61.4,4.5,61.7,62.7,1.207787505
2020/7/11 16:00,474.4,1929305.4,76.9,320.231,0,100,100,65.5,3.3,65.2,4.7,65.7,66.9,0.861787485
2020/7/11 17:00,344,1474238.5,21.5,201.307,0,100,100,70.8,2.9,70.6,4.2,71.1,72.3,0.5658
2020/7/11 18:00,215.9,1004908.9,1.6,103.463,0,100,100,73.7,2.6,73.5,3.7,73.6,74.5,0.46059998999999996
2020/7/11 19:00,105.3,570081.8,1.1,57.083,0.3,100,99.8,75.5,2.1,75.3,3.1,75.3,75.8,0.14606249999999998
2020/7/11 20:00,32,232786.1,0.3,31.322,1.6,99.8,98.5,77.6,2.2,77.4,3.2,76.9,77,0.00015
2020/7/11 21:00,0,50270.8,0,9.28,3.7,95.3,94.6,79.2,2.3,78.9,3.2,78.4,78.4,0
2020/7/11 22:00,0,0,0,0,1.7,89,88.9,79.3,2.2,79.1,3.1,78.2,77.7,0
2020/7/11 23:00,0,0,0,0,0,86.7,77.6,81.9,2.1,81.6,3,80.4,79.4,0
2020/7/12 0:00,0,0,0,0,0,99.3,96.8,83,2,82.7,2.8,81.2,79.9,0
2020/7/12 1:00,0,0,0,0,0,99.8,99.2,78.2,2.1,77.9,3,77.2,77,0
2020/7/12 2:00,4.1,1141.2,0,1.033,0.6,99.7,98.9,75.6,2.2,75.4,3.2,75.2,75.3,0.00207501
2020/7/12 3:00,42,73461,0.4,8.106,2.1,99.8,99,76.4,2.6,76.2,3.7,75.7,75.5,0.042737505
2020/7/12 4:00,124.4,286214.5,0.2,18.97,1.8,99.9,99.3,79.6,2.3,79.5,3.3,79.1,78.8,0.186700005
2020/7/12 5:00,240,649077.8,0,27.075,0,100,100,83.4,2.5,83.3,3.6,82.8,82.6,0.44208749999999997
2020/7/12 6:00,369.8,1095712.8,0,35.263,0,100,100,87.3,2.1,86.9,3,85.5,84.7,0.6178250099999999
2020/7/12 7:00,499.1,1565886.8,2.5,62.126,1.7,100,99.7,91.6,1.8,90.9,2.6,88.6,87.1,1.278250005
2020/7/12 8:00,616.3,2012801.2,3.3,103.626,2.2,99.9,98.8,83.9,2.5,83.7,3.6,83.3,82.9,0.98087502
2020/7/12 9:00,711.8,2398343.3,0.3,107.035,0,100,100,89.8,2.7,89.1,3.9,86.5,85,0.86146251
2020/7/12 10:00,778.4,2692035.3,21.2,112.407,0.4,99.9,99.7,86.1,2.5,85.3,3.6,83,82,1.3569624900000001
2020/7/12 11:00,810.9,2871530.3,125.4,221.547,12,89.2,87.5,77.2,2.2,77.1,3.1,76.9,77,6.1446
2020/7/12 12:00,807.1,2923427.5,153.6,329.76,10.1,95.4,95.1,74,2.8,73.9,4,73.8,74.5,2.522724975
2020/7/12 13:00,767,2843881.4,203.2,368.073,27.6,70.9,70.9,72.2,2.6,72.1,3.7,71.8,72.2,2.0802
2020/7/12 14:00,693.8,2638790.1,316.4,426.632,38.5,51.4,51.3,68.4,2.6,68.3,3.8,68.2,69.5,1.73427501
2020/7/12 15:00,593,2323509.2,263,428.61,22.8,71.5,71.5,65,2.9,64.8,4.1,64.7,66,1.6185124949999998
2020/7/12 16:00,472.4,1922173.7,181.1,344.567,23.8,75.8,73.3,67.2,3.3,67.1,4.7,66.8,67.9,1.118312505
2020/7/12 17:00,341.9,1466892.4,114.5,253.516,27.4,77,74.7,70.9,3.2,70.8,4.6,70.6,71.7,0.64204998
2020/7/12 18:00,213.8,997440.2,37.9,156.72,24.6,78.4,78.4,75.4,3.4,75.2,4.9,74.7,75.7,0.376012485
2020/7/12 19:00,103.4,562911.1,3.8,71.922,2.4,99,98.9,86.4,3,86.3,4.3,86,85.8,0.312512505
2020/7/12 20:00,30.8,227137.5,2.1,25.661,13.6,94.5,94.4,88.4,2.8,88.2,4,87.3,87.2,0.017800004999999983
2020/7/12 21:00,0,47197,0,6.628,32.5,67.5,67.5,88,2.7,87.8,3.8,87.1,87.3,0
2020/7/12 22:00,0,0,0,0,6.5,66.1,66.1,92.5,2.3,92.2,3.3,91.3,91,0
2020/7/12 23:00,0,0,0,0,0,58.7,58.7,94.1,2,93.8,2.9,92.7,92.4,0
2020/7/13 0:00,0,0,0,0,0,61.3,61.3,94.5,1.9,94,2.8,92.6,92.1,0
2020/7/13 1:00,0,0,0,0,0,62.2,62.2,92.3,1.8,91.9,2.6,90.5,90,0
2020/7/13 2:00,3.1,859.2,0.4,1.091,13.7,55.7,55.7,91.6,1.9,91.2,2.8,89.7,89,0.004174995
2020/7/13 3:00,40.4,69161.3,14,18.585,38.4,54,54,89.9,2,89.5,2.8,88.3,87.7,0.25991249999999994
2020/7/13 4:00,121.9,278640.1,51,65.991,40.3,53.9,53.9,86.8,1.9,86.7,2.7,86.2,86,0.32021249999999996
2020/7/13 5:00,237.3,639735.4,106.7,135.72,36.4,60.1,60.1,82.2,1.7,82.2,2.4,82.3,82.4,1.021474995
2020/7/13 6:00,367.1,1085972.4,167.7,213.678,31.2,64,64,74.7,2.2,74.7,3.1,74.6,75.3,2.151612525
2020/7/13 7:00,496.5,1556313.9,227.2,291.024,35.7,57.5,57.5,70.8,2,70.9,2.9,71.2,72.5,4.40974995
2020/7/13 8:00,613.8,2003630.2,299.4,377.017,35.1,63.1,63.1,65.1,1.7,65.2,2.4,65.3,66.6,5.15946255
2020/7/13 9:00,709.5,2389655.9,367.7,469.271,22.4,70.1,70.1,59.3,1.3,59.3,1.8,59.3,60.6,3.8949499499999995
2020/7/13 10:00,776.2,2683825.4,361.2,521.181,14.3,83.8,83.8,58,1.2,57.9,1.7,57.5,58.7,5.63032485
2020/7/13 11:00,808.8,2863734.1,264.1,489.021,21.3,78.9,78.9,59.5,1.6,59.3,2.2,58.8,59.9,9.0096999
2020/7/13 12:00,805,2915940.7,287.2,455.658,26.8,72.9,72.9,60.2,1.6,60.1,2.3,59.9,61.4,9.6669252
2020/7/13 13:00,765,2836574.7,347.8,497.549,39,73.1,58.5,50.9,0.4,50.8,0.6,50.2,51.2,10.3297377
2020/7/13 14:00,691.8,2631524.1,314.7,526.626,51.6,89.6,57.3,49.5,0.8,49.2,1.2,48.6,49.3,7.792537499999999
2020/7/13 15:00,590.9,2316151.4,251.5,486.973,58.2,94.4,49.6,49.3,1.3,49.2,1.9,48.9,49.7,6.4337500499999996
2020/7/13 16:00,470.2,1914621.6,184.6,405.394,58.8,95.7,49.5,50.1,1.4,49.9,2,49.4,50,4.0201374
2020/7/13 17:00,339.7,1459110,123,309.294,58.9,96.1,49.1,50.4,1.3,50.1,1.9,49.5,49.7,1.6638749999999998
2020/7/13 18:00,211.6,989536.6,52.9,210.536,59.7,97.2,48.9,55.6,1.6,55.3,2.4,54.1,53.5,0.7798875
2020/7/13 19:00,101.5,555348.7,20.6,122.336,60,87.1,43.6,61.8,1.2,61.3,1.7,59.2,57.7,0.38146251
2020/7/13 20:00,29.6,221241.4,6.4,57.844,59.9,88.7,44.4,70.2,0.9,69.1,1.3,64.8,61.8,0.04767501
2020/7/13 21:00,0,43995.6,0,15.244,59.6,96.8,48.7,76.4,1,75,1.5,69.5,65.6,0
2020/7/13 22:00,0,0,0,0,10,97.5,48.7,82,1.1,80.5,1.5,74.5,70,0
2020/7/13 23:00,0,0,0,0,0,98.4,49.4,87.8,1,86.4,1.4,80.1,75.3,0
2020/7/14 0:00,0,0,0,0,0,98.5,49.7,91.6,1,90.4,1.4,84.2,79.2,0
2020/7/14 1:00,0,0,0,0,0,99.1,71.3,91.2,1.5,90.6,2.2,86,81.5,0
2020/7/14 2:00,2,566.6,0.1,0.618,7,98.9,81,91.3,1.6,90.4,2.2,85.7,80.9,0.05728748999999998
2020/7/14 3:00,38.7,64777,2.1,14.656,8.5,99.8,92.8,89.7,1.6,88.8,2.3,84.5,79.9,0.26117499
2020/7/14 4:00,119.4,270886.4,10.4,52.847,9.7,99.8,91.8,86.9,1.6,86.1,2.3,82.5,78.4,0.42065000999999996
2020/7/14 5:00,234.5,630106.1,36.8,117.434,5.4,99.8,95.4,81.6,1.6,81,2.2,78,74.6,0.7798999799999999
2020/7/14 6:00,364.3,1075919.2,50.1,188.242,2.2,99.9,98.1,75.7,1.9,75.2,2.7,72.9,70.2,0.67386252
2020/7/14 7:00,493.8,1546428.1,32.9,218.936,0.5,100,99.6,71.9,1.8,71.7,2.6,70.8,70.1,1.420825005
2020/7/14 8:00,611.2,1994151.6,17.1,203.571,0,100,100,70.9,1.8,70.8,2.6,70.5,70.6,3.44093745
2020/7/14 9:00,707.1,2380663.8,37.7,211.167,4,99.7,96.5,72.1,1.8,72,2.5,71.7,71.8,6.3539125499999995
2020/7/14 10:00,773.9,2675308.8,178.4,327.513,31.8,92.7,70.2,66.6,1.9,66.7,2.7,67.2,68.1,7.3962999
2020/7/14 11:00,806.6,2855622.4,301.1,480.497,32,69.6,59.8,62.9,2,62.9,2.8,63.4,64.3,8.0830374
2020/7/14 12:00,802.9,2908123.8,210,487.103,13.3,86.4,85,64,2,64,2.9,64,64.6,4.6666000499999996
2020/7/14 13:00,762.9,2828918,168.2,411.37,11.3,92.8,87.3,69.1,1.3,68.8,1.9,68,68.1,4.460624849999999
2020/7/14 14:00,689.7,2623884.5,207.7,398.646,16.5,87,80.7,64.3,1.1,63.8,1.6,62.4,62.2,2.276600025
2020/7/14 15:00,588.7,2308395.4,169.4,369.169,20.8,74.9,71,63,0.9,62.4,1.3,60.7,60.2,7.220525099999999
2020/7/14 16:00,468,1906648.7,110.8,282.494,19.6,86.9,79.5,68,1.4,67.6,1.9,66.1,65.6,3.952295505
2020/7/14 17:00,337.4,1450891.7,88.8,215.803,24.8,77.3,70.7,73.8,1.7,73.4,2.4,72.1,71.1,0
2020/7/14 18:00,209.3,981199.7,46.4,158.766,27,73.5,64.9,79.3,1.3,78.9,1.8,77.2,75.9,0
2020/7/14 19:00,99.4,547399.8,13.8,88.13,31.3,73.5,61,83.6,0.9,82.9,1.2,80.1,77.8,0
2020/7/14 20:00,28.4,215110.9,3.6,36.592,26.5,75.7,66,89.1,0.8,88.4,1.1,85.6,83.1,0
2020/7/14 21:00,0,40670.2,0,9.231,24.9,73.8,66.3,91.5,0.4,90.8,0.6,88.1,85.4,0
2020/7/14 22:00,0,0,0,0,2.9,88.1,84.6,97.1,0.2,96.2,0.3,92.5,88.8,0
2020/7/14 23:00,0,0,0,0,0,87.5,83,100,0.5,99.2,0.7,95.7,91.9,0
2020/7/15 0:00,0,0,0,0,0,81.5,74,100,0.5,100,0.8,97.7,94.4,0
2020/7/15 1:00,0,0,0,0,0,48.7,48.1,99.2,0.5,98.5,0.7,95.5,92.7,0
2020/7/15 2:00,0.9,263.6,0.2,0.272,9,52.2,51.2,96.9,0.8,96.2,1.2,93.2,90.4,0
2020/7/15 3:00,37,60313.1,16.6,19.112,40,37.7,37.7,94.7,0.9,94.1,1.3,91.7,89.3,0
2020/7/15 4:00,116.8,262967.8,66.2,75.448,54.8,15.1,15.1,90.9,0.8,90.5,1.1,88.8,87,0
2020/7/15 5:00,231.7,620197.7,153.1,164.584,58.4,5.8,5.4,83.8,0.6,83.6,0.9,82.7,81.6,0
2020/7/15 6:00,361.4,1065558.3,261.2,274.207,59.8,1.4,0.9,76.1,0.8,76,1.2,75.5,74.9,0
2020/7/15 7:00,491,1536233.3,367.6,389.237,58.9,3.1,2.9,70.3,0.9,70.3,1.3,70.6,71,0
2020/7/15 8:00,608.6,1984368.4,464.7,497.47,59.8,0.6,0.6,67.4,0.8,67.3,1.2,66.9,67.4,0
2020/7/15 9:00,704.6,2371369.3,502.4,575.223,55.1,12.9,12.9,63.7,1,63.4,1.5,62.7,63,0
2020/7/15 10:00,771.5,2666486.6,500.8,607.604,49,24.3,24.3,61.4,1.3,61,1.8,60.2,60.2,0
2020/7/15 11:00,804.3,2847196,510.9,622.482,46.6,24.2,24.2,60.5,1.5,60.1,2.1,59,58.9,0
2020/7/15 12:00,800.6,2899976.8,521.4,638.908,45.6,25.5,25.1,59.3,1.7,58.8,2.4,57.3,56.8,0
2020/7/15 13:00,760.7,2820910.8,506.9,638.921,55.4,34.3,21,55,1.5,54.4,2.2,52.7,52.2,0
2020/7/15 14:00,687.4,2615870.7,401.8,584.283,50.3,55.6,36,53,1.4,52.7,2,51.6,51.6,0
2020/7/15 15:00,586.4,2300240.5,286.4,478.452,48.9,60.6,40.1,54.1,1.5,53.5,2.2,51.5,50.9,0
2020/7/15 16:00,465.6,1898254.8,234,381.583,42.3,56,42.9,59.5,1.8,58.5,2.6,55.3,53.9,0
2020/7/15 17:00,335,1442237.9,169.8,299.129,32.4,52.1,49.9,64.8,1.9,63.9,2.7,61.4,60.3,0
2020/7/15 18:00,206.9,972431.6,100.3,211.331,40,38.5,36.6,73.1,2,72.5,2.8,70.5,69.6,0
2020/7/15 19:00,97.3,539069.9,45.2,128.249,38.5,38.9,37.4,78.9,1.8,78.4,2.6,76.8,75.8,0
2020/7/15 20:00,27.1,208760.2,9.8,57.175,40.7,35.5,33.8,82.5,1.6,81.8,2.3,79.4,77.6,0
2020/7/15 21:00,0,37223.6,0,12.892,43,38.9,33.6,85.9,1.3,85.2,1.9,82.8,80.9,0
2020/7/15 22:00,0,0,0,0,4.8,29.7,16.8,89.3,1.2,88.7,1.7,86.5,84.7,0
2020/7/15 23:00,0,0,0,0,0,34.5,18.1,92.3,1.2,91.7,1.8,89.3,87.1,0
2020/7/16 0:00,0,0,0,0,0,26.4,15.2,94.7,1,94.1,1.5,91.5,89,0
2020/7/16 1:00,0,0,0,0,0,26.2,17.3,98,0.8,97.3,1.1,94.2,91.2,0
2020/7/16 2:00,0,0,0,0,3.5,80.4,77.8,99.2,0.8,98.6,1.1,95.7,92.7,0
2020/7/16 3:00,35.3,55824.2,11.8,17.075,4.2,93.6,93.3,98.2,0.9,98,1.3,96.1,93.7,0
2020/7/16 4:00,114.2,254899.3,56,70.105,16.7,73.9,73.2,95.7,0.9,95.6,1.3,94.3,92.5,0
2020/7/16 5:00,228.7,610018.3,144.3,157.602,47.6,30.2,25.5,86.8,0.8,86.8,1.1,86,84.9,0
2020/7/16 6:00,358.4,1054895.1,246.8,265.399,56.5,6,6,78.7,0.4,78.7,0.6,78.2,77.4,0
2020/7/16 7:00,488.1,1525733.6,351.9,378.322,59.3,1.6,1.6,73.7,0.4,73.5,0.6,72.6,71.7,0
2020/7/16 8:00,605.8,1974283.5,447.7,486.174,59.8,0.4,0.4,68,0.3,67.8,0.5,67.5,67.6,0
2020/7/16 9:00,702,2361774.3,493.5,567.272,58.6,2.7,2.7,63.8,0.5,63.5,0.8,62.7,62.6,0
2020/7/16 10:00,769,2657360,509.7,610.055,51.5,24.1,23.8,57.5,0.5,57.5,0.7,57.9,58.5,0
2020/7/16 11:00,801.9,2838455.2,500.7,622.672,43.4,47.4,44.9,56.5,0.9,56.4,1.3,56.4,56.9,0
2020/7/16 12:00,798.3,2891499.5,328.9,578.625,39.4,99,70.9,60.1,1.2,59.5,1.7,57.8,57.4,0
2020/7/16 13:00,758.4,2812552.6,201.6,494.537,47.5,98.2,61.8,58.3,2,57.7,2.9,56,55.5,0
2020/7/16 14:00,685.1,2607482.1,232.1,452.812,43.4,93,60.4,63.7,2.4,63.3,3.4,61.7,61,0
2020/7/16 15:00,584,2291686.2,282.1,444.726,44.7,80,53,64.3,1.8,63.6,2.6,61.3,60.2,0
2020/7/16 16:00,463.1,1889439.6,275.1,404.471,49.2,28.5,23.5,62.4,2.5,61.9,3.6,60.5,60.1,0
2020/7/16 17:00,332.4,1433149.3,194.1,319.085,48.2,51.1,35.5,66.9,3.1,66.7,4.4,66.1,65.8,0
2020/7/16 18:00,204.4,963234.4,122.1,223.383,48.5,90.8,55,73.6,3.6,73.6,5.2,73.4,73.5,0
2020/7/16 19:00,95,530365.6,53,136.804,50.7,61.8,38.6,74.3,2,74,2.8,72.6,71.4,0
2020/7/16 20:00,25.8,202204.2,7.9,60.226,47.3,97.3,59.2,78.3,1.9,77.9,2.8,76.4,75.3,0
2020/7/16 21:00,0,33658.1,0,13.157,50.4,99.7,57.8,82,1.4,81.3,2,79,77.3,0
2020/7/16 22:00,0,0,0,0,2.5,96.6,57,85.3,1.3,84.7,1.8,82.3,80.4,0
2020/7/16 23:00,0,0,0,0,0,98.2,52.5,86.9,1.1,86.3,1.5,84.2,82.3,0
2020/7/17 0:00,0,0,0,0,0,99.6,86.3,88.6,0.8,87.9,1.2,85,82.6,0
2020/7/17 1:00,0,0,0,0,0,100,100,88.3,0.5,88,0.8,86.8,85.7,0
2020/7/17 2:00,0,0,0,0,0,100,100,90.6,0.4,90.3,0.6,89,87.7,0
2020/7/17 3:00,33.6,51538.7,0,3.93,0,100,100,91.2,0.2,91,0.3,89.8,88.6,0
2020/7/17 4:00,111.5,246696.6,0,15.954,0,100,100,91,0.3,90.9,0.4,90.3,89.4,0
2020/7/17 5:00,225.7,599576.1,0,33.188,0,100,100,91.1,0.5,91.1,0.7,90.5,89.5,0
2020/7/17 6:00,355.4,1043934.8,0.2,49.71,0,100,100,92.9,0.7,92.6,1,91.4,89.9,0
2020/7/17 7:00,485.2,1514932.8,0.8,71.03,0,100,100,92.2,0.8,92,1.2,90.8,89.4,0
2020/7/17 8:00,603,1963899.8,9.6,112.9,0.5,100,99.7,91.8,1,91.6,1.4,90.1,88.3,0
2020/7/17 9:00,699.3,2351880.9,10.4,152.017,0.2,100,99.9,89.5,1.3,89.1,1.8,87.2,84.7,0
2020/7/17 10:00,766.4,2647930.3,0.7,149.353,0,100,100,90.2,1.4,89.7,2,87.4,84.8,0
2020/7/17 11:00,799.5,2829400.6,0.8,140.075,0,100,100,90.8,1.3,90.2,1.8,87.9,85.5,0
2020/7/17 12:00,795.9,2882692.1,0.7,142.846,0.4,100,99.8,89.4,0.3,89.2,0.4,88,86.6,0
2020/7/17 13:00,755.9,2803843.2,0.6,123.987,0,100,100,98.6,1.2,98.2,1.7,96.5,95,0
2020/7/17 14:00,682.6,2598718.1,0.1,88.865,0,100,100,98.5,1.6,98.3,2.3,97.5,96.8,0
2020/7/17 15:00,581.5,2282732.1,0,68.841,0,100,100,96.7,1.8,96.3,2.6,94.8,93.8,0
2020/7/17 16:00,460.5,1880203.1,0,59.458,0,100,100,94.6,1.2,94.4,1.8,93.7,93.5,0
2020/7/17 17:00,329.7,1423626.7,0,42.564,0,100,100,94.6,1.1,94.5,1.6,94,93.9,0
2020/7/17 18:00,201.7,953610.9,0.3,28.759,0,100,100,94,1.3,93.8,1.9,93.1,92.8,0
2020/7/17 19:00,92.7,521293.5,0.4,19.075,0,100,100,91.6,0.5,91.4,0.7,90.7,90.2,0.012764999999999999
2020/7/17 20:00,24.5,195459,0.1,8.873,0,100,100,92.4,0.3,92.3,0.5,92,91.8,0.002625
2020/7/17 21:00,0,29974.8,0,2.01,0,100,100,93.2,0.7,93.1,1,92.6,92.3,0
2020/7/17 22:00,0,0,0,0,0,92.4,92.3,94.8,0.8,94.6,1.2,93.9,93.4,0
2020/7/17 23:00,0,0,0,0,0,95.9,95.9,95,0.8,94.8,1.1,93.9,93.3,0
2020/7/18 0:00,0,0,0,0,0,99.7,99.7,94.6,0.9,94.4,1.3,93.5,92.9,0
2020/7/18 1:00,0,0,0,0,0,81.6,81.6,92.2,0.8,91.7,1.2,90.1,89.1,0
2020/7/18 2:00,0,0,0,0,1.6,88.4,88.4,90.8,0.9,90.3,1.3,88.2,86.6,0.006637499999999999
2020/7/18 3:00,31.9,47196.2,7.7,12.885,34.4,52.9,52.9,89.3,0.9,88.9,1.3,86.5,84.5,0.300512505
2020/7/18 4:00,108.7,238375.9,45,57.983,46.4,32.3,32.3,88.2,0.7,88.1,1.1,86.1,84.1,0.864612495
2020/7/18 5:00,222.6,588879.7,106.7,129.139,37.8,41.2,41.2,84.4,0.8,84.3,1.1,83.4,82.2,1.7535874949999999
2020/7/18 6:00,352.3,1032682.9,201.8,224.903,31.7,49.2,49.2,79.4,1.2,79.5,1.7,79.4,79.2,2.745899925
2020/7/18 7:00,482.1,1503834.9,312.5,349.096,42.7,30.7,30.7,72.6,1.9,72.8,2.8,73.9,75.3,2.3190375
2020/7/18 8:00,600.1,1953220.3,351.4,456.62,6.2,89.8,89.8,69.7,1.7,69.8,2.5,70.5,71.7,4.7410749
2020/7/18 9:00,696.5,2341691.1,436.6,541.325,23.5,61.2,61.2,63.6,1.3,63.6,1.8,63.7,64.4,10.0661874
2020/7/18 10:00,763.8,2638198.6,592.7,638.212,60,0,0,57,2,56.9,2.9,56.7,57.2,7.209399900000001
2020/7/18 11:00,796.9,2820032.7,448,640.694,15.3,82.6,79.2,59.6,1.9,59.4,2.7,58.6,58.5,5.2595624999999995
2020/7/18 12:00,793.3,2873554.3,211.9,499.279,8.1,92.5,89.5,63.8,2.9,63.2,4.1,60.6,58.6,6.423649950000001
2020/7/18 13:00,753.4,2794781.9,278.7,416.079,35.3,56.4,49.1,60.7,2.6,59.9,3.7,57,55.4,4.959549900000001
2020/7/18 14:00,680.1,2589578.3,318.7,427.432,33.2,56.5,51.1,58.5,2.3,57.8,3.3,55.2,53.8,5.65457505
2020/7/18 15:00,578.9,2273377.9,181.5,364.927,12.5,82.6,80.9,61.9,2.1,61,3,58.2,56.6,1.627450005
2020/7/18 16:00,457.8,1870545.5,73.3,250.93,21,99,82.3,69.5,1.5,68.4,2.2,64.7,62.2,2.2531874999999997
2020/7/18 17:00,326.9,1413671.2,35.5,173.854,31.6,97.8,73.9,73.2,2.3,72.4,3.3,69.8,68,0.46332501
2020/7/18 18:00,199,943563.9,8.9,102.659,27.3,78.2,72,79.6,4.1,79.4,5.8,78.6,78.2,0.0705
2020/7/18 19:00,90.3,511861.1,0.6,37.098,2.6,100,98.2,91.4,2.8,90.9,4,89.1,87.8,0.024237509999999997
2020/7/18 20:00,23.1,188541.3,0.1,8.666,0,100,100,93.1,1.5,92.5,2.1,90.3,88.6,0.053650005
2020/7/18 21:00,0,27383.1,0,1.585,0,100,100,92,1.2,91.2,1.8,88.3,86.2,0
2020/7/18 22:00,0,0,0,0,0,96.4,93.6,91,0.5,90.5,0.8,88.5,87.1,0
2020/7/18 23:00,0,0,0,0,0,100,100,87.2,0.2,86.9,0.3,86,85.4,0
2020/7/19 0:00,0,0,0,0,0,100,100,91,0.9,90.5,1.2,88.7,87.5,0
2020/7/19 1:00,0,0,0,0,0,100,100,93.1,0.9,92.7,1.2,91.2,89.8,0
2020/7/19 2:00,0,0,0,0,0,100,100,93.1,0.9,92.6,1.3,90.8,89.3,0
2020/7/19 3:00,30.2,42799,0,1.565,0,100,100,93.9,1,93.5,1.4,92,90.8,0.092950005
2020/7/19 4:00,105.9,229953.9,0,6.757,0,100,100,94.1,1.4,93.7,2,92.1,90.7,0.460312515
2020/7/19 5:00,219.5,577937.9,1.8,26.393,0,100,100,92.6,1.7,92,2.4,89.8,87.9,1.0204624949999999
2020/7/19 6:00,349.1,1021145,9.4,62.966,0.1,100,100,87.2,1.5,87,2.2,85.6,84.1,1.7450874899999997
2020/7/19 7:00,479,1492443.9,29.8,104.8,5.2,96.8,94.3,82.5,1.1,82.4,1.5,81.4,80.1,2.7909999750000005
2020/7/19 8:00,597.1,1942247.8,102.9,186.436,11.5,88.5,85.1,79.2,0.8,79.2,1.1,78.5,77.4,6.63196245
2020/7/19 9:00,693.7,2331206.8,225.2,317.315,26.7,63.2,60.8,71.6,0.6,71.6,0.9,71.4,71.2,8.7562752
2020/7/19 10:00,761.1,2628166.2,314.2,439.195,43.1,78.3,59.5,65,1,65,1.5,65.3,65.7,7.38353745
2020/7/19 11:00,794.2,2810351.9,364.7,527.469,33.9,95.9,73,63.4,1.2,63.2,1.7,62.9,63.2,8.753124900000001
2020/7/19 12:00,790.7,2864086.3,367.5,552.197,43.3,82.3,62.2,62.6,1.7,62.3,2.4,61.6,61.8,9.0834375
2020/7/19 13:00,750.8,2785368.7,301.1,502.198,35.3,81.9,69.4,61.5,1.4,61,2.1,59.6,59.2,9.2473377
2020/7/19 14:00,677.4,2580062.2,265.3,448.097,29.6,90.9,78.1,60.3,1.4,59.6,2.1,57.4,56.5,4.66740015
2020/7/19 15:00,576.1,2263623.2,198.1,386.363,23.4,98,82.7,61.4,1.5,60.4,2.2,57.6,56.4,4.7323125
2020/7/19 16:00,454.9,1860467,103.5,288.701,23.8,98.5,82.7,64.2,1.2,63.2,1.7,59.9,58.3,3.16303755
2020/7/19 17:00,324,1403283.9,35.2,188.328,12.3,99.6,93,64.8,2.1,64.3,3,63.1,62.8,1.266225
2020/7/19 18:00,196.1,933096.4,2.3,103.591,0.7,100,99.6,77.7,3,77.5,4.3,77.1,77,0.509625
2020/7/19 19:00,87.8,502076.7,0.1,49.262,0.1,100,99.9,76.2,2.6,76,3.7,75.1,74.5,0.05827499999999998
2020/7/19 20:00,21.8,181468.6,0,18.776,0,100,100,79.7,2.6,79.5,3.7,78.7,78,0
2020/7/19 21:00,0,24954.1,0,3.025,0,100,100,86.1,2.4,85.9,3.5,84.8,83.7,0
2020/7/19 22:00,0,0,0,0,0,100,100,90.7,2,90.5,2.9,89.3,87.9,0
2020/7/19 23:00,0,0,0,0,0,100,100,93.3,1.8,93.2,2.5,92,90.8,0
2020/7/20 0:00,0,0,0,0,0,100,100,95.1,1.7,94.7,2.4,92.8,91.1,0
2020/7/20 1:00,0,0,0,0,0,100,100,94.1,1.1,93.8,1.5,92,90.6,0
2020/7/20 2:00,0,0,0,0,0,100,100,93.7,0.9,93.2,1.2,91.5,90.2,0
2020/7/20 3:00,28.5,38347.9,0,2.302,0,100,100,94,0.7,93.7,1,92.5,91.7,0.11258749499999998
2020/7/20 4:00,103,221448,0,9.788,0,100,100,92.7,0.8,92.4,1.1,91.4,90.8,0.22621249499999996
2020/7/20 5:00,216.2,566759.8,0.1,20.706,0,100,100,90.2,1.1,89.8,1.6,88.9,88.7,0.61688751
2020/7/20 6:00,345.8,1009326.4,1.2,45.305,0,100,100,92.5,1.1,92.1,1.6,90.9,90.3,1.505575005
2020/7/20 7:00,475.8,1480763.7,4,84.053,0.4,99.9,99.7,87.6,1.1,87.5,1.6,87.6,87.9,1.8375374999999998
2020/7/20 8:00,594.1,1930985.2,14.2,111.426,0.8,99.8,99.5,88.8,1.3,88.6,1.8,88.5,88.7,3.370712475
2020/7/20 9:00,690.7,2320430,24.4,146.398,1.6,98.7,98.5,86.8,1.2,86.8,1.8,86.7,86.7,1.6843374899999999
2020/7/20 10:00,758.3,2617834.1,34.9,214.311,2.5,99.3,98.5,86.7,1.1,86.7,1.6,86.8,87,2.164425
2020/7/20 11:00,791.5,2800358.8,55.8,270.343,3.3,96.8,96.8,80.7,1.1,80.7,1.6,81.3,82.2,3.17134995
2020/7/20 12:00,788,2854287.9,90.1,293.141,3.6,96.4,96.4,76.9,1.4,77,2,77.9,79.4,2.075799975
2020/7/20 13:00,748.1,2775603.1,82.8,292.786,0.3,99.9,99.8,82.8,1.3,82.9,1.9,83.8,85.4,2.3554249499999997
2020/7/20 14:00,674.6,2570169.5,25.6,231.417,0.3,100,99.9,82.5,1.4,82.5,2.1,83.4,84.8,2.738000025
2020/7/20 15:00,573.3,2253468,4.5,148.447,0.4,99.9,99.7,79.7,1.5,79.7,2.2,80.2,81,1.5117874949999996
2020/7/20 16:00,452,1849968.1,3.2,103.218,0,100,100,84.4,1.7,83.9,2.5,82.6,82.2,1.561774995
2020/7/20 17:00,321,1392466.3,0,65.524,0,100,100,86.3,1.4,85.9,2,84.7,83.9,1.393349985
2020/7/20 18:00,193.1,922212.1,5.9,49.741,0,100,100,87.4,1.2,87,1.8,85.6,84.6,0.9214125150000001
2020/7/20 19:00,85.3,491949,7.4,51.032,26.6,89.9,76.8,83.4,1.3,83.2,1.9,82.9,82.8,0.07289999999999999
2020/7/20 20:00,20.4,174259,1.5,29.369,7.2,98,94.5,85.3,1.2,85.1,1.8,84.4,84.1,0.033474989999999996
2020/7/20 21:00,0,22460.4,0,6.125,7.2,99,93.8,87.3,1.5,87,2.1,85.9,85.2,0
2020/7/20 22:00,0,0,0,0,0,98.1,74.9,89.7,1.6,89.4,2.2,88.4,88,0
2020/7/20 23:00,0,0,0,0,0,99.4,82.6,91.1,1.4,90.7,2,89.6,89.2,0
2020/7/21 0:00,0,0,0,0,0,77.2,75.8,92.3,1.3,92.1,1.9,91.4,91.2,0
2020/7/21 1:00,0,0,0,0,0,35.6,34.5,89.6,1.7,89.4,2.5,89,89.2,0
2020/7/21 2:00,0,0,0,0,0,46.3,38.5,90.3,1.7,90,2.5,89.3,89.1,0.003034095
2020/7/21 3:00,26.8,33842.4,8.3,12.075,31.4,68.7,68.7,90.1,1.6,89.9,2.3,89.4,89.3,0.176637495
2020/7/21 4:00,100.1,212875.8,25.1,44.758,13.6,91.3,91.2,87,1.7,86.9,2.5,87.2,87.8,0.35805
2020/7/21 5:00,212.9,555354.8,30.8,79.061,13.5,94.5,93.8,83.8,1.9,83.8,2.8,84.5,85.5,1.5270250049999998
2020/7/21 6:00,342.4,997233,52.8,114.286,12.3,97,96,81.2,2.5,81.1,3.5,81.6,82.7,1.3819249949999999
2020/7/21 7:00,472.6,1468798.4,87.4,164.551,11.4,93.3,91.7,79.7,2.5,79.7,3.6,80.4,81.7,0.79148748
2020/7/21 8:00,590.9,1919435.4,136.3,233.309,16.5,86.8,83.9,77,2.5,76.9,3.6,77.2,78.3,1.133987505
2020/7/21 9:00,687.7,2309362.7,191.8,313.384,13.5,89.7,87.5,70.6,3.1,70.7,4.5,72,73.9,1.54836249
2020/7/21 10:00,755.3,2607203.7,232.9,379.436,14.5,88,85.5,66.3,3.3,66.5,4.8,68.1,70.1,2.5452249750000004
2020/7/21 11:00,788.7,2790053.9,285.9,430.476,20.3,82.1,78.8,61.3,4.1,61.2,5.8,61.8,63,2.09541255
2020/7/21 12:00,785.2,2844159.3,255.4,450.527,18.5,81.9,79.3,59.4,3.9,59.3,5.6,59.8,61.1,4.6169749499999995
2020/7/21 13:00,745.2,2765484.9,214,437.924,10.4,95.8,91.7,62.9,3.7,62.9,5.4,63.5,65,5.0518374
2020/7/21 14:00,671.7,2559900,193.5,412.955,8.3,98.6,94.8,62.4,3.6,62.4,5.1,63.2,64.9,1.48929999
2020/7/21 15:00,570.3,2242912.2,126,348.69,4.8,99.6,97.7,65.8,3.6,65.7,5.2,66,67.4,0.922750005
2020/7/21 16:00,448.9,1839049.2,62.7,255.798,3.5,99.7,98.3,69.5,3.6,69.3,5.1,69.4,70.8,1.0195750049999999
2020/7/21 17:00,317.8,1381220,24,168.981,1,100,99.7,74.8,3.4,74.7,4.9,74.9,76.2,0.64388751
2020/7/21 18:00,190,910914.7,6.4,96.689,0.2,100,99.9,82.7,3.6,82.5,5.1,82.3,83,0.490249995
2020/7/21 19:00,82.7,481487.6,1.8,46.562,2.2,99.8,98.8,82.3,3.1,82.1,4.5,81.9,82.6,0.261612495
2020/7/21 20:00,19,166931.3,0.4,17.852,2.6,99.7,98.3,85.4,3.2,85.3,4.5,84.8,85.1,0.071712495
2020/7/21 21:00,0,19899.1,0,3.907,7.8,94.5,92.3,88.2,3,88,4.4,87.5,87.8,0
2020/7/21 22:00,0,0,0,0,0,70.9,69.1,90.2,2.7,90.1,3.9,89.6,89.7,0
2020/7/21 23:00,0,0,0,0,0,70,69.2,90.7,2.5,90.4,3.6,89.8,90,0
2020/7/22 0:00,0,0,0,0,0,51.7,50.2,91.7,2.4,91.5,3.4,90.9,91,0
2020/7/22 1:00,0,0,0,0,0,56.6,52.6,89.5,2.5,89.2,3.5,88.3,87.6,0
2020/7/22 2:00,0,0,0,0,0,59.6,58.3,86.1,2.4,85.8,3.4,84.6,83.8,0.010612499999999999
2020/7/22 3:00,25.1,29995.1,7.3,11.373,26.8,67.2,66.2,83.7,2.1,83.5,3,82.5,81.8,0.170862495
2020/7/22 4:00,97.1,204255.4,33.9,50.294,25,72,71.3,81.2,2.1,80.9,3,80.2,80,0.29259999
2020/7/22 5:00,209.5,543732.6,87,117.309,26,73.3,73.3,77.9,2.1,77.7,2.9,77.4,77.8,0.73448751
2020/7/22 6:00,339,984870.4,161.6,203.559,27.8,77.8,77.8,72.9,2.5,72.7,3.6,72.6,73.7,1.7233500000000002
2020/7/22 7:00,469.2,1456551.9,197.9,278.663,24.7,77.6,77.5,68,3.1,67.9,4.5,67.8,69.1,1.8210374999999999
2020/7/22 8:00,587.7,1907601.3,186.4,321.166,24.9,80.7,80.6,65.9,3.5,65.8,5,65.7,67,2.475375
2020/7/22 9:00,684.6,2298006.8,179.9,344.504,20.2,86.1,86.1,64.7,3.3,64.6,4.8,64.6,66,1.5208499999999998
2020/7/22 10:00,752.4,2596275.8,158.8,340.393,14.8,91,91,67,3.2,67.1,4.6,67.7,69.5,2.226275025
2020/7/22 11:00,785.8,2779437.7,120.6,307.7,6.6,95.9,95.9,69.4,3.3,69.5,4.8,69.8,71.5,1.987662525
2020/7/22 12:00,782.3,2833700.4,70.3,268.435,5.6,97.9,97.9,72.2,3.2,72.1,4.7,72.1,73.5,3.548499975
2020/7/22 13:00,742.3,2755013.9,37.6,229.736,1.6,98.6,98.6,75.9,3.3,75.7,4.8,75.4,75.7,4.290825
2020/7/22 14:00,668.7,2549253.3,52.9,208.037,9.7,92.5,92.2,76.4,3.5,76.2,5.1,75.6,75.8,6.3366876
2020/7/22 15:00,567.2,2231955.9,76.9,212.738,25.7,81.1,80.8,73,3.4,72.8,4.9,72.3,73.3,4.79961255
2020/7/22 16:00,445.7,1827711.1,94.9,219.814,30.2,67.5,67.3,73.3,3.3,73.1,4.8,73,74.1,2.6657625
2020/7/22 17:00,314.6,1369546.8,72,188.116,27.1,72.6,72.5,74.8,3.2,74.6,4.6,74.3,75.2,2.0118625499999996
2020/7/22 18:00,186.8,899208.5,49.7,130.638,18.5,84.3,84.3,78.3,3.1,78.1,4.4,77.8,78.7,0.9046249949999998
2020/7/22 19:00,80,470702.8,20,76.568,16.4,86.4,86.4,80.7,3.4,80.5,4.9,79.9,80.5,0.3024
2020/7/22 20:00,17.6,159504.3,2.5,29.678,20.7,83.8,83.8,85,3.1,84.8,4.5,84.2,84.6,0.011387504999999985
2020/7/22 21:00,0,17266.8,0,5.309,16.9,82.2,82.2,87,3.1,86.7,4.4,86,86.5,0
2020/7/22 22:00,0,0,0,0,0,77.7,77.7,88.8,3.1,88.7,4.4,88.3,88.9,0
2020/7/22 23:00,0,0,0,0,0,80.8,80.8,90.6,2.9,90.5,4.2,90.4,91,0
2020/7/23 0:00,0,0,0,0,0,81.6,81.6,91.6,3.1,91.5,4.4,91.3,91.8,0
2020/7/23 1:00,0,0,0,0,0,82.4,82.4,93.7,3.4,93.5,4.9,93,93.2,0
2020/7/23 2:00,0,0,0,0,0,94.5,94.5,93.8,3.4,93.6,4.9,93.1,93.1,0
2020/7/23 3:00,23.5,27108.5,2.2,4.38,10.2,92,92,94,3.4,93.8,4.8,93.2,92.8,0.005912504999999999
2020/7/23 4:00,94.1,195604.9,7.8,19.15,11.4,91.5,91.5,91.4,3.5,91.2,5,90.6,90.5,0.2895375
2020/7/23 5:00,206,531903.2,6.5,37.369,0.5,99.7,99.7,91.7,3.5,91.4,5.1,90.6,90,1.016775
2020/7/23 6:00,335.5,972244.4,7.9,52.015,2.6,98.5,98.5,92.1,3.4,91.9,4.9,91.3,90.7,1.3849875
2020/7/23 7:00,465.8,1444028.2,19.2,81.279,5.5,95.3,95.3,91,3.2,90.9,4.6,90.3,90.1,3.52536255
2020/7/23 8:00,584.4,1895485.7,72.8,148.204,23,81.2,78.3,86.8,2.8,86.8,4,87.1,87.3,1.67181249
2020/7/23 9:00,681.5,2286364.1,197.8,267.978,29.4,66.2,66.2,81.2,3.2,81.2,4.6,81.5,81.9,4.61085
2020/7/23 10:00,749.3,2585051.8,273.4,394.267,28.7,68.8,68.8,77.7,3.4,77.8,4.9,78.6,79.5,5.99085
2020/7/23 11:00,782.7,2768510.6,283,448.876,31.7,64,63.8,75.4,3.5,75.3,5,75.8,76.5,6.5822125499999995
2020/7/23 12:00,779.3,2822911.3,292.3,458.565,34.3,83.1,71.5,73.8,3.6,73.7,5.1,74.3,75.3,7.7216001
2020/7/23 13:00,739.3,2744189.9,227,436.554,23.3,85.3,84,70.9,3.5,70.9,5.1,72,73.5,6.031425
2020/7/23 14:00,665.6,2538229.4,176.7,373.508,20.2,86.3,84.8,72.3,3.6,72.1,5.2,72.1,72.5,5.01152505
2020/7/23 15:00,564,2220599.3,173.2,317.986,21.8,82.1,82,69.1,3.5,68.9,5,69.2,70,2.742350025
2020/7/23 16:00,442.4,1815954.7,142.9,270.193,26.4,77.2,77,71.3,3.6,71.2,5.1,72,73.4,3.4354999500000005
2020/7/23 17:00,311.2,1357449,102.7,211.439,28.7,78.1,73.7,70.9,3.3,70.9,4.7,71.3,72.4,1.49780001
2020/7/23 18:00,183.5,887098,45.2,136.028,34,76.5,69.4,73.5,3.1,73.4,4.4,73.8,74.9,0.915537495
2020/7/23 19:00,77.3,459605.8,12.8,67.305,30.6,98.9,80.5,81.1,3.5,81,5,81.1,81.9,0.2482875
2020/7/23 20:00,16.2,151996.8,1.7,26.73,30.1,100,83,85.1,3.2,84.9,4.6,84.5,84.6,0
2020/7/23 21:00,0,14560.6,0,5.495,24.7,100,82,86,2.8,85.9,4,85.8,86.1,0
2020/7/23 22:00,0,0,0,0,0,100,78.6,87.9,2.5,87.8,3.5,87.6,87.8,0
2020/7/23 23:00,0,0,0,0,0,99.3,74.1,91,2.3,90.8,3.4,90.5,90.6,0
2020/7/24 0:00,0,0,0,0,0,95.5,72.3,91.5,2.1,91.3,3.1,90.6,90.2,0
2020/7/24 1:00,0,0,0,0,0,99.8,99.2,89.8,2.7,89.8,3.9,90.1,90.6,0
2020/7/24 2:00,0,0,0,0,0,100,99.9,89.7,2.9,89.7,4.1,90,90.5,0.0029549999999999997
2020/7/24 3:00,21.9,24198.8,0,2.703,2.7,99.9,99.4,90.6,2.7,90.6,3.8,90.8,91.3,0.019187504999999997
2020/7/24 4:00,91.1,186942.7,0.6,14.234,3.3,99.9,98.6,90.3,2.7,90.4,3.9,90.9,91.6,0.037462499999999996
2020/7/24 5:00,202.5,519877.2,2.6,36.108,5.3,99.9,98.3,90.7,2.9,90.7,4.2,90.9,91.2,0.535575
2020/7/24 6:00,331.9,959360.9,12.6,66.06,10.3,99.5,94.9,89.6,2.7,89.6,3.8,89.5,89.3,0.6670124999999999
2020/7/24 7:00,462.3,1431231.4,22.5,101.432,7.1,99.9,98.7,84.9,3,85.1,4.3,85.9,86.7,0.77410002
2020/7/24 8:00,581,1883091.4,23.4,147.094,4.2,100,98.9,85.6,3.2,85.7,4.6,86.1,86.6,0.774975
2020/7/24 9:00,678.2,2274436.7,28.9,200.902,1.7,100,99.3,78.4,3.7,78.8,5.3,80.4,82.2,0.9703499849999999
2020/7/24 10:00,746.1,2573532.7,19.9,208.577,0.2,100,99.9,77.8,4,78.1,5.7,79.4,80.8,0.75418752
2020/7/24 11:00,779.7,2757273.1,5.8,169.66,0,100,100,82.2,3.9,82.5,5.7,83.7,84.9,1.724525025
2020/7/24 12:00,776.2,2811792.2,0.7,136.007,0,100,100,88,3.8,88.1,5.5,88.7,89.4,0.65742501
2020/7/24 13:00,736.2,2733012.9,0.1,103.773,0,100,100,92.7,3.9,92.7,5.5,92.9,93.1,1.3038
2020/7/24 14:00,662.4,2526828.3,0.1,76.365,0,100,100,95.8,3.6,95.5,5.1,94.4,93.9,0.81458751
2020/7/24 15:00,560.6,2208842.8,0,60.751,0.5,100,100,96.2,2.9,95.8,4.2,94.4,93.3,1.064487495
2020/7/24 16:00,438.9,1803780.9,0,48.989,0.2,100,100,95.6,2.8,95.2,4.1,93.8,92.8,0.6380875199999999
2020/7/24 17:00,307.7,1344928.6,0,38.129,0,100,100,94.5,2.9,94.1,4.1,92.5,91.4,0.22514999999999996
2020/7/24 18:00,180.1,874588.1,0,26.841,0,100,100,93.8,2.6,93.4,3.7,92.2,91.3,0.1396875
2020/7/24 19:00,74.5,448208.6,0,15.618,0,100,100,95.6,3,95.4,4.3,94.5,93.8,0.023174999999999984
2020/7/24 20:00,14.8,144427.4,0,5.795,0,100,100,95,2.5,94.8,3.5,93.8,93.2,0
2020/7/24 21:00,0,12411.5,0,0.886,0,100,100,95.2,2.6,95.1,3.7,94.5,94.3,0
2020/7/24 22:00,0,0,0,0,0,100,100,95.2,2.7,95.1,3.9,94.8,94.8,0
2020/7/24 23:00,0,0,0,0,0,100,100,95.1,2.7,94.9,3.9,94.5,94.4,0
2020/7/25 0:00,0,0,0,0,0,100,100,94.9,2.4,94.8,3.5,94.4,94.3,0
2020/7/25 1:00,0,0,0,0,0,99.5,99.4,95.8,2.6,95.6,3.7,95.2,95,0
2020/7/25 2:00,0,0,0,0,0,100,100,94.9,2.3,94.8,3.4,94.4,94.3,0
2020/7/25 3:00,20.2,21259.8,0.3,2.568,0.3,100,100,94.5,2.2,94.4,3.2,94.3,94.5,0.001624994999999985
2020/7/25 4:00,88,178286.9,0.3,11.016,1.5,99.9,99.9,94.3,2.3,94.2,3.2,94,94.1,0.23164999499999997
2020/7/25 5:00,198.9,507665.1,0.8,31.578,3.6,99.5,99.5,92.2,2.4,92.3,3.4,92.6,93,0.56495001
2020/7/25 6:00,328.2,946225.8,4,63.336,1.9,100,99.9,93.1,2.2,93.1,3.2,93.4,93.6,1.0704625049999998
2020/7/25 7:00,458.7,1418165.6,10,96.984,1.7,100,99.9,92.2,2.2,92.3,3.1,92.7,93.1,1.7936125200000002
2020/7/25 8:00,577.6,1870421.4,10.5,139.148,0.2,100,100,90.9,2.1,91,3,91.7,92.3,3.52515
2020/7/25 9:00,674.9,2262226.4,14,187.537,0.5,100,100,88.5,2.1,88.7,3,89.6,90.6,3.2054249999999995
2020/7/25 10:00,742.9,2561719.6,36.5,248.436,10.8,99.9,98.1,81.4,1.8,81.6,2.6,82.4,83.5,3.862462425
2020/7/25 11:00,776.5,2745725.9,57,308.189,16.1,95.1,89,71.6,1.8,71.7,2.6,72.4,73.5,4.446949950000001
2020/7/25 12:00,773.1,2800343,46.8,314.995,24.7,99.9,88,71,1.6,71.1,2.3,71.5,72.4,1.12291251
2020/7/25 13:00,732.9,2721482.9,53.9,313.072,0.8,100,99.6,76.5,1.5,76.8,2.1,78.2,79.8,3.1391625000000003
2020/7/25 14:00,659.1,2515050.1,170.6,365.6,22.3,99.7,91.7,73.1,1.1,73.4,1.6,74.7,76.2,5.8696125
2020/7/25 15:00,557.2,2196686.9,209.3,398.505,19.8,97,84.9,69.9,1.2,70.2,1.7,71.4,72.8,6.38875005
2020/7/25 16:00,435.4,1791191.1,99.7,323.597,19,99.9,87.1,70.7,1.3,71,1.8,72.3,73.8,3.5186751
2020/7/25 17:00,304.1,1331988.4,68.1,218.368,49.8,98.1,61.4,71,1.3,71.3,1.9,72.4,73.7,1.533137505
2020/7/25 18:00,176.6,861684.1,51.1,157.237,57,66.3,37.4,71.8,1,71.8,1.5,72.2,72.9,0.366612495
2020/7/25 19:00,71.6,436524.1,18.9,96.284,19.8,86.4,76.7,79.8,0.3,79.7,0.5,79.3,79.2,0.149475
2020/7/25 20:00,13.4,136813.7,2.6,35.101,16.9,71.9,71.9,79.9,0.2,79.9,0.2,80.1,80.5,0.0070125
2020/7/25 21:00,0,10226.7,0,5.382,26.3,38.4,34.6,82.8,0.5,82.7,0.7,82.3,81.9,0
2020/7/25 22:00,0,0,0,0,0,39.5,21.3,90.7,1,90,1.5,87.1,85.1,0
2020/7/25 23:00,0,0,0,0,0,4.2,2.8,95,1.2,94.2,1.7,91.1,88.7,0
2020/7/26 0:00,0,0,0,0,0,1.2,1.2,97,1.3,96.2,1.8,92.9,89.9,0
2020/7/26 1:00,0,0,0,0,0,57.6,57.6,100,1,100,1.4,97.3,94.1,0
2020/7/26 2:00,0,0,0,0,0,93.2,93.2,99,1.1,98.1,1.5,93.9,89.9,0.009325004999999999
2020/7/26 3:00,18.6,18284.7,4.2,8.312,1.3,97.2,97.1,98.2,1.2,97.1,1.7,92.2,87.4,0.222762495
2020/7/26 4:00,84.9,169655,27.2,44.32,9.5,86.7,85.4,96.5,1,95.3,1.4,90.2,85.3,0.63519999
2020/7/26 5:00,195.3,495278.2,106.7,122.487,14.9,79.6,77.4,93.4,1.3,92.2,1.8,87.3,82.6,1.4848249949999999
2020/7/26 6:00,324.5,932845.3,204.5,231.736,53.9,97.2,53.7,83.2,1.6,82.4,2.4,79,75.8,3.3228875249999996
2020/7/26 7:00,455,1404834.6,271.3,342.32,59.3,92.9,47,74.4,1.9,74.1,2.7,72.7,71.3,5.180249999999999
2020/7/26 8:00,574.1,1857478.3,404.5,453.496,59.7,65.6,33.1,67.6,1.9,67.5,2.8,66.9,66.6,7.608149849999998
2020/7/26 9:00,671.5,2249735,532.1,564.279,60,36.5,18.3,60.1,1.9,59.8,2.8,58.8,58.5,9.2992875
2020/7/26 10:00,739.6,2549613.7,580.7,644.546,60,67.9,34,55.1,2.1,54.5,3,52.3,51.3,8.2812252
2020/7/26 11:00,773.2,2733869.3,586.4,684.009,60,58.7,29.3,51.4,2.7,50.7,3.8,48.1,47,11.563074899999998
2020/7/26 12:00,769.8,2788564.1,375.8,608.176,56.4,76.5,41.6,49.7,3.1,49,4.5,46.5,45.4,7.4438376
2020/7/26 13:00,729.6,2709599.8,130.5,426.169,2,98.6,97.6,70.5,2.9,69.9,4.2,67.4,65.7,6.0193373999999995
2020/7/26 14:00,655.7,2502894.9,146,346.393,33.7,93.5,68.7,68.4,3,67.6,4.3,64.8,62.9,4.04426235
2020/7/26 15:00,553.7,2184132,158.9,354.183,18.5,98.5,83.9,65.8,2.8,65,4,62.2,60.5,1.864849995
2020/7/26 16:00,431.7,1778186.5,121.8,309.944,13,100,89.2,65.9,2.4,64.8,3.5,61.1,58.8,1.24108749
2020/7/26 17:00,300.3,1318631,89.3,235.913,21.4,99.5,82,65.4,2.8,64.5,4,61.6,59.9,0.32637501
2020/7/26 18:00,173,848391.8,25.6,133.596,25.6,99.4,78.4,66.9,2.9,66.1,4.1,63.4,61.8,0.06626249999999999
2020/7/26 19:00,68.7,424566.4,0,41.755,1.1,100,99.1,83.4,3.4,82.7,4.9,79.8,77.4,0.000799995
2020/7/26 20:00,11.9,129172.3,0,8.991,12.3,100,89.7,84.4,3.2,83.4,4.6,79.3,75.9,0
2020/7/26 21:00,0,7983,0,1.771,0.1,100,99.9,84.8,3.1,83.6,4.5,79,75.2,0
2020/7/26 22:00,0,0,0,0,0,100,100,82.7,3,81.4,4.3,76.5,72.5,0
2020/7/26 23:00,0,0,0,0,0,100,91.3,77.8,3.1,76.6,4.4,72.5,69.2,0
2020/7/27 0:00,0,0,0,0,0,100,93.1,72.2,3.4,71.4,4.8,68.6,66.8,0
2020/7/27 1:00,0,0,0,0,0,100,100,73.2,3.1,72.6,4.5,70.7,69.5,0
2020/7/27 2:00,0,0,0,0,0,100,99.9,75.6,2.1,74.8,3,72.1,70.7,0
2020/7/27 3:00,17.1,15267.6,0,0.645,0.1,100,99.9,75,0.7,74.7,1.1,73.9,73.5,0
2020/7/27 4:00,81.8,161064,0,4.495,0,100,100,91.9,2.4,91.5,3.4,90.1,89.2,0.006049995
2020/7/27 5:00,191.5,482728.1,0.2,13.703,0,100,100,94.3,1.3,93.6,1.9,91.1,89.3,0.19850001
2020/7/27 6:00,320.7,919225.5,0.3,24.49,0,100,100,91.7,1,91.1,1.4,89,87.9,0.17048750999999998
2020/7/27 7:00,451.3,1391242.8,1.1,36.323,0.7,99.9,99.9,95.7,0.3,95.6,0.5,95.1,94.7,0.23586
2020/7/27 8:00,570.5,1844265.1,13.2,68.918,2.8,99.4,98.7,94.1,0.5,93.8,0.8,92.8,92,0
2020/7/27 9:00,668,2236964.5,52.3,138.674,3.1,98.1,96.8,88.5,0.9,88.2,1.3,87.1,86,0
2020/7/27 10:00,736.2,2537216,42.5,181.398,0,100,100,87.1,1.5,86.5,2.1,83.9,81.6,0
2020/7/27 11:00,769.8,2721704,7,169.579,0,100,100,89.8,1.1,88.7,1.6,84.3,80.3,0
2020/7/27 12:00,766.4,2776455.7,56.9,208.793,19.9,70.9,70.3,81.8,1.4,81.1,2,78.1,75,0
2020/7/27 13:00,726.2,2697363.9,97.6,288.504,0.3,99.5,99.5,69.3,1.8,68.8,2.6,66.9,65.7,0
2020/7/27 14:00,652.1,2490363.1,295.5,381.88,40.4,32.7,32.7,65.7,1.8,65.1,2.6,63,61.7,7.00536006
2020/7/27 15:00,550,2171179.1,426.9,475.539,58.4,2.6,2.6,61.8,2.3,61.5,3.3,60.7,60.6,5.8446375
2020/7/27 16:00,427.9,1764768.8,333.1,453.684,60,0,0,65,2.9,64.8,4.2,64,63.7,2.290062525
2020/7/27 17:00,296.5,1304859.5,226.3,343.858,59.6,0.6,0.6,70.6,3.3,70.2,4.7,68.7,67.5,1.190987505
2020/7/27 18:00,169.3,834717.2,117.7,227.472,60,0.2,0.1,73.2,3.3,72.6,4.8,70.3,68.3,0.3496875
2020/7/27 19:00,65.8,412350.4,29.9,118.166,58.2,90.5,46.7,78.8,3.5,78,5,74.8,71.9,0.184024995
2020/7/27 20:00,10.5,121518.3,1.8,39.2,60,95.7,47.9,82.9,3.1,81.9,4.5,78.1,74.5,0.008962514999999985
2020/7/27 21:00,0,5679.3,0,5.338,32,85.9,43,87.7,2.9,86.7,4.2,82.5,78.6,0
2020/7/27 22:00,0,0,0,0,0,4.2,2.1,92.8,2.4,91.6,3.5,86.7,82.1,0
2020/7/27 23:00,0,0,0,0,0,0,0,93.7,2,92.5,2.9,87.5,82.8,0
2020/7/28 0:00,0,0,0,0,0,0,0,90.7,1.8,89.7,2.6,85.5,81.6,0
2020/7/28 1:00,0,0,0,0,0,0.8,0.4,80.3,1.9,79.5,2.7,76.2,73.5,0
2020/7/28 2:00,0,0,0,0,0,20.1,10,79.7,1.8,79,2.6,76.2,73.9,0.00737499
2020/7/28 3:00,15.5,12916.9,6.4,8.116,39,31.4,15.7,79.1,1.8,78.5,2.6,76.2,74.5,0.17757500999999998
2020/7/28 4:00,78.7,152529.7,50.3,50.493,60,14.7,7.3,77.9,2,77.3,2.8,75.1,73.2,0.30353751
2020/7/28 5:00,187.8,470026.8,135,135.623,60,14.3,7.1,74.2,2.3,73.7,3.3,71.8,70.4,0.988199985
2020/7/28 6:00,316.8,905372.6,239.4,243.65,60,0,0,68.7,2.5,68.2,3.5,66.8,65.9,3.5636499749999997
2020/7/28 7:00,447.5,1377394,347.4,358.428,59.9,0.1,0.1,61.3,2.9,61,4.2,59.9,59.5,5.26652724
2020/7/28 8:00,566.8,1830784.5,446.2,468.232,59.4,1,1,55.8,3.2,55.4,4.6,54.2,53.9,3.3355875
2020/7/28 9:00,664.4,2223916.7,528.8,563.528,59.9,0.2,0.2,50.2,3.4,49.6,4.8,47.9,47.2,8.1998499
2020/7/28 10:00,732.7,2524527.7,589.6,638.164,59.7,52.8,26.6,46.2,3.4,45.5,4.9,43.2,42.1,5.0361375
2020/7/28 11:00,766.4,2709230.6,542.6,669.482,47.7,95,57.9,43.3,4,42.3,5.7,39,37.1,5.938512599999999
2020/7/28 12:00,762.9,2764017.9,433,641.974,59.1,98.8,50.3,44.2,4.1,43.6,5.9,41.5,40.5,5.6754249
2020/7/28 13:00,722.6,2684775.2,368.7,587.547,57.7,94.5,49.6,48.1,3.7,47.6,5.3,45.6,44.7,4.4419749
2020/7/28 14:00,648.5,2477454.9,301.2,507.274,14.2,76.4,76.4,50.9,3.5,50.2,5,48,46.9,2.5947954449999995
2020/7/28 15:00,546.2,2157828.8,159.6,384.573,6.5,89.3,89.3,56.6,2.9,55.6,4.1,52.6,50.7,1.5318124949999998
2020/7/28 16:00,424,1750939.7,137.4,295.624,6.3,89.6,89.6,58.4,2.9,57.3,4.1,53.7,51.6,1.071640905
2020/7/28 17:00,292.5,1290677.1,147.8,256.347,53.8,62.9,36.6,58.2,3.4,57.5,4.9,55,53.7,0.922625025
2020/7/28 18:00,165.5,820667.2,43.4,172.199,54.3,100,54.7,64.2,3.4,63.6,4.9,61.7,60.6,0.36578751000000004
2020/7/28 19:00,62.8,399892.2,0.4,71.062,4.9,100,95.9,71.3,3.5,70.9,5,69.4,68.5,0.081137505
2020/7/28 20:00,9,113864.7,0,19.869,1.9,98.4,97.6,74.5,3,74,4.4,72.5,71.5,0
2020/7/28 21:00,0,3314.4,0,2.775,5.5,98.3,89.9,79,2.6,78.5,3.8,76.8,75.7,0
2020/7/28 22:00,0,0,0,0,0,77.3,67.4,81.7,2.6,81.1,3.7,78.9,77.4,0
2020/7/28 23:00,0,0,0,0,0,72.2,43.5,84.8,2.4,84.1,3.5,81.5,79.6,0
2020/7/29 0:00,0,0,0,0,0,23.2,14.3,87,2.5,86.2,3.7,83.6,81.7,0
2020/7/29 1:00,0,0,0,0,0,99.9,99.2,82.2,2.2,81.6,3.2,79.4,77.9,0
2020/7/29 2:00,0,0,0,0,0,99.9,98,87.4,2.8,86.8,4.1,84.5,82.7,0.0017045549999999997
2020/7/29 3:00,13.9,10539.1,1.5,3.924,14.6,86.3,73.7,90.2,2.7,89.5,3.8,87,85,0.170925
2020/7/29 4:00,75.5,144066.2,20.4,32.01,35,54.1,50.3,90.6,2.6,89.8,3.8,86.9,84.5,0.34962500999999996
2020/7/29 5:00,183.9,457186.7,53.2,88.085,24.8,66.8,64.2,88.1,2.6,87.3,3.7,84.5,82.1,1.4580625049999998
2020/7/29 6:00,312.9,891293.1,129.8,173.398,37.4,41.3,41.1,83.3,2.3,82.6,3.2,80,77.8,4.117337474999999
2020/7/29 7:00,443.6,1363292.4,260.7,299.475,28.8,52.5,52.4,77.5,2.7,77.5,3.9,77.5,77.7,4.277166645
2020/7/29 8:00,563,1817039.3,327.5,412.061,22.9,63,63,73.3,2.7,73.4,3.9,74.1,75,3.7439500499999996
2020/7/29 9:00,660.8,2210593.4,351,475.231,26.4,72.7,66.9,67.4,2.5,67.5,3.6,67.9,68.6,4.9217850599999995
2020/7/29 10:00,729.1,2511549.9,318,491.824,19.8,72,71.4,62.9,2,62.9,2.9,62.7,63,6.6671127
2020/7/29 11:00,762.8,2696449.6,248.1,450.109,11.2,84.7,84.5,62.5,2.1,62.4,3,61.8,61.8,5.221787399999999
2020/7/29 12:00,759.4,2751251.1,345.7,454.762,19.5,70,69.8,63.9,2.4,63.5,3.4,62.2,61.5,7.76239776
2020/7/29 13:00,719,2671834,443.1,537.673,42.1,73.4,56.8,58.6,2.2,58.2,3.2,56.9,56.5,6.524249850000001
2020/7/29 14:00,644.7,2464170.9,286.8,519.066,40.3,93.2,66.8,61.8,2.3,61.2,3.3,59.6,59,1.81416819
2020/7/29 15:00,542.3,2144082.2,184.8,402.165,38.5,82.2,60.2,63.9,2,63.2,2.9,60.9,59.8,5.13543735
2020/7/29 16:00,420,1736701.1,181.8,320.04,39.3,64.8,50.3,61,1.5,60.4,2.2,58.4,57.3,3.75076494
2020/7/29 17:00,288.5,1276087.5,128.7,252.665,37.3,52.1,47.6,66.6,2.8,66.1,4.1,64.7,64,1.554375
2020/7/29 18:00,161.7,806248.6,79.3,174.385,44.6,26.3,26.2,78.4,3.4,78.3,4.8,78.3,78.4,0.40711249499999996
2020/7/29 19:00,59.8,387209,29.9,98.091,50.7,29.4,24,83.9,2.8,84,4,84.4,84.9,0.137224995
2020/7/29 20:00,7.4,106222.3,2,33.893,52.1,48.5,35.7,88.1,1.9,88,2.8,88.1,88.5,0
2020/7/29 21:00,0,2073.3,0,4.02,19.9,55.9,45.2,91.6,1.8,91.5,2.6,91.4,91.5,0
2020/7/29 22:00,0,0,0,0,0,49.1,45.8,94.2,2,94.1,2.8,93.6,93.4,0
2020/7/29 23:00,0,0,0,0,0,72.9,59.2,94.9,1.9,94.7,2.7,94.3,94.1,0
2020/7/30 0:00,0,0,0,0,0,79.9,72.7,94.7,1.5,94.7,2.1,95.1,95.7,0
2020/7/30 1:00,0,0,0,0,0,99.4,86,93.2,1.6,93.3,2.3,93.9,94.6,0
2020/7/30 2:00,0,0,0,0,0,99.5,87.6,91.9,1.2,92.1,1.8,92.8,93.7,0
2020/7/30 3:00,12.4,8124.6,0.1,2.891,11.9,99.6,92.2,91.8,1.3,91.9,1.8,92.6,93.3,0.0396
2020/7/30 4:00,72.4,135685.9,2,18.261,14.9,99.6,95,90.3,1.4,90.5,2,91.4,92.2,0.023950005
2020/7/30 5:00,180.1,444220.8,8.4,49.689,14.5,99,95.2,88,1.5,88.2,2.2,89.2,90.2,0.24072501
2020/7/30 6:00,308.8,876993.4,18.2,85.993,1,99.3,99.3,86.5,1.9,86.6,2.8,87.4,88.2,0.8659250250000001
2020/7/30 7:00,439.7,1348942.2,48.8,137.796,2.5,99.4,98.9,85.2,2.7,85.4,3.8,86.2,87.2,0.70167501
2020/7/30 8:00,559.2,1803032.4,73.9,210.748,11.1,98.4,94.2,78.6,3.1,78.8,4.4,80,81.5,1.120845045
2020/7/30 9:00,657,2196996.5,39.2,238.357,8.4,92.9,92.8,72.7,2.9,72.8,4.2,73.4,74.5,2.0705750249999997
2020/7/30 10:00,725.5,2498283.7,27.7,228.483,0.5,99.7,99.7,73.3,3,73.4,4.3,73.9,75,1.873250025
2020/7/30 11:00,759.2,2683361.7,82.3,278.36,5.9,97.2,96,72,3.4,72.1,4.9,72.7,73.8,0.78346251
2020/7/30 12:00,755.7,2738155.6,60.5,299.234,4.2,100,99.1,71.5,3.5,71.5,5,71.7,72.6,0.50432499
2020/7/30 13:00,715.3,2658540.7,4.4,217.446,0,100,100,81.1,3.4,81.2,4.9,82.1,83.4,0.63508749
2020/7/30 14:00,640.9,2450511.6,16.4,168.603,0,100,100,80.3,3.1,80.3,4.4,80.7,81.7,0.39704999999999996
2020/7/30 15:00,538.3,2129940.6,17.8,166.257,0.6,99.5,99.5,80,3.1,79.9,4.5,80.3,81.2,0.42048749999999996
2020/7/30 16:00,415.9,1722055.1,11.5,141.578,0.2,99.8,99.8,81,2.9,80.9,4.1,81.2,81.9,0.64182273
2020/7/30 17:00,284.3,1261094.4,18.8,115.059,12,87.1,86.9,81.4,2.6,81.2,3.7,81.6,82.5,1.246637505
2020/7/30 18:00,157.7,791469.2,19.3,92.772,26.8,68.7,68.7,82.2,2.5,82.1,3.6,82.5,83.5,0.43523751000000005
2020/7/30 19:00,56.9,374319.6,9.3,57.959,28,67.1,67.1,84.9,2,84.6,2.9,84.1,84.2,0.050624985000000004
2020/7/30 20:00,5.8,98599.2,0.8,20.309,37,59.3,59.3,86.7,1.8,86.5,2.6,85.8,85.7,0
2020/7/30 21:00,0,1629.5,0,2.166,15,54.8,54.8,89.5,1.8,89.2,2.5,88.3,87.8,0
2020/7/30 22:00,0,0,0,0,0,38,38,92.3,1.7,92,2.5,90.9,89.7,0
2020/7/30 23:00,0,0,0,0,0,29.7,29.7,93.4,1.4,93.1,2.1,92,90.5,0
2020/7/31 0:00,0,0,0,0,0,25.2,25.2,94.8,0.8,94.4,1.2,92.8,91.2,0
2020/7/31 1:00,0,0,0,0,0,68.6,68.6,92.1,1.4,92,1.9,91.8,92.4,0
2020/7/31 2:00,0,0,0,0,0,81.8,81.8,92.8,1,92.6,1.5,91.7,91.9,0
2020/7/31 3:00,10.8,5671.9,1.6,3.517,7.3,77.1,77.1,93,0.9,92.7,1.3,91.9,92,0.023974994999999985
2020/7/31 4:00,69.2,127399.1,14.9,24.803,4.9,91.9,91.9,91.6,0.9,91.5,1.2,91.2,91.6,0.135675015
2020/7/31 5:00,176.1,431142.6,35.2,66.894,4.7,92.2,92.2,89.2,1.1,89.4,1.6,90.1,91.3,0.287699985
2020/7/31 6:00,304.8,862480.2,62.5,119.224,3.3,94.5,94.5,85.3,1.5,85.4,2.1,85.9,87.2,0.7357625099999999
2020/7/31 7:00,435.7,1334347.5,74.2,169.845,3.4,94.5,94.5,81.4,1.5,81.5,2.2,81.9,83.1,1.53860001
2020/7/31 8:00,555.3,1788766.6,91.1,228.969,1.5,97.5,97.5,79,1,78.9,1.5,78.6,79.4,2.2796624999999997
2020/7/31 9:00,653.2,2183127.9,159.9,321.189,4.2,93.1,93.1,76.3,0.7,76,1,75.2,75.8,3.2855124749999995
2020/7/31 10:00,721.7,2484730.3,209.4,407.782,5.4,91.1,91.1,72.6,0.8,72.5,1.1,71.8,72.4,7.738774799999999
2020/7/31 11:00,755.5,2669967.5,281.9,471.915,19.4,67.6,67.6,70.1,1.1,70,1.6,69.3,69.8,10.7615127
2020/7/31 12:00,752,2724731.9,318.4,521.461,36,39.9,39.9,65.4,1.1,65.2,1.5,64.4,64.8,10.422675
2020/7/31 13:00,711.4,2644895.7,298.1,520.471,34.7,42.2,42.2,68,0.9,67.9,1.2,67.5,68.2,9.5584248
2020/7/31 14:00,636.9,2436477.8,272.6,476.991,39.4,34.4,34.4,69.8,1.2,69.4,1.7,68.2,68,8.133349800000001
2020/7/31 15:00,534.2,2115405.2,316.8,440.857,51,15.3,15.1,71.1,1.5,70.6,2.1,69.1,68.2,6.137749949999999
2020/7/31 16:00,411.6,1707004.2,310.9,405.728,57.5,11.8,7.9,71.2,1.8,70.8,2.6,69.4,68.6,3.7060874999999998
2020/7/31 17:00,280,1245702,203.5,323.012,59.8,74.6,37.5,75.4,1.9,74.9,2.7,73.2,72.1,1.265837505
2020/7/31 18:00,153.7,776336.9,99.1,208.782,60,97.4,48.7,80.3,1.4,79.5,2.1,77,75.4,0.295774995
2020/7/31 19:00,53.8,361243.7,24.7,104.584,60,97.6,48.8,84.6,1,83.7,1.4,80.7,78.3,0.09483749999999999
2020/7/31 20:00,4.2,91000.8,0.9,30.528,60,94.7,47.4,88.5,1.2,87.4,1.8,83.7,80.8,0
2020/7/31 21:00,0,1174.7,0,1.984,20,98.2,49.1,92.5,1.2,91.5,1.8,88.1,85.1,0
2020/7/31 22:00,0,0,0,0,0,94.9,47.5,96.1,1.1,95.2,1.6,92.2,88.7,0
2020/7/31 23:00,0,0,0,0,0,91.7,45.8,98.2,1,97.5,1.4,95.2,91.2,0
2020/8/1 0:00,0,0,0,0,0,89.7,48.2,99.6,1,99.1,1.5,97.4,92.9,0
2020/8/1 1:00,0,0,0,0,0,98.2,78.1,100,0.9,100,1.3,98.7,94.1,0
2020/8/1 2:00,0,0,0,0,0,99.4,78.1,99.1,0.9,98.7,1.2,96.8,91.7,0.001831664999999985
2020/8/1 3:00,9.2,3179.4,0.5,4.423,13.3,98.9,82.4,97.7,0.8,97.3,1.2,95,89.6,0.371637495
2020/8/1 4:00,66,119213.4,14,33.051,33.6,95.9,79.1,96.1,0.8,95.8,1.2,93.7,88.4,0.6051875099999999
2020/8/1 5:00,172.1,417966.2,63.7,100.354,49.3,84.4,52.9,90.8,0.9,90.8,1.3,89.3,84.8,0.400324995
2020/8/1 6:00,300.6,847760.2,169.4,200.728,51.6,81.5,47.8,84.3,1,84.4,1.4,83.2,79.5,1.0862124899999999
2020/8/1 7:00,431.6,1319512.5,315.6,324.265,59.3,6.2,3.7,77.9,1,78,1.4,77.3,74.8,2.7817125
2020/8/1 8:00,551.3,1774244.7,408.1,441.347,52.2,19.3,16.6,73.6,0.9,73.4,1.3,71.5,68.8,3.6804125999999995
2020/8/1 9:00,649.4,2168989.4,453,527.75,51.4,47.6,31,71.3,0.9,70.7,1.3,67.7,64.6,7.2940623
2020/8/1 10:00,717.9,2470890.9,430.8,566.252,40.3,67.1,49.9,67.7,0.9,67.2,1.3,64.6,62,10.8052002
2020/8/1 11:00,751.7,2656267.8,333.5,541.709,17.8,79.3,74.8,65,1.1,64.6,1.5,62.5,60.6,10.336849800000001
2020/8/1 12:00,748.1,2710980.4,415.1,539.56,8.9,93.4,89.3,63.1,1.1,62.9,1.6,61.4,60.1,9.998175
2020/8/1 13:00,707.5,2630899.6,519.5,588.678,58.5,4.3,4.3,55.2,1,55.3,1.4,54.9,54.1,9.2934627
2020/8/1 14:00,632.8,2422070.4,468.6,584.397,59.2,2,2,54.9,1.2,54.7,1.7,53.7,52.4,7.915937400000001
2020/8/1 15:00,530,2100477.4,407.1,518.962,59.6,1,1,55.2,1.3,54.8,1.8,53.2,51.6,5.96194995
2020/8/1 16:00,407.3,1691550.7,309.7,428.78,59.5,0.9,0.9,54.6,1.2,54.3,1.7,52.9,51.4,3.594837525
2020/8/1 17:00,275.6,1229914.7,202.2,318.315,58.6,2.3,2.3,57.9,0.7,57.5,1,55.5,53.5,1.21973751
2020/8/1 18:00,149.5,760860.6,104.6,205.939,58.6,2.3,2.3,60.6,0.8,60.2,1.1,58.4,56.5,0.29667500999999996
2020/8/1 19:00,50.8,348002.6,31.1,103.69,59.3,4,2.6,76.8,1,75.4,1.5,70.3,65.7,0.0579
2020/8/1 20:00,2.5,83429.7,0.7,29.064,58.2,11,7,85.4,1.2,84.1,1.7,78.7,73.9,0
2020/8/1 21:00,0,709,0,0.97,15.9,15.9,11.2,92.9,1,91.6,1.5,86,80.3,0
2020/8/1 22:00,0,0,0,0,0,59.9,31.5,97.2,0.9,95.9,1.3,89.8,83.9,0
2020/8/1 23:00,0,0,0,0,0,86.8,43.5,99.7,1,98.5,1.5,92.7,87.1,0
2020/8/2 0:00,0,0,0,0,0,84.5,42.4,100,0.8,99.5,1.1,94.4,89.3,0
2020/8/2 1:00,0,0,0,0,0,95.6,66,99.3,1.1,98.8,1.5,96.2,93.3,0
2020/8/2 2:00,0,0,0,0,0,97.9,67,98.7,1,98.2,1.4,96.2,94.2,0
2020/8/2 3:00,7.6,2123.2,0.2,3.545,15.4,98.2,67,96,0.8,95.6,1.1,94.2,92.8,0.15774998999999998
2020/8/2 4:00,62.9,111134.1,4.6,27.323,39.4,98.8,66.6,95.5,0.2,95.1,0.3,93.5,91.9,0.43078750499999996
2020/8/2 5:00,168.1,404706.2,23.8,81.321,50.4,99.3,57.7,92.3,0.3,92.1,0.4,91.3,90.4,1.6191375000000001
2020/8/2 6:00,296.4,832840.3,83.8,161.778,56.9,99.3,52.2,87.8,0.4,87.5,0.5,86.7,86,2.0280750749999994
2020/8/2 7:00,427.4,1304441.3,164.8,263.456,58.5,99.3,51.7,80,0.3,80,0.4,80.2,80.4,5.8022751
2020/8/2 8:00,547.2,1759469.4,207.2,360.292,57.9,98.9,52.5,76.6,0.5,76.7,0.7,77.3,78,7.379312400000001
2020/8/2 9:00,645.4,2154582.9,277.4,443.257,58.5,87.3,44.9,75.2,0.9,75.1,1.4,74.8,75,4.789425
2020/8/2 10:00,714,2456766.5,357.5,520.279,59.9,85.3,42.7,73,1.2,72.8,1.7,72.3,72.4,2.798400075
2020/8/2 11:00,747.8,2642263.2,414,576.175,51.4,91,53.9,70.6,1.2,70.5,1.7,70.3,70.5,2.486112525
2020/8/2 12:00,744.2,2696901.6,289.5,549.963,45.9,67.4,46.6,62.6,1,63,1.5,64.3,65.5,3.227362575
2020/8/2 13:00,703.4,2616552.9,143,443.171,8.6,91.2,88.6,72.1,2.5,72,3.6,72.1,72.7,3.9241874999999995
2020/8/2 14:00,628.7,2407290.3,131.6,358.872,15.5,86.2,81.4,72.5,2.5,72.5,3.6,72.7,73.3,2.651312475
2020/8/2 15:00,525.7,2085159.1,108.7,307.057,16.1,91.3,83.8,75.3,2.6,75.2,3.7,75,75.2,1.1196625050000002
2020/8/2 16:00,402.8,1675697.5,86.6,246.724,24.6,94,77.5,80.3,3,80.1,4.3,79.7,79.6,0.7779249899999999
2020/8/2 17:00,271.1,1213737.1,39.1,172.291,24.1,95.5,81.6,85.4,2.6,85.3,3.8,85.1,85.2,0.54320001
2020/8/2 18:00,145.3,745049.3,16.9,102.498,15.9,96.5,93.6,91,2.2,91.1,3.2,91.7,92.1,0.1231875
2020/8/2 19:00,47.9,334619.1,6.6,52.096,18.5,92.6,87.8,88.2,1.9,88,2.7,87.6,87.5,0.037037505
2020/8/2 20:00,0.8,75886.5,0.1,14.829,0,100,100,91.1,2.1,91,3,90.7,90.5,0
2020/8/2 21:00,0,232.5,0,0.19,0.1,99.7,99.5,93.9,2,94,2.9,94.5,95,0
2020/8/2 22:00,0,0,0,0,0,94.3,92.2,95.1,1.8,95.4,2.6,96.4,97.2,0
2020/8/2 23:00,0,0,0,0,0,98.4,98.1,95.5,1.8,95.7,2.6,96.6,97.3,0
2020/8/3 0:00,0,0,0,0,0,99.5,99.4,97.6,1.4,97.5,2,97.5,97.7,0
2020/8/3 1:00,0,0,0,0,0,100,100,96.3,1.6,96.2,2.2,95.8,95.8,0
2020/8/3 2:00,0,0,0,0,0,99.9,99.9,92.4,2.5,92.4,3.7,92.7,93.2,0
2020/8/3 3:00,5.9,1665.2,0,0.524,0.2,100,100,92.6,2.4,92.6,3.5,93,93.4,0
2020/8/3 4:00,59.8,103163.5,0.1,4.782,0,100,100,94.4,2.4,94.2,3.5,93.7,93.6,0.016399994999999997
2020/8/3 5:00,164,391377.8,0,14.489,0.1,100,100,94.9,2.7,94.6,3.9,93.7,93.3,0.158524995
2020/8/3 6:00,292.2,817727.5,0,27.458,0.2,100,100,93.3,3.4,93.1,4.8,92.6,92.3,0.068449995
2020/8/3 7:00,423.2,1289138.3,0.9,48.502,0.4,100,99.9,95.1,3.6,94.7,5.2,93.5,92.8,0.1340625
2020/8/3 8:00,543.1,1744443.7,3.9,79.335,0,100,100,93.1,3.8,93,5.5,92.6,92.3,0.3362625
2020/8/3 9:00,641.4,2139910.3,4.8,107.454,0.2,100,100,92.5,3.7,92.5,5.4,92.6,92.7,0.544875
2020/8/3 10:00,710,2442358.4,17.7,149.662,0.1,100,100,91.3,3.5,91.3,5,91.4,91.4,0.65173749
2020/8/3 11:00,743.8,2627954.5,33.5,192.357,0.1,100,100,90.3,3.6,90.3,5.1,90.4,90.5,0.7503375
2020/8/3 12:00,740.1,2682496.3,19.7,181.364,1.7,99.8,99.8,89,3.5,89.1,5,89.3,89.5,0.615424995
2020/8/3 13:00,699.3,2601856.3,3.1,132.122,0.4,100,100,91.4,3.2,91.4,4.5,91.3,91.3,0.712412505
2020/8/3 14:00,624.4,2392138.6,4.1,100.856,0.4,100,100,94.6,2.6,94.2,3.8,92.8,91.9,0.51031248
2020/8/3 15:00,521.2,2069451.8,4.8,91.138,1,100,99.9,93.4,2.5,93.1,3.6,92,91.4,0.58123752
2020/8/3 16:00,398.2,1659447.5,3.3,67.827,4.3,99.7,99.6,91.4,2.8,91.1,4,90.2,89.8,0.36444999
2020/8/3 17:00,266.5,1197174.3,2.8,47.658,6.4,97.9,96,91.3,2.8,90.9,4,90,89.5,0.2637
2020/8/3 18:00,141,728913,2,42.931,8.7,97.2,92.9,92.4,2.6,92,3.7,90.8,90,0.08437499999999999
2020/8/3 19:00,44.9,321117.4,0.7,28.692,0.5,99.6,99.5,89.7,2.1,89.8,3,89.7,89.7,0.000625005
2020/8/3 20:00,0,68627.1,0,8.72,0.5,99.7,99.5,90.6,1.8,90.6,2.6,90.2,89.9,0
2020/8/3 21:00,0,0,0,0,0.3,99.2,98.8,92,1.6,91.8,2.4,91.4,91,0
2020/8/3 22:00,0,0,0,0,0,96.3,93.6,93.8,1.5,93.6,2.2,93.1,92.7,0
2020/8/3 23:00,0,0,0,0,0,99.9,99.7,93.4,1.4,93.3,1.9,92.8,92.3,0
2020/8/4 0:00,0,0,0,0,0,99.9,99.8,92.1,1.4,92,2,91.6,91.3,0
2020/8/4 1:00,0,0,0,0,0,99.2,97.6,96.6,1.6,96.2,2.3,94.5,93.2,0
2020/8/4 2:00,0,0,0,0,0,99.9,99.3,95.5,1.5,95,2.2,93.1,91.5,0
2020/8/4 3:00,4.3,1200.1,0,0.554,0,100,100,94.3,1.6,93.7,2.3,91.5,89.5,0.0001125
2020/8/4 4:00,56.6,95301.1,0.1,8.886,0.2,100,99.9,90.7,1.8,90.4,2.6,88.9,87.2,0.0282375
2020/8/4 5:00,159.9,377996.9,2.6,32.03,2,100,99,89.6,1.7,89.2,2.4,87.1,84.8,0.089125005
2020/8/4 6:00,287.9,802429.1,8,63.967,1.1,100,99.4,89.2,1.6,88.7,2.2,86.2,83.4,0.56394999
2020/8/4 7:00,418.9,1273607.8,9.5,95.11,0.6,99.7,99.4,86.5,1.5,86.1,2.2,84.2,81.9,0.678912495
2020/8/4 8:00,538.9,1729170.3,6.3,121.026,0,100,100,83.3,1.2,82.9,1.7,81.1,79,1.000275
2020/8/4 9:00,637.3,2124973.3,16,140.282,0.8,99.4,99.3,81.7,1,81.4,1.5,79.6,77.5,1.095874995
2020/8/4 10:00,706,2427667.9,45.4,187.149,0.9,99.2,99.1,79.3,0.9,79.1,1.3,78.4,77.5,1.134512505
2020/8/4 11:00,739.8,2613342.6,112,285.677,4.9,95,94.7,68.6,1.1,68.8,1.5,69.6,70.4,1.334487525
2020/8/4 12:00,736,2667765,100.7,345.634,1.5,99.1,98.4,63,1,63.1,1.5,63.9,64.9,1.5662374499999998
2020/8/4 13:00,695.1,2586810.7,31,305.345,0.2,100,99.8,69.7,0.9,69.7,1.3,70.1,70.5,2.086062525
2020/8/4 14:00,620,2376616.5,12.5,234.42,0.6,100,99.5,68.7,1,68.7,1.4,68.8,69.3,1.0325625
2020/8/4 15:00,516.7,2053357.7,16.7,185.739,2.3,99.7,97.9,68.7,0.9,68.7,1.3,68.8,69.1,0.8192000100000001
2020/8/4 16:00,393.5,1642803.9,18,145.814,0.8,99.9,99.3,72.3,0.7,72.2,1,71.9,71.9,0.5889500099999999
2020/8/4 17:00,261.8,1180231.6,6.6,97.16,0.4,99.9,99.6,79.8,0.8,79.5,1.1,78.2,77.2,0.40988748
2020/8/4 18:00,136.7,712462.1,5.2,59.747,1.4,99,98.4,84.2,0.9,83.7,1.3,81.6,79.7,0.120375
2020/8/4 19:00,42,307523.3,4.8,37.168,16.1,89.7,81.6,83.8,0.7,83.1,1.1,80.4,78.2,0.00133749
2020/8/4 20:00,0,61641.7,0,12.423,13.2,81.9,80.2,86.4,0.9,85.4,1.2,82,79.3,0
2020/8/4 21:00,0,0,0,0,3.6,56.3,54.9,91.7,0.7,90.7,1,87.1,83.9,0
2020/8/4 22:00,0,0,0,0,0,43.4,42.9,97.4,0.5,96.2,0.7,91.9,88.2,0
2020/8/4 23:00,0,0,0,0,0,54.8,54.8,97.7,0.2,96.9,0.3,93.6,90.4,0
2020/8/5 0:00,0,0,0,0,0,24.8,24.8,97.1,0.6,96.4,0.8,93.5,90.7,0
2020/8/5 1:00,0,0,0,0,0,0.3,0.3,97.1,1.4,96.4,2,93.1,90.1,0
2020/8/5 2:00,0,0,0,0,0,4.7,4.7,98.9,1,98,1.4,94,90.2,0
2020/8/5 3:00,2.6,728,0.5,0.917,13.1,13,13,98,1,97,1.4,93,89,0.056162504999999995
2020/8/5 4:00,53.6,87543.6,28,28.837,36.5,40.4,39.8,95.9,1.4,95.1,2,91.4,87.6,0.27494999999999997
2020/8/5 5:00,155.8,364580,100,104.824,45.7,75.8,49.8,92,1.5,91.1,2.2,87.2,83.4,0.668350005
2020/8/5 6:00,283.5,786952.5,175.1,205.622,59.5,96.4,48.6,84.2,1.8,83.3,2.6,79.8,76.3,2.351887575
2020/8/5 7:00,414.6,1257853.9,211.6,300.634,59.9,97.7,48.9,73.8,1.8,73.5,2.6,72.1,70.7,3.21898755
2020/8/5 8:00,534.7,1713652.1,202,370.365,60,97.9,49,64.8,2.2,64.6,3.2,64,63.8,3.248025
2020/8/5 9:00,633.1,2109774,167.8,406.362,59.9,98.6,49.4,57.4,2.8,57.1,4,56.1,55.7,3.843075
2020/8/5 10:00,701.8,2412696.2,114.6,411.885,59.9,100,50,51.9,3,51.4,4.3,49.8,49.1,2.9755875
2020/8/5 11:00,735.6,2598428.3,100,412.462,54.2,100,54.8,51.3,3,50.7,4.3,48.6,47.6,3.6565874999999997
2020/8/5 12:00,731.8,2652708.6,62.1,359.41,19.3,100,84,53.4,3.3,52.8,4.7,51.2,50.5,2.923575
2020/8/5 13:00,690.7,2571417,5.5,244.393,3,100,97.5,67,2.3,66.6,3.3,64.9,64,5.65341255
2020/8/5 14:00,615.5,2360725.5,29.7,209.335,11.4,99.5,90.3,69.5,1.5,68.8,2.2,66.5,65.4,4.92692505
2020/8/5 15:00,512,2036879,54.8,240.304,1.3,98.6,98.2,64.3,0.5,64.3,0.8,64.3,64.7,3.0751374749999996
2020/8/5 16:00,388.7,1625770.2,31.1,209.337,0.8,99,98.8,69,0.6,68.4,0.9,66.4,65.6,1.2774750000000001
2020/8/5 17:00,257,1162914.7,5.7,127.4,1.8,97.1,97.1,77.6,0.9,76.5,1.3,72.8,70.4,0.49853748000000003
2020/8/5 18:00,132.3,695707.9,1,62.555,2.5,96,96,82.5,0.8,81.3,1.2,76.9,73.7,0.038362499999999994
2020/8/5 19:00,39.1,293864.3,2.5,28.949,22.4,66.8,66.8,87.6,0.8,86.4,1.1,82.2,79,0
2020/8/5 20:00,0,54700,0,8.899,20.5,84.6,84.6,90.8,1,89.6,1.4,85.2,81.9,0
2020/8/5 21:00,0,0,0,0,0.6,89.4,89.4,93.5,1,92.5,1.4,88.8,85.8,0
2020/8/5 22:00,0,0,0,0,0,90,86.3,94.9,0.8,93.9,1.2,90.3,87.5,0
2020/8/5 23:00,0,0,0,0,0,99.9,99.8,93.3,0.9,92.4,1.3,88.8,85.9,0
2020/8/6 0:00,0,0,0,0,0,99.9,90.4,92.9,1,92.1,1.4,88.8,86,0
2020/8/6 1:00,0,0,0,0,0,97.5,72.9,96,0.5,95.6,0.7,94.1,92.9,0
2020/8/6 2:00,0,0,0,0,0,99.7,75,95.5,0.4,95.2,0.6,93.9,92.8,0
2020/8/6 3:00,0.9,249,0.1,0.158,2.7,96.8,87.7,94.6,0.3,94.2,0.4,92.9,91.6,0.013837499999999999
2020/8/6 4:00,50.5,79886.4,3.7,15.292,0.4,99.9,99.7,94.7,0.1,94.4,0.2,93.1,92,0.123499995
2020/8/6 5:00,151.6,351144.3,2.2,41.558,0.5,99.8,99.6,95.5,0.2,95.3,0.2,94.1,93,0.57321249
2020/8/6 6:00,279,771305.1,0.8,51.401,0,100,100,93.4,0,93.5,0.1,93.1,92.3,1.07312499
2020/8/6 7:00,410.1,1241881.2,1.3,65.229,0,100,100,90.8,0,90.9,0.1,90.7,89.9,1.558362495
2020/8/6 8:00,530.3,1697891.9,9.9,109.426,0.2,99.8,99.8,88.8,0,88.8,0.1,88.7,88,2.3989125
2020/8/6 9:00,628.8,2094314.3,19.9,156.93,0.7,99.3,99.3,86.8,0.3,86.8,0.4,86.6,85.9,6.646862550000001
2020/8/6 10:00,697.6,2397444.5,66.5,226.943,1.2,100,99.4,85.9,0.2,85.9,0.3,86,85.8,5.1815374499999995
2020/8/6 11:00,731.4,2583212.6,150.7,335.893,10.3,99.8,95.8,79.1,0.3,79.1,0.5,79.5,80.7,3.11847495
2020/8/6 12:00,727.5,2637327.8,155.3,384.541,3.6,99.6,97.3,74.5,0.5,74.6,0.7,74.9,75.7,3.7979499750000003
2020/8/6 13:00,686.3,2555676.2,228.4,397.824,31.3,96.8,79.3,75.9,0.6,76.1,0.9,76.7,77.9,3.1885250249999997
2020/8/6 14:00,610.9,2344467,304.1,440.64,38.4,49.8,45.6,68.7,0.5,68.8,0.8,69.4,70.7,3.239462475
2020/8/6 15:00,507.2,2020017.8,213.9,411.306,34.4,45.7,45.7,70.7,1,70.6,1.4,70.3,70.9,4.84048755
2020/8/6 16:00,383.9,1608349.9,151.9,315.759,33,51,50.6,71.1,1,71,1.4,70.8,71.3,2.7517249500000003
2020/8/6 17:00,252.1,1145229.5,97.5,223.067,35.8,57.7,57.5,73,0.9,72.8,1.4,72.1,72.2,0.83432502
2020/8/6 18:00,127.8,678662.2,41.7,134.319,40.8,68.8,59.8,81.9,1.3,81.2,1.9,79.1,78,0.11889999
2020/8/6 19:00,36.2,280169.4,13,63.201,53.7,18.9,16.1,86.8,1.7,86.5,2.4,85.2,84.5,0.018087509999999998
2020/8/6 20:00,0,47801.8,0,16.843,56.5,6.7,6.7,91.8,1,91.1,1.5,88.7,87.3,0
2020/8/6 21:00,0,0,0,0,0.9,9,9,96.8,0.6,95.9,0.8,93.1,91.5,0
2020/8/6 22:00,0,0,0,0,0,13.8,13.7,99.2,0.2,98.4,0.3,95.9,94.2,0
2020/8/6 23:00,0,0,0,0,0,21.2,20.5,100,0.3,100,0.4,98.6,96.3,0
2020/8/7 0:00,0,0,0,0,0,78.8,78.8,100,0.6,100,0.9,100,98.4,0
2020/8/7 1:00,0,0,0,0,0,48.1,48.1,100,0.7,100,1,100,98.4,0
2020/8/7 2:00,0,0,0,0,0,78.1,78.1,100,0.5,100,0.7,98.9,97,0
2020/8/7 3:00,0,0,0,0,1.6,82.1,82.1,99.4,0.8,99,1.2,97.8,96.1,0.035475
2020/8/7 4:00,47.5,72561.5,19.4,22.765,9.8,83.7,83.7,97.6,0.8,97.5,1.2,97.2,95.9,0.208075005
2020/8/7 5:00,147.4,337707.8,78.2,89.337,25.3,57.9,57.9,94.2,0.8,94.3,1.2,94.6,93.8,0.814949985
2020/8/7 6:00,274.5,755494.8,178.5,189.201,44.4,40.9,33.4,88.7,1.1,89,1.5,90.1,89.9,3.366237525
2020/8/7 7:00,405.7,1225694,296.7,305.944,58.1,46.2,24.7,81.8,1.2,82,1.7,82.9,82.7,6.15107505
2020/8/7 8:00,525.9,1681892.7,397.5,419.174,59.3,21.2,11.2,76.5,1.2,76.4,1.7,75.9,75.4,7.9637502
2020/8/7 9:00,624.5,2078596.1,479.1,514.363,59.7,1.6,1,71.7,1.2,71.5,1.7,70.6,70.2,8.8655622
2020/8/7 10:00,693.3,2381914.2,535.4,586.879,60,0,0,68.7,1.3,68.4,1.8,67.2,66.8,8.846624999999998
2020/8/7 11:00,727,2567696.4,551.4,626.703,58.6,3.2,3.2,66.9,1.5,66.6,2.1,65.6,65.2,9.6156003
2020/8/7 12:00,723.1,2621623.7,482.9,612.53,53.6,15.2,15.2,64.9,1.4,64.8,2.1,64.5,64.4,6.6936999
2020/8/7 13:00,681.8,2539589.6,415.7,564.564,52.7,18.4,18.4,58.5,1,58.7,1.4,59.3,59.8,5.7191000999999995
2020/8/7 14:00,606.2,2327842.7,384.4,519.164,46.6,30.7,30.7,59.8,1.5,59.5,2.1,58.4,58,7.10321235
2020/8/7 15:00,502.4,2002776.8,320.2,454.967,41.6,34.3,34.3,66.1,2.1,65.2,3,62.2,60.5,6.00051255
2020/8/7 16:00,378.8,1590547,229.5,359.949,38.4,37.3,37.1,69.2,2.4,68.5,3.4,66.3,64.4,3.4019000249999998
2020/8/7 17:00,247.2,1127182.6,131.1,254.047,43.2,72,50.7,76.4,2.2,76.1,3.2,75,73.4,0.6140875200000001
2020/8/7 18:00,123.3,661337.8,55,153.467,47,81.8,51.9,83.1,1.6,82.7,2.3,81.4,79.7,0.238600005
2020/8/7 19:00,33.4,266468.9,10.9,69.29,53.5,76.4,46.5,85.6,2.1,85.2,3,83.8,82.5,0.03561250499999998
2020/8/7 20:00,0,40942.5,0,16.086,51.5,93.6,53.4,89.8,2,89.3,2.8,87.9,86.5,0
2020/8/7 21:00,0,0,0,0,0,89.9,49.5,93.8,1.7,93.4,2.4,92.2,90.6,0
2020/8/7 22:00,0,0,0,0,0,81.8,45.8,97.7,1.4,97.4,2.1,96.5,95,0
2020/8/7 23:00,0,0,0,0,0,87.9,55.4,99.5,1,99,1.5,97.4,95.4,0
2020/8/8 0:00,0,0,0,0,0,70.3,49.3,99,0.5,98.5,0.8,96.9,94.8,0
2020/8/8 1:00,0,0,0,0,0,77.3,56.6,98.5,1.1,97.8,1.6,95.3,93.2,0
2020/8/8 2:00,0,0,0,0,0,63.9,47.5,98.5,0.9,97.7,1.3,94.8,92.3,0
2020/8/8 3:00,0,0,0,0,5.6,79.9,43.1,97.3,0.7,96.8,1,95.1,92.7,0.067725
2020/8/8 4:00,44.6,65585.2,16.8,21.651,44,83.3,55.8,97.6,0.9,97.1,1.3,95.4,92.5,0.35364998999999997
2020/8/8 5:00,143.1,324289,67.2,86.215,57.1,86.4,46.4,93,0.9,92.8,1.4,92,88.7,1.2532500149999999
2020/8/8 6:00,270,739529.5,157.7,183.457,59.5,92.3,46.9,87.3,0.9,87.3,1.3,87.1,83.6,2.9014374750000003
2020/8/8 7:00,401.1,1209296.7,247,290.415,59.7,97.9,49.2,78.9,1,78.8,1.5,78,74.7,1.605124995
2020/8/8 8:00,521.4,1665657.3,266.9,375.789,58.4,97.1,49.9,73.3,0.6,73.1,0.9,72,69.1,1.95206253
2020/8/8 9:00,620.1,2062621.2,160.7,385.953,7.3,100,93.9,70.9,0.3,70.9,0.5,70.7,69.6,6.64517505
2020/8/8 10:00,688.9,2366106.7,45.4,327.403,25.4,99.3,78.5,73.3,0.8,73,1.2,71.7,70.5,4.572087450000001
2020/8/8 11:00,722.6,2551880.9,204.2,360.565,36.9,65.4,52.1,74.4,1.2,73.8,1.7,71.7,69.7,5.572425
2020/8/8 12:00,718.6,2605597.1,306.3,452.312,32.1,67.4,58.6,69.4,2.9,69.1,4.2,68.1,68.1,0.858649995
2020/8/8 13:00,677.1,2523158.3,120.8,361.526,23.7,91.9,83.5,86.5,4.6,86.6,6.6,87.1,87.7,1.4651625
2020/8/8 14:00,601.4,2310854.5,84.1,228.389,15.9,89.7,84.4,86.4,5.4,86.3,7.7,85.8,85.4,0.59585001
2020/8/8 15:00,497.4,1985158.8,152.1,244.943,30.1,71.3,68.4,84.1,4.1,83.9,5.9,83.4,83.2,0.26867499
2020/8/8 16:00,373.7,1572365.5,107.6,243.625,21.2,72,72,81.2,3.9,81.1,5.6,80.9,80.9,0.8337124799999999
2020/8/8 17:00,242.1,1108780.5,51.3,163.523,33.7,66.5,66.5,77.1,3.3,77,4.8,76.5,76.4,0.471762495
2020/8/8 18:00,118.7,643748.2,24.3,97.049,27.3,61.2,61.2,74.4,2.8,74.3,4,73.7,73.3,0.5675624699999999
2020/8/8 19:00,30.7,252794.9,9.2,50.067,45.8,31.1,31.1,73.3,2.7,73.2,3.8,72.9,72.7,0.1126125
2020/8/8 20:00,0,35709.4,0,13.533,47.9,18.3,18.3,78.3,1.5,77.9,2.2,76.5,75.7,0
2020/8/8 21:00,0,0,0,0,0,7.6,7.6,84,1.1,83.2,1.5,80.4,78.8,0
2020/8/8 22:00,0,0,0,0,0,7.4,7.4,88.6,1.1,87.3,1.6,83.1,80.6,0
2020/8/8 23:00,0,0,0,0,0,8.7,8.7,91.2,1.2,89.6,1.7,84.2,81.1,0
2020/8/9 0:00,0,0,0,0,0,27,27,92.5,1.3,90.6,1.9,84.3,80.8,0
2020/8/9 1:00,0,0,0,0,0,25.6,25.6,91.1,1.5,90.1,2.2,86.5,84.4,0
2020/8/9 2:00,0,0,0,0,0,24.8,24.8,90.8,1.4,89.5,2,85.3,82.8,0
2020/8/9 3:00,0,0,0,0,2,35.2,35.2,89.6,1.4,88.2,2.1,83.7,81,0.01716249
2020/8/9 4:00,41.7,58707.1,15.8,18.35,37.5,38.8,38.8,87.5,1.5,86.3,2.2,82.6,80.4,0.234375015
2020/8/9 5:00,138.9,310907.4,65.8,75.774,40.2,34.8,34.8,83.2,1.5,82.6,2.2,80.5,79.3,0.66977499
2020/8/9 6:00,265.4,723417.5,135.2,161.643,35.6,43.3,43.3,76.9,1.4,77.1,2,77.7,78,3.441712575
2020/8/9 7:00,396.5,1192694,216,260.752,34.9,44,44,70.4,1.6,70.7,2.3,71.9,72.6,0.985012485
2020/8/9 8:00,516.9,1649188.8,288.7,358.957,24.7,59.6,59.6,63.1,1,63.3,1.4,64.2,64.7,2.903187525
2020/8/9 9:00,615.6,2046391.9,288.4,418.64,16,73.8,73.8,57.6,0.5,57.8,0.7,58.4,58.7,5.65913745
2020/8/9 10:00,684.5,2350023.3,241.2,429.58,7.7,87.3,87.3,55.5,0.1,55.6,0.1,55.9,56.1,7.5942
2020/8/9 11:00,718.1,2535767,200,421.275,3.8,93.8,93.8,54.8,0.3,54.8,0.5,55.1,55.2,2.6175749999999995
2020/8/9 12:00,714,2589249.3,146.2,397.386,4.8,92,92,55.4,0.7,55.4,1.1,55.7,55.8,3.2413250249999996
2020/8/9 13:00,672.4,2506383.8,179.5,388.421,5.9,91.6,91.6,61.2,1.7,61.2,2.5,61.2,61.2,5.51533755
2020/8/9 14:00,596.5,2293504.3,243.9,402.868,15.7,76.6,76.2,60.9,1.5,61,2.2,61.4,61.7,6.3881251500000005
2020/8/9 15:00,492.3,1967166.5,223.1,379.544,22.6,65.2,64.8,60.6,1.2,60.7,1.7,61,61.1,6.385550100000001
2020/8/9 16:00,368.5,1553809.9,158.9,310.646,25.3,58.3,58.3,60.9,1.1,60.9,1.5,60.9,60.9,3.49697505
2020/8/9 17:00,236.9,1090030.5,86.8,221.131,41.5,30.9,30.9,63.1,1.1,63,1.6,62.5,62.2,1.06868751
2020/8/9 18:00,114.1,625907.8,46.3,134.993,37,38.3,38.3,69.5,0.9,69.1,1.3,67.7,66.9,0.25051250999999997
2020/8/9 19:00,28.1,239180.2,12.1,63.267,45.3,24.7,24.7,75.9,0.9,74.7,1.3,70.6,68.1,0.035887499999999996
2020/8/9 20:00,0,31389,0,14.382,48.7,4.5,4.5,81.7,1.1,79.9,1.6,73.7,70.2,0
2020/8/9 21:00,0,0,0,0,0,2.4,2.4,87.9,1.1,85.2,1.6,76.2,71.1,0
2020/8/9 22:00,0,0,0,0,0,0.6,0.6,92,1,88.8,1.5,78.7,73.2,0
2020/8/9 23:00,0,0,0,0,0,0,0,95.4,1,92,1.5,81.1,75.2,0
2020/8/10 0:00,0,0,0,0,0,0.1,0,97.5,1.1,94.1,1.5,83.3,77.5,0
2020/8/10 1:00,0,0,0,0,0,18.8,11.1,99.5,1.2,96.9,1.8,88.5,83.9,0
2020/8/10 2:00,0,0,0,0,0,44.8,36.8,98.3,1.4,96.1,2,89.1,85.2,0
2020/8/10 3:00,0,0,0,0,0,41.5,37.4,96.1,1.3,94.2,1.9,88.1,84.7,0.040912485
2020/8/10 4:00,38.9,51924.5,23.1,21.829,41,44.1,37.9,93,1.4,91.6,2,87,84.3,0.23201249999999995
2020/8/10 5:00,134.6,297582.8,95.6,92.369,58.4,7.5,5.1,87.8,1.5,87,2.2,84.3,82.6,0.942949995
2020/8/10 6:00,260.8,707167.1,198.7,198.851,60,0,0,79.8,1.4,80,2.1,80.4,80.7,3.47590005
2020/8/10 7:00,391.8,1175890.4,309.2,315.536,60,3.4,1.7,71.8,1.5,71.9,2.1,72.5,72.8,6.2120001
2020/8/10 8:00,512.3,1632489.9,410.3,427.836,60,3.4,1.7,65.4,1.4,65.6,1.9,66,66.3,8.2583376
2020/8/10 9:00,611,2029910,492.3,524.684,60,41.9,21,63.1,1.2,63.1,1.7,63,63,9.7306749
2020/8/10 10:00,679.9,2333665.6,547.1,598.069,60,73.8,36.9,63.2,1.2,62.9,1.8,61.6,60.8,10.4766999
2020/8/10 11:00,713.5,2519356.1,564.4,640.858,60,85.5,42.7,63.4,1.1,62.7,1.6,60.4,58.9,10.6778124
2020/8/10 12:00,709.3,2572581.5,557.3,650.809,60,67.7,33.8,61.2,1,60.6,1.4,58.5,57.2,10.374775199999998
2020/8/10 13:00,667.5,2489267.6,521,628.868,60,97.8,48.9,53.9,0.7,54.1,0.9,54.8,55.1,9.3860373
2020/8/10 14:00,591.5,2275794.4,420.5,569.917,60,99.2,49.6,53,0.7,53.3,1,54.3,54.9,7.762575
2020/8/10 15:00,487.1,1948803.2,284.4,473.852,60,99.2,49.6,52.8,0.7,52.9,1.1,53.4,53.7,5.84371245
2020/8/10 16:00,363.2,1534884.8,173.4,359.807,60,100,50,54.1,0.5,54.1,0.7,54,54,3.352212525
2020/8/10 17:00,231.7,1070940.1,71.6,241.394,60,100,50,58.7,0.6,58.2,0.8,56.5,55.5,1.086850005
2020/8/10 18:00,109.5,607831.8,28.5,138.227,60,85.2,42.6,68.8,0.7,67.4,1.1,63,60.4,0.216087495
2020/8/10 19:00,25.5,225658.6,9.2,61.468,60,47.1,23.5,79.1,1.5,77.3,2.1,71.4,68.1,0.027549989999999986
2020/8/10 20:00,0,27113.5,0,13.685,48,7.9,4,87.3,1.3,84.7,1.8,76.3,71.7,0
2020/8/10 21:00,0,0,0,0,0,44.8,22.4,92.9,1.1,89.9,1.6,80.4,75.2,0
2020/8/10 22:00,0,0,0,0,0,41.2,20.6,96.6,0.9,93.3,1.4,82.9,77.4,0
2020/8/10 23:00,0,0,0,0,0,33.9,16.9,98.6,0.8,95,1.2,84,78.1,0
2020/8/11 0:00,0,0,0,0,0,16.2,8.1,100,0.7,97,1,86.2,80.4,0
2020/8/11 1:00,0,0,0,0,0,18,17.8,100,0.9,98.8,1.4,91.1,86.9,0
2020/8/11 2:00,0,0,0,0,0,48.6,45.9,99.7,0.7,97.3,1,89.5,85.2,0
2020/8/11 3:00,0,0,0,0,0,52.5,45.9,97.6,0.6,95.4,0.8,88.2,84.2,0.036812504999999995
2020/8/11 4:00,36.1,45232,15.8,18.823,31.1,66.4,56,96.8,0.8,94.7,1.2,88,84.3,0.248700015
2020/8/11 5:00,130.3,284335.8,58.9,77.033,36.3,61.3,50.8,93.8,0.8,92.4,1.1,87.9,85.3,1.071525
2020/8/11 6:00,256.1,690787.2,129.8,164.458,48.9,71.4,46.6,87.8,0.4,87.6,0.6,86.8,86.2,3.23665005
2020/8/11 7:00,387.1,1158890.6,241,273.224,50.1,63.6,40.8,81.5,0.3,82,0.5,83.6,84.6,4.38501255
2020/8/11 8:00,507.6,1615563.8,331.6,387.546,59.6,83,41.9,74.6,0.2,75.1,0.3,77,78.2,3.546950025
2020/8/11 9:00,606.4,2013177.6,354.1,471.784,58.8,89.1,45.7,70.8,0.3,70.8,0.5,71.1,71.2,5.80611255
2020/8/11 10:00,675.3,2317035,400.1,529.664,59.4,50,25.6,63.4,0.7,63.4,1.1,63.3,63.3,5.2267250999999995
2020/8/11 11:00,708.9,2502649.4,478.2,582.41,59.9,33.9,17,61.4,1.4,60.7,2,58.4,57,6.811274999999999
2020/8/11 12:00,704.5,2555595,358.2,547.611,55.3,8.5,8.2,56.6,1.8,55.8,2.6,53.2,51.7,4.1733876
2020/8/11 13:00,662.6,2471811.3,233.8,431.589,31.8,47.1,47.1,60.3,2.3,59.8,3.2,58.1,57,5.3164125
2020/8/11 14:00,586.4,2257726.9,247.8,375.13,18.1,69.8,69.8,60.1,2.1,59.4,3,57.4,56.1,6.383399999999999
2020/8/11 15:00,481.8,1930072.1,209.3,348.369,22.2,63,63,61.2,1.8,60.4,2.5,57.8,56.3,3.591862425
2020/8/11 16:00,357.8,1515595.1,147.9,283.664,29.8,50.4,50.4,63.5,1.4,62.5,2.1,59,56.9,2.600137425
2020/8/11 17:00,226.3,1051517.2,95.9,206.437,37.6,37.4,37.4,69.4,1.3,68.2,1.9,64.1,61.7,0.7429749899999999
2020/8/11 18:00,104.8,589536.8,44.4,129.5,43.8,27.2,27.2,74.6,1.1,73.5,1.6,70.1,68,0.31333750499999996
2020/8/11 19:00,23.1,212263.9,7,55.986,40.1,35.6,35.6,85.3,1.4,85.3,2.1,85.2,85.2,0.015550004999999999
2020/8/11 20:00,0,22860.7,0,10.438,31.1,40.6,39,93.1,1.2,93,1.8,92.7,92.6,0
2020/8/11 21:00,0,0,0,0,0,50.8,49.8,98.4,1,98.3,1.4,97.9,97.7,0
2020/8/11 22:00,0,0,0,0,0,50.9,50.6,100,0.8,100,1.2,99.3,98.3,0
2020/8/11 23:00,0,0,0,0,0,49.6,48.2,100,0.8,100,1.2,99.2,97.6,0
2020/8/12 0:00,0,0,0,0,0,33,32.5,100,0.7,100,1,99.8,98.1,0
2020/8/12 1:00,0,0,0,0,0,74.8,74.7,100,0.9,100,1.2,100,100,0
2020/8/12 2:00,0,0,0,0,0,75.9,75.7,100,0.8,100,1.1,100,100,0
2020/8/12 3:00,0,0,0,0,0,76.8,75.6,99.7,0.5,99.5,0.7,98.7,98.2,0.028337505
2020/8/12 4:00,33.5,39253.8,6.6,11.497,2.3,96.3,96,98.7,0.3,98.6,0.4,98.2,98,0.2442375
2020/8/12 5:00,126,271187.6,27.6,49.93,3.8,94.8,94.3,96.5,0.3,96.7,0.4,97.4,97.8,0.6741750000000001
2020/8/12 6:00,251.3,674286.7,73.9,124.351,7.5,90.6,89,91.9,0.5,92.4,0.8,93.9,94.8,1.433200005
2020/8/12 7:00,382.3,1141699.3,146.7,223.355,8.8,86.5,85.9,85.9,0.5,86.5,0.7,88.4,89.6,2.821175025
2020/8/12 8:00,502.9,1598413.4,202,316.026,17.2,74.3,72.9,79.7,0.6,80.2,0.8,82,83.1,7.7942625
2020/8/12 9:00,601.7,1996196.8,303.3,408.24,32.2,52.2,49.3,73.9,0.5,74.3,0.8,75.8,76.7,9.0894627
2020/8/12 10:00,670.6,2300133,447.6,513.403,57.2,6.2,5.4,66.2,0.4,66.5,0.6,67.5,68.1,10.464975
2020/8/12 11:00,704.1,2485648.2,533.2,595.493,59.6,9,4.8,62.2,0.4,62.4,0.6,63.2,63.6,10.6501248
2020/8/12 12:00,699.7,2538291.2,537.9,625.741,60,11.7,5.9,63.5,0.7,63,1,61.3,60.2,10.368150000000002
2020/8/12 13:00,657.6,2454016.9,490.2,607.242,60,18.3,9.1,62.1,1,61.4,1.5,59.2,58,9.341024699999998
2020/8/12 14:00,581.2,2239304.5,427.8,553.19,60,22.5,11.2,59.7,1.2,59,1.8,56.7,55.5,7.783887299999999
2020/8/12 15:00,476.4,1910976.8,350,475.886,60,19.4,9.7,51.8,0.8,51.9,1.2,52.1,52.5,5.70477495
2020/8/12 16:00,352.3,1495946.1,255.9,379.15,60,14.5,7.2,52.1,0.6,52.2,0.8,52.6,53.1,3.170712525
2020/8/12 17:00,220.9,1031770.1,156.3,270.363,60,11.9,6,55.7,0.4,55.8,0.6,56,56.3,0.95524998
2020/8/12 18:00,100.1,571040.1,65,160.024,60,13.6,6.8,64.2,0.1,63.6,0.2,61.7,60.4,0.25218749999999995
2020/8/12 19:00,20.7,199029.7,9.6,64.065,60,0.8,0.4,80,0.8,77.6,1.2,69.9,65,0.008200005
2020/8/12 20:00,0,18606.3,0,11.192,41,26.4,13.2,83.6,1,81.8,1.4,75.7,71.2,0
2020/8/12 21:00,0,0,0,0,0,76.6,38.3,91.8,0.8,89.9,1.2,83.8,78.9,0
2020/8/12 22:00,0,0,0,0,0,93,46.5,94.9,0.3,93.4,0.4,88.5,84,0
2020/8/12 23:00,0,0,0,0,0,78.8,39.4,95.1,0.2,94.3,0.3,91.5,87.8,0
2020/8/13 0:00,0,0,0,0,0,85.9,43,97.1,0.5,96.6,0.8,94.8,91.3,0
2020/8/13 1:00,0,0,0,0,0,94.9,51,99.1,0.6,98.1,0.9,94.6,90.4,0
2020/8/13 2:00,0,0,0,0,0,96.3,61.2,98.8,0.7,97.9,1,94.7,90.5,0
2020/8/13 3:00,0,0,0,0,0,99.7,71,97.1,1,96.4,1.4,94.1,90.2,0.010012515000000001
2020/8/13 4:00,30.9,35076.5,2.3,11.684,24.4,100,80.1,95.6,0.9,95,1.2,93.1,89.5,0.37410000000000004
2020/8/13 5:00,121.6,258159.5,11.1,50.627,15.6,99.9,89.2,93.2,0.7,92.9,1,91.8,89.2,0.7047874799999999
2020/8/13 6:00,246.6,657674.9,66.8,117.378,5.8,99.3,95.3,89.1,0.6,89.3,0.9,89.7,88.5,2.435324925
2020/8/13 7:00,377.5,1124321.4,107.4,184.695,7.7,89.2,88.4,84.4,0.3,84.5,0.5,84.9,84,0.82925001
2020/8/13 8:00,498.1,1581041.9,106.3,229.756,19.3,88.1,78.8,83.5,0.7,83.6,1.1,83.9,82.9,1.076362485
2020/8/13 9:00,596.9,1978969.8,234.4,317.759,3.8,98.5,96.2,81.4,0.5,81.5,0.7,81.6,81,1.6053374849999997
2020/8/13 10:00,665.8,2282961.4,207.2,387.54,0,100,100,76.9,0.2,77.1,0.3,77.6,77.7,1.598524995
2020/8/13 11:00,699.3,2468354,67.2,341.155,7.8,99.3,93.4,78.5,0.5,78.4,0.7,78,77.7,1.6046375099999999
2020/8/13 12:00,694.7,2520671.7,29.2,256.459,27.7,98.5,78,76.7,1.5,76.3,2.2,75.2,74.9,4.367824949999999
2020/8/13 13:00,652.5,2435886.2,11.8,187.042,0.9,99.9,99.4,84.9,1.2,84.6,1.7,83.8,83.3,4.600087350000001
2020/8/13 14:00,575.8,2220529.7,33,179.118,4.5,99.5,96.8,85.1,1.2,84.9,1.7,84.1,83.5,2.43962505
2020/8/13 15:00,470.9,1891521.1,83.2,219.424,20.9,98.9,87.5,84.5,1,84.2,1.4,83.2,82.6,2.8403124749999997
2020/8/13 16:00,346.7,1475943,67.9,207.542,21.6,99.3,91,83.9,1.3,83.6,1.9,83,83.1,0.4879875149999999
2020/8/13 17:00,215.4,1011707.8,21.2,134.599,0.6,99.9,99.8,87.9,1.5,87.5,2.2,86.6,86.5,0.07836250499999999
2020/8/13 18:00,95.4,552360.2,11,68.876,7.7,96.8,96.3,89.5,1.5,89.3,2.2,88.7,88.6,0.046750005000000004
2020/8/13 19:00,18.4,185987.7,1.9,27.468,10.9,96.5,96.5,92.2,1.1,92.1,1.6,91.9,92.2,0
2020/8/13 20:00,0,15246.7,0,4.417,1.4,98.7,98.7,95.3,0.7,95,1.1,94.1,93.8,0
2020/8/13 21:00,0,0,0,0,0,99.8,99.8,97.2,0.8,96.9,1.1,95.9,95.8,0
2020/8/13 22:00,0,0,0,0,0,97.2,97.2,97.3,1.3,97,1.8,96.4,96.6,0
2020/8/13 23:00,0,0,0,0,0,97.9,97.9,95.9,1.9,95.9,2.8,95.9,96.6,0
2020/8/14 0:00,0,0,0,0,0,99.9,99.9,95.6,1.9,95.7,2.8,96,96.7,0
2020/8/14 1:00,0,0,0,0,0,100,100,97.1,1.3,97.2,1.8,97.5,97.7,0
2020/8/14 2:00,0,0,0,0,0,100,100,96.6,0.9,96.6,1.3,96.5,96.6,0
2020/8/14 3:00,0,0,0,0,0,100,100,95.4,0.6,95.4,0.9,95.2,95.3,0
2020/8/14 4:00,28.4,30981.2,0.3,5.763,0,100,100,94.4,0.6,94.4,0.8,94.4,94.5,0.0936
2020/8/14 5:00,117.3,245273.4,1.8,27.352,0.2,99.8,99.8,92.4,0.8,92.5,1.1,92.9,93.4,0.37700001
2020/8/14 6:00,241.7,640961.4,1.6,53.187,0,100,100,91.2,1.1,91.3,1.6,91.7,92.4,1.4458375049999999
2020/8/14 7:00,372.6,1106761.7,1.6,75.959,0,100,100,88.7,0.9,88.8,1.3,89.5,90.6,2.035550025
2020/8/14 8:00,493.2,1563452.3,27,131.148,0,100,100,85.8,0.7,85.9,1,86.9,88.7,2.688287475
2020/8/14 9:00,592.1,1961498.7,62.6,222.072,0.5,99.5,99.3,81,0.5,81.1,0.7,82.1,83.8,3.5833749750000004
2020/8/14 10:00,661,2265521.8,112.5,300.815,12.2,80.4,80,75.5,0.6,75.4,0.8,78.1,83.7,10.7289876
2020/8/14 11:00,694.3,2450768.3,195.3,370.654,7,93.2,90.8,71.8,1.1,71.4,1.5,70.8,71.6,10.3676625
2020/8/14 12:00,689.7,2502738.1,306.2,450.652,4.7,93.5,92.8,67.1,1.5,66.5,2.2,65,65.2,9.052762500000002
2020/8/14 13:00,647.3,2417421.4,329.8,494.019,24.1,96.6,80,70.3,1.6,69.8,2.2,69,69.6,7.437187499999999
2020/8/14 14:00,570.4,2201405.4,257.6,465.835,33,99.2,73.3,66.4,1.3,65.5,1.8,63.1,62.7,6.53312505
2020/8/14 15:00,465.4,1871708.8,168.9,387.596,40.6,99.2,65.8,63.9,1.7,63.1,2.4,61.2,60.9,3.298275
2020/8/14 16:00,341,1455591.8,82.3,285.625,48.8,99.4,59.6,68,2.2,67.5,3.2,66.5,66.6,2.2793874749999996
2020/8/14 17:00,209.9,991339.6,38.9,188.039,57,99.3,52.1,74.1,1.9,73.8,2.7,73.5,74,1.5298625099999998
2020/8/14 18:00,90.7,533517.1,20,111.131,56.6,82.8,44.3,79.8,1.6,79.5,2.2,79.4,80.1,0.27023750999999996
2020/8/14 19:00,16.1,173167.3,4.2,46.411,58.6,21.5,12,85.3,1,84.9,1.4,83.8,83.9,0.016675005
2020/8/14 20:00,0,11942.5,0,7.947,31.2,8.1,8.1,89,0.7,88.8,1,88.4,88.7,0
2020/8/14 21:00,0,0,0,0,0,11.5,11.5,94.3,0.5,94.1,0.7,93.5,93.5,0
2020/8/14 22:00,0,0,0,0,0,10.9,10.9,100,0.4,99.9,0.5,98.6,97.8,0
2020/8/14 23:00,0,0,0,0,0,17.6,16.7,100,0.5,100,0.8,100,99.6,0
2020/8/15 0:00,0,0,0,0,0,27.7,26.8,100,0.7,100,1.1,100,100,0
2020/8/15 1:00,0,0,0,0,0,26.8,19.1,100,0.6,100,0.8,100,99.4,0
2020/8/15 2:00,0,0,0,0,0,89.4,83.3,100,0.6,100,0.8,98.6,96.5,0
2020/8/15 3:00,0,0,0,0,0,84.5,70.2,98.1,0.5,97.9,0.7,96.8,95.3,0
2020/8/15 4:00,26,26950.3,8,11.878,21.6,54.9,54.9,95.9,0.6,95.8,0.8,95.3,94.4,0.032537504999999994
2020/8/15 5:00,112.9,232550.7,42.2,55.592,17.5,73.2,73.2,93.8,0.8,93.7,1.1,93.5,92.9,0.100350015
2020/8/15 6:00,236.9,624156.3,35.4,91.039,10.7,87.4,87.4,88,1,88.2,1.5,88.6,88.5,0.453462495
2020/8/15 7:00,367.6,1089025.3,0.5,78.588,0,100,100,89.1,1.4,89.1,2.1,89.2,89,1.0363624949999999
2020/8/15 8:00,488.3,1545647.8,3,81.263,0.6,100,100,85.9,1.7,85.9,2.4,85.8,86,2.112687525
2020/8/15 9:00,587.2,1943785.7,13.7,130.063,0,100,100,82,1.6,81.9,2.4,81.7,82.2,2.547275025
2020/8/15 10:00,656,2247816,22.1,181.638,0,100,100,77,2.2,76.8,3.1,76.4,77.5,3.66447495
2020/8/15 11:00,689.3,2432892.7,19.6,196.831,0.7,99.9,99.9,76.1,2.5,75.8,3.5,75,76,2.809550025
2020/8/15 12:00,684.5,2484492.3,15.9,188.885,0,100,100,74.5,2.7,74.2,3.8,73.3,74.2,0.8433999900000001
2020/8/15 13:00,641.9,2398624.7,7,173.529,0,100,100,73.3,2.8,73,4,72.3,73.4,0.8573125199999999
2020/8/15 14:00,564.9,2181934.7,1.5,135.364,1.2,98.8,98.8,78.1,1.9,77.7,2.8,76.6,77.1,0.45093751499999996
2020/8/15 15:00,459.7,1851544.3,0.8,96.138,0,100,100,82.5,1.8,82.1,2.5,81,81.6,0.284674995
2020/8/15 16:00,335.2,1434898.3,2.1,73.09,0.5,99.6,99.6,83.2,2,82.8,2.9,81.8,82.4,0.06482499
2020/8/15 17:00,204.2,970675.1,1.4,52.819,0,100,100,86.5,2,86.3,2.9,85.7,86.5,0.0378
2020/8/15 18:00,86,514531.9,0,28.786,0,100,100,88.9,1.7,88.7,2.4,88.3,89.1,0
2020/8/15 19:00,13.9,160593.5,0,10.021,0,100,100,93.1,1.7,92.8,2.5,91.8,92.2,0
2020/8/15 20:00,0,8609.8,0,1.638,0.4,98.8,98.8,95.3,2,95.1,2.9,94.6,95,0
2020/8/15 21:00,0,0,0,0,0,99.5,99.5,96.9,1.7,96.8,2.4,96.2,97.3,0
2020/8/15 22:00,0,0,0,0,0,98.8,98.8,97.2,1.5,97.1,2.1,96.8,97.2,0
2020/8/15 23:00,0,0,0,0,0,99.1,99.1,96.4,1.5,96.3,2.1,96.1,97.7,0
2020/8/16 0:00,0,0,0,0,0,100,100,96,1.3,95.8,1.9,95.2,95.2,0
2020/8/16 1:00,0,0,0,0,0,100,100,95.1,1.6,95,2.3,94.6,95,0
2020/8/16 2:00,0,0,0,0,0,100,100,95.7,1.6,95.6,2.3,95.3,95.6,0
2020/8/16 3:00,0,0,0,0,0,100,100,95.4,1.8,95.4,2.5,95.5,95.6,0
2020/8/16 4:00,23.6,22963.6,0,3.794,0,100,100,94,1.3,94.1,1.9,94.3,94.5,0.12972500999999997
2020/8/16 5:00,108.6,220012.7,2.2,21.882,0,100,100,91.4,1.1,91.5,1.5,92,92.8,0.42121249499999996
2020/8/16 6:00,232,607270,4.6,51.381,0,100,100,89.1,1.1,89.3,1.6,89.9,90.9,1.414000005
2020/8/16 7:00,362.6,1071117.3,2.4,86.562,0,100,100,86.1,1,86.3,1.4,86.8,88.1,1.899662505
2020/8/16 8:00,483.3,1527631.6,22.3,140.251,0,100,100,83.9,1.1,84,1.6,84.7,87,3.91521255
2020/8/16 9:00,582.2,1925833.3,44.9,202.002,0.1,99.8,99.8,81.3,1.2,81.6,1.7,82.6,84.3,7.01494995
2020/8/16 10:00,651,2229845.8,84.8,266.921,0.7,98.9,98.9,79.2,1.1,79.4,1.5,80.3,82,7.347037499999999
2020/8/16 11:00,684.2,2414728.9,175,361.64,0.1,99.8,99.8,74.6,1,74.8,1.4,75.7,77.4,9.1945125
2020/8/16 12:00,679.3,2465936.1,188.3,417.735,9.6,84,84,70.1,1.4,70.1,2,70.2,71.4,9.74265
2020/8/16 13:00,636.5,2379498.5,173.7,395.732,26.8,65.8,65.8,74.6,1.8,74.8,2.6,75.4,76.8,7.9216878
2020/8/16 14:00,559.3,2162120.8,188.5,366.992,34.1,54.1,54.1,73.9,2.1,74,3.1,74.3,75.5,6.63627495
2020/8/16 15:00,453.9,1831031.9,182.6,335.546,47.5,32.2,32.2,72.3,2,72.3,2.9,72.5,73.6,5.381662500000001
2020/8/16 16:00,329.4,1413869.1,174.8,285.005,49.8,22.4,22.4,71.6,1.8,71.5,2.6,71,71.6,3.2692499250000004
2020/8/16 17:00,198.6,949724.9,126.9,219.573,55.8,7.9,7.9,72.4,1.6,72.3,2.3,71.8,71.6,1.0066624949999998
2020/8/16 18:00,81.3,495427.1,51,133.91,57.7,4.1,4.1,78,1.5,77.7,2.1,76.7,75.5,0.2274
2020/8/16 19:00,11.7,148286.6,5,49.727,59.1,1.6,1.6,84.5,1.6,84.2,2.3,82.9,81.3,0.003040904999999985
2020/8/16 20:00,0,5242.5,0,6.678,27.8,0.8,0.8,91.4,1.5,90.8,2.1,88.5,86,0
2020/8/16 21:00,0,0,0,0,0,2.2,2.2,96.2,1.2,95.3,1.7,92.1,89.1,0
2020/8/16 22:00,0,0,0,0,0,5.4,5.4,96.9,0.4,96.2,0.6,94,92.1,0
2020/8/16 23:00,0,0,0,0,0,5,5,96,1.4,95.4,2.1,93.3,91.7,0
2020/8/17 0:00,0,0,0,0,0,0.8,0.8,93.5,2.1,93.2,3.1,92.3,90.8,0
2020/8/17 1:00,0,0,0,0,0,3.3,3.3,99.5,2,99.2,2.9,98.5,97.3,0
2020/8/17 2:00,0,0,0,0,0,4.5,4.5,100,2,99.7,2.9,98.9,97.3,0
2020/8/17 3:00,0,0,0,0,0,34.5,34.5,96.2,2,96.2,2.9,96.1,94.6,0.011687504999999983
2020/8/17 4:00,21.4,19024.4,6.3,9.044,19.2,50.8,50.8,93.9,2.1,93.9,3.1,93.7,92.5,0.189287505
2020/8/17 5:00,104.3,207679.6,41.2,51.359,26.2,56.3,56.3,90,2.3,90.1,3.4,90.2,89.4,0.8466124949999999
2020/8/17 6:00,227,590313.2,94.9,126.684,28.4,52.7,52.7,85.4,2.3,85.4,3.4,85.6,84.5,3.270825
2020/8/17 7:00,357.6,1053042.9,165.8,219.26,30.3,49.5,49.5,81.6,2,81.6,2.9,81.4,80.3,5.93775
2020/8/17 8:00,478.2,1509407.1,289.4,334.03,40.5,32.4,32.4,74.7,1.9,74.7,2.7,74.6,74,7.9870874999999995
2020/8/17 9:00,577.2,1907643.7,422.4,457.015,57.9,3.5,3.5,66.2,1.7,66.2,2.4,66.1,65.9,9.432487499999999
2020/8/17 10:00,645.9,2211613.1,501,550.858,59.8,0.3,0.3,60.4,1.5,60.4,2.1,60.5,61,10.2862998
2020/8/17 11:00,679.1,2396278.9,542.1,603.545,60,0,0,56.1,1.4,55.9,2,55.7,56.3,10.504125
2020/8/17 12:00,674,2447071.6,534.4,617.333,60,0,0,53.8,1.4,53.4,2,52.1,52,10.1579373
2020/8/17 13:00,631,2360045.3,495.1,593.257,60,0,0,54.9,1,53.9,1.4,51,50,9.2371374
2020/8/17 14:00,553.6,2141967,431.9,539.635,60,0,0,52,0.7,51.1,0.9,48.9,48.3,7.694624699999999
2020/8/17 15:00,448,1810176.2,346.3,460.856,60,0,0,44.6,0.4,44.6,0.6,45.5,46.5,5.61936255
2020/8/17 16:00,323.4,1392510.6,246.2,361.715,60,0,0,53.2,0.6,52.4,0.8,50.1,49,3.0675124499999997
2020/8/17 17:00,192.8,928499.7,142.5,250.943,60,0,0,64.2,1,62.9,1.4,58.4,55.5,0.8027874899999999
2020/8/17 18:00,76.6,476226.9,51.5,139.163,60,0,0,72.4,1,71.3,1.5,66.4,62.9,0.15967499999999998
2020/8/17 19:00,9.6,136260.6,4.5,48.545,60,0,0,78.6,1.1,77.7,1.6,72.8,68.5,0.003368189999999985
2020/8/17 20:00,0,2675.6,0,6.32,24,0,0,85.9,1.1,85.2,1.5,80.2,75.5,0
2020/8/17 21:00,0,0,0,0,0,0,0,94.4,0.9,93.4,1.3,87,81.2,0
2020/8/17 22:00,0,0,0,0,0,0,0,97,0.8,96,1.1,89.7,83.7,0
2020/8/17 23:00,0,0,0,0,0,0,0,97.8,0.5,96.8,0.7,91.4,85.9,0
2020/8/18 0:00,0,0,0,0,0,0,0,99.2,0.5,98.2,0.7,93.4,88.2,0
2020/8/18 1:00,0,0,0,0,0,17.1,17.1,99.1,0.7,98,1.1,93.2,88.4,0
2020/8/18 2:00,0,0,0,0,0,24.2,24.2,98,0.7,97.2,1,93.2,88.8,0
2020/8/18 3:00,0,0,0,0,0,19.6,19.6,96.8,0.8,96.1,1.1,92.6,88.9,0.00964092
2020/8/18 4:00,19.2,15987.4,7.5,9.474,27.7,25.2,25.2,96.2,0.8,95.6,1.2,92.6,89.3,0.188449995
2020/8/18 5:00,100,195570.4,55.8,57.822,32,46.7,46.7,94.3,0.8,93.7,1.1,91.1,88.2,0.83548749
2020/8/18 6:00,222,573297.1,145.3,149.33,43,28.3,28.3,88.9,0.6,88.5,0.8,86.6,84.3,2.888900025
2020/8/18 7:00,352.5,1034807.4,259.6,263.977,58.9,1.9,1.9,81.7,0.6,81.3,0.8,79.7,77.9,5.35108755
2020/8/18 8:00,473.1,1490977.6,362,379.353,59.3,1.2,1.2,76,0.5,75.6,0.8,74.2,72.5,5.4521375999999995
2020/8/18 9:00,572,1889219.3,443.2,475.6,60,0,0,70.7,0.6,70.4,0.8,69,67.4,8.8166247
2020/8/18 10:00,640.8,2193119.9,496.6,547.224,60,0,0,70.3,0.6,69.5,0.9,66.4,63.9,9.650924999999999
2020/8/18 11:00,673.8,2377544.4,504.2,583.331,55,9.9,9.9,65.4,0.8,64.8,1.1,62.5,60.8,9.9692124
2020/8/18 12:00,668.6,2427900.9,465.6,575.693,45.9,24.8,24.8,60.7,0.8,60.5,1.2,59.6,59.1,9.4456125
2020/8/18 13:00,625.5,2340268.1,422.3,538.779,48.7,21.4,20.3,54.6,0.4,54.8,0.6,55.8,56.8,8.2194876
2020/8/18 14:00,547.8,2121477.1,373.8,487.403,47.8,23.9,22.8,54.6,0.6,54.9,0.8,56.3,57.9,7.0354125
2020/8/18 15:00,442,1788982.2,292.5,412.672,48.9,34.3,29.8,62.2,1.1,62,1.5,61.6,62,4.8744000000000005
2020/8/18 16:00,317.4,1370829.9,192.1,313.385,47.1,28.3,26.6,70.1,1.5,69.4,2.1,67.2,66.1,2.4775125
2020/8/18 17:00,187,907010.9,103.6,208.658,49,22.4,21.5,75.6,1.5,74.6,2.1,71.3,69.2,0.64921251
2020/8/18 18:00,72,456956.9,38.2,113.851,47.3,25.1,25.1,81.1,1.1,80,1.6,76,73.1,0.249250005
2020/8/18 19:00,7.4,124523,2.5,38.664,42.3,31.4,31.4,84,1.2,83.2,1.7,79.9,77.2,0
2020/8/18 20:00,0,2058.4,0,3.79,15.3,31.4,31.4,90.4,1,89.7,1.5,86.8,83.9,0
2020/8/18 21:00,0,0,0,0,0,25.6,25.6,94.2,0.6,93.8,0.9,91.3,88.5,0
2020/8/18 22:00,0,0,0,0,0,16.3,16,96.9,0.6,96.5,0.8,94.2,91.5,0
2020/8/18 23:00,0,0,0,0,0,12.2,12.2,100,0.6,100,0.8,97.6,94.3,0
2020/8/19 0:00,0,0,0,0,0,12.2,12.2,100,0.5,100,0.8,98.4,95,0
2020/8/19 1:00,0,0,0,0,0,50.8,50.8,100,0.8,100,1.2,97.2,92.2,0
2020/8/19 2:00,0,0,0,0,0,84.1,84.1,100,0.3,100,0.4,96.1,91.9,0
2020/8/19 3:00,0,0,0,0,0,87.9,87.9,99.1,1,98.2,1.4,93.9,89.5,0
2020/8/19 4:00,17.2,12951.7,1.4,5.089,5,92.3,92.3,97.3,1,96.2,1.4,91.4,86.5,0.196312515
2020/8/19 5:00,95.6,183701.9,14.2,34.664,12.2,86.5,86.2,94.3,0.5,93.2,0.7,88.5,83.7,0.8405000100000001
2020/8/19 6:00,217,556233.5,29.4,89.841,19,78.5,77.1,90.8,0.7,89.8,1,85.5,81.1,1.860225
2020/8/19 7:00,347.3,1016416.5,71.4,159.765,14.4,80.6,78.7,84,0.3,83.5,0.4,81.3,78.8,4.74045
2020/8/19 8:00,467.9,1472346.4,202.9,263.183,45.2,37.3,32.9,78.1,0.8,78,1.1,77.4,76.6,5.1213501
2020/8/19 9:00,566.8,1870562.6,352,396.08,53.9,42.1,27.5,77.2,0.8,76.8,1.2,75.7,75,5.123837549999999
2020/8/19 10:00,635.5,2174368.3,438.2,500.539,58.2,51.5,27.3,71.1,0.8,71.1,1.1,71.3,71.9,5.559500099999999
2020/8/19 11:00,668.5,2358527.5,469.6,550.154,57.3,37,21.5,67,0.9,67.1,1.2,67.6,68.7,4.73865
2020/8/19 12:00,663.1,2408426.5,306.2,506.029,56.8,13.8,10.8,64,1,64,1.5,64.4,65.4,8.7084624
2020/8/19 13:00,619.8,2320169.5,212.7,417.439,25.1,86.7,72.4,74.6,2.1,74.5,3,74.3,74.6,8.581712399999999
2020/8/19 14:00,541.9,2100654.8,295.9,406.701,56.2,27.2,17,71.1,2.2,71,3.1,71,71.4,5.85103755
2020/8/19 15:00,436,1767455.1,275,397.052,53.4,28.9,20.2,71.6,2.4,71.6,3.4,71.5,72,1.4881875
2020/8/19 16:00,311.2,1348834.3,192.5,319.918,52.9,42.9,27.7,74,2.2,73.9,3.1,73.7,73.9,0.70789998
2020/8/19 17:00,181.1,885270.7,86.8,215.273,53.2,82.6,47.5,77.3,2.2,77.2,3.1,77.1,77.4,0.9392999999999999
2020/8/19 18:00,67.4,437644.7,22.4,110.515,56.6,39.5,23.5,81.9,2.1,81.8,3,81.3,81,0.83434998
2020/8/19 19:00,5.1,113073.9,0.9,33.549,57,44.5,26.4,86.3,2.1,85.8,3.1,83.8,81.8,0.019746435
2020/8/19 20:00,0,1433.4,0,2.158,12.3,67.4,51.1,91.8,1.8,91.4,2.6,89.5,87.6,0
2020/8/19 21:00,0,0,0,0,0,62.7,52.2,96.1,1.6,95.8,2.3,94.8,94,0
2020/8/19 22:00,0,0,0,0,0,62,49.6,98.2,1.7,98.1,2.4,97.8,97.5,0
2020/8/19 23:00,0,0,0,0,0,59,48.6,99.2,1.3,99.2,1.8,98.9,98.7,0
2020/8/20 0:00,0,0,0,0,0,57.3,54.8,100,1.1,100,1.5,99.9,99.8,0
2020/8/20 1:00,0,0,0,0,0,99,98.7,98,1.3,97.8,1.8,97,96.5,0
2020/8/20 2:00,0,0,0,0,0,99.9,99.8,97.7,1.1,97.5,1.6,96.7,96.1,0
2020/8/20 3:00,0,0,0,0,0,99.3,99.2,97,1.1,96.8,1.5,96,95.4,0
2020/8/20 4:00,15.1,9910.3,0.5,3.256,0,100,100,96.3,1,96,1.5,95,94.2,0.048487499999999996
2020/8/20 5:00,91.4,172088.5,3.5,23.898,11.2,89.3,89.2,94,1.1,94,1.6,93.6,93.2,0.205024995
2020/8/20 6:00,212,539134.6,7,63.713,12.7,86.8,86.8,91.6,1,91.7,1.5,91.6,91.5,1.39905
2020/8/20 7:00,342.1,997875.6,30.1,115.371,13.5,91.1,91.1,88.2,0.5,88.4,0.7,89,89.6,1.617387495
2020/8/20 8:00,462.7,1453517.1,49,173.767,5.9,98.7,98.7,86.9,0.4,87.1,0.6,88.4,89.7,2.44609995
2020/8/20 9:00,561.6,1851676.3,51.2,209.935,6.5,97.8,97.8,84,0.3,84.9,0.4,88.9,93.3,4.7286375
2020/8/20 10:00,630.2,2155360.4,155.6,269.441,9.1,96.5,96.5,82.9,0.3,83.6,0.4,86.4,89.6,6.39897495
2020/8/20 11:00,663.1,2339230.4,218.6,370.825,19.6,80.4,80.4,74.9,0.7,75.2,1,76.9,78.9,9.06645
2020/8/20 12:00,657.5,2388650.7,207.8,411.76,23.7,69.9,69.9,72.6,0.9,72.9,1.3,74.4,76.2,5.7469874999999995
2020/8/20 13:00,614,2299752.8,339.3,433.625,46.9,22,22,72.9,1.3,72.7,1.8,72.6,73.2,6.72874995
2020/8/20 14:00,536,2079504.1,390.5,470.011,48.8,19.6,19.2,72.1,1.5,71.9,2.2,71.4,71.9,6.090675
2020/8/20 15:00,429.8,1745600.1,301.2,426.541,58.4,5.7,5.3,73.7,1.5,73.3,2.2,72.3,72.2,5.17208745
2020/8/20 16:00,305,1326531.4,204.2,322.788,54.7,12.9,11.9,75,1.2,74.4,1.7,72.9,72.3,1.9746
2020/8/20 17:00,175.2,863291.6,107.6,215.379,52.7,16,14.9,73,0.8,72.9,1.2,72.5,72.6,0.7124874899999999
2020/8/20 18:00,62.9,418319.5,33.7,112.698,52.9,16.7,15.1,79.5,0.9,78.8,1.3,76.4,75.2,0.09047500500000001
2020/8/20 19:00,2.9,101904.8,0.8,32.878,57.4,21.7,13.1,79.7,0.4,79.7,0.6,79.4,79.3,0
2020/8/20 20:00,0,800.2,0,1.017,12.9,74.8,41.4,84.6,0.4,84.4,0.5,83.5,82.8,0
2020/8/20 21:00,0,0,0,0,0,98.2,49.9,93.1,1,92.1,1.5,88.3,85.6,0
2020/8/20 22:00,0,0,0,0,0,100,50.4,94,0.8,93.1,1.1,89.4,86.3,0
2020/8/20 23:00,0,0,0,0,0,100,50.1,98.4,0.4,97.4,0.6,93.1,89,0
2020/8/21 0:00,0,0,0,0,0,98.4,49.5,100,1,99.2,1.4,94.6,90.2,0
2020/8/21 1:00,0,0,0,0,0,77,55.8,100,1,100,1.5,95.4,90.4,0
2020/8/21 2:00,0,0,0,0,0,35.2,35.2,100,1.1,99.6,1.5,93.8,88.4,0
2020/8/21 3:00,0,0,0,0,0,46.5,37.8,96.3,1.1,94.9,1.6,89.2,84.1,0
2020/8/21 4:00,13.1,6858.4,4.9,6.651,27.8,18.8,9.8,92.3,1.1,91,1.5,85.6,80.9,0.191425005
2020/8/21 5:00,87.1,160740.9,50.7,51.261,59.9,61.7,30.9,86.9,1.1,85.8,1.6,81.8,78.1,0.820474995
2020/8/21 6:00,206.9,522013.1,125.4,140.101,59.9,54.3,27.2,80.8,1,80.3,1.4,78.3,76.5,2.749749975
2020/8/21 7:00,336.8,979190.6,219.9,245.369,60,54.7,27.3,75.4,0.6,74.9,0.9,72.5,70.2,5.624949900000001
2020/8/21 8:00,457.4,1434493.3,334.6,355.549,60,11.2,5.6,72,0.6,71.2,0.9,68.3,66,7.866612599999999
2020/8/21 9:00,556.3,1832562.9,424.5,456.124,60,25.1,12.5,68.1,1,67.4,1.5,65.1,63.7,7.4584249499999995
2020/8/21 10:00,624.8,2136098.6,456.4,526.741,60,79.4,39.7,63.1,1.5,62.6,2.1,60.9,60.3,5.038675049999999
2020/8/21 11:00,657.6,2319655.4,419.1,555.628,60,99.2,49.6,57.9,2.3,57.4,3.2,55.6,54.7,10.6484124
2020/8/21 12:00,651.8,2368576.2,432,559.153,60,100,50,54.2,2.4,53.5,3.4,51,49.6,9.571425
2020/8/21 13:00,608.1,2279021.2,322.9,521.947,59.5,100,50.4,49.4,3.2,48.6,4.6,46,44.7,4.7815125
2020/8/21 14:00,529.9,2058029.3,220.1,442.323,59.6,95.9,48.3,52,3.1,50.9,4.5,47.5,45.6,1.920612555
2020/8/21 15:00,423.6,1723422.9,128.5,345.375,59.6,100,50.3,53.1,3.4,52.2,4.9,49.3,47.8,2.093300025
2020/8/21 16:00,298.7,1303929.1,63.4,244.868,55.1,97.9,53.1,55.6,3.7,54.8,5.3,52.1,50.6,1.4814375
2020/8/21 17:00,169.3,841087.1,28.8,148.218,2.5,99.8,97.8,58.9,3.3,57.9,4.7,54.5,52.5,0.252587505
2020/8/21 18:00,58.5,399012.5,0.8,58.252,3,100,97.5,60.4,4,60,5.8,58.5,57.9,0.045162509999999996
2020/8/21 19:00,0.6,90999.8,0,9.755,11.1,92.6,87,62.4,3,61.6,4.3,58.8,57.3,0
2020/8/21 20:00,0,159.1,0,0.041,3.1,72.7,72.3,64,3.3,63.3,4.8,61.4,60.5,0
2020/8/21 21:00,0,0,0,0,0,84.5,82.5,67.6,3.6,66.9,5.2,64.7,63.6,0
2020/8/21 22:00,0,0,0,0,0,73.9,73.6,68.8,4.1,68.3,5.8,66.6,65.7,0
2020/8/21 23:00,0,0,0,0,0,93.2,92.8,69.4,4.1,69,5.9,67.6,67,0
2020/8/22 0:00,0,0,0,0,0,88.2,85.5,71.7,3.3,71.1,4.8,69.3,68.4,0
2020/8/22 1:00,0,0,0,0,0,92.8,81.1,71.2,2.3,70.3,3.4,67.3,65.6,0
2020/8/22 2:00,0,0,0,0,0,98,85.2,69.7,2.8,68.8,4,65.9,64.2,0
2020/8/22 3:00,0,0,0,0,0,99.5,90.4,68.5,2.9,67.7,4.2,65,63.4,0
2020/8/22 4:00,11.2,3791.2,0.1,3.314,1.9,99.9,96.2,68.7,2.6,67.9,3.7,65,63.3,0.163875
2020/8/22 5:00,82.9,149666.6,1.9,22.44,9.1,100,92.4,68.5,2.6,67.6,3.7,64.8,63.3,0.990812505
2020/8/22 6:00,201.8,504882.3,5.6,60.406,3.5,99.9,97,68.5,2.9,67.8,4.2,65.6,64.3,1.0984249949999998
2020/8/22 7:00,331.5,960367.5,8.1,100.259,0.4,99.9,99.6,69,3.3,68.6,4.8,67.3,66.7,1.594212495
2020/8/22 8:00,452,1415278.6,30.9,139.624,3.9,98.9,96.2,70.5,2.9,69.9,4.2,67.8,66.4,1.044100005
2020/8/22 9:00,550.9,1813225.1,137.5,236.629,13,96.3,87.3,67.7,2.2,67.1,3.1,64.9,63.7,1.598775
2020/8/22 10:00,619.4,2116585.2,316.3,395.446,50.1,77.3,46.9,59.2,2.5,58.6,3.6,56.9,56.1,1.9720625250000001
2020/8/22 11:00,652,2299804.9,324.2,469.721,26.9,82.8,69.8,56.4,3.2,55.8,4.6,53.9,53,2.5281375
2020/8/22 12:00,646.1,2348205.8,116.9,357.687,0.8,99.9,99.3,68.4,1.7,67.8,2.5,65.7,64.7,1.1107750049999998
2020/8/22 13:00,602.2,2257978.1,18.1,207.449,4.5,99.6,96.3,86.7,1.7,85.8,2.4,82.6,80.1,1.9166500049999997
2020/8/22 14:00,523.7,2036234.8,24.8,164.536,19.7,99.4,88.7,86.6,1,86.2,1.5,84.7,83.4,3.0108249750000002
2020/8/22 15:00,417.2,1700929.5,46.4,177.905,8,98.6,93.2,89.4,0.5,88.8,0.8,86.7,84.9,2.4526125000000003
2020/8/22 16:00,292.4,1281035.8,93.2,192.553,38.8,52.6,47.2,85.6,0.2,85.5,0.2,84.9,84.3,1.224912495
2020/8/22 17:00,163.3,818671.2,54,156.9,29.7,82.2,70.2,88.8,0.9,88.8,1.3,88.7,88.6,0.421774995
2020/8/22 18:00,54.1,379757.1,10,74.262,16,97,94.6,93.4,1.6,93.2,2.3,92.3,91.7,0.2226
2020/8/22 19:00,0,80831.3,0,16.524,22.8,93.8,84.2,93,1.3,92.7,1.8,91.7,90.9,0
2020/8/22 20:00,0,0,0,0,2.5,91.4,87.9,98.1,0.8,97.7,1.2,96.3,95.3,0
2020/8/22 21:00,0,0,0,0,0,86.5,85.8,99.8,0.8,99.5,1.1,98.6,98,0
2020/8/22 22:00,0,0,0,0,0,71.6,70.7,100,0.8,100,1.2,99.5,98.5,0
2020/8/22 23:00,0,0,0,0,0,79.4,77.1,100,0.5,100,0.8,98.8,97.2,0
2020/8/23 0:00,0,0,0,0,0,73,69.2,100,0.7,99.8,1.1,98.1,96.9,0
2020/8/23 1:00,0,0,0,0,0,98.9,96.4,95.1,2.9,94.8,4.2,93.8,93.1,0
2020/8/23 2:00,0,0,0,0,0,99.9,99.8,92.4,3.5,92.3,5.1,92.3,92.3,0
2020/8/23 3:00,0,0,0,0,0,99.9,99.7,91,3.4,91,4.9,91,91.1,0
2020/8/23 4:00,9.2,2579,0.2,1.598,0.5,98.7,98.7,89.1,3.1,89.1,4.5,89.3,89.6,0.07471250999999998
2020/8/23 5:00,78.7,138869,10.2,22.685,13.2,91.1,89.2,87.7,3.1,87.8,4.5,88.5,89.1,0.37326249000000006
2020/8/23 6:00,196.7,487756.2,23.4,67.776,28.6,88.9,83,84.1,3.1,84.3,4.5,85.1,85.8,0.27933749999999996
2020/8/23 7:00,326.2,941412.4,3.3,93.47,2.2,99.9,99.8,85.4,2.5,85.6,3.6,86.5,87.2,0.8098875
2020/8/23 8:00,446.6,1395876.8,14.4,105.467,1.4,100,100,83.6,2.7,83.9,3.9,85.2,86.2,1.1004750150000002
2020/8/23 9:00,545.4,1793665.9,15.9,119.911,0.2,100,100,85.1,2.6,85.4,3.8,86.5,87.6,1.60745001
2020/8/23 10:00,613.9,2096822.7,0.5,112.428,0.2,100,100,86.3,2.2,86.4,3.1,86.8,87.3,1.3134499949999998
2020/8/23 11:00,646.3,2279681.4,0.8,103.608,0.5,100,100,85.9,1.9,85.9,2.7,86.1,86.4,1.16832501
2020/8/23 12:00,640.3,2327542.4,0.8,99.212,0.2,100,100,85.3,1.8,85.5,2.6,86.1,86.7,1.272799995
2020/8/23 13:00,596.2,2236627.2,0.8,96.2,0,100,100,82.9,2.5,82.7,3.6,82.1,81.4,1.1166
2020/8/23 14:00,517.5,2014125.3,1.6,111.709,0,100,100,82,2.5,82.1,3.5,82.5,82.8,0.59967498
2020/8/23 15:00,410.8,1678126,4.9,125.235,0.4,100,99.8,80.9,2.6,81.2,3.7,82.2,83.2,0.28021249499999995
2020/8/23 16:00,286,1257860.2,3.5,102.856,0,100,100,80.4,2.5,80.7,3.6,81.8,83,0.5408625
2020/8/23 17:00,157.2,796058.7,0.4,55.424,0,100,100,81.5,2.9,81.6,4.1,82.2,82.7,0.418125
2020/8/23 18:00,49.9,360588.6,0.7,22.293,0,100,100,82.4,2.9,82.3,4.1,81.7,81.3,0.099837495
2020/8/23 19:00,0,71064.5,0,6.805,5.5,93.5,92.8,78.8,2.6,78.7,3.7,78.2,77.9,0
2020/8/23 20:00,0,0,0,0,1.2,73.6,73.6,82.5,2.6,82.3,3.7,81.8,81.5,0
2020/8/23 21:00,0,0,0,0,0,47.7,47.7,87.2,2.4,87.1,3.5,86.7,86.6,0
2020/8/23 22:00,0,0,0,0,0,56.8,56.8,88.7,2.3,88.6,3.4,88.2,88,0
2020/8/23 23:00,0,0,0,0,0,67.2,65.4,88.8,2.7,88.7,3.8,88.4,88.4,0
2020/8/24 0:00,0,0,0,0,0,64.5,60.6,87.6,2.5,87.5,3.7,87.5,87.8,0
2020/8/24 1:00,0,0,0,0,0,74.5,55.6,88.6,2.9,88.3,4.2,87.3,86.6,0
2020/8/24 2:00,0,0,0,0,0,99.4,96,85.5,2.7,85.2,3.9,84.1,83.3,0
2020/8/24 3:00,0,0,0,0,0,31.3,29.5,84.1,2.3,83.9,3.3,83.1,82.7,0.010435709999999983
2020/8/24 4:00,7.2,2025.8,2.1,3.351,17.3,35.2,25,82,2.3,81.7,3.2,80.8,80.2,0.35050000499999995
2020/8/24 5:00,74.6,128347.5,39,39.557,51.8,20.2,20.2,77.9,2.4,77.8,3.5,77.4,77.3,1.047337515
2020/8/24 6:00,191.5,470649.5,94.1,113.879,39.8,56.2,55.7,74.1,2.9,74.2,4.1,74.5,75,1.3790500049999999
2020/8/24 7:00,320.8,922331.5,82.5,169.752,5.1,97.1,96.6,70.7,3.7,70.9,5.3,71.8,73,3.436100025
2020/8/24 8:00,441.2,1376291.7,66.8,194.316,3.2,99.4,99.2,69.9,4,70.1,5.8,71.1,72.3,4.46908755
2020/8/24 9:00,539.9,1773888,123.3,249.299,5.6,99,98.5,67,3.9,67.1,5.7,68.1,69.3,6.16951245
2020/8/24 10:00,608.3,2076813.6,130.7,317.196,4.2,97.9,97.7,62.9,3.7,63.1,5.3,64.2,65.4,4.3561499999999995
2020/8/24 11:00,640.6,2259287.5,172.9,361.758,11.5,91.6,89.1,60.3,3.3,60.4,4.8,61.3,62.3,4.445962499999999
2020/8/24 12:00,634.4,2306589,268.4,415.981,24.6,68.3,68,56.6,3.1,56.7,4.4,57,57.7,4.61476245
2020/8/24 13:00,590,2214972.3,291.7,436.352,30.1,66.4,65.3,55.8,3.8,55.9,5.4,56.3,57,2.350712475
2020/8/24 14:00,511.2,1991705.7,214.9,391.053,7.3,99.7,94.9,56,3.6,56,5.2,56.2,56.9,2.29255005
2020/8/24 15:00,404.3,1655018.8,120.3,313.317,22.6,97.2,82.5,55.8,3.2,55.8,4.6,56.1,56.6,2.4451875
2020/8/24 16:00,279.5,1234411.3,56.2,220.321,7.6,96.5,92.9,57.5,3.2,57.5,4.6,57.6,58.1,0.7439499900000001
2020/8/24 17:00,151.2,773265.1,13.2,128.715,1.3,99,98.5,62.4,3,62.4,4.4,62.7,63.3,0.223512495
2020/8/24 18:00,45.7,341544.4,1,52.957,0.9,98.5,98.5,64.4,3.2,64.4,4.7,64.5,65,0.00193749
2020/8/24 19:00,0,61535.5,0,10.304,1.6,97.3,97.3,71.5,3.4,71.5,4.9,71.6,72.2,0
2020/8/24 20:00,0,0,0,0,0,99.9,99.9,75.1,3.5,74.9,5,74.6,74.7,0
2020/8/24 21:00,0,0,0,0,0,99.9,99.9,78.9,3.9,78.7,5.6,78.2,78,0
2020/8/24 22:00,0,0,0,0,0,98.3,98.2,82.6,4.2,82.5,6.1,82.3,82.4,0
2020/8/24 23:00,0,0,0,0,0,99.4,98.7,82.1,4.2,82,6,81.9,82,0
2020/8/25 0:00,0,0,0,0,0,94,93.8,82.4,4.2,82.3,6,82.1,82.2,0
2020/8/25 1:00,0,0,0,0,0,100,99.9,83,3.8,83,5.5,82.7,82.7,0
2020/8/25 2:00,0,0,0,0,0,98.6,98.5,84,4.2,83.8,6,83,82.4,0
2020/8/25 3:00,0,0,0,0,0,97.9,91.2,81.6,4.4,81.4,6.3,80.7,80.3,0
2020/8/25 4:00,5.2,1468.9,0.1,0.613,1.7,97.9,94.7,82,4.4,81.7,6.4,80.7,80,0.04815
2020/8/25 5:00,70.5,118097.4,1.5,7.509,0.4,100,100,83.1,4.5,82.9,6.5,82,81.5,0.271637505
2020/8/25 6:00,186.4,453577.4,1.3,21.648,0.5,100,99.9,83.2,4.6,83.1,6.6,82.5,82.2,0.7612875
2020/8/25 7:00,315.3,903131.5,5.5,53.25,2.2,99.7,99,82.5,4.4,82.5,6.3,82.2,82.2,1.531150005
2020/8/25 8:00,435.6,1356527.4,7.8,101.367,1.2,99.6,99.6,81,4.4,81,6.3,81.4,81.8,1.217587515
2020/8/25 9:00,534.3,1753894.6,23.1,143.287,2.5,99.2,99.2,80.5,4.2,80.5,6.1,80.8,81.2,1.6399875
2020/8/25 10:00,602.6,2056560.7,25.7,155.477,0,100,100,78,4.3,78.2,6.1,78.9,79.6,1.26585
2020/8/25 11:00,634.8,2238626.2,4.6,118.55,0,100,100,80.2,4.2,80.2,6,80.5,80.9,1.2200624999999998
2020/8/25 12:00,628.4,2285349,0.5,73.536,0.9,99.9,99.9,82.6,3.9,82.6,5.6,82.5,82.5,1.1713249949999998
2020/8/25 13:00,583.8,2193017.4,0,56.996,0,100,100,86.8,3.7,86.4,5.3,84.7,83.5,0.876724995
2020/8/25 14:00,504.8,1968981,0,52.372,1.2,99.2,99.2,86.8,3.5,86.4,5.1,85,84.1,0.49869999
2020/8/25 15:00,397.8,1631614.6,0,44.736,0,100,100,92.5,3,91.8,4.3,89.5,88.1,0.57189999
2020/8/25 16:00,272.9,1210698.7,0,34.02,0,100,100,93.8,2.8,93.1,4.1,90.8,89.4,0.47237497500000003
2020/8/25 17:00,145.1,750307,0.1,24.738,0.1,100,100,93.4,2.6,92.6,3.8,89.9,88.2,0.20020000500000001
2020/8/25 18:00,41.7,322664,0.1,13.912,0.1,99.9,99.9,92,2.5,91.2,3.6,88.4,86.5,0.046474995
2020/8/25 19:00,0,52237.4,0,3.88,1.1,99.6,99.5,90.6,2.6,90.3,3.8,89.1,88.2,0
2020/8/25 20:00,0,0,0,0,0,99.9,99.9,92,2.3,91.6,3.2,90.1,89,0
2020/8/25 21:00,0,0,0,0,0,99.9,99.9,91.5,2.2,91.2,3.2,90.1,89.2,0
2020/8/25 22:00,0,0,0,0,0,99.6,99.6,91.7,2,91.5,2.9,90.4,89.6,0
2020/8/25 23:00,0,0,0,0,0,99.9,99.9,92.7,1.8,92.4,2.5,91,89.9,0
2020/8/26 0:00,0,0,0,0,0,100,100,92.5,1.9,92.1,2.7,90.6,89.4,0
2020/8/26 1:00,0,0,0,0,0,92.7,92.7,92.7,1.9,92.5,2.8,91.5,90.7,0
2020/8/26 2:00,0,0,0,0,0,90.2,90.2,92.8,1.7,92.5,2.4,91.1,89.9,0
2020/8/26 3:00,0,0,0,0,0,80.4,80.4,90.7,1.6,90.4,2.2,88.9,87.7,0
2020/8/26 4:00,3.2,907.8,0.4,0.753,5.7,72,72,89.3,1.5,88.9,2.1,87.1,85.6,0.06685000499999999
2020/8/26 5:00,66.5,108108.8,17,22.033,26.7,66.7,66.7,87.4,1.3,87.1,1.9,85.6,84.2,0.389599995
2020/8/26 6:00,181.2,436555.9,51,77.012,29,64.5,64.5,84.3,1.1,84.2,1.6,83.7,83.2,2.077299975
2020/8/26 7:00,309.8,883819.1,101.9,151.104,36.8,60.6,60.6,80.2,1.3,80.5,1.9,81.6,82.6,3.7109750249999998
2020/8/26 8:00,430,1336587.8,166,235.271,26.1,69.1,69.1,76.6,1.6,77,2.3,78.6,80.3,4.8953499
2020/8/26 9:00,528.7,1733688.6,209.7,308.306,31.2,69.3,69.3,70.5,1.3,70.9,1.9,72.7,74.7,5.29729995
2020/8/26 10:00,596.8,2036066.8,198,336.309,23.4,79.7,79.6,69.7,1.6,70,2.2,71.3,72.8,4.49492505
2020/8/26 11:00,628.9,2217700.4,146.3,309.44,11.9,93.2,93,74.1,1.8,74.4,2.7,75.7,77.1,3.7613000249999997
2020/8/26 12:00,622.3,2263825.8,111.4,259.721,5.5,96,95.3,77.5,1.8,77.8,2.5,79,80.4,3.9550999499999997
2020/8/26 13:00,577.5,2170766.8,96.5,228.091,17.1,84.8,84.8,77.4,1.8,77.7,2.5,78.9,80.3,1.34866251
2020/8/26 14:00,498.3,1945956.7,76.6,211.953,10.9,89.1,89.1,77.7,2.2,77.9,3.1,78.7,79.7,3.162662475
2020/8/26 15:00,391.1,1607920.3,42.9,174.318,4.4,96.4,96.4,75.9,2.1,76.1,3,77,78.2,1.4109
2020/8/26 16:00,266.3,1186732.1,20,118.409,5.8,94.4,94.4,76,1.9,76.2,2.8,77.1,78.3,0.63433749
2020/8/26 17:00,139.1,727201.7,15,76.473,4.8,95.6,95.6,75.5,1.8,75.6,2.6,76.2,77.2,0.317875005
2020/8/26 18:00,37.9,303989,5.2,40.902,8.5,91.9,91.9,76.9,1.8,77,2.5,77.5,78.2,0.022949999999999998
2020/8/26 19:00,0,43984.8,0,10.567,11,88.8,88.8,81.9,1.5,81.9,2.2,81.8,82,0
2020/8/26 20:00,0,0,0,0,0,86.1,86,85.6,1.4,85.5,2,85.1,85.1,0
2020/8/26 21:00,0,0,0,0,0,77.4,77.3,89.3,1.4,89.1,2,88.4,88.2,0
2020/8/26 22:00,0,0,0,0,0,72.9,72.9,91.1,1.3,90.8,1.8,90,89.8,0
2020/8/26 23:00,0,0,0,0,0,72.8,72.6,91.9,1.1,91.6,1.6,90.9,90.7,0
2020/8/27 0:00,0,0,0,0,0,81.6,81.6,91.2,0.9,91,1.2,90.4,90.5,0
2020/8/27 1:00,0,0,0,0,0,77.9,77.8,91.1,1.3,90.8,1.8,89.9,89.4,0
2020/8/27 2:00,0,0,0,0,0,85.7,85.7,92.3,1.1,92.1,1.6,91.3,91.1,0
2020/8/27 3:00,0,0,0,0,0,81.7,81.7,90.3,0.9,90.1,1.3,89.8,90.1,0
2020/8/27 4:00,1.2,342.8,0.1,0.171,2,90.2,90.2,89,1,89,1.4,89.1,89.6,0.079187505
2020/8/27 5:00,62.5,98367.3,3.9,13.595,11.4,91.4,91.4,88.8,0.8,88.8,1.2,89.1,89.6,0.5896250249999999
2020/8/27 6:00,176,419602,7,39.26,16.7,86.9,86.9,87.5,0.6,87.4,0.8,87.5,87.8,2.93991255
2020/8/27 7:00,304.3,864401.2,33.3,78.899,25.6,79.9,79.9,86.1,0.5,86.2,0.7,86.6,87.1,4.727099850000001
2020/8/27 8:00,424.4,1316477.2,76,147.543,23.7,82,82,83.8,0.3,83.6,0.4,83.4,83.5,4.29385005
2020/8/27 9:00,523,1713273.4,140.6,236.696,23.1,82.5,82.5,79.2,0.2,79.2,0.3,79.4,79.7,4.06341255
2020/8/27 10:00,591,2015334.9,229.1,328.405,32.8,66.7,66.7,71.7,0.5,71.8,0.7,72.8,74.3,7.7196627
2020/8/27 11:00,622.9,2196513.1,272.7,393.806,32,67.9,67.9,65.7,0.7,65.8,1,66.9,68.3,8.2305126
2020/8/27 12:00,616.1,2242022.9,244.9,404.249,34.3,62.1,62.1,59.8,0.9,59.8,1.2,60.8,62.2,7.9988624999999995
2020/8/27 13:00,571.2,2148224.8,186.9,363.261,36.8,58.7,58.1,57.1,0.5,57,0.7,57.8,58.9,5.38204995
2020/8/27 14:00,491.7,1922638.2,131.6,304.872,32.7,61.6,61.3,56.7,1,56.6,1.4,57.1,58.1,3.5730375000000003
2020/8/27 15:00,384.4,1583943.4,99.2,247.348,28,68.3,68.2,58.8,1.3,58.7,1.9,59,59.8,4.91685
2020/8/27 16:00,259.6,1162521.9,81.1,191.897,28.1,72.9,72.9,62.2,1.4,62,2.1,62,62.6,2.693412525
2020/8/27 17:00,133,703967.5,47.3,133.633,28.3,71.8,71.5,66.2,1.2,66,1.8,65.5,65.7,0.54155001
2020/8/27 18:00,34.2,285562.5,11.4,66.168,33.9,60.9,59.7,72.4,1.3,72,1.8,70.5,69.7,0.055337504999999995
2020/8/27 19:00,0,38212.2,0,15.326,33.7,64.7,55,78.5,1.4,77.9,2,75.8,74.6,0
2020/8/27 20:00,0,0,0,0,0,59.2,47.1,84.1,1,83.7,1.4,82.4,81.8,0
2020/8/27 21:00,0,0,0,0,0,33.1,22,90.6,0.8,90.1,1.2,88.6,87.9,0
2020/8/27 22:00,0,0,0,0,0,25,16.1,92.7,1,92.2,1.5,90.6,89.6,0
2020/8/27 23:00,0,0,0,0,0,12.4,9.5,96.5,1.3,95.8,1.9,93,90.9,0
2020/8/28 0:00,0,0,0,0,0,7.6,6.1,97.7,1.5,97,2.1,94.3,92.2,0
2020/8/28 1:00,0,0,0,0,0,80.9,52.1,99.2,1.1,98.5,1.5,95.8,93.5,0
2020/8/28 2:00,0,0,0,0,0,93.1,60.6,99.4,1.1,98.7,1.6,95.8,93.3,0
2020/8/28 3:00,0,0,0,0,0,95.5,66.5,97.7,1,97.1,1.5,94.2,91.5,0
2020/8/28 4:00,0,0,0,0,4.6,96.3,78.4,95.8,1.1,95.1,1.5,92.1,89.3,0.128800005
2020/8/28 5:00,58.7,89082.6,12.1,25.342,32.5,96.6,80.8,93.8,1.1,93.2,1.6,90.7,88.1,0.42084999000000006
2020/8/28 6:00,170.8,402733.2,42.6,90.811,27.4,95.7,77.6,88.9,1.1,88.6,1.5,86.8,84.6,0.865524975
2020/8/28 7:00,298.7,844885.2,125.2,183.86,24.3,95.9,80.6,84.9,0.6,84.6,0.9,83,81.3,1.9018624800000001
2020/8/28 8:00,418.7,1296200,259.8,302.05,28.3,93.5,73.5,77.8,1,77.6,1.4,76.3,74.8,4.941224999999999
2020/8/28 9:00,517.2,1692652.3,351.9,413.804,27.2,69.1,61.9,71.3,1.1,71.2,1.7,70.6,70,8.823637200000002
2020/8/28 10:00,585.1,1994368,409.7,491.702,25.2,62.1,60.1,65.8,1.2,65.8,1.7,66.1,66.6,10.50345
2020/8/28 11:00,616.9,2175067.6,378.1,525.655,14,79.8,78.3,62.1,1.2,62.1,1.7,62.6,63.2,10.561262699999999
2020/8/28 12:00,609.9,2219944.2,383.1,524.086,8.1,87.8,87.2,59.3,1.2,59.3,1.7,59.5,60.1,10.1826876
2020/8/28 13:00,564.7,2125396.1,400.4,508.015,46.9,48.5,35.4,56.5,0.7,56.3,1,55.7,55.7,9.1750749
2020/8/28 14:00,485,1899031.5,337.2,460.025,57.2,43.6,25.3,57.1,0.6,56.3,0.9,53.9,52.7,7.556725049999999
2020/8/28 15:00,377.6,1559691.2,265,380.986,56.7,31.5,19.7,56.4,1.6,56.2,2.3,55.6,55.7,5.3680875
2020/8/28 16:00,252.9,1138078.8,163.9,284.28,54.4,25,20.3,67.7,2.6,67.6,3.8,67.3,67.5,3.1998000749999997
2020/8/28 17:00,126.9,680623.7,73.6,176.558,50.5,26.5,26.3,73.8,2.5,73.8,3.7,73.8,73.9,0.6401124899999999
2020/8/28 18:00,30.7,267428.8,12.8,76.013,49.5,29.5,29.5,79.6,2,79.2,2.9,77.9,76.9,0.044412509999999995
2020/8/28 19:00,0,32632.3,0,14.748,38.9,30,30,84.9,1.9,84.5,2.7,82.8,81.5,0
2020/8/28 20:00,0,0,0,0,0,32.9,32.9,90.4,1.6,89.8,2.3,87.6,85.7,0
2020/8/28 21:00,0,0,0,0,0,27.2,27.2,93.9,1.3,93.4,1.8,91.1,89,0
2020/8/28 22:00,0,0,0,0,0,24.2,24.2,96.4,1.1,95.8,1.5,93.6,91.7,0
2020/8/28 23:00,0,0,0,0,0,22.4,22.4,98.7,1,98.1,1.4,95.8,94,0
2020/8/29 0:00,0,0,0,0,0,15.5,15.5,100,0.9,100,1.3,98.9,97.1,0
2020/8/29 1:00,0,0,0,0,0,5.1,5.1,100,0.8,100,1.2,98.7,96.4,0
2020/8/29 2:00,0,0,0,0,0,17.1,17.1,100,0.9,100,1.3,99.3,97.5,0
2020/8/29 3:00,0,0,0,0,0,28,28,100,0.7,99.5,1.1,97.6,95.8,0
2020/8/29 4:00,0,0,0,0,2.6,48.9,48.9,96.5,0.6,96.1,0.8,94.4,92.7,0
2020/8/29 5:00,54.9,80361.4,24.3,25.697,24.8,59.8,59.8,93.8,0.8,93.6,1.2,92.4,91.2,0.223137495
2020/8/29 6:00,165.6,385968,61.1,86.153,34.1,46.6,46.6,90.5,0.8,90.5,1.2,90.3,89.9,0.7805625
2020/8/29 7:00,293.1,825278.5,81.1,147.349,17.5,73.1,73.1,85.3,0.7,85.4,1,86.2,86.9,1.4397750150000002
2020/8/29 8:00,413,1275760.5,118.4,210.944,23.6,63.1,63.1,79.3,0.1,79.9,0.2,82.4,85.4,2.1807374999999998
2020/8/29 9:00,511.4,1671828.7,159.1,286.855,26,58.7,58.7,74.3,0.5,74.6,0.7,76,77.7,2.581299975
2020/8/29 10:00,579.2,1973169.3,234.7,359.259,29.7,53.4,53.4,70.9,0.7,71.2,1,72.5,74.1,3.125187525
2020/8/29 11:00,610.8,2153367.4,328.4,422.384,38.3,39.2,39.2,67.5,0.8,67.7,1.1,68.9,70.4,3.9479751
2020/8/29 12:00,603.6,2197593.7,352,463.004,43.7,32.9,32.9,64,1.1,64.3,1.6,65.4,66.9,3.3401874749999996
2020/8/29 13:00,558.2,2102285.5,330.9,458.682,51.9,23.6,23.6,61.5,0.9,61.6,1.3,62.3,63.2,3.19729995
2020/8/29 14:00,478.3,1875142.6,250.9,401.846,47.9,31.6,31.6,60.6,0.8,60.6,1.2,60.7,61.3,6.7412500500000005
2020/8/29 15:00,370.7,1535171.8,158.9,310.197,38.4,47.2,47.2,62.3,1.5,62.3,2.2,62.7,63.7,4.2270375
2020/8/29 16:00,246.1,1113413.9,104,218.299,42.3,45.2,45.2,67.4,2.7,67.5,3.8,68.1,69.2,0.8393874899999999
2020/8/29 17:00,120.8,657190.8,46.5,133.484,30.4,70.9,70.9,71.5,2.5,71.6,3.6,72,72.8,0.17839999499999998
2020/8/29 18:00,27.3,249632.6,6.6,55.023,10.6,95,95,74.9,2.6,74.8,3.7,74.5,74.7,0.016687499999999984
2020/8/29 19:00,0,27205.5,0,9.879,18.6,76.9,76.9,79.7,2.3,79.7,3.2,80,80.8,0
2020/8/29 20:00,0,0,0,0,0,78.5,78.5,81.4,2.1,81.3,3,81.3,81.9,0
2020/8/29 21:00,0,0,0,0,0,90.4,90.4,80.3,1.9,80.2,2.7,80,80.3,0
2020/8/29 22:00,0,0,0,0,0,99.2,99.2,78.8,1.5,78.7,2.1,78.3,78.5,0
2020/8/29 23:00,0,0,0,0,0,100,100,79.9,1.1,79.8,1.6,79.4,79.5,0
2020/8/30 0:00,0,0,0,0,0,93.6,93.6,83.8,0.8,83.7,1.2,83.4,83.5,0
2020/8/30 1:00,0,0,0,0,0,99.7,99.6,86.4,1.1,86.1,1.5,85,84.2,0
2020/8/30 2:00,0,0,0,0,0,99.6,99.1,88.3,1.4,88.1,2,87.3,86.8,0
2020/8/30 3:00,0,0,0,0,0,95.7,87.3,88.8,1.6,88.8,2.3,89.2,89.9,0
2020/8/30 4:00,0,0,0,0,0.6,97.1,90.6,90.2,1.8,90.1,2.6,90.1,90.4,0.03204998999999999
2020/8/30 5:00,51.2,71852.3,3,11.098,4.7,99.7,98.3,89.8,1.8,89.7,2.5,89.5,89.6,0.124924995
2020/8/30 6:00,160.4,369325.6,6.2,38.421,0.5,100,99.9,89.1,1.8,89.1,2.6,89.2,89.5,0.3867375
2020/8/30 7:00,287.5,805589,12.1,68.183,3.3,97.6,97.3,86.8,1.7,86.7,2.4,86.3,86.1,0.58591251
2020/8/30 8:00,407.2,1255163.4,21.4,104.029,5.7,95.7,94.6,85.3,1.8,85.1,2.6,84.3,83.9,1.583762505
2020/8/30 9:00,505.5,1650806.2,83.7,183.616,30.7,77.9,72.1,80.6,3,80.6,4.2,81.1,81.6,2.526612525
2020/8/30 10:00,573.2,1951742.2,190.5,296.963,40.1,57.9,55.2,76.8,2.7,76.7,3.9,77,77.8,6.0215499
2020/8/30 11:00,604.6,2131416,237.4,367.802,34.1,65.4,64,70.8,2.2,70.9,3.2,71.8,73.4,8.4752373
2020/8/30 12:00,597.2,2174975.4,242.4,388.289,34.1,61.3,60.7,70,2.8,69.9,4,70.4,71.8,10.573725
2020/8/30 13:00,551.6,2078898.1,273.9,402.249,40.3,49.8,49.8,66.2,3.1,65.9,4.4,65.5,66.1,7.320137549999999
2020/8/30 14:00,471.5,1850977.7,246.6,379.401,39.3,56.2,56.2,62.3,3.2,62,4.6,61.7,62.7,6.541199999999999
2020/8/30 15:00,363.8,1510393.1,171.2,300.055,42.7,49.2,49.2,62.6,3,62.2,4.3,61.4,62.3,4.33722495
2020/8/30 16:00,239.3,1088538.8,109.8,212.903,44.9,41.1,41.1,63.7,2.7,63.3,3.9,62.3,63.1,1.281675
2020/8/30 17:00,114.8,633690.3,51.8,133.503,47.1,34.7,34.7,67.5,2.3,67.2,3.3,66.4,67.2,0.307399995
2020/8/30 18:00,24.2,232218.2,8.5,56.9,46.2,36,36,74.6,2.1,74.2,3,73,73.1,0.065387505
2020/8/30 19:00,0,21883.2,0,10.398,30.6,41.3,41.3,82.8,2,82.4,2.8,81.4,81.1,0
2020/8/30 20:00,0,0,0,0,0,47.2,47.2,88.5,1.6,88.1,2.4,87,86.4,0
2020/8/30 21:00,0,0,0,0,0,46.3,46.3,91.2,1.5,90.9,2.2,89.7,89.1,0
2020/8/30 22:00,0,0,0,0,0,59.2,59.2,91.9,1.3,91.3,1.8,89.6,88.7,0
2020/8/30 23:00,0,0,0,0,0,63.3,63.3,91.4,1.1,91,1.6,89.4,88.3,0
2020/8/31 0:00,0,0,0,0,0,63.7,63.7,90.8,0.8,90.2,1.2,88.4,87.2,0
2020/8/31 1:00,0,0,0,0,0,26.7,26.7,92.3,1,91.5,1.4,88.7,86.8,0
2020/8/31 2:00,0,0,0,0,0,19.1,19.1,94.2,1,93,1.5,89,86.3,0
2020/8/31 3:00,0,0,0,0,0,13.2,13.2,94.4,1,93,1.4,88.4,85.2,0
2020/8/31 4:00,0,0,0,0,0,11.5,11.5,93.4,1.1,91.9,1.6,86.9,83.3,0.0630375
2020/8/31 5:00,47.6,63550.5,27,25.576,48.5,17.9,17.9,91.3,1.2,89.9,1.7,85.3,82.1,0.6690249899999999
2020/8/31 6:00,155.1,352826.3,89.6,98.054,46.8,66.3,44.4,85.3,1.1,84.6,1.6,82.2,80.2,3.4701999750000003
2020/8/31 7:00,281.8,785824.7,154.7,191.647,47.7,89.4,55.1,80,1,80.1,1.5,80.4,80.3,5.81102505
2020/8/31 8:00,401.4,1234413.5,216.5,286.249,49.3,88.2,53.1,71.1,1,71.1,1.4,71.4,71.8,7.722537599999999
2020/8/31 9:00,499.5,1629588.6,274.2,371.908,41,32.2,32.1,59.9,0.5,59.8,0.6,59.5,60.1,9.1364001
2020/8/31 10:00,567.1,1930090.2,295.6,428.328,23.3,68.7,64.9,55.4,0.2,55.3,0.2,55,55.5,8.2222749
2020/8/31 11:00,598.3,2109217.2,295.8,458.565,24.4,59.4,59.4,52.6,0.2,52.5,0.2,52.2,52.7,10.8083502
2020/8/31 12:00,590.7,2152093.8,302.4,475.079,22.2,63.1,63.1,50.4,0.3,50.4,0.4,50.1,50.5,10.3257501
2020/8/31 13:00,544.9,2055239.1,317.7,468.228,43.8,27,27,50.7,0.1,50.7,0.2,50.6,51.2,9.032924999999999
2020/8/31 14:00,464.6,1826543.4,293.5,425.525,38.9,35.1,35.1,50.8,0.5,50.7,0.8,50.5,50.9,7.145537549999999
2020/8/31 15:00,356.8,1485363.6,244.1,358.629,49.8,17,17,52,0.8,51.9,1.2,51.6,52,4.3926249
2020/8/31 16:00,232.4,1063465.8,172.6,276.587,56.3,6.2,6.2,53.3,0.5,53.1,0.7,52.3,52.3,1.8068749949999996
2020/8/31 17:00,108.8,610145.1,74.8,173.662,57.5,4.1,4.1,61.1,0.4,60.2,0.6,57.2,55.7,0.401712495
2020/8/31 18:00,21.2,215227.7,10.6,69.968,59.5,0.9,0.9,68.7,0.9,67.1,1.3,61.9,59.2,0.020362485
2020/8/31 19:00,0,17616,0,11.574,36.9,0.3,0.3,72.4,0.9,71.1,1.4,66.8,64.5,0
2020/8/31 20:00,0,0,0,0,0,4.3,2.1,74.7,0.4,73.8,0.6,70.8,69.1,0
2020/8/31 21:00,0,0,0,0,0,1.3,0.6,85.8,0.5,83.5,0.7,76.2,72.1,0
2020/8/31 22:00,0,0,0,0,0,0,0,91.3,0.6,88.3,0.9,78.8,73.3,0
2020/8/31 23:00,0,0,0,0,0,8.8,4.4,97.4,0.7,93.8,1,82.2,75.5,0
2020/9/1 0:00,0,0,0,0,0,55.3,39.2,98.9,0.9,95.3,1.4,84,77.2,0
2020/9/1 1:00,0,0,0,0,0,71.5,40.4,100,1,97.9,1.5,91,86.1,0
2020/9/1 2:00,0,0,0,0,0,50.3,34.7,100,0.9,99.3,1.3,93.1,88.3,0
2020/9/1 3:00,0,0,0,0,0,91.5,66.6,98.4,1,96.5,1.4,90.5,85.7,0
2020/9/1 4:00,0,0,0,0,0,95.9,70.6,95.5,0.9,93.6,1.3,87.4,82.4,0.052437494999999994
2020/9/1 5:00,44.1,55449.7,21.6,23.395,45.7,86.8,52.6,92.6,1,91,1.4,85.4,80.5,0.65116251
2020/9/1 6:00,149.9,336491,81.4,95.121,51.6,94.8,54.4,85.2,0.9,84.7,1.2,82.8,79.6,2.662950075
2020/9/1 7:00,276.1,765994.2,153.6,193.696,55,97.8,53,78.2,0.8,78.4,1.2,78.9,77.5,5.64251265
2020/9/1 8:00,395.5,1213515.6,253.9,299.328,59.9,97.1,48.6,72,0.7,72.2,1,72.9,71.9,7.7923748999999995
2020/9/1 9:00,493.5,1608179.7,349.5,401.276,60,89.2,44.6,67.4,0.7,67.6,1.1,68.1,67.1,9.289012799999998
2020/9/1 10:00,560.9,1908216.9,416.9,480.03,60,89.6,44.8,62.9,0.8,63,1.1,63.5,62.6,10.184799899999998
2020/9/1 11:00,592,2086774.8,435.6,524.609,60,91.6,45.8,59.8,1,59.9,1.4,59.9,59.2,10.4002251
2020/9/1 12:00,584.2,2128953.3,446.4,536.171,60,78.4,39.2,57.4,1.1,57.3,1.6,57.1,56.3,9.9882873
2020/9/1 13:00,538.1,2031314,417.6,516.387,60,77.6,38.8,59.3,1.1,58.3,1.6,54.8,52.1,8.913987599999999
2020/9/1 14:00,457.6,1801846.5,350.5,461.999,60,76.5,38.2,57.2,1.2,55.8,1.7,51.1,48,7.191224850000001
2020/9/1 15:00,349.7,1460092.2,269.1,380.52,60,39,19.5,54.4,1.1,53,1.6,48.2,45.4,4.92421245
2020/9/1 16:00,225.5,1038207.3,168.2,279.526,60,40.1,20.1,53.9,1,52.6,1.5,48.2,45.5,2.290674975
2020/9/1 17:00,102.8,586579.5,68,167.597,60,57,28.5,63.8,1.5,61.9,2.2,55.5,51.2,0.374712495
2020/9/1 18:00,18.3,198699.1,7.5,65.085,60,69,34.5,75.4,1.9,73.7,2.7,68.1,63.6,0.01539546
2020/9/1 19:00,0,13585.3,0,9.778,33,50,25,89.7,2,88.3,2.9,83.6,78.7,0
2020/9/1 20:00,0,0,0,0,0,26.8,13.4,95.2,1.5,94,2.1,89.9,85,0
2020/9/1 21:00,0,0,0,0,0,8.8,4.4,98.1,1.3,97,1.8,93.3,88.5,0
2020/9/1 22:00,0,0,0,0,0,2,1.2,100,1.1,99.3,1.5,95.4,90.9,0
2020/9/1 23:00,0,0,0,0,0,26.7,26.7,100,0.9,99.2,1.3,95.1,90.6,0
2020/9/2 0:00,0,0,0,0,0,35.7,29.2,100,0.7,99.3,1.1,96.1,92.1,0
2020/9/2 1:00,0,0,0,0,0,42.7,40.8,100,0.9,100,1.3,99.1,96.4,0
2020/9/2 2:00,0,0,0,0,0,60.5,59.7,100,0.8,100,1.2,100,97.7,0
2020/9/2 3:00,0,0,0,0,0,82.9,82.9,100,0.7,100,1.1,99.6,97.3,0
2020/9/2 4:00,0,0,0,0,0,88.5,88.5,97.5,0.9,97.3,1.3,96.9,94.8,0.042775005
2020/9/2 5:00,40.7,47547,9.6,15.865,6,88.9,88.9,96.5,1.1,96.4,1.5,96,93.7,0.571649985
2020/9/2 6:00,144.7,320341.3,45.6,69.13,23.5,60.9,60.9,92.2,1.1,92.2,1.5,92.5,90.6,1.860237495
2020/9/2 7:00,270.4,746106.3,125.5,158.467,29.9,50.7,50.7,84.8,1.1,85,1.6,86,84.9,5.492037600000001
2020/9/2 8:00,389.6,1192474.9,238.1,269.421,47.9,21.4,21.4,76.1,1.1,76.3,1.6,76.8,75.9,7.684574699999999
2020/9/2 9:00,487.4,1586583.4,348.7,380.941,56.8,8.5,8.5,69.3,1.2,69.4,1.7,69.7,68.9,9.1730001
2020/9/2 10:00,554.7,1886126.1,425.4,468.797,58.2,4.9,4.9,65.3,1.4,65.3,2,65.3,64.5,10.025762699999998
2020/9/2 11:00,585.6,2064093,459.1,520.075,59.5,1.1,1.1,63.7,1.6,63.4,2.3,62.1,61,10.263662400000001
2020/9/2 12:00,577.6,2105558.8,456.1,533.771,60,0,0,61.9,1.9,61.3,2.8,59.2,57.9,9.7729749
2020/9/2 13:00,531.3,2007128.6,420.1,512.021,59.8,0.4,0.3,60.5,1.9,59.6,2.8,56.6,55.1,8.7578751
2020/9/2 14:00,450.6,1776894.1,355.2,457.903,60,0,0,59.8,2,58.7,2.9,55.1,53.1,7.1000124
2020/9/2 15:00,342.6,1434587.8,267.1,376.529,60,0.3,0.1,61.1,1.8,59.7,2.5,54.9,51.8,4.849575
2020/9/2 16:00,218.6,1012776.4,167.4,275.4,60,0,0,64.9,1.8,63.1,2.6,56.9,52.5,2.222337525
2020/9/2 17:00,96.9,563019,70.2,164.576,60,0,0,61.8,2.2,60.2,3.1,54.2,50.3,0.33638751
2020/9/2 18:00,15.6,182664.4,8,62.906,60,0,0,59.4,2.7,58,3.9,53,49.7,0.010845
2020/9/2 19:00,0,9564,0,8.853,30,0,0,56.8,3,55.6,4.3,50.8,47.5,0
2020/9/2 20:00,0,0,0,0,0,0,0,58.5,3.2,57.4,4.5,53,49.9,0
2020/9/2 21:00,0,0,0,0,0,0,0,58.5,3.4,57.4,4.8,53.3,50.6,0
2020/9/2 22:00,0,0,0,0,0,0,0,60.7,3.3,59.8,4.7,56.5,54.5,0
2020/9/2 23:00,0,0,0,0,0,0,0,63.5,2.8,62.7,4.1,59.7,57.7,0
2020/9/3 0:00,0,0,0,0,0,0,0,65.3,2.7,64.4,3.9,61.6,59.7,0
2020/9/3 1:00,0,0,0,0,0,0,0,67.7,2.6,67.1,3.7,65,63.6,0
2020/9/3 2:00,0,0,0,0,0,0,0,69.9,2.4,69.5,3.5,67.8,66.8,0
2020/9/3 3:00,0,0,0,0,0,0,0,70.6,2.4,70.2,3.4,68.6,67.8,0
2020/9/3 4:00,0,0,0,0,0,0,0,69.9,2.1,69.4,2.9,68,67.1,0.03377499
2020/9/3 5:00,37.4,42481.4,23.5,21.461,51,0,0,68.3,2.1,67.9,3,66.2,65,0.500749995
2020/9/3 6:00,139.5,304399.8,104.4,96.074,60,0,0,64.3,2.3,63.7,3.3,61.6,60.1,2.8939125000000003
2020/9/3 7:00,264.6,726170.1,208.3,206.885,60,0,0,57.2,3,56.6,4.3,54.7,53.3,5.6664876
2020/9/3 8:00,383.6,1171296.7,308.5,318.093,60,0,0,54.8,3.2,54.4,4.6,53,52.4,7.9917501
2020/9/3 9:00,481.3,1564804,391.3,415.344,60,0,0,51.3,3.3,50.8,4.8,49.3,48.8,9.5792502
2020/9/3 10:00,548.4,1863821.9,448.8,489.141,60,0,0,47.2,3.2,46.5,4.5,44.4,43.5,10.531812599999999
2020/9/3 11:00,579.2,2041176.1,472.3,532.734,59.6,26,13.3,45.2,3.2,44.4,4.6,41.9,40.6,7.984387499999999
2020/9/3 12:00,570.9,2081915.2,426.7,535.9,59.3,55.5,28.3,44.2,3.4,43.3,4.8,40.6,39.2,6.72595005
2020/9/3 13:00,524.4,1982688.7,372.4,502.259,60,93.8,46.9,43.1,3.2,42.1,4.7,38.8,37,6.5449125
2020/9/3 14:00,443.5,1751693.5,339.6,449.829,60,73.2,36.6,44.6,3.2,43.6,4.6,40.4,38.7,3.48773745
2020/9/3 15:00,335.5,1408860,267,375.649,60,32.9,16.5,48.3,2.8,47.1,4,43.3,41.1,1.8806749799999998
2020/9/3 16:00,211.6,987187,165.8,274.613,60,6,3,52.5,2.4,51.2,3.5,46.8,44,0.62740002
2020/9/3 17:00,91.1,539490.8,66.5,160.891,60,8.4,4.2,56.3,2.3,54.7,3.3,49.4,46.1,0.168424995
2020/9/3 18:00,13,167146.8,6.3,59.523,59.8,18.1,9.2,57.5,2.3,56,3.4,50.9,47.7,0
2020/9/3 19:00,0,5540.6,0,7.949,26,72.9,36.4,64.5,1.7,62.8,2.4,56.7,52.6,0
2020/9/3 20:00,0,0,0,0,0,99.9,50.2,64.3,2,63,2.8,58.8,56,0
2020/9/3 21:00,0,0,0,0,0,100,59.5,63.5,2.4,62.6,3.4,59.6,57.9,0
2020/9/3 22:00,0,0,0,0,0,100,78.6,64.2,2.7,63.4,3.8,60.8,59.4,0
2020/9/3 23:00,0,0,0,0,0,100,99.5,63.8,2.9,63.2,4.1,61,59.8,0
2020/9/4 0:00,0,0,0,0,0,100,100,63.8,2.7,63.2,3.9,61.2,60.3,0
2020/9/4 1:00,0,0,0,0,0,100,100,73.6,2.2,73.2,3.1,72.1,71.5,0
2020/9/4 2:00,0,0,0,0,0,100,100,82.6,1.9,82.1,2.7,80.2,78.6,0
2020/9/4 3:00,0,0,0,0,0,100,100,93.4,1.3,92.1,1.9,87.3,83.5,0
2020/9/4 4:00,0,0,0,0,0,100,100,90.6,1.1,89.7,1.6,86.4,83.5,0.013555004999999998
2020/9/4 5:00,34.3,37587.8,2.5,7.697,9.6,82.1,82.1,88.5,1,87.7,1.4,84.6,81.8,0.28700000999999997
2020/9/4 6:00,134.3,288689.2,16.2,35.998,24.1,69.4,69.4,87.4,0.8,86.6,1.2,83.7,81,1.0207875
2020/9/4 7:00,258.8,706195.3,27.4,69.808,2.6,96.2,96.2,88.1,0.9,87.6,1.3,85.4,83.4,2.1079125
2020/9/4 8:00,377.6,1149986.3,56.8,110.77,12.5,82.8,82.7,87.3,0.5,87.1,0.8,86.1,84.9,2.6162374500000003
2020/9/4 9:00,475.1,1542845.7,130.5,193.492,26.5,67.4,65.2,82.4,0.3,82.6,0.4,83.4,83.9,4.1287125
2020/9/4 10:00,542.1,1841308.2,197.6,291.819,33.3,72,64.8,81,0.4,81.2,0.5,82.1,83,8.8749249
2020/9/4 11:00,572.6,2018028.5,236.2,352.117,45.5,49.2,45.3,78.1,0.9,78.1,1.4,78.1,78.6,10.1774499
2020/9/4 12:00,564.2,2058027.6,210.3,361.834,51.6,36.5,29.8,74.7,1.3,74.7,1.8,75.1,75.8,7.2684
2020/9/4 13:00,517.4,1958000.6,241.5,362.953,43.9,56.3,49.8,76.1,1.5,76.1,2.1,76.3,76.8,1.3631874899999998
2020/9/4 14:00,436.4,1726252.2,269.5,367.172,51.4,35.1,30.4,74.6,1,74.5,1.5,74.6,75.2,1.00149999
2020/9/4 15:00,328.2,1382918.4,158.1,301.81,37.3,74.9,58.2,76.6,0.9,76.4,1.3,76,76.4,0.7567124999999999
2020/9/4 16:00,204.6,961453.1,43.9,172.76,13.2,97.8,90.2,88.7,0.7,88.7,1,88.5,88.3,0.6797874899999999
2020/9/4 17:00,85.3,516023.7,7.1,71.052,19,85.3,77.4,91.2,0.8,90.4,1.2,86.9,83.7,0.018824999999999998
2020/9/4 18:00,10.4,152159.9,0.7,21.282,12.7,91.4,86.1,94.2,1.1,93.6,1.6,91.2,89.1,0
2020/9/4 19:00,0,2902.1,0,2.706,0.7,99.8,99.3,97,1.1,95.8,1.6,91.3,87.3,0
2020/9/4 20:00,0,0,0,0,0,99.8,98.3,99.9,0.5,98.9,0.8,94.9,91.4,0
2020/9/4 21:00,0,0,0,0,0,98.8,89.4,100,0.4,98.6,0.5,93.1,88.3,0
2020/9/4 22:00,0,0,0,0,0,98.4,93.1,100,0.9,99,1.3,94.3,90.2,0
2020/9/4 23:00,0,0,0,0,0,99.5,96.8,100,1.2,99.6,1.7,97.3,95.3,0
2020/9/5 0:00,0,0,0,0,0,96.5,85.3,99.7,0.5,99,0.7,96.2,93.7,0
2020/9/5 1:00,0,0,0,0,0,99.9,99.4,96.8,1.1,95.7,1.6,91.8,88.4,0
2020/9/5 2:00,0,0,0,0,0,100,99.6,98.2,1.2,96.7,1.7,91.1,86.3,0
2020/9/5 3:00,0,0,0,0,0,100,99.5,97.9,1.1,96.4,1.6,90.6,85.8,0
2020/9/5 4:00,0,0,0,0,0,100,99.3,96.3,1.1,95,1.6,89.8,85.6,0.005481809999999999
2020/9/5 5:00,31.3,32844.8,0.1,4.875,1,100,98.9,94.2,1.2,92.9,1.7,88.2,84.4,0.254224995
2020/9/5 6:00,129.1,273232.9,3.3,27.797,5.6,99.8,95.2,90.1,1.2,89.2,1.7,85.7,82.6,1.048675005
2020/9/5 7:00,253,686191.9,8.5,72.013,6.5,99.7,94.4,87.5,1.2,86.1,1.8,80.5,75.4,4.3276875
2020/9/5 8:00,371.5,1128549.6,22.4,134.007,8.5,97.7,92,84.3,0.9,82.9,1.3,77.1,71.8,3.6341249999999996
2020/9/5 9:00,468.9,1520713,77.4,208.472,12.5,98.3,90.7,81.1,0.3,79.9,0.5,75.2,70.8,7.3783749
2020/9/5 10:00,535.7,1818589.5,87.2,246.946,20.2,98.9,89.7,77.9,0.8,77.8,1.1,77.6,77.3,6.8134125
2020/9/5 11:00,566,1994654.8,81,245.252,10.4,99.6,94.4,77.4,1.7,77.7,2.5,78.9,79.9,7.65743745
2020/9/5 12:00,557.4,2033901.3,62.2,233.526,5.2,99.7,96.3,78.2,1.2,78.4,1.8,79.1,79.9,7.5278877
2020/9/5 13:00,510.4,1933070.6,33.3,219.842,10.3,99.2,91.6,79.9,1.1,79.9,1.6,80.1,80.2,3.635349975
2020/9/5 14:00,429.1,1700578.2,47.6,220.875,13,99.3,90.6,79,0.6,79.3,0.8,80.5,81.5,1.107025005
2020/9/5 15:00,321,1356773.1,21.2,181.03,13.9,99.7,90.7,78.8,0.2,79.2,0.4,80.8,82.3,0.76030002
2020/9/5 16:00,197.6,935589.7,7.1,110.285,15.5,99.4,89.9,84.4,0.6,84.6,0.8,85.4,86,0.27203751
2020/9/5 17:00,79.6,492648.3,6.8,66.859,30.2,98,78.6,87.9,0.6,87.9,0.8,87.4,86.9,0.15164999999999998
2020/9/5 18:00,7.8,137706.7,0.4,27.795,29.3,97.9,81.2,90.7,0.6,90.4,0.8,89.3,88.2,0
2020/9/5 19:00,0,2175.1,0,2.888,6.9,98.6,84,93.2,0.7,92.5,1,89.6,87,0
2020/9/5 20:00,0,0,0,0,0,99.7,93.5,97.8,0.8,96.9,1.1,93.3,90.2,0
2020/9/5 21:00,0,0,0,0,0,99.9,98.4,97.6,0.6,96.7,0.8,93.3,90.2,0
2020/9/5 22:00,0,0,0,0,0,99.9,98.8,94.2,0.5,93.6,0.7,91.1,89,0
2020/9/5 23:00,0,0,0,0,0,99.9,98.8,97.1,0.6,96.3,0.9,93.2,90.6,0
2020/9/6 0:00,0,0,0,0,0,99.9,99.2,97.4,0.8,96.5,1.1,93.3,90.6,0
2020/9/6 1:00,0,0,0,0,0,98.7,89,92,0.7,91.3,1,89,87.2,0
2020/9/6 2:00,0,0,0,0,0,98.1,79.3,92.9,1,92.5,1.4,91.4,90.6,0
2020/9/6 3:00,0,0,0,0,0,99.6,92.7,96,0.6,95.6,0.8,94.5,93.9,0
2020/9/6 4:00,0,0,0,0,0,100,98.8,95.8,0.8,95.5,1.2,94.5,93.9,0.0008863649999999999
2020/9/6 5:00,28.4,28226.5,0.3,4.756,0.7,100,99.6,95.9,0.4,95.4,0.6,93.7,92.7,0.12871250999999997
2020/9/6 6:00,124,258053.9,7.8,30.094,1.4,100,99.2,96.5,0.3,96,0.5,94.3,93,0.477012495
2020/9/6 7:00,247.2,666170.4,29.9,80.94,9.4,98.9,97,96.9,0.6,96.6,0.8,95.4,94.4,1.42785
2020/9/6 8:00,365.4,1106992.2,60.5,134.436,7.7,98.3,97,95.5,0.5,95.2,0.7,93.9,92.5,2.0107125
2020/9/6 9:00,462.6,1498410.6,73.8,178.378,6.8,99,96,88.1,0.3,88.2,0.4,88.3,87.9,2.436800025
2020/9/6 10:00,529.3,1795670.1,62.4,206.073,9.1,99.4,95.4,85.7,0.4,85.9,0.6,86.6,86.9,6.842175
2020/9/6 11:00,559.4,1971059.8,48.6,209.286,2.2,99.9,98.7,84.9,0.2,84.8,0.3,84.4,83.7,9.332724899999999
2020/9/6 12:00,550.5,2009542,122.1,240.903,8.8,94.3,91.6,78.8,0.3,78.6,0.5,78,77.3,9.0299625
2020/9/6 13:00,503.3,1907905.4,204.2,305.45,40.7,54,49.4,65.4,1.7,65.6,2.5,66.5,67.7,8.649524999999999
2020/9/6 14:00,421.9,1674679.4,209.6,321.327,42.1,61.5,54.1,63.3,2.1,63.3,3.1,63.6,64.5,5.52047505
2020/9/6 15:00,313.6,1330434.5,161.7,274.118,42.6,60.2,52.5,64.7,2.3,64.7,3.3,65.1,66.1,2.333787525
2020/9/6 16:00,190.6,909612.2,86.3,192.865,42.8,67.2,54.5,68.8,2,68.9,2.8,69.5,70.6,1.96641255
2020/9/6 17:00,74,469397.1,33.4,105.77,49.7,40.9,34.4,74,1.6,73.9,2.3,74.2,75,0.212462505
2020/9/6 18:00,5.2,123778.9,1.3,35.011,50.5,24,24,81.6,1.2,81.2,1.7,79.8,79.5,0
2020/9/6 19:00,0,1444.3,0,2.012,12.8,31.7,31.7,85.5,1.3,85.2,1.9,84.3,84.2,0
2020/9/6 20:00,0,0,0,0,0,32.1,32.1,90.9,1.3,90.5,1.9,89.2,88.8,0
2020/9/6 21:00,0,0,0,0,0,35.9,35.9,93.6,1.4,93.2,2.1,92.1,91.4,0
2020/9/6 22:00,0,0,0,0,0,36.5,36.5,95.9,1.5,95.6,2.2,94.3,93.1,0
2020/9/6 23:00,0,0,0,0,0,34.6,34.6,98,1.4,97.6,2.1,95.8,94.2,0
2020/9/7 0:00,0,0,0,0,0,31.9,31.9,99.1,1.4,98.7,2.1,96.6,94.5,0
2020/9/7 1:00,0,0,0,0,0,21.6,21.6,99.2,1.7,98.9,2.4,97.2,95.6,0
2020/9/7 2:00,0,0,0,0,0,36.3,36.3,99.1,1.6,98.8,2.3,97.1,95.4,0
2020/9/7 3:00,0,0,0,0,0,43.6,43.6,98.3,1.5,97.9,2.2,96,94.2,0
2020/9/7 4:00,0,0,0,0,0,38.2,38,95.2,1.4,94.7,2,92.6,90.3,0.02374092
2020/9/7 5:00,25.7,23702.4,10.5,12.453,30.8,36.2,36.2,92.6,1.3,92.1,1.9,89.6,87,0.573287475
2020/9/7 6:00,118.8,243175.1,67.8,69.341,48.4,32,32,87.5,1.2,87,1.7,84.8,82.1,0.912649995
2020/9/7 7:00,241.3,646142,147.4,165.279,49.6,53.8,41.4,79.3,1.5,78.9,2.2,77.2,75.2,3.741387525
2020/9/7 8:00,359.2,1085320.4,204.5,261.978,56.1,93.5,50.1,72.4,1.9,72,2.7,70.2,68,5.940275099999999
2020/9/7 9:00,456.3,1475943.2,208,336.285,60,97.1,48.5,63.4,1.9,63,2.8,61.5,59.8,4.8565498499999995
2020/9/7 10:00,522.7,1772554.8,152.8,368.013,59.3,100,50.6,56.3,1.9,56.3,2.7,56.2,56.4,3.370412475
2020/9/7 11:00,552.7,1947248.7,164.2,383.687,36.6,99.5,69.3,53.5,2.2,53.1,3.1,51.7,51.2,3.7423999500000003
2020/9/7 12:00,543.5,1984955.4,108.9,342.175,17.9,99.4,84.7,52.2,2.2,51.5,3.2,49.1,47.9,1.7834499750000001
2020/9/7 13:00,496.2,1882511.8,2.3,202.68,1.4,100,98.8,63.4,1.4,62.1,2,57.5,54.2,0.7504125300000001
2020/9/7 14:00,414.5,1648564.3,1.9,107.228,0.5,100,99.6,64.9,1.3,63.3,1.8,57.6,53.7,0.36465191999999996
2020/9/7 15:00,306.3,1303913.4,1.2,79.995,0,100,100,63.5,1.3,62,1.8,56.6,53.2,0.14860226999999998
2020/9/7 16:00,183.6,883536.7,0.5,47.109,7.7,99.8,93.5,68.4,1.2,67.2,1.7,63.1,60.3,0.042224984999999986
2020/9/7 17:00,68.6,446304.3,0.2,21.334,0,100,100,74.9,1.4,74.2,1.9,71.5,69.3,0.0005999849999999999
2020/9/7 18:00,2.5,110354.5,0,5.962,0,100,100,89.4,2.8,87.8,4,82,77.6,0
2020/9/7 19:00,0,708.9,0,0.092,0,99.8,99.8,88.8,2.7,87.6,3.8,83.1,79.2,0
2020/9/7 20:00,0,0,0,0,0,81.9,79.8,87.8,2.7,86.8,3.8,82.8,79.4,0
2020/9/7 21:00,0,0,0,0,0,86.2,86.2,83.6,2,82.6,2.8,79.1,76.1,0
2020/9/7 22:00,0,0,0,0,0,87.4,87.3,83.1,1.9,82.1,2.7,78.3,75.2,0
2020/9/7 23:00,0,0,0,0,0,99.6,99.6,84.9,1.9,83.8,2.7,79.5,75.8,0
2020/9/8 0:00,0,0,0,0,0,70.9,70.3,88.7,1.7,87.8,2.4,84.1,80.8,0
2020/9/8 1:00,0,0,0,0,0,84,83.9,89.3,1.8,89.1,2.6,88.2,87.5,0
2020/9/8 2:00,0,0,0,0,0,62.4,55.2,89.7,1.9,89.6,2.8,89.1,88.7,0
2020/9/8 3:00,0,0,0,0,0,91.9,89.2,90.7,1.7,90.2,2.5,88.3,86.7,0
2020/9/8 4:00,0,0,0,0,0,97.6,96.7,89.1,1.6,88.2,2.4,84.8,81.7,0.0189
2020/9/8 5:00,23.1,19818.9,0.6,4.152,4.1,99.2,98.9,91.9,2.7,90.5,3.8,85.4,81.2,0.153599985
2020/9/8 6:00,113.8,228618.3,8.1,23.086,28.5,86.2,81.1,88.2,3,87.8,4.3,86.3,84.9,0.376799985
2020/9/8 7:00,235.4,626118.1,17.7,62.835,19.7,95.2,92.1,86.1,2.4,86,3.5,85.4,84.7,0.28528123499999997
2020/9/8 8:00,353.1,1063540.5,4.9,84.343,0.1,100,100,90.5,2.5,89.6,3.7,86.4,83.9,1.6484250150000002
2020/9/8 9:00,449.9,1453315.8,9.8,96.625,15.5,93.2,91.8,85.7,2.6,85.2,3.7,83.2,81.3,1.8063374849999996
2020/9/8 10:00,516.2,1749248.2,64.6,170.296,16.5,93.6,91.5,83.7,2.6,83.5,3.7,82.6,81.8,3.461175
2020/9/8 11:00,545.9,1923226.6,155,277.035,36.1,68.2,59.7,75.9,2.6,76.1,3.7,76.5,76.9,3.560887575
2020/9/8 12:00,536.5,1960147.5,225.5,343.252,29.5,69.1,61.6,70.7,3.3,70.8,4.7,71.4,72.2,2.7690374250000005
2020/9/8 13:00,488.9,1856897,219.3,342.065,22.7,82.2,81.5,74,2.5,74.2,3.6,74.9,75.9,2.9118750749999998
2020/9/8 14:00,407.1,1622241.5,164.5,286.732,25.1,73.5,71.3,71.1,3.7,71,5.3,70.7,70.7,1.1617875
2020/9/8 15:00,298.9,1277220.9,123.5,221.79,30.3,60.5,60.5,70.4,3.3,70.3,4.8,70.3,70.6,3.85725015
2020/9/8 16:00,176.5,857380,66,155.022,27.2,67.2,67.2,72.8,3.2,72.6,4.5,72.2,72.2,1.3607999999999998
2020/9/8 17:00,63.3,423406.4,20.4,80.651,28.8,62.5,62.5,75.8,2.8,75.7,4,75.4,75.6,0.10875001499999999
2020/9/8 18:00,0,97429.2,0,22.424,28.8,61.4,61.4,79.8,2.6,79.7,3.8,79.3,79.2,0
2020/9/8 19:00,0,0,0,0,0.6,97,97,88.6,2.1,88.6,3,88.5,88.5,0
2020/9/8 20:00,0,0,0,0,0,77.5,77.5,90.7,2.4,90.6,3.4,90.2,89.9,0
2020/9/8 21:00,0,0,0,0,0,63.3,63.3,88,2.5,87.8,3.6,87,86.4,0
2020/9/8 22:00,0,0,0,0,0,67.8,67.8,86.9,2.2,86.6,3.2,85.3,84.3,0
2020/9/8 23:00,0,0,0,0,0,77.1,77.1,85.8,2,85.4,2.8,83.8,82.4,0
2020/9/9 0:00,0,0,0,0,0,74.4,74.4,86.1,2,85.6,2.8,83.9,82.4,0
2020/9/9 1:00,0,0,0,0,0,61.9,61.9,85.4,2.5,85.3,3.5,84.6,84.1,0
2020/9/9 2:00,0,0,0,0,0,70.3,70.3,85.4,2.3,84.9,3.3,83,81.3,0
2020/9/9 3:00,0,0,0,0,0,93.1,72.1,85.9,1.8,85,2.6,81.6,78.5,0
2020/9/9 4:00,0,0,0,0,0,56.4,56.1,86,1.6,84.8,2.3,79.9,75.6,0.00064998
2020/9/9 5:00,20.6,16415.7,1.3,4.53,1.5,97.2,97.2,83.9,1.8,82.7,2.5,78.2,74.1,0.1827
2020/9/9 6:00,108.7,214403.5,9.3,25.396,20.4,75.6,75.6,80.8,1.5,79.8,2.2,75.8,72.2,0.60026247
2020/9/9 7:00,229.5,606110.9,31.9,71.072,6.1,95.3,95.2,84.2,1.5,83.6,2.2,81.4,79.2,0.7255125
2020/9/9 8:00,346.8,1041659,37.1,116.957,3.1,99.7,98.9,86.1,1.2,85.5,1.8,83.1,80.8,2.6248124250000004
2020/9/9 9:00,443.5,1430533.6,22.9,144.622,0.8,100,100,86.7,1.3,86.3,1.9,84.2,82.2,0.7270875
2020/9/9 10:00,509.5,1725755.6,34.1,169.723,1.6,99.2,99,84.2,1.5,83.8,2.1,82.2,80.5,2.6273999249999997
2020/9/9 11:00,539,1898998.9,54.5,203.391,2.1,97.2,97.2,78.7,2.4,78.7,3.5,78.8,78.9,1.9240874999999997
2020/9/9 12:00,529.5,1935124.6,75.9,223.912,0,100,100,76.5,3.4,76.6,4.9,76.6,76.5,1.661324985
2020/9/9 13:00,481.6,1831068.3,108.3,236.424,6.2,93.8,92.9,81.6,2.6,81.6,3.7,81.9,82.1,0.9846374849999998
2020/9/9 14:00,399.7,1595719.9,77.5,230.454,14.9,92.1,86,79.4,3.4,79.6,4.9,80.1,80.7,1.107675
2020/9/9 15:00,291.4,1250368.4,36.1,180.64,2.1,99.3,98.3,83.7,3.4,83.6,4.9,83.4,83.4,0.49526253
2020/9/9 16:00,169.5,831159.6,22.9,120.458,11.9,96.1,92.1,83,3.3,83.1,4.7,83.6,84.1,0.18315
2020/9/9 17:00,58.1,400741.8,9,62.5,15.8,96.9,93.6,83.8,3.4,83.8,4.9,84.1,84.6,0.006637499999999999
2020/9/9 18:00,0,85647.2,0,16.278,33.2,95.7,82.1,82.1,3.1,82.1,4.4,82.1,82.2,0
2020/9/9 19:00,0,0,0,0,0.3,99.5,98.4,82.7,2.8,82.8,4,83.2,83.8,0
2020/9/9 20:00,0,0,0,0,0,84.8,83.2,87,3.3,87.1,4.7,87.8,88.7,0
2020/9/9 21:00,0,0,0,0,0,99.4,99.4,87.6,3.6,87.8,5.1,88.4,89.2,0
2020/9/9 22:00,0,0,0,0,0,98.3,98.3,92.3,3.8,92.2,5.5,91.9,91.8,0
2020/9/9 23:00,0,0,0,0,0,96.3,96.3,93.6,4.2,93.4,6.1,92.6,92.2,0
2020/9/10 0:00,0,0,0,0,0,98.8,98.8,91.3,3.8,91.2,5.4,91,91,0
2020/9/10 1:00,0,0,0,0,0,99.9,99.9,89.9,4,89.7,5.8,89,88.6,0
2020/9/10 2:00,0,0,0,0,0,94.8,94.8,89.9,4.5,89.8,6.4,89.7,89.7,0
2020/9/10 3:00,0,0,0,0,0,73.9,73.9,93,4.2,93.1,6.1,93.3,93.6,0
2020/9/10 4:00,0,0,0,0,0,70.8,70.8,90.2,4.6,90.1,6.6,90,90.2,0.02835
2020/9/10 5:00,18.3,13035.6,2,4.83,10,88.8,88.8,87.1,4.8,87,6.9,86.7,86.7,0.18779998499999997
2020/9/10 6:00,103.7,200548.5,7.9,21.655,11.5,96.1,96.1,86,4.7,85.9,6.7,85.7,85.8,0.361612485
2020/9/10 7:00,223.6,586133.1,4.4,35.702,1.3,99.6,99.6,88.3,4.6,88.1,6.7,87.2,86.8,0.78183747
2020/9/10 8:00,340.6,1019682.7,6.9,48.361,2.3,99.1,99.1,86.9,4.9,86.9,7.1,86.7,86.7,0.6880499999999999
2020/9/10 9:00,437,1407602,8.9,64.181,2,99.6,99.6,87.2,4.8,87.1,7,86.9,87,1.027875015
2020/9/10 10:00,502.9,1702081.9,11.2,78.102,5.9,98.6,98.6,86.1,4.8,86,6.9,85.7,85.7,2.953575
2020/9/10 11:00,532.2,1874571.3,51.8,120.598,10.4,94.9,94.9,83,4.6,82.8,6.6,82.4,82.3,3.9457876499999998
2020/9/10 12:00,522.4,1909893,144.1,204.533,34.7,96.9,80.6,77.6,4,77.4,5.8,77.2,77.4,4.225949999999999
2020/9/10 13:00,474.3,1805033.3,113.1,247.513,16.7,99.8,93.4,58.8,5,58.3,7.2,57.4,57.5,3.313312425
2020/9/10 14:00,392.2,1569008.8,41.8,206.908,14.6,99.9,93.2,60,4.1,59.5,5.9,59,59.3,2.1303375749999995
2020/9/10 15:00,283.9,1223368,28.2,150.457,20.4,100,90.3,67.1,3.5,66.7,5.1,66.3,66.8,0.92144997
2020/9/10 16:00,162.5,804893.7,9.4,98.651,10.8,100,94.2,70.9,2.8,70.8,4,71.3,72.3,0.389475
2020/9/10 17:00,53.1,378351.3,0.9,47.316,13.6,100,92.9,74.6,2.5,74.5,3.5,74.5,75.1,0.0144
2020/9/10 18:00,0,74273,0,12.386,33.6,100,83.5,75.8,2.2,75.8,3.2,75.9,76.6,0
2020/9/10 19:00,0,0,0,0,0.2,100,99.2,77.9,2.2,77.9,3.1,77.9,78.3,0
2020/9/10 20:00,0,0,0,0,0,100,100,78.4,2.2,78.2,3.1,77.6,77.3,0
2020/9/10 21:00,0,0,0,0,0,100,97.3,78.7,1.8,78.2,2.6,76.5,75,0
2020/9/10 22:00,0,0,0,0,0,100,99.1,77.1,1.5,76.4,2.2,73.5,70.7,0
2020/9/10 23:00,0,0,0,0,0,99.9,99.2,74.4,1.5,73.6,2.1,70.4,67.4,0
2020/9/11 0:00,0,0,0,0,0,99.8,99.8,71.9,1.6,71.1,2.3,67.9,65.1,0
2020/9/11 1:00,0,0,0,0,0,100,100,76.2,1.9,75.5,2.7,72.8,70.1,0
2020/9/11 2:00,0,0,0,0,0,77.7,65.5,75,2.1,74.1,3,70.2,66.4,0
2020/9/11 3:00,0,0,0,0,0,86.7,73.3,72.8,2.1,71.7,3,67.6,63.9,0
2020/9/11 4:00,0,0,0,0,0,99.1,99.1,69.5,2.1,68.5,3,64.8,61.6,0
2020/9/11 5:00,16,9669.3,1.4,3.561,6,80,80,65.5,2,64.7,2.8,61.5,58.8,0
2020/9/11 6:00,98.7,187067.6,17.7,31.436,29,59.9,57.7,63.9,1.7,63,2.4,59.7,56.9,1.26762501
2020/9/11 7:00,217.7,566198.2,85.2,106.078,44.5,55.7,45.7,68.4,1.6,67.8,2.4,65.4,63.2,5.06492505
2020/9/11 8:00,334.3,997618.8,226.8,230.362,56.3,7.7,7.2,60.6,1.6,60,2.4,57.6,55.4,6.7062126
2020/9/11 9:00,430.5,1384526.5,306.8,349.699,59.5,99.8,50.3,56.1,1.3,55.8,1.9,54.6,53.7,4.1114375999999995
2020/9/11 10:00,496.1,1678232.7,250,400.515,60,100,50,52.8,1.2,52.8,1.7,53,53.4,6.18871245
2020/9/11 11:00,525.2,1849949.6,166.6,393.583,59.8,100,50.1,52.8,1.2,52.5,1.7,51.4,51,2.9611124999999996
2020/9/11 12:00,515.2,1884459.5,96.8,349.425,49.8,100,58.5,53.2,1.6,52.6,2.3,50.6,49.5,2.056275
2020/9/11 13:00,466.9,1778799.8,25.6,271.548,8.5,100,92.9,58.5,1.5,57.7,2.2,54.7,52.9,1.723149975
2020/9/11 14:00,384.7,1542117.7,16.9,197.5,5.9,100,95.1,64.5,1.6,63.1,2.3,58.1,54.5,0.992700015
2020/9/11 15:00,276.5,1196231.7,10.6,143.629,6.9,100,94.2,62.6,2,61.4,2.9,57,53.8,0.3751875
2020/9/11 16:00,155.6,778601.6,1.5,89.724,0.6,100,99.5,58.3,2.6,57.3,3.7,53.9,51.6,0.0742125
2020/9/11 17:00,48.3,356277.6,0,38.635,0,100,100,59.5,3.5,59,5,57.3,56.3,0.010062495
2020/9/11 18:00,0,63293.5,0,7.769,0,100,100,68.1,3.4,67.6,4.8,65.6,64.2,0
2020/9/11 19:00,0,0,0,0,0,100,100,66.6,3,66.1,4.3,64.3,63.1,0
2020/9/11 20:00,0,0,0,0,0,100,100,66.1,2.3,65.6,3.3,63.7,62.6,0
2020/9/11 21:00,0,0,0,0,0,100,100,69.7,2,69,2.9,66.9,65.5,0
2020/9/11 22:00,0,0,0,0,0,99.5,99.4,72.9,2,72.2,2.9,69.8,68,0
2020/9/11 23:00,0,0,0,0,0,66.2,55.5,74.4,2,73.4,2.8,69.5,66.7,0
2020/9/12 0:00,0,0,0,0,0,58.7,56.5,77.5,1.9,76.2,2.8,71.5,67.8,0
2020/9/12 1:00,0,0,0,0,0,50.7,50.7,88.8,1.2,87.5,1.7,82.5,78.4,0
2020/9/12 2:00,0,0,0,0,0,15.5,15.5,94.8,1.6,93.1,2.3,86.6,81.4,0
2020/9/12 3:00,0,0,0,0,0,16.2,16.2,96.1,1.5,94,2.2,86.2,80,0
2020/9/12 4:00,0,0,0,0,0,3.8,3.8,94.9,1.5,92.7,2.1,84.4,77.6,0
2020/9/12 5:00,13.8,6310.1,2.9,6.701,24.6,93.1,51,91.5,1.3,89.2,1.8,80.6,73.6,0.055412504999999994
2020/9/12 6:00,93.8,173971.3,24.2,47.156,46.8,96.6,60.7,84.7,1.6,82.9,2.2,76.2,70.7,0.6478250099999999
2020/9/12 7:00,211.8,546320.2,66.7,119.267,36.2,93.6,69.3,78.4,1.5,77,2.1,71.6,67,1.050274995
2020/9/12 8:00,328,975474.7,95,189.44,39.7,93.7,68.6,73.9,0.9,72.4,1.4,66.5,61.5,1.9527375
2020/9/12 9:00,423.9,1361312.8,83,237.317,8.2,99.7,93.1,71,0.7,69.7,1,64.5,59.9,2.046462525
2020/9/12 10:00,489.4,1654213.6,41.8,239.775,4.4,99.8,96.2,69.8,0.7,68.7,1,64.6,61,2.922150075
2020/9/12 11:00,518.2,1825139.9,51.7,241.679,8.6,99.5,92.6,68.2,0.7,67.2,1,63.5,60.5,2.0243375250000004
2020/9/12 12:00,507.9,1858831,36,245.04,4.4,99.7,96.2,63.4,0.6,62.5,0.9,59.6,57.7,1.4371875
2020/9/12 13:00,459.5,1752376,13.5,196.6,3.2,99.8,97.7,75.5,0.4,75,0.6,73.1,71.4,5.5542874499999995
2020/9/12 14:00,377.1,1515056.3,11.6,139.516,2.6,99.9,97.9,79.7,1,78.9,1.4,75.6,72.6,3.64517505
2020/9/12 15:00,268.9,1168972.4,27.6,123.319,11,99.2,90.7,80.6,1,79.1,1.5,73.3,68.3,1.1638125
2020/9/12 16:00,148.6,752303,34.1,121.237,56.5,89.8,48.2,78.4,1.1,77.3,1.5,72.9,69,1.199175
2020/9/12 17:00,43.6,334565.2,7.1,75.538,14.5,98.7,88.1,81,1.3,80.2,1.8,77.1,74.6,0.2078625
2020/9/12 18:00,0,52692.6,0,18.258,20,97.5,80.8,83,0.9,82,1.3,78.5,75.9,0
2020/9/12 19:00,0,0,0,0,0,75.8,43.2,82.3,2.3,81.5,3.2,78.6,76.3,0
2020/9/12 20:00,0,0,0,0,0,41.7,26.8,84,2.3,82.9,3.2,79.1,76.1,0
2020/9/12 21:00,0,0,0,0,0,95.4,65.1,81.6,2.2,80.2,3.2,75,70.9,0
2020/9/12 22:00,0,0,0,0,0,99.2,79.9,79,2.3,77.5,3.3,71.6,67,0
2020/9/12 23:00,0,0,0,0,0,99.5,91.5,78,2.4,77.2,3.4,74.3,72,0
2020/9/13 0:00,0,0,0,0,0,99,94.2,86.8,2.8,85.9,4,82.4,79.5,0
2020/9/13 1:00,0,0,0,0,0,97.8,90.9,89.4,2.4,88.4,3.5,84.4,81.1,0
2020/9/13 2:00,0,0,0,0,0,88,79.8,90,2.7,89.3,3.9,86.6,84.4,0
2020/9/13 3:00,0,0,0,0,0,90.2,79.3,89.8,2.5,89.3,3.6,87.3,85.7,0
2020/9/13 4:00,0,0,0,0,0,97.5,92.3,87.8,2.4,87.4,3.4,85.7,84.3,0
2020/9/13 5:00,11.6,3245.6,0.8,4.276,6.2,93.6,89.6,85.3,2.5,84.9,3.6,83.4,82.1,0.06557498999999999
2020/9/13 6:00,88.9,161265.3,16.9,32.146,5.2,95.6,95.4,82.2,2.9,82,4.2,81.1,80.3,0.315987495
2020/9/13 7:00,205.8,526513.9,48.7,90.237,19.5,83.7,79.9,80.5,3.3,80.4,4.8,80,79.5,0.38206250999999997
2020/9/13 8:00,321.6,953258,62.2,147.509,9.6,91.7,91.2,78.6,2.9,78.6,4.1,78.6,78.8,0.55875
2020/9/13 9:00,417.3,1337967.1,52.8,172.542,2.5,98.6,98.6,76.8,2.7,76.9,3.9,77.3,77.8,0.81568752
2020/9/13 10:00,482.5,1630030.2,71.6,182.845,16.4,90.3,90.3,76.4,3.2,76.4,4.6,76.3,76.3,1.1131125
2020/9/13 11:00,511.1,1800148.4,101.9,206.23,14.4,91.4,90.9,72.8,2.9,72.9,4.2,73.6,74.5,0.74902497
2020/9/13 12:00,500.7,1833014.6,149.3,243.001,13.5,90.5,89,71.9,2.7,72,3.9,72.9,73.9,0.8287375199999999
2020/9/13 13:00,452,1725770.2,144.8,255.969,19.3,85.7,85.7,70.8,3.5,70.8,5.1,71.3,72,0.892375005
2020/9/13 14:00,369.5,1487834.6,123.5,228.993,22.3,76.5,76.5,68.6,3.1,68.6,4.4,68.6,69.1,2.526399975
2020/9/13 15:00,261.4,1141602.9,102.8,191.93,30.2,62.8,62.8,67.6,3,67.5,4.4,67.4,67.8,3.08830005
2020/9/13 16:00,141.7,726018.9,51.3,136.093,29.6,65.3,65.3,69.8,2.8,69.6,4,69,68.9,0.83230002
2020/9/13 17:00,39.2,313260.5,11.4,63.632,19.4,76,76,72,2.3,71.8,3.2,71,70.6,0.009087495
2020/9/13 18:00,0,44795.6,0,14.229,5.1,91.9,91.9,75.9,1.7,75.5,2.5,74.2,73.7,0
2020/9/13 19:00,0,0,0,0,0,72.5,51.3,79.7,1.5,79.3,2.2,78.1,77.6,0
2020/9/13 20:00,0,0,0,0,0,90.1,77.5,80.2,1.6,80,2.3,79.4,79.2,0
2020/9/13 21:00,0,0,0,0,0,95.6,93.8,80.4,1.6,80.3,2.3,79.9,80,0
2020/9/13 22:00,0,0,0,0,0,99.1,94.7,80.3,1.6,80.2,2.3,80.1,80.4,0
2020/9/13 23:00,0,0,0,0,0,98.9,97.3,81.1,1.8,81,2.5,80.8,81.2,0
2020/9/14 0:00,0,0,0,0,0,93.2,89.3,84.6,1.8,84.5,2.5,84.4,84.7,0
2020/9/14 1:00,0,0,0,0,0,98.5,93.1,87.7,1.4,87.7,2,87.8,88.3,0
2020/9/14 2:00,0,0,0,0,0,98.6,88.5,87.4,1.6,87.3,2.3,87.2,87.6,0
2020/9/14 3:00,0,0,0,0,0,99.5,71.6,88.6,1.5,88.3,2.2,88.1,88.2,0
2020/9/14 4:00,0,0,0,0,0,100,71.4,87.1,1.3,86.9,1.9,86.6,86.8,0
2020/9/14 5:00,9.4,2642.3,0.8,3.646,11.1,97,75.7,86.4,1.3,86.1,1.9,85.7,85.9,0.21349999499999997
2020/9/14 6:00,84.1,148950.8,19.2,33.782,16.4,77.8,77,86.3,1.4,86.1,2,85.9,86.4,0.964662495
2020/9/14 7:00,199.9,506795,62.8,97.344,28.2,82.3,69.1,81.5,1.3,81.4,1.9,82,83.3,0.7649750099999999
2020/9/14 8:00,315.2,930976.7,83.8,165.222,22.2,96.8,80.1,75.4,2.3,75.2,3.3,75.5,77.1,1.6458375
2020/9/14 9:00,410.7,1314495.5,109.4,221.194,22.5,77.2,70.3,69.1,2.3,68.9,3.3,68.8,70.2,2.391699975
2020/9/14 10:00,475.7,1605688.8,158.6,274.275,15.3,76.1,75.4,63.6,2.5,63.4,3.6,62.7,63.9,6.08687505
2020/9/14 11:00,504,1774981.6,158.5,307.762,19.7,77.8,73,59.9,2.5,59.7,3.5,58.8,59.8,6.2326500000000005
2020/9/14 12:00,493.3,1807017.7,126,291.041,27.8,82.2,68.2,59.4,1.9,59.1,2.7,58,58.8,6.9677999999999995
2020/9/14 13:00,444.5,1698991,65.3,221.735,5.7,98.4,95.5,61.4,1.7,60.9,2.4,59.3,59.9,3.8518375499999995
2020/9/14 14:00,361.8,1460463.1,49.1,157.683,16.1,92.7,86.2,66,1.6,65.5,2.3,63.7,64,1.231512495
2020/9/14 15:00,253.8,1114136.7,47.5,135.824,23.3,84,84,66.9,1.5,66.5,2.2,65.2,65.8,0.92385
2020/9/14 16:00,134.8,699770.9,27.2,104.412,20.7,96.1,88,69.7,1.3,69.2,1.8,67.8,68.3,0.282837495
2020/9/14 17:00,35.1,292411.1,8,50.644,29.5,88,77.4,73.1,1.1,72.4,1.6,70.3,70.3,0.013287495
2020/9/14 18:00,0,38328.6,0,11.734,21.8,77.2,72.4,77.3,1,76.4,1.4,73.6,73.1,0
2020/9/14 19:00,0,0,0,0,0,96.9,93.4,78.7,0.7,78,1,75.6,75.1,0
2020/9/14 20:00,0,0,0,0,0,99.9,99.5,78.7,0.5,78.2,0.8,76.4,76,0
2020/9/14 21:00,0,0,0,0,0,99.9,99.3,79.4,0.6,79,0.9,77.3,77,0
2020/9/14 22:00,0,0,0,0,0,97.7,96.7,80.4,0.6,79.9,0.9,78.2,77.8,0
2020/9/14 23:00,0,0,0,0,0,96,90.2,82,0.6,81.3,0.9,79.1,78.4,0
2020/9/15 0:00,0,0,0,0,0,92.3,70.7,83,0.6,82.3,0.9,80,79.3,0
2020/9/15 1:00,0,0,0,0,0,71.1,63.9,90.3,0.4,89.4,0.6,86.4,85.3,0
2020/9/15 2:00,0,0,0,0,0,98.1,93.1,91.4,0.4,90.2,0.6,86.2,84.4,0
2020/9/15 3:00,0,0,0,0,0,99.9,97.9,91.6,0.4,90.3,0.6,85.8,83.6,0
2020/9/15 4:00,0,0,0,0,0,99.4,96.9,91.1,0.5,89.8,0.7,85.3,82.9,0
2020/9/15 5:00,7.3,2039.1,0.5,1.373,4.1,86.8,82.1,87,0.9,86,1.4,82.6,80.6,0.11177499
2020/9/15 6:00,79.4,137024.3,9,20.428,20.3,90.9,83.8,84.6,1.1,83.8,1.5,81.4,79.7,0.147675
2020/9/15 7:00,193.9,487179.9,31.9,70.697,6.1,95.8,93,84.4,0.8,84.4,1.2,84.4,84.3,0
2020/9/15 8:00,308.8,908639.2,85.2,152.411,4.9,97.8,95.1,79.7,1.1,80,1.6,80.9,81.4,0
2020/9/15 9:00,404,1290904.3,147.6,248.95,14.5,99.1,87.5,76.4,1.4,76.7,2,77.6,78.1,0
2020/9/15 10:00,468.7,1581195.4,177.6,323.2,26.7,97.6,80.3,73.1,1.6,73.2,2.3,73.8,74.5,0
2020/9/15 11:00,496.9,1749646.3,109.4,325.582,16.1,99.7,92.5,72.7,1.7,72.8,2.4,73,73.8,0
2020/9/15 12:00,485.9,1780847.8,22.8,234.965,3.8,99.9,97.3,71.1,1.9,71.1,2.8,70.9,71.8,0
2020/9/15 13:00,436.9,1672047.2,0.3,124.681,0,100,100,76.8,1.6,76.8,2.3,76.6,77.2,0
2020/9/15 14:00,354.2,1432952.4,0,66.557,0,100,100,82.7,1.3,82.6,1.9,82.2,82.3,0
2020/9/15 15:00,246.3,1086587.8,0,42.243,0,100,100,89.7,1.2,89.2,1.8,87.7,86.8,0
2020/9/15 16:00,128,673581.9,0,26.624,0,100,100,91.1,1.1,90.6,1.6,89,87.8,0
2020/9/15 17:00,31.1,272065,0,13.603,0,100,100,92.8,1.2,92.3,1.8,90.6,89.5,0
2020/9/15 18:00,0,32141.4,0,2.947,0,100,100,93.6,1,93,1.4,91,89.6,0
2020/9/15 19:00,0,0,0,0,0,100,100,93.7,0.9,93.3,1.4,91.9,91.1,0
2020/9/15 20:00,0,0,0,0,0,100,100,95.3,2.1,94.9,3,93.6,92.6,0
2020/9/15 21:00,0,0,0,0,0,100,100,95.2,1.4,94.8,2,92.9,91.4,0
2020/9/15 22:00,0,0,0,0,0,100,100,95.4,1.8,95,2.6,92.8,91.1,0
2020/9/15 23:00,0,0,0,0,0,100,100,95.8,2.1,95.4,3.1,93.7,92.4,0
2020/9/16 0:00,0,0,0,0,0,100,100,93.5,3.8,93.1,5.4,91.1,89.3,0
2020/9/16 1:00,0,0,0,0,0,100,100,93.2,4.4,92.7,6.3,90.7,89.5,0
2020/9/16 2:00,0,0,0,0,0,100,100,94.2,4,93.6,5.7,91.7,90.9,0
2020/9/16 3:00,0,0,0,0,0,100,100,94.8,3.9,94.2,5.6,92.2,91.2,0
2020/9/16 4:00,0,0,0,0,0,100,100,93.9,4,93.2,5.8,90.8,89.3,0
2020/9/16 5:00,5.1,1434.1,0.2,0.796,2,99,94,88.1,3.6,87.7,5.2,86.3,85.3,0
2020/9/16 6:00,74.8,125477,12.4,22.476,32.6,70.5,70.5,88.4,3.8,88.2,5.5,87.9,88,0
2020/9/16 7:00,188,467685.9,42,69.236,33.7,62.9,62.9,86.3,4.1,86.2,5.9,85.9,85.9,0
2020/9/16 8:00,302.4,886254.1,34,102.992,3.6,96.5,96.5,83.4,4.5,83.2,6.4,82.6,82.3,0
2020/9/16 9:00,397.3,1267200.4,11.4,105.077,0.8,99.1,99.1,83.3,4.3,83.2,6.2,82.6,82.3,0
2020/9/16 10:00,461.8,1556556.6,21.5,115.475,3.5,96,96,81.2,4.2,81,6,80.4,80.1,0
2020/9/16 11:00,489.7,1724149.3,161,202.279,44.7,40,40,72.8,4,72.5,5.7,71.8,71.3,0
2020/9/16 12:00,478.5,1754512.9,189,287.923,26.7,63.7,63.7,60.9,4.6,60.6,6.6,59.8,59.2,0
2020/9/16 13:00,429.3,1644948,133.8,273.704,27.7,70.7,70.7,64.9,4.7,64.7,6.7,64,63.5,0
2020/9/16 14:00,346.5,1405313.4,166.8,249.836,32.7,54.2,54.2,64.7,4.6,64.7,6.6,64.6,64.5,0.5965749899999999
2020/9/16 15:00,238.7,1058970.5,121.5,222.867,37.1,51.5,51.5,64.7,4.1,64.5,5.9,64.1,63.9,2.097687525
2020/9/16 16:00,121.3,647475.7,50.9,143.499,32.4,59.3,59.3,66.3,3.6,66.1,5.1,65.5,65.1,0.85490001
2020/9/16 17:00,27.4,252269.5,8.8,59.605,38.2,58,58,72.5,2.9,72.4,4.1,72,71.8,0.051637499999999996
2020/9/16 18:00,0,26175.1,0,11.365,22.3,59.8,59.8,78.4,2.4,78.2,3.5,77.7,77.4,0
2020/9/16 19:00,0,0,0,0,0,49.8,49.8,86.2,2.9,86.1,4.1,86,85.9,0
2020/9/16 20:00,0,0,0,0,0,52.4,52.4,86.6,2.8,86.6,4.1,86.5,86.5,0
2020/9/16 21:00,0,0,0,0,0,98.9,87.1,86.7,2.6,86.8,3.7,86.9,87,0
2020/9/16 22:00,0,0,0,0,0,99.2,83.9,88.2,2.2,88.2,3.1,88.2,88.2,0
2020/9/16 23:00,0,0,0,0,0,86.5,86.5,89,1.8,88.9,2.6,88.5,88.2,0
2020/9/17 0:00,0,0,0,0,0,92.4,92.4,89.9,1.3,89.5,1.9,88.1,87.2,0
2020/9/17 1:00,0,0,0,0,0,59.8,59.8,86.9,2,86.5,2.9,85.2,84.5,0
2020/9/17 2:00,0,0,0,0,0,67.9,51.9,90.7,1.4,89.6,2.1,85.9,83.8,0
2020/9/17 3:00,0,0,0,0,0,100,68.1,92.2,1.4,90.3,2.1,83.9,80.3,0
2020/9/17 4:00,0,0,0,0,0,66.7,52.9,92,1.4,89.6,2,81.6,77.1,0
2020/9/17 5:00,3,827.1,0,0.438,9.6,100,61.5,91.4,1.4,88.5,2,79.1,73.8,0.13577499
2020/9/17 6:00,70.2,114293.7,4.3,22.897,43.2,100,65.4,89.9,1.5,86.9,2.1,77.1,71.6,0.63422502
2020/9/17 7:00,182.1,448331.1,60,94.803,40.9,93.8,63,84.3,1.7,82.4,2.5,76.1,72.4,1.2903749999999998
2020/9/17 8:00,295.9,863830.6,158.4,203.542,60,100,50,74.6,1.8,74.5,2.6,74.1,73.9,1.4852750099999998
2020/9/17 9:00,390.5,1243390.6,163.7,286.347,60,99.2,49.6,66.2,2.1,66.3,3,66.8,67.1,3.3703125
2020/9/17 10:00,454.8,1531778.9,162.6,327.076,60,100,50,61.3,1.7,61.4,2.5,61.7,61.9,3.8759500499999997
2020/9/17 11:00,482.4,1698497.9,278.6,380.266,60,98.1,49.1,55.3,1.3,55.3,1.8,55.2,55.1,2.191862475
2020/9/17 12:00,471,1728020.9,183.1,372.518,60,100,50,50.3,0.9,50.4,1.3,50.6,50.7,1.7227874849999998
2020/9/17 13:00,421.6,1617702.7,15.4,263.069,6.7,100,94.4,57.6,1,57.3,1.4,56.5,56,1.226950005
2020/9/17 14:00,338.7,1377557.4,13.6,184.891,0.8,100,99.3,59.8,1,58.9,1.4,55.7,53.7,0.85903749
2020/9/17 15:00,231.1,1031299.5,5.4,140.912,0,100,100,63.2,0.9,61.4,1.3,55.2,51.5,0.476324985
2020/9/17 16:00,114.6,621477.3,0.5,75.549,0.1,100,99.9,64.2,1.2,61.5,1.7,52.6,47.5,0.15057500999999998
2020/9/17 17:00,24,233069.7,0,25.171,0,100,100,61.5,1,59.1,1.4,51,46.3,0.0007650000000000001
2020/9/17 18:00,0,20795.3,0,4.533,0,100,100,61.3,1.2,59.1,1.7,51.9,47.3,0
2020/9/17 19:00,0,0,0,0,0,100,100,65.4,0.6,63.2,0.8,55.7,50.9,0
2020/9/17 20:00,0,0,0,0,0,100,100,68.7,1,66.7,1.4,59.8,55.1,0
2020/9/17 21:00,0,0,0,0,0,100,100,67.6,0.9,65.7,1.3,59.2,54.7,0
2020/9/17 22:00,0,0,0,0,0,100,100,68.2,1.3,66.3,1.9,60.3,56.7,0
2020/9/17 23:00,0,0,0,0,0,100,99.9,66.7,1.8,64.9,2.5,59.1,56.8,0
2020/9/18 0:00,0,0,0,0,0,99.8,99.8,65.4,1.7,64.3,2.4,60.7,60,0
2020/9/18 1:00,0,0,0,0,0,100,100,79.9,1.5,78.5,2.2,73.9,71.8,0
2020/9/18 2:00,0,0,0,0,0,100,100,80.7,1.2,79.7,1.7,76.3,75,0
2020/9/18 3:00,0,0,0,0,0,99.4,99.4,84.4,1.5,83.6,2.2,80.7,79.7,0
2020/9/18 4:00,0,0,0,0,0,99.1,99.1,84.8,3,84.2,4.2,82.1,81.6,0
2020/9/18 5:00,0.8,218,0,0.05,0.4,97.2,97.2,87,4.7,86.4,6.7,84.4,83.8,0.00066249
2020/9/18 6:00,65.8,103452.8,2.2,7.416,0,100,100,87.6,5.1,87.2,7.4,86,85.9,0.07002499499999999
2020/9/18 7:00,176.1,429134.8,1.7,20.253,0,100,100,93.9,4.7,93.3,6.7,91.2,90.8,0.28692501
2020/9/18 8:00,289.5,841377.9,0,27.011,0,100,100,95.2,3.9,94.8,5.6,93.3,92.5,0.42118749
2020/9/18 9:00,383.7,1219482,0,32.532,0,100,100,95.5,2.8,94.8,4,92.8,91.2,0.60758748
2020/9/18 10:00,447.7,1506869.4,25.4,68.026,1.1,99.9,99.9,91.9,2.9,91.6,4.2,90.6,90.2,1.93297503
2020/9/18 11:00,475.1,1672699.3,144.6,174.391,35.6,55.9,55.9,84,3.1,84,4.5,83.6,83.6,1.5649750049999998
2020/9/18 12:00,463.5,1701380.2,255.4,298.089,39.1,53.7,53.7,79.1,3.7,78.8,5.3,77.9,77.4,3.8516498999999995
2020/9/18 13:00,413.9,1590321,240.3,334.157,36.9,48.7,48.7,72.9,3.7,72.8,5.4,72.7,72.6,3.060675
2020/9/18 14:00,331,1349695.9,186.8,292.207,28,57.7,57.7,69.5,3.6,69.3,5.2,68.5,68.1,2.065575075
2020/9/18 15:00,223.6,1003590,110.7,221.049,17.5,71.9,71.9,68.7,3.2,68.4,4.5,67.4,66.8,1.7554749750000003
2020/9/18 16:00,108,595612.8,46,135.163,26.8,56.1,56,70.6,2.6,70.3,3.8,69.1,68.4,0.55957503
2020/9/18 17:00,20.7,214506.3,6.6,54.221,29.2,51.4,51.4,76,2.2,75.6,3.2,74.3,73.5,0.01269546
2020/9/18 18:00,0,16385.2,0,8.74,16.8,50.8,50.8,81.2,2,80.8,2.8,79.3,78.4,0
2020/9/18 19:00,0,0,0,0,0,41.2,41.2,86.7,1.8,86.2,2.6,84.6,83.7,0
2020/9/18 20:00,0,0,0,0,0,51.5,51.5,88.9,1.9,88.5,2.8,87.4,86.7,0
2020/9/18 21:00,0,0,0,0,0,46.1,46.1,89.5,2.1,89.1,3.1,87.7,86.9,0
2020/9/18 22:00,0,0,0,0,0,71.4,71.4,86.4,2.1,86.1,3.1,84.9,84.2,0
2020/9/18 23:00,0,0,0,0,0,86.2,86.2,86.1,2.1,86,3.1,85.4,85.1,0
2020/9/19 0:00,0,0,0,0,0,69.9,69.9,87.3,2.3,87.1,3.3,86.5,86.2,0
2020/9/19 1:00,0,0,0,0,0,85.4,85.4,87.1,2.4,86.8,3.5,86.1,85.7,0
2020/9/19 2:00,0,0,0,0,0,90.7,90.7,87.2,2.3,87,3.4,86.3,85.9,0
2020/9/19 3:00,0,0,0,0,0,76,76,89.7,2.4,89.5,3.4,88.8,88.4,0
2020/9/19 4:00,0,0,0,0,0,50.9,50.9,88.6,2.2,88.4,3.2,87.6,87.1,0
2020/9/19 5:00,0,0,0,0,2.9,67.5,67.5,82.8,2.5,82.6,3.6,81.9,81.5,0.050262495
2020/9/19 6:00,61.4,93323.5,24.8,24.867,29.1,71.8,71.8,79.8,2.4,79.5,3.5,78.7,78.2,0.19483749
2020/9/19 7:00,170.2,410116.9,66.4,85.629,28.7,72.9,72.9,79.7,2.1,79.7,3.1,79.8,79.8,0.870062505
2020/9/19 8:00,283,818906.1,102.1,150.594,27.5,70.1,70.1,76.1,2.8,76.3,4.1,77,77.3,1.2221374950000001
2020/9/19 9:00,376.9,1195482.1,131.6,201.95,31.2,69.6,69.6,73.5,2.8,73.6,4,74.2,74.5,1.2202999949999997
2020/9/19 10:00,440.6,1481835,151.7,239.219,31,71.9,71.9,70.8,2.7,70.9,3.8,71.3,71.6,1.5288
2020/9/19 11:00,467.8,1646761.3,147.8,256.487,29.1,71,71,67,2.9,67,4.1,67,67,1.30978749
2020/9/19 12:00,456,1674599.3,72.4,218.467,20.2,88.1,88.1,67.3,2.8,67.2,4.1,67.1,67,2.292174975
2020/9/19 13:00,406.2,1562812.6,26.2,147.818,1.2,99.4,99.4,71.1,2.3,71.3,3.3,71.7,71.9,1.9348499549999998
2020/9/19 14:00,323.2,1321740.8,18.9,110.049,1.9,97.7,97.7,72.1,1.7,72.2,2.5,72.8,73.2,1.91470002
2020/9/19 15:00,216,975857.8,8.5,87.992,1.1,98.3,98.3,72.3,1.4,72.4,2,72.6,72.7,3.0259875
2020/9/19 16:00,101.5,569909.6,9.8,59.953,0.1,99.9,99.9,74.2,0.8,74.2,1.1,74,73.9,0.8529750299999999
2020/9/19 17:00,17.7,196613.2,3.1,29.356,33.1,45.5,45.5,78.9,0.4,78.4,0.6,76.6,75.8,0.025581825
2020/9/19 18:00,0,12028.1,0,6.084,26.9,13.3,13.3,86.2,0.8,85.1,1.1,81.6,79.8,0
2020/9/19 19:00,0,0,0,0,0,5.8,5.8,93.2,1.3,92.2,1.8,88.7,86.8,0
2020/9/19 20:00,0,0,0,0,0,8.8,5.6,96.7,1.4,95.3,2.1,90.7,88,0
2020/9/19 21:00,0,0,0,0,0,86.4,43.7,97.3,1.4,95.5,2,89.6,85.9,0
2020/9/19 22:00,0,0,0,0,0,58.4,30.4,97.9,1.4,96,2,89.9,86,0
2020/9/19 23:00,0,0,0,0,0,3.4,1.9,99.7,1.9,98.2,2.8,93.4,90.1,0
2020/9/20 0:00,0,0,0,0,0,93.6,47.2,99.7,1.6,98.7,2.3,95.3,92.2,0
2020/9/20 1:00,0,0,0,0,0,99.2,50.2,93.8,1.7,92.9,2.5,89.8,87,0
2020/9/20 2:00,0,0,0,0,0,92.3,63.8,92.2,2,91.7,2.9,89.8,85.7,0
2020/9/20 3:00,0,0,0,0,0,99.8,88.9,85.6,2,85.5,2.8,84.4,80.7,0
2020/9/20 4:00,0,0,0,0,0,100,100,76.7,1.6,76.3,2.3,74.3,71.5,0
2020/9/20 5:00,0,0,0,0,0.2,100,99.8,71.1,1.7,70.6,2.4,68.7,67.7,0.000662505
2020/9/20 6:00,57.2,83711.7,0.4,5.562,0,100,100,70.5,2,70,2.9,69.1,69.7,0.087675
2020/9/20 7:00,164.3,391298.5,0,16.304,0.6,100,100,80.3,2.2,80.1,3.1,79.9,80.7,0.401475015
2020/9/20 8:00,276.5,796425.2,0.2,32.021,2.9,100,99.4,84.5,2.6,84.2,3.8,84,84.7,0.6854625
2020/9/20 9:00,370.1,1171398.6,0.4,55.512,0.1,100,100,87.3,2.9,87.1,4.1,86.8,87.5,0.32976248999999996
2020/9/20 10:00,433.5,1456683.2,2.6,68.537,1.2,99.7,99.7,87.6,2.5,87.4,3.6,87.3,87.9,0.28471249499999995
2020/9/20 11:00,460.5,1620691.7,4.7,66.094,0.8,99.4,99.3,85.5,2.9,85.2,4.1,84.7,85,0.129762495
2020/9/20 12:00,448.4,1647687.1,2.2,61.766,0.5,99.5,99.5,84.3,3,84.1,4.3,83.5,83.7,0.51038751
2020/9/20 13:00,398.4,1535187.9,0.4,58.843,1.9,100,98.7,87.6,2.8,87.3,4,86.7,86.5,0.879199995
2020/9/20 14:00,315.4,1293704.2,1,62.618,5.2,100,96.5,82.1,2.6,81.7,3.8,80,78.5,1.145037495
2020/9/20 15:00,208.5,948119,0.5,55.716,0,100,100,78.3,3.4,78,4.8,76.8,76.1,0.14538749999999998
2020/9/20 16:00,95.2,544396.5,0.1,30.244,0,100,100,72.5,3.6,72.1,5.2,70.5,69.2,0.226075005
2020/9/20 17:00,14.8,179414.5,0,10.049,0.6,99.3,99.2,66.3,2.1,65.9,3,63.9,62.3,0.014807145
2020/9/20 18:00,0,7705,0,1.768,0,100,100,75.4,1.9,75,2.7,73.6,72.7,0
2020/9/20 19:00,0,0,0,0,0,100,100,81.1,2.2,80.7,3.1,79.4,78.5,0
2020/9/20 20:00,0,0,0,0,0,99,97.3,95.7,1.9,95,2.8,92.3,90.3,0
2020/9/20 21:00,0,0,0,0,0,86.9,69,95.8,2.1,95.6,3,95,94.5,0
2020/9/20 22:00,0,0,0,0,0,91.7,72.9,97.3,2,96.9,2.9,95.5,94,0
2020/9/20 23:00,0,0,0,0,0,100,78,96.9,2.1,96.4,3,94,91.2,0
2020/9/21 0:00,0,0,0,0,0,100,100,93.6,2.1,92.8,3,88.8,84.5,0
2020/9/21 1:00,0,0,0,0,0,100,99.9,94.8,1.2,94,1.8,90.4,86.5,0
2020/9/21 2:00,0,0,0,0,0,100,99.8,92.8,1.4,91.7,2,86.8,81.6,0
2020/9/21 3:00,0,0,0,0,0,100,80.3,93,1.5,91.8,2.1,86.5,81.2,0
2020/9/21 4:00,0,0,0,0,0,100,91,91.5,1.7,90.1,2.5,84.3,78.8,0
2020/9/21 5:00,0,0,0,0,0.7,100,70.1,88.8,2,87.4,2.9,81.7,76.5,0
2020/9/21 6:00,53.1,74386.3,1.7,15.893,30,100,77.9,87.8,2,86.4,2.9,80.7,75.4,0.136737495
2020/9/21 7:00,158.4,372701.8,7.7,55.572,25.1,99.8,82.6,82.6,2.5,81.3,3.6,76,71.2,0.484474995
2020/9/21 8:00,269.9,773946.2,33.3,103.9,14,99.2,92.6,79.5,2.2,78.2,3.2,73.5,69.5,1.06550001
2020/9/21 9:00,363.2,1147239.3,85.8,164.192,29.9,99.7,82.1,76,2.3,74.9,3.2,70.7,67.6,0.971074995
2020/9/21 10:00,426.4,1431421.6,88.8,200.782,7.4,90.5,90.5,66.3,3.2,65.8,4.6,63.8,62.7,0.9409875000000001
2020/9/21 11:00,453.1,1594498.5,26.5,154.21,0.6,99.6,99.6,70.1,4.1,69.9,5.9,69.2,69,0.45927499499999996
2020/9/21 12:00,440.8,1620652.6,1,83.961,0,100,100,86,4.9,85.9,7.1,85.4,85.1,0.7030124999999999
2020/9/21 13:00,390.7,1507457.1,0.2,62.143,0,100,100,85.6,4.5,85.6,6.5,85.3,85.3,1.93572495
2020/9/21 14:00,307.6,1265598.6,0.2,60.092,0,100,100,85,4.8,84.6,6.9,83,81.8,2.127
2020/9/21 15:00,201,920390.4,0.3,46.371,0.4,99.9,99.9,87,4.1,86.5,5.9,85,83.9,0.6298749899999999
2020/9/21 16:00,88.9,519103.6,0.1,26.597,0,100,100,94.7,3.2,94.2,4.6,92.7,91.8,0.011024999999999998
2020/9/21 17:00,12,162922.2,0.3,10.298,0,100,100,93.2,3.2,92.8,4.6,91.3,90.4,0
2020/9/21 18:00,0,3401.7,0,1.563,0,100,100,94,2.8,93.5,4,92,91.1,0
2020/9/21 19:00,0,0,0,0,0,100,100,94.6,1.8,93.7,2.6,90.7,88.4,0
2020/9/21 20:00,0,0,0,0,0,100,100,95.4,1.9,94.7,2.7,92.1,90.2,0
2020/9/21 21:00,0,0,0,0,0,100,100,94.7,2.2,94,3.1,91.6,89.9,0
2020/9/21 22:00,0,0,0,0,0,100,100,94.9,2.1,94.4,3.1,92.4,91.3,0
2020/9/21 23:00,0,0,0,0,0,100,100,94.7,1.8,94.3,2.5,92.9,92.1,0
2020/9/22 0:00,0,0,0,0,0,100,100,93.8,2,93.3,2.8,91.6,90.4,0
2020/9/22 1:00,0,0,0,0,0,100,100,93,1.7,92.4,2.4,90.2,88.7,0
2020/9/22 2:00,0,0,0,0,0,99.6,96.3,94.1,1.7,93.7,2.4,92.1,91,0
2020/9/22 3:00,0,0,0,0,0,97,92.6,94.8,1.9,94.6,2.7,93.8,93.4,0
2020/9/22 4:00,0,0,0,0,0,92.6,88,94,2.1,93.9,3,93.6,93.3,0
2020/9/22 5:00,0,0,0,0,0,99,95.6,91.8,1.9,91.5,2.8,90.7,90,0.08143750499999998
2020/9/22 6:00,49.1,65339.3,3.9,14.785,25.5,100,88.6,90.2,2,89.9,2.8,88.6,87.4,1.043762505
2020/9/22 7:00,152.6,354349.6,5,53.98,18,100,86.9,88.7,2.4,88.4,3.4,87.1,85.8,3.328787475
2020/9/22 8:00,263.4,751480,93.3,136.006,53.7,94.4,53.9,83.3,2.2,82.9,3.2,81.2,79.6,5.825425050000001
2020/9/22 9:00,356.3,1123012.6,219.4,255.419,29.6,95.8,74.8,73.2,1.3,73.2,1.8,73.2,73.2,4.6747499999999995
2020/9/22 10:00,419.2,1406058,269.5,345.668,50.8,74.6,45.8,66.4,1,66.6,1.4,67.7,68.9,2.542599975
2020/9/22 11:00,445.6,1568190.2,277.1,384.676,5.7,95.2,93.3,65.1,1.5,65.3,2.1,66.5,67.9,1.0609000050000001
2020/9/22 12:00,433.1,1593505.1,116.3,313.11,1.9,98.6,97.7,63.7,1.9,63.8,2.7,64.8,66,1.2144874949999998
2020/9/22 13:00,382.9,1479630.9,0.1,149.725,0,100,100,74.1,2.3,73.9,3.4,73,72.3,0.9674375099999999
2020/9/22 14:00,299.8,1237436.7,0,58.248,0,100,100,76.5,2.3,76,3.3,74.3,72.9,0.530625
2020/9/22 15:00,193.5,892689.2,0,40.653,0,100,100,80.2,2.3,79.6,3.3,77.4,75.7,0.213675015
2020/9/22 16:00,82.8,494062.4,0,23.937,0,100,100,88,2.2,86.6,3.2,81.5,77.3,0.09048750000000001
2020/9/22 17:00,9.2,147135.8,0.3,8.462,0,100,100,93.1,1.6,91.8,2.3,87.1,83.4,0
2020/9/22 18:00,0,2585.7,0,1.162,0,100,100,94.8,1.4,93.9,2,90.9,88.7,0
2020/9/22 19:00,0,0,0,0,0,100,100,98.5,1.3,97.5,1.9,94,91.4,0
2020/9/22 20:00,0,0,0,0,0,100,100,100,1.3,98.7,1.8,94.2,90.8,0
2020/9/22 21:00,0,0,0,0,0,100,100,100,1.5,99.2,2.2,93.7,89.5,0
2020/9/22 22:00,0,0,0,0,0,99.6,96.8,100,1.5,98.8,2.1,92.4,87.6,0
2020/9/22 23:00,0,0,0,0,0,99.9,99.1,100,1.4,98.5,2,92,87.2,0
2020/9/23 0:00,0,0,0,0,0,94.1,93.9,97.8,1.1,96.3,1.6,90.8,86.6,0
2020/9/23 1:00,0,0,0,0,0,58.9,49.3,100,1.3,99.2,1.9,92.1,86.8,0
2020/9/23 2:00,0,0,0,0,0,70.5,70.5,93.8,1.5,92.1,2.1,86.1,81.4,0
2020/9/23 3:00,0,0,0,0,0,32.7,32.7,90.6,1.6,89,2.3,83.2,78.8,0
2020/9/23 4:00,0,0,0,0,0,28,28,88.2,1.5,86.7,2.2,81.5,77.6,0
2020/9/23 5:00,0,0,0,0,0,35.6,35.6,83.2,1.2,82,1.7,77.6,74.5,0.08520000000000001
2020/9/23 6:00,45.2,56561.2,23,22.136,14.7,73.2,73.2,79.6,1.2,78.7,1.7,75.2,72.6,1.193012505
2020/9/23 7:00,146.7,336265.9,81.4,85.781,40.7,32.2,32.2,75.6,1.7,74.6,2.5,70.9,68.1,1.012912485
2020/9/23 8:00,256.9,729038.4,96.7,144.746,23.1,62.1,62.1,76.1,1.3,74.9,1.8,70.8,67.7,1.6240250100000002
2020/9/23 9:00,349.4,1098727,64.5,164.487,12.1,86.1,86.1,77.6,2.3,77.4,3.3,76.8,76.4,0.33306249
2020/9/23 10:00,412,1380600.5,35.4,161.177,0.7,99.8,99.8,77.7,4,77.8,5.7,78.4,79.1,0.7407374999999999
2020/9/23 11:00,438.2,1541775.2,9.1,121.513,0,100,100,77.3,3.7,77.5,5.2,78.3,79.2,0.5449749899999999
2020/9/23 12:00,425.5,1566254,0.1,70.887,0,100,100,79.4,3,79.6,4.3,80.5,81.3,0.717525
2020/9/23 13:00,375.1,1451720.2,7.4,69.539,25.7,99.3,89,79.5,3,79.7,4.3,80.8,81.8,1.35702501
2020/9/23 14:00,291.9,1209231.7,13.7,96.549,13.2,99.9,90.8,74.7,3.2,74.9,4.6,75.7,76.7,2.294612475
2020/9/23 15:00,186,865033,7.4,98.665,0.8,100,99.5,71.4,2.9,71.5,4.1,72.1,72.9,0.95196249
2020/9/23 16:00,76.8,469306.1,2.5,66.069,24.5,99.6,89.9,71.9,2.1,72,3,72.6,73.4,0.56008749
2020/9/23 17:00,6.5,132041.7,0.1,23.361,23.2,99.7,85.1,77.8,1.7,77.9,2.4,78.4,79.1,0.0039500099999999995
2020/9/23 18:00,0,1815.5,0,1.783,8.2,97.8,82.8,85,1.5,85.1,2.2,85.7,86.5,0
2020/9/23 19:00,0,0,0,0,0,100,99.7,83.9,1.1,83.9,1.6,83.8,83.9,0
2020/9/23 20:00,0,0,0,0,0,99.9,98.9,86.6,0.2,86.6,0.3,86.3,86.2,0
2020/9/23 21:00,0,0,0,0,0,100,97.7,86.8,0.3,86.7,0.5,86.5,86.3,0
2020/9/23 22:00,0,0,0,0,0,100,98.1,87.6,0.7,87.6,1.1,87.8,88,0
2020/9/23 23:00,0,0,0,0,0,99,84.4,89.2,1.4,89.2,2,89.1,89.1,0
2020/9/24 0:00,0,0,0,0,0,100,98.4,90.6,1.6,90.4,2.4,89.4,88.9,0
2020/9/24 1:00,0,0,0,0,0,100,100,88.7,2.9,88.7,4.2,88.9,89.3,0
2020/9/24 2:00,0,0,0,0,0,100,100,89,2.6,88.7,3.7,87.6,86.8,0
2020/9/24 3:00,0,0,0,0,0,100,100,89.6,2.5,89.2,3.6,87.8,86.8,0
2020/9/24 4:00,0,0,0,0,0,100,100,92.8,3.1,92.5,4.5,91.7,91.5,0
2020/9/24 5:00,0,0,0,0,0,100,100,91.3,3.9,91.9,5.7,94.3,95.2,0
2020/9/24 6:00,41.5,48602.1,0,1.912,0,100,100,93.1,4.4,93.3,6.4,94.2,95.3,0.0795375
2020/9/24 7:00,140.9,318475.5,0,8.318,0.4,100,100,95,4.1,95.3,6,96.3,97.2,0.1471875
2020/9/24 8:00,250.3,706633.6,0,19.497,0.2,100,100,94.5,4.3,94.4,6.2,94,93.8,0.35513751
2020/9/24 9:00,342.4,1074391.3,0,32.579,0,100,100,91.1,4.9,91.1,7,90.9,90.7,0.177212505
2020/9/24 10:00,404.7,1355057.4,0,46.893,6.7,100,94.7,88.1,5.3,88,7.6,87.5,87.2,0.4987875
2020/9/24 11:00,430.7,1515262.4,3.2,65.015,7.8,99.1,93.6,88.7,5.2,88.5,7.5,87.7,87.1,2.09158755
2020/9/24 12:00,417.8,1538909.3,42.2,105.773,33,80.5,65,87.3,5.3,87,7.6,85.9,85,2.136362475
2020/9/24 13:00,367.2,1423736.2,67,150.328,19.4,75.8,72.9,88.5,4.7,87.8,6.7,85.5,83.7,4.03952505
2020/9/24 14:00,284.1,1180996.9,26,118.573,0.5,99.3,99.3,88.2,3.9,87.4,5.6,84.5,82.3,4.917812549999999
2020/9/24 15:00,178.6,837440.3,0.8,45.19,0,100,100,92.1,2.9,90.2,4.2,83.5,79,3.072474975
2020/9/24 16:00,71,444869.4,24.4,32.856,59.9,0.1,0.1,81.5,3.6,79.9,5.2,74.2,70.1,0.60631251
2020/9/24 17:00,3.7,117612.1,1.3,25.52,59.5,1.2,1,76.8,3.9,75.2,5.6,69.3,65.2,0
2020/9/24 18:00,0,1044.9,0,1.446,12.9,1.1,1.1,75.8,3.8,74.3,5.5,69.2,65.7,0
2020/9/24 19:00,0,0,0,0,0,16.1,11.8,66.4,4.4,65.5,6.4,62.3,60.2,0
2020/9/24 20:00,0,0,0,0,0,36.1,31.7,66.6,4.2,65.8,6.1,63,61.3,0
2020/9/24 21:00,0,0,0,0,0,12.8,11.9,65.4,4.5,64.6,6.5,61.9,60.3,0
2020/9/24 22:00,0,0,0,0,0,15,9.5,66.2,4.1,65.4,5.8,62.5,60.7,0
2020/9/24 23:00,0,0,0,0,0,86.4,86,66.7,3,65.8,4.3,62.6,60.6,0
2020/9/25 0:00,0,0,0,0,0,37.3,37.3,67.9,2.5,67,3.6,64.1,62.2,0
2020/9/25 1:00,0,0,0,0,0,93.2,89.3,74.8,5.3,74.9,7.6,75.3,75.8,0
2020/9/25 2:00,0,0,0,0,0,80.3,71.8,78.4,5.4,78.6,7.8,79.6,80.6,0
2020/9/25 3:00,0,0,0,0,0,99.3,97.7,80.3,5.4,80.4,7.8,81.1,81.9,0
2020/9/25 4:00,0,0,0,0,0,99.9,99.8,82.8,5.7,83,8.2,83.9,84.8,0
2020/9/25 5:00,0,0,0,0,0,100,99.9,88.8,5.1,88.8,7.4,88.8,89,0.0441375
2020/9/25 6:00,38,43138.8,0.4,3.089,13.9,99.9,92.6,85.4,5.4,85.4,7.8,85.5,85.6,0.382174995
2020/9/25 7:00,135.2,301003.5,4.8,16.584,12.5,98.6,96.8,88.8,4.7,88.8,6.8,88.8,89,0.8014249799999998
2020/9/25 8:00,243.8,684278.4,19.9,52.315,18.7,86.7,85.3,87.3,4,87.3,5.8,87.4,87.7,1.4587750050000001
2020/9/25 9:00,335.5,1050014.6,55.6,114.302,24.9,72.8,72.6,85.1,3.7,85.1,5.3,85.2,85.4,2.155787475
2020/9/25 10:00,397.5,1329437.2,111.2,190.986,33.1,58.7,58.3,80.5,3.1,80.6,4.4,81.2,81.7,4.72443735
2020/9/25 11:00,423.2,1488660.8,183.4,265.385,43.3,46.8,45.9,73.8,3,74,4.4,75.3,76.6,3.91328745
2020/9/25 12:00,410.1,1511480.8,108,246.308,40.7,58.6,52.6,67.9,2.5,68.1,3.7,68.8,70,6.4776
2020/9/25 13:00,359.4,1395690.4,1.4,129.238,0,100,100,77.3,2.1,77.5,3,78.4,79.9,6.473699849999999
2020/9/25 14:00,276.3,1152746.1,3.4,57.64,0.1,100,100,78.7,1.7,78.8,2.4,79.8,81.2,1.58346249
2020/9/25 15:00,171.2,809929.9,2.3,40.982,1.1,100,99.9,80.3,1.5,80.3,2.1,80.5,81.2,0.71995002
2020/9/25 16:00,65.3,420788.3,1.2,24.943,5.2,100,98.9,80.9,1.6,80.9,2.2,81,81.6,0.138287505
2020/9/25 17:00,1,103802.9,0.4,8.968,11.9,100,94.3,81.9,1.6,81.7,2.2,81.5,81.8,0
2020/9/25 18:00,0,273.8,0,0.178,6.2,100,77.3,86.2,1.3,86,1.9,85.6,85.6,0
2020/9/25 19:00,0,0,0,0,0,100,86,87.3,1.1,87,1.6,86.4,86.6,0
2020/9/25 20:00,0,0,0,0,0,100,70.3,89.3,1.5,89,2.2,88.2,88.2,0
2020/9/25 21:00,0,0,0,0,0,100,93.6,87.8,2.1,87.5,2.9,86.8,86.7,0
2020/9/25 22:00,0,0,0,0,0,100,96.4,87.3,2.4,87,3.4,86.5,86.7,0
2020/9/25 23:00,0,0,0,0,0,100,97.9,87.7,2.3,87.4,3.3,86.9,86.9,0
2020/9/26 0:00,0,0,0,0,0,100,99.4,86.1,2.2,85.8,3.1,85.3,85.6,0
2020/9/26 1:00,0,0,0,0,0,100,97.4,83.6,1.9,83.4,2.8,83.2,83.8,0
2020/9/26 2:00,0,0,0,0,0,100,99.3,82.5,2,82.3,2.8,82,82.6,0
2020/9/26 3:00,0,0,0,0,0,100,93,80.7,2.3,80.5,3.3,80.1,80.7,0
2020/9/26 4:00,0,0,0,0,0,100,59.5,80.1,2.2,79.7,3.1,79.1,79.8,0
2020/9/26 5:00,0,0,0,0,0,100,53.3,76.3,2.2,76,3.1,75.3,75.7,0.008822729999999999
2020/9/26 6:00,34.6,37891.8,0.2,9.364,43.3,100,54.9,74.7,2,74.4,2.8,73.5,73.9,0.189424995
2020/9/26 7:00,129.5,283875.7,1.7,41.693,49.7,100,58.6,74.6,1.8,74.3,2.6,73.6,74.3,0.45001251
2020/9/26 8:00,237.2,661986,3.3,84.054,51.9,100,56.7,69.8,2.1,69.6,3.1,69.1,70.2,0.7646750099999999
2020/9/26 9:00,328.5,1025606.4,4.4,118.416,54.4,100,54.8,66.5,1.9,66.3,2.7,65.9,67.3,1.43985
2020/9/26 10:00,390.2,1303748.9,11,153.255,59.5,100,50.7,63,1.7,62.8,2.5,62.2,63.6,2.0298
2020/9/26 11:00,415.6,1461979.6,25.8,190.066,58.2,100,51.7,60.9,1.5,60.7,2.2,60.1,61.4,2.0368499250000003
2020/9/26 12:00,402.3,1483978.8,30.5,207.31,57.1,100,52.4,60.3,1.2,60.2,1.7,59.7,61.2,1.006437495
2020/9/26 13:00,351.5,1367594.4,21.5,192.767,32.4,100,78.9,67.7,1.1,67.6,1.6,67.3,69,0.69415002
2020/9/26 14:00,268.5,1124493.3,10.9,155.624,24.4,100,79.9,65.5,0.9,65.4,1.3,65,66.6,0.47448748499999993
2020/9/26 15:00,163.9,782521.4,7.7,111.034,53.1,99.4,57,65.5,0.8,65.3,1.2,64.7,65.6,0.35566251
2020/9/26 16:00,59.9,397100.7,14.1,69.619,54.4,64.7,40.2,72.5,0.8,71.9,1.1,69.8,69.4,0.14056249499999998
2020/9/26 17:00,0,91058.2,0,25.25,54.7,16.5,16.1,77.4,0.9,76.5,1.2,73.6,72.6,0
2020/9/26 18:00,0,0,0,0,4.6,27.2,27.2,83.9,0.5,82.6,0.7,78.5,76.8,0
2020/9/26 19:00,0,0,0,0,0,12,12,89.1,0.1,87.6,0.1,82.9,80.7,0
2020/9/26 20:00,0,0,0,0,0,1.2,1.2,91.9,0.4,90.4,0.5,85.6,83.3,0
2020/9/26 21:00,0,0,0,0,0,3.7,3.7,89.9,0.8,89.1,1.2,86.3,84.9,0
2020/9/26 22:00,0,0,0,0,0,18.8,18.8,92.7,1.1,91.8,1.6,88.9,87.2,0
2020/9/26 23:00,0,0,0,0,0,24,24,93.2,1.1,92.5,1.6,90.2,88.6,0
2020/9/27 0:00,0,0,0,0,0,26.2,26.2,94.3,1.2,93.8,1.7,91.8,90.3,0
2020/9/27 1:00,0,0,0,0,0,49.7,48.8,89.5,1.5,89.1,2.1,87.8,86.9,0
2020/9/27 2:00,0,0,0,0,0,33,20.2,92.2,1.7,91.8,2.4,90.2,89.2,0
2020/9/27 3:00,0,0,0,0,0,10.5,10.5,94.4,1.8,93.9,2.6,92.1,91,0
2020/9/27 4:00,0,0,0,0,0,19.7,16,95.1,2,94.6,2.9,93,91.6,0
2020/9/27 5:00,0,0,0,0,0,34.8,23.8,91.4,2.6,90.9,3.7,89.4,87.9,0.031401135
2020/9/27 6:00,31.4,32833.3,14.8,16.263,39.4,42.9,27.7,90,2.9,89.6,4.1,88.3,86.5,1.24452501
2020/9/27 7:00,123.8,267118,80.2,79.829,59.8,42,21.1,84.4,2.5,84.3,3.7,83.9,82.6,4.249825049999999
2020/9/27 8:00,230.7,639770.3,150.5,171.769,60,66.5,33.2,77.4,2.4,77.4,3.4,77.2,76.5,6.150724950000001
2020/9/27 9:00,321.5,1001176.4,214.4,253.836,58.8,34.2,18.1,71.7,2.5,71.6,3.7,71.1,70.9,8.1223623
2020/9/27 10:00,382.9,1278001.6,284,322.803,60,1.5,0.7,67.5,2.9,67.3,4.1,66.7,67.1,9.102125099999999
2020/9/27 11:00,408.1,1435228.6,316.4,368.081,59.6,0.6,0.6,65.5,2.9,65.1,4.2,64.2,64.5,9.0350625
2020/9/27 12:00,394.6,1456413.9,292.3,371.444,58.4,2.6,2.6,64.8,3,64.2,4.3,62.8,62.6,8.3950248
2020/9/27 13:00,343.7,1339460.2,249.6,338.689,60,0,0,65.8,2.8,65.2,4.1,63.1,62.2,7.0478250000000005
2020/9/27 14:00,260.7,1096252.8,195.9,284.544,60,0,0,68.3,2.7,67.5,3.8,65.1,63.8,4.8986124
2020/9/27 15:00,156.7,755234.7,114.7,207.272,60,0,0,71.8,2.4,70.9,3.4,67.8,66.2,2.1431499749999996
2020/9/27 16:00,54.6,373845.8,35.8,111.506,60,0,0,76.1,2.1,75,3,71.5,69.4,0.460087485
2020/9/27 17:00,0,79108.3,0,30.621,59.6,0.7,0.7,82.2,1.8,80.7,2.6,76,73.3,0
2020/9/27 18:00,0,0,0,0,3,0.8,0.8,89,1.8,87.5,2.5,82.3,79,0
2020/9/27 19:00,0,0,0,0,0,0,0,88.5,1.6,87.2,2.3,82.2,78.8,0
2020/9/27 20:00,0,0,0,0,0,1.6,0.8,91.3,1.3,89.7,1.9,83.9,80,0
2020/9/27 21:00,0,0,0,0,0,11.2,5.6,93.2,1.2,91.6,1.7,85.6,81.3,0
2020/9/27 22:00,0,0,0,0,0,12.8,6.5,94,1.3,92.5,1.9,86.8,82.6,0
2020/9/27 23:00,0,0,0,0,0,20.5,10.7,96,1.5,94.6,2.1,89,84.7,0
2020/9/28 0:00,0,0,0,0,0,65.3,35.3,96.6,1.5,95.3,2.2,90.1,86.1,0
2020/9/28 1:00,0,0,0,0,0,99.4,77.8,90.8,2.1,89.8,3,86.4,84.1,0
2020/9/28 2:00,0,0,0,0,0,99.9,84.3,90.2,2.1,89.3,3,85.8,83.2,0
2020/9/28 3:00,0,0,0,0,0,99,88.9,89.2,1.8,88.2,2.5,84.2,81.3,0
2020/9/28 4:00,0,0,0,0,0,93.8,89.5,90.5,1.5,89.4,2.1,85,81.7,0
2020/9/28 5:00,0,0,0,0,0,66.4,64.3,88.3,1.4,87.3,2.1,82.8,79.5,0.005912129999999985
2020/9/28 6:00,28.3,27930.5,3.3,7.223,34.6,18,16.8,87.6,1.4,86.6,2,82.7,80,0.13117499999999999
2020/9/28 7:00,118.2,250755.6,8.9,28.062,1.9,97.2,97,85.4,1.2,84.4,1.7,80.2,77.1,0.59472501
2020/9/28 8:00,224.1,617646,15.5,56.203,4.9,91.8,91.8,83.7,1.3,82.8,1.9,79,76.1,2.047175025
2020/9/28 9:00,314.5,976734.7,37,93.743,8.2,86.3,86.3,84.7,1,83.8,1.4,79.6,76.6,5.807724899999999
2020/9/28 10:00,375.6,1252204.5,64.1,140.58,13.3,77.9,77.9,82.7,1,82.1,1.5,78.8,76.2,7.9610123999999995
2020/9/28 11:00,400.5,1408417.3,65.4,167.917,7.6,87.3,87.3,83.1,1.1,82.5,1.6,79.7,77.3,8.1180501
2020/9/28 12:00,386.8,1428796.8,107.1,192.477,21.6,64,64,82.5,1.4,81.8,2,78.9,76.6,7.660912199999999
2020/9/28 13:00,335.8,1311300,189.5,245.335,58.5,2.4,2.4,77,1.5,76.1,2.2,72.8,70.3,6.3885999
2020/9/28 14:00,253,1068039.5,185.6,259.894,59.1,1.5,1.5,76.6,1.6,75.4,2.3,71.5,68.8,4.247500049999999
2020/9/28 15:00,149.5,728090.8,106.5,197.741,59.6,0.7,0.7,77.7,1.8,76.6,2.7,72.7,69.9,1.9543250249999997
2020/9/28 16:00,49.6,351064.1,31.4,104.061,59.4,1,1,77.9,2,76.9,2.9,73.3,70.7,0.29652501
2020/9/28 17:00,0,67651.1,0,27.641,58.9,0.1,0.1,79.1,2,78.1,2.8,74.5,71.9,0
2020/9/28 18:00,0,0,0,0,0,0,0,82.8,1.8,81.6,2.6,77.5,74.7,0
2020/9/28 19:00,0,0,0,0,0,44.5,22.3,83,1.8,81.8,2.6,77.4,74.3,0
2020/9/28 20:00,0,0,0,0,0,51.3,25.6,84.7,1.8,83.4,2.6,78.8,75.4,0
2020/9/28 21:00,0,0,0,0,0,76.3,38.1,86.9,1.5,85.5,2.2,80.4,76.7,0
2020/9/28 22:00,0,0,0,0,0,62.3,31.2,89.1,1.4,87.7,2,82.9,79.5,0
2020/9/28 23:00,0,0,0,0,0,52,26,90.2,1.2,88.7,1.7,83.7,80.6,0
2020/9/29 0:00,0,0,0,0,0,12.9,8.1,88.7,0.5,87.8,0.7,84.3,81.8,0
2020/9/29 1:00,0,0,0,0,0,56.5,56.5,93.3,1.3,92.7,1.8,90.3,88.4,0
2020/9/29 2:00,0,0,0,0,0,61.1,61.1,98.9,1.3,98.7,1.8,97.4,96.1,0
2020/9/29 3:00,0,0,0,0,0,97.4,97.4,98.6,0.6,98.2,0.9,96.4,95,0
2020/9/29 4:00,0,0,0,0,0,99.9,99.9,96.6,0.6,96.3,0.9,95.1,94.3,0
2020/9/29 5:00,0,0,0,0,0,100,100,95.9,0.7,95.5,0.9,94.1,93.1,0.039119325
2020/9/29 6:00,25.4,23145.7,5.8,7.546,0,100,100,94.2,0.4,93.8,0.5,92.1,91,0.9273624899999999
2020/9/29 7:00,112.6,234813.1,45.9,54.083,24.4,61.6,61.6,91.1,0.5,90.8,0.8,88.9,87.1,3.1942500000000003
2020/9/29 8:00,217.6,595628.2,69.5,119.55,21,68.6,68.6,86.3,0.8,85.9,1.2,84.3,82.9,5.311950149999999
2020/9/29 9:00,307.5,952291.9,101.7,172.063,28.2,57,57,83.1,0.9,82.7,1.3,81.3,80.2,6.7557375
2020/9/29 10:00,368.2,1226367.3,139,223.862,29.1,55.6,55.6,80,0.9,79.6,1.3,78.3,77.4,7.54862505
2020/9/29 11:00,392.9,1381555.8,121.4,244.278,27,58.6,58.6,75.5,1,75.4,1.5,75.2,75.3,7.7543372999999995
2020/9/29 12:00,379,1401138.4,162.8,251.455,25,60.6,60.6,71.5,0.7,71.5,1,72.1,72.8,7.06069995
2020/9/29 13:00,327.9,1283126.2,168.4,261.141,43.2,30.6,30.6,70,0.8,70.1,1.1,70.7,71.3,5.926874850000001
2020/9/29 14:00,245.2,1039868.2,83.7,215.287,23.3,64.2,64.2,71.4,0.6,71.4,0.8,71.7,72.1,3.589424925
2020/9/29 15:00,142.4,701110.9,55.5,143.342,47.6,28.8,28.8,77,0.9,76.5,1.3,75.1,74.3,1.3341
2020/9/29 16:00,44.8,328797.3,21.7,79.484,54.1,16.5,16.5,86,1.1,85.3,1.6,82.2,80.1,0.048112499999999996
2020/9/29 17:00,0,56664.3,0,22.278,51.2,13.3,13.3,93.3,1.2,92.6,1.8,89.4,86.9,0
2020/9/29 18:00,0,0,0,0,0,16.6,16.6,100,1,100,1.5,97.8,95.2,0
2020/9/29 19:00,0,0,0,0,0,9.5,9.5,100,0.4,100,0.5,100,98.6,0
2020/9/29 20:00,0,0,0,0,0,36.1,36.1,100,0.4,100,0.6,100,98.7,0
2020/9/29 21:00,0,0,0,0,0,46.1,46.1,100,0.8,100,1.1,100,97.2,0
2020/9/29 22:00,0,0,0,0,0,34.3,34.2,100,1,100,1.4,97.8,94.3,0
2020/9/29 23:00,0,0,0,0,0,17.7,12.8,100,1.1,100,1.5,96.1,92.5,0
2020/9/30 0:00,0,0,0,0,0,10.8,10.6,99.9,1.1,98.8,1.6,94.7,91.4,0
2020/9/30 1:00,0,0,0,0,0,19.4,19.3,100,0.6,100,0.9,96.5,93.2,0
2020/9/30 2:00,0,0,0,0,0,50.9,50.5,100,0.6,100,0.9,96.5,92.8,0
2020/9/30 3:00,0,0,0,0,0,72.9,69.3,100,0.6,99.9,0.8,96.1,92.7,0
2020/9/30 4:00,0,0,0,0,0,76.6,76.6,99.2,0.5,98.3,0.7,94.7,91.3,0
2020/9/30 5:00,0,0,0,0,0,70.6,70.5,93.5,0.4,92.7,0.6,89.4,86.3,0.022962509999999985
2020/9/30 6:00,22.7,19300.4,8.5,10.279,29.2,28.8,28.8,91.9,0.6,90.6,0.9,85.7,81.7,1.065199995
2020/9/30 7:00,107.1,219313.1,65.2,63.983,57.3,7.6,7.6,77.9,1.5,77.2,2.1,74.4,72.4,4.1745249
2020/9/30 8:00,211.1,573732.9,140.9,153.444,56.8,5.6,5.6,74.5,1.6,73.6,2.3,70.4,68.1,6.0337749
2020/9/30 9:00,300.5,927858.6,214.8,239.872,57.2,4.7,4.7,71.2,1.2,70.3,1.7,67.3,65.2,7.4075999999999995
2020/9/30 10:00,360.9,1200499.9,258.6,305.097,52.4,13,13,65.8,1,65.3,1.4,63.4,62.3,8.3598252
2020/9/30 11:00,385.3,1354654.5,267.8,337.345,52.7,22.4,17.4,62.9,0.9,62.2,1.3,60.2,59.3,8.7507498
2020/9/30 12:00,371.3,1373450.1,219.2,328.163,56.2,16.8,11.6,62.3,1.2,61.5,1.7,58.8,57.5,7.3342749000000005
2020/9/30 13:00,320.1,1254951.6,179.3,290.323,56.9,44.3,25,65.2,0.8,64.3,1.2,61.2,59.2,3.836325
2020/9/30 14:00,237.5,1011754.3,155.9,245.865,59.3,47.3,24.3,69.3,1,68.2,1.5,64.3,61.8,0.9628125000000001
2020/9/30 15:00,135.4,674317.1,87,180.821,59.4,33.5,17.5,72.6,1,71.4,1.4,67.2,64.4,1.274775
2020/9/30 16:00,40.3,307087.7,22,92.382,59.7,43,21.7,76.4,1.3,74.8,1.8,69.3,65.7,0.36587499
2020/9/30 17:00,0,47157.6,0,22.886,53,0,0,77.2,1.8,75.7,2.6,70.7,67.5,0
2020/9/30 18:00,0,0,0,0,0,7.7,3.9,79.4,1.9,78.1,2.8,73.4,70.3,0
2020/9/30 19:00,0,0,0,0,0,8.1,4.1,81.6,1.8,80.5,2.6,75.8,72.5,0
2020/9/30 20:00,0,0,0,0,0,25.8,12.9,81.2,1.7,80.1,2.5,75.6,72.4,0
2020/9/30 21:00,0,0,0,0,0,16.7,8.9,81.5,1.7,80.6,2.4,76.9,74.3,0
2020/9/30 22:00,0,0,0,0,0,4,2.4,82.8,1.5,81.9,2.2,78.6,76.4,0
2020/9/30 23:00,0,0,0,0,0,7.9,4.4,84.4,1.4,83.5,2,80.5,78.6,0
2020/10/1 0:00,0,0,0,0,0,20.8,11.4,85.1,1.5,84.2,2.2,81.3,79.4,0
2020/10/1 1:00,0,0,0,0,0,0.5,0.4,83.1,1.8,82.2,2.6,79.3,77.4,0
2020/10/1 2:00,0,0,0,0,0,3.3,1.8,84.3,1.4,83.4,2,80,77.9,0
2020/10/1 3:00,0,0,0,0,0,7.5,3.9,85,1.6,84.1,2.3,81,79.1,0
2020/10/1 4:00,0,0,0,0,0,23.8,12,85.8,1.7,84.9,2.5,81.8,79.8,0
2020/10/1 5:00,0,0,0,0,0,21.7,10.8,84.1,1.7,83.2,2.4,79.7,77.5,0.035236364999999985
2020/10/1 6:00,20.1,15717,9.3,10.495,33,46.3,23.1,83.1,1.8,82.1,2.6,78.6,76.3,0.9553625099999999
2020/10/1 7:00,101.7,204275.4,65.1,64.641,60,54.4,27.2,76.4,2,75.9,2.9,73.8,72.6,4.11441255
2020/10/1 8:00,204.6,551976.6,137.5,153.594,59.8,35.9,18.1,71.8,2.3,71.2,3.3,69.3,68.3,6.7069125
2020/10/1 9:00,293.5,903446,213.3,238.993,59.3,26.4,13.8,67.7,2.4,67,3.5,65,64.2,8.134575
2020/10/1 10:00,353.6,1174612.5,272.4,307.985,59.2,42.6,22,64.4,2.5,63.6,3.6,61.5,60.7,8.225775
2020/10/1 11:00,377.7,1327723.7,292.8,347.153,59.1,34.2,17.9,62,2.5,61.1,3.6,58.5,57.3,9.0270375
2020/10/1 12:00,363.5,1345743.1,276,350.478,59.5,44.4,22.6,60.6,2.9,59.7,4.2,57,55.8,8.3031249
2020/10/1 13:00,312.2,1226789.1,238.7,322.72,59.5,22.4,11.6,59.1,2.8,58.1,4,55,53.7,6.6534624
2020/10/1 14:00,229.8,983713.4,178.2,267.179,60,3.5,1.8,60.2,3.1,59.2,4.4,56.4,55.2,5.0201749499999995
2020/10/1 15:00,128.4,647732.3,96.8,186.426,60,0,0,62.6,3.2,61.7,4.6,59,57.8,1.6229625
2020/10/1 16:00,36,285977.9,23.4,91.547,60,0,0,66.1,2.9,65.1,4.2,62,60.5,0.181450005
2020/10/1 17:00,0,40508.4,0,21.345,49,50.5,25.2,69.5,2.6,68.4,3.7,65.1,63.5,0
2020/10/1 18:00,0,0,0,0,0,15.2,7.6,75.3,2.2,74.1,3.2,70.5,68.6,0
2020/10/1 19:00,0,0,0,0,0,0,0,76.4,2.4,75.3,3.4,71.8,69.9,0
2020/10/1 20:00,0,0,0,0,0,0,0,78.2,2.4,77,3.5,73.3,71.3,0
2020/10/1 21:00,0,0,0,0,0,0,0,78.7,2.6,77.6,3.7,74,72.3,0
2020/10/1 22:00,0,0,0,0,0,0.8,0.8,78.6,2.8,77.6,4,74.5,73,0
2020/10/1 23:00,0,0,0,0,0,1.2,1.2,79.7,3,78.9,4.3,76.2,74.9,0
2020/10/2 0:00,0,0,0,0,0,0.8,0.8,80.1,3.1,79.3,4.5,76.8,75.6,0
2020/10/2 1:00,0,0,0,0,0,0,0,81.9,3.4,81.1,4.9,78.5,77.3,0
2020/10/2 2:00,0,0,0,0,0,0,0,81.8,3.3,80.9,4.7,78.3,77,0
2020/10/2 3:00,0,0,0,0,0,0.8,0.8,83.1,3.1,82.3,4.5,79.5,78,0
2020/10/2 4:00,0,0,0,0,0,48.5,24.9,84.6,3.1,83.7,4.5,80.7,79,0
2020/10/2 5:00,0,0,0,0,0,81.9,41.4,81.7,3.2,80.9,4.5,78.2,76.7,0.017398335
2020/10/2 6:00,17.6,12167.6,7.3,8.978,29.8,50.1,25.4,78.5,3.2,77.7,4.6,75.2,74,0.2902875
2020/10/2 7:00,96.4,189716.3,67,61.313,59.4,8.1,4.6,73.4,3.2,72.8,4.6,70.8,70.1,1.78575
2020/10/2 8:00,198.1,530376.7,148.5,152.189,59.1,11.5,6.5,68.1,3.4,67.6,4.9,66,65.6,5.63233755
2020/10/2 9:00,286.4,879065.7,219.1,238.591,59.2,1.4,1.3,64,3.3,63.5,4.8,61.8,61.4,5.71682505
2020/10/2 10:00,346.2,1148715.5,268.1,303.73,59.5,4,2.4,60.1,3.4,59.5,4.9,57.6,57.4,5.249325
2020/10/2 11:00,370.1,1300774.3,286,340.058,58.2,7.1,5,58.3,3.6,57.6,5.1,55.7,55.4,6.13033755
2020/10/2 12:00,355.7,1318029.3,271.6,343.363,58.9,1.9,1.9,58.1,3.6,57.4,5.2,55.3,54.9,5.5033373999999995
2020/10/2 13:00,304.4,1198651.9,231.4,314.633,59.3,1.5,1.3,58.7,3.8,58,5.4,55.8,55.6,4.74241245
2020/10/2 14:00,222.2,955761.7,169.2,257.802,59.6,0.7,0.7,61.6,3.9,60.9,5.6,59,58.7,1.7278874999999998
2020/10/2 15:00,121.6,621380,88.7,177.193,59.1,15.5,8.5,64.4,3.7,63.7,5.4,61.5,61,0.5562374999999999
2020/10/2 16:00,32,265509.6,19,83.989,59.1,22.3,11.9,68,3.5,67.2,5,64.5,63.5,0.088362495
2020/10/2 17:00,0,34195.5,0,18.262,45.6,6.5,3.6,71.7,3.4,70.8,4.8,67.9,66.7,0
2020/10/2 18:00,0,0,0,0,0,0,0,77.6,3.1,76.5,4.4,73,71.4,0
2020/10/2 19:00,0,0,0,0,0,0,0,79,2.8,78,4,74.5,72.8,0
2020/10/2 20:00,0,0,0,0,0,0,0,80.2,2.9,79.1,4.2,75.7,74.2,0
2020/10/2 21:00,0,0,0,0,0,0.8,0.8,81.3,2.8,80.3,4,77,75.7,0
2020/10/2 22:00,0,0,0,0,0,1.5,1.5,83.3,2.7,82.2,3.9,78.5,76.9,0
2020/10/2 23:00,0,0,0,0,0,3.8,2.3,84.6,2.6,83.4,3.8,79.6,77.9,0
2020/10/3 0:00,0,0,0,0,0,3.3,2.3,86.7,2.5,85.3,3.6,80.9,78.8,0
2020/10/3 1:00,0,0,0,0,0,4.6,3.3,86.4,2.6,85.4,3.7,82,80.2,0
2020/10/3 2:00,0,0,0,0,0,49.2,25.5,86.7,2.6,85.6,3.7,81.8,79.8,0
2020/10/3 3:00,0,0,0,0,0,45.4,23.5,87,2.7,86,3.8,82.5,80.6,0
2020/10/3 4:00,0,0,0,0,0,31.5,16.6,87.6,2.4,86.5,3.4,82.9,80.8,0
2020/10/3 5:00,0,0,0,0,0,28,14.8,85.8,2.3,84.7,3.3,81,78.8,0.02727834
2020/10/3 6:00,15.3,8642.5,6.5,8.083,27.4,16.1,10.2,83.3,2.5,82.4,3.6,79.4,77.5,0.6048124800000001
2020/10/3 7:00,91.1,175647.1,62.3,58.121,59.4,9.9,5.5,79.1,2.4,78.6,3.4,76.8,75.3,2.275925025
2020/10/3 8:00,191.6,508951.5,145.6,147.847,58.6,3.6,3.4,73.9,2.4,73.5,3.4,72.2,71.7,4.34758755
2020/10/3 9:00,279.4,854729.6,212.4,233.364,57,13,10.8,69.1,2.4,68.5,3.5,66.9,66.6,5.64563745
2020/10/3 10:00,338.8,1122819.6,257.3,296.327,58.2,16.1,10.8,63.1,3.2,62.5,4.6,60.9,61,5.712674850000001
2020/10/3 11:00,362.5,1273817.2,280.2,332.874,58.6,4.4,4.3,59.5,3.7,58.9,5.3,57.5,57.6,5.629449900000001
2020/10/3 12:00,347.9,1290320.6,272.9,339.436,59.2,2.1,2.1,58.7,4,58.2,5.7,57,57.1,5.3655126
2020/10/3 13:00,296.6,1170553.4,229.2,312.011,57.5,4.2,4.2,60.2,3.7,59.7,5.3,58.5,58.7,4.18436235
2020/10/3 14:00,214.6,927915.3,160,252.222,56.7,5.6,5.6,62.7,3.5,62.1,5,60.7,60.5,2.779537425
2020/10/3 15:00,114.9,595284.4,82.5,170.025,58.7,2.7,2.7,64.6,3.7,64,5.2,62.5,62.1,0.53138751
2020/10/3 16:00,28.2,245722.7,15.8,78.443,59.6,1.3,1.3,68.1,3.5,67.5,5,65.9,65.5,0.046975005
2020/10/3 17:00,0,28158,0,15.962,40.8,2.8,2.8,73,3.3,72.3,4.8,70.6,70.1,0
2020/10/3 18:00,0,0,0,0,0,7.4,7.4,79.1,3.2,78.5,4.5,76.9,76.3,0
2020/10/3 19:00,0,0,0,0,0,24.8,24.8,80.4,2.6,79.8,3.7,77.8,77,0
2020/10/3 20:00,0,0,0,0,0,23.9,23.9,81.6,2.6,81,3.7,78.8,77.6,0
2020/10/3 21:00,0,0,0,0,0,14.5,13.2,81.9,2.7,81.3,3.9,79.3,78.2,0
2020/10/3 22:00,0,0,0,0,0,12,10.9,82,2.7,81.3,3.9,79.5,78.5,0
2020/10/3 23:00,0,0,0,0,0,7.4,7.4,83.5,2.6,82.9,3.8,80.8,79.6,0
2020/10/4 0:00,0,0,0,0,0,8.6,8.6,85.4,2.7,84.8,3.9,82.4,81,0
2020/10/4 1:00,0,0,0,0,0,27.8,27.8,82.5,2.9,82,4.2,80.3,79.3,0
2020/10/4 2:00,0,0,0,0,0,13.7,13.7,83.4,2.8,83,4.1,81.3,80.3,0
2020/10/4 3:00,0,0,0,0,0,2.8,2.8,84.3,2.6,83.8,3.8,82.1,81.2,0
2020/10/4 4:00,0,0,0,0,0,4.5,4.5,84.1,2.7,83.7,3.9,82.1,81.1,0
2020/10/4 5:00,0,0,0,0,0,5.7,5.7,82.6,2.6,82.1,3.8,80.4,79.4,0
2020/10/4 6:00,13,5133.7,5.8,7.324,21.1,16.4,16.4,80.9,2.5,80.5,3.6,79.2,78.3,0.11809999499999999
2020/10/4 7:00,85.9,162073.6,56.8,53.669,54.1,12.3,12.3,78.6,2.8,78.3,4.1,77.1,76.3,1.843549995
2020/10/4 8:00,185.2,487719.8,132.2,138.708,53.4,13.3,13.3,72.9,3,72.6,4.3,71.5,71,2.7036374999999997
2020/10/4 9:00,272.4,830450,203.1,223.704,57.1,9.5,7.6,68.4,3.1,68.2,4.5,67.3,67.1,0.7533874799999999
2020/10/4 10:00,331.5,1096935.7,253.7,289.713,58.1,4.8,4.1,64,3.2,63.8,4.6,63,63,2.5760500499999996
2020/10/4 11:00,354.9,1246863.6,266,324.645,55.1,8.8,8.8,62.3,3.1,62,4.4,61.3,61.2,2.0650125
2020/10/4 12:00,340.2,1262629,235.1,321.48,55,10.7,10.7,62.2,3.2,61.9,4.6,60.9,60.7,2.6218749750000003
2020/10/4 13:00,288.8,1142507.5,168.7,281.946,56.2,63.6,35.5,64.9,3.4,64.6,4.9,63.6,63.2,1.5317374949999998
2020/10/4 14:00,207,900191,127.5,223.924,57.7,19.8,12.2,65.1,3.4,64.7,4.9,63.5,62.9,0.902650005
2020/10/4 15:00,108.3,569470.6,62.6,152.875,59.4,56.6,29.4,67,3.5,66.5,5,65.1,64.4,0.19082499
2020/10/4 16:00,24.7,226653.6,8.5,68.23,59.4,43.9,22.5,70.8,3.1,70.3,4.5,68.8,68.1,0.003777269999999985
2020/10/4 17:00,0,22325.4,0,12.539,38.4,27.5,14.6,77.2,2.8,76.6,4,74.8,73.6,0
2020/10/4 18:00,0,0,0,0,0,67.6,41.7,83.5,2.9,82.9,4.2,80.8,79.4,0
2020/10/4 19:00,0,0,0,0,0,94,48,85.6,3.2,85.1,4.6,83.3,81.8,0
2020/10/4 20:00,0,0,0,0,0,89.3,46.8,85.7,2.7,85.1,3.9,82.8,81,0
2020/10/4 21:00,0,0,0,0,0,48.3,25.6,85.6,2.9,84.9,4.1,82.4,80.4,0
2020/10/4 22:00,0,0,0,0,0,8.8,5.2,86.6,3,85.9,4.3,82.9,80.6,0
2020/10/4 23:00,0,0,0,0,0,16,8.9,88.2,2.9,87.4,4.2,84.4,82,0
2020/10/5 0:00,0,0,0,0,0,34.5,19.8,90,3.3,89.2,4.7,86.1,83.8,0
2020/10/5 1:00,0,0,0,0,0,81,80.8,86,3,85.3,4.4,82.9,81,0
2020/10/5 2:00,0,0,0,0,0,87.4,86.9,84.6,3.3,83.9,4.7,81.5,79.7,0
2020/10/5 3:00,0,0,0,0,0,99.4,95.9,84.5,3.7,84,5.3,82.2,80.8,0
2020/10/5 4:00,0,0,0,0,0,98.5,96.9,92.1,3.6,91.5,5.2,89.5,87.8,0
2020/10/5 5:00,0,0,0,0,0,86,85.8,93,3.3,92.2,4.7,89.6,87.4,0
2020/10/5 6:00,10.7,2997.2,0,2.729,1,98.4,97.6,90.7,2.9,89.9,4.2,86.8,84.3,0.003424995
2020/10/5 7:00,80.9,148995.4,0.6,12.878,0,100,100,88.8,3.3,88.2,4.7,85.8,83.6,0.122462505
2020/10/5 8:00,178.8,466701.6,1,34.264,2.2,100,98.4,87.9,3,87.4,4.3,85.4,83.7,0.305412495
2020/10/5 9:00,265.4,806239.6,0.1,45.045,0,100,100,89.2,2.7,88.7,3.9,86.5,84.6,2.18166255
2020/10/5 10:00,324.1,1071075.1,35.3,72.578,21.9,79.3,72.8,88.1,2.6,87.5,3.8,85.2,83.1,1.166175
2020/10/5 11:00,347.3,1219925.1,48,123.402,2.2,96.4,96.4,85,2.3,84.6,3.3,83,81.5,0.965299995
2020/10/5 12:00,332.4,1234967,51.3,147.508,0.3,99.5,99.5,85.1,2,84.7,2.9,83.1,81.8,2.073975
2020/10/5 13:00,281.1,1114527.9,51.6,154.592,2.7,96.1,96.1,87.8,2,87.3,2.9,85.1,83.1,4.3727499
2020/10/5 14:00,199.5,872605.8,11.7,118.438,0,100,100,88,1.7,87.4,2.4,85.1,83.1,2.167512525
2020/10/5 15:00,101.8,543964.4,0,50.879,0,100,100,89.6,1.1,88.8,1.6,85.9,83.7,0.46977501
2020/10/5 16:00,21.5,208333.5,0.1,14.776,0.4,99.5,99.5,89.3,0.9,88.7,1.2,86.3,84.6,0.005575004999999999
2020/10/5 17:00,0,17850.6,0,3.497,0.7,99,99,88.8,0.2,88.4,0.3,86.9,85.7,0
2020/10/5 18:00,0,0,0,0,0,100,100,93.1,1,92.6,1.4,90.9,89.5,0
2020/10/5 19:00,0,0,0,0,0,99.8,99.7,96.1,1,95.7,1.4,94.3,93,0
2020/10/5 20:00,0,0,0,0,0,99.9,99.9,97.4,0.9,97.1,1.3,96.1,95.2,0
2020/10/5 21:00,0,0,0,0,0,98.4,98.4,99.2,0.8,98.9,1.1,97.8,97,0
2020/10/5 22:00,0,0,0,0,0,98.1,98,99.8,0.4,99.6,0.6,98.8,98.1,0
2020/10/5 23:00,0,0,0,0,0,99.7,98.1,99.4,0.5,99.2,0.7,98.1,97.1,0
2020/10/6 0:00,0,0,0,0,0,99.7,96.5,99.2,1,98.9,1.4,97.7,96.3,0
2020/10/6 1:00,0,0,0,0,0,99.7,99.2,98.4,1,98,1.4,96.3,94.4,0
2020/10/6 2:00,0,0,0,0,0,99.9,96.5,98,1.1,97.2,1.6,93.8,90.7,0
2020/10/6 3:00,0,0,0,0,0,99.6,88,97.2,1.4,96.2,2,92.3,88.8,0
2020/10/6 4:00,0,0,0,0,0,99.6,78.4,94.7,1.6,93.6,2.3,89.6,86,0
2020/10/6 5:00,0,0,0,0,0,98.5,67.2,89.2,1.8,88.3,2.5,85.1,82.3,0.1128
2020/10/6 6:00,8.5,2367.7,0.1,2.367,16.6,98,55.6,85.7,1.9,85,2.8,82.2,79.9,0.7044874799999999
2020/10/6 7:00,75.9,136406.2,3.9,21.295,10.2,99,91.1,85.1,2.1,84.5,3,82.3,80.5,3.8410125
2020/10/6 8:00,172.4,445917.3,28.4,67.459,10.4,94.4,88.6,82.3,2.6,81.9,3.7,80.3,79,6.0599874
2020/10/6 9:00,258.5,782111.4,102.1,139.136,16,74.5,73.9,77.3,2.3,77.1,3.3,76.3,75.8,7.701225
2020/10/6 10:00,316.8,1045249.5,177,220.064,25.8,56.9,56.9,72.3,2.2,72,3.1,71.3,71,6.5912999999999995
2020/10/6 11:00,339.7,1193013.2,226.3,279.687,52.8,12,12,67.3,2.3,66.9,3.2,65.8,65.2,8.8818
2020/10/6 12:00,324.7,1207347.2,246.4,305.341,57.3,6.4,6.4,63.7,2.7,63.2,3.8,61.7,60.9,3.105162525
2020/10/6 13:00,273.3,1086628.8,195.2,286.923,60,98.3,49.2,64.4,2.9,63.8,4.2,61.9,60.7,2.387874975
2020/10/6 14:00,192.1,845176.9,132.6,228.191,60,35.3,17.6,67.2,2.8,66.4,4,63.8,62,1.44863751
2020/10/6 15:00,95.5,518792.3,58.7,148.158,60,90.5,45.3,72.2,2.9,71.3,4.1,68.2,66,0.6260249999999999
2020/10/6 16:00,18.5,190785.6,5.2,61.227,60,92.8,46.4,77,3.1,76.1,4.5,72.8,70.4,0.00936819
2020/10/6 17:00,0,13540.9,0,9.45,32,98.4,49.2,82,3.1,81.1,4.4,78,75.8,0
2020/10/6 18:00,0,0,0,0,0,99.2,49.9,88.1,3,87.4,4.3,84.8,82.9,0
2020/10/6 19:00,0,0,0,0,0,99.6,49.8,91.3,2,90.5,2.9,87.7,85.5,0
2020/10/6 20:00,0,0,0,0,0,98.9,50.1,93.8,1.7,92.8,2.5,89.3,86.6,0
2020/10/6 21:00,0,0,0,0,0,95.9,67.6,94.1,1.8,93.2,2.6,89.7,87,0
2020/10/6 22:00,0,0,0,0,0,99,98.9,94.2,1.3,93.2,1.9,89.8,87.1,0
2020/10/6 23:00,0,0,0,0,0,99,97.9,93.2,1.4,92.5,1.9,90,88.2,0
2020/10/7 0:00,0,0,0,0,0,99.9,99.9,94.5,1.1,93.9,1.6,91.4,89.6,0
2020/10/7 1:00,0,0,0,0,0,100,100,97.1,1.1,96.3,1.6,93.2,90.7,0
2020/10/7 2:00,0,0,0,0,0,100,100,97.8,0.7,97.1,0.9,94.1,91.7,0
2020/10/7 3:00,0,0,0,0,0,99.7,99.6,99.2,0.4,98.3,0.6,95,92.4,0
2020/10/7 4:00,0,0,0,0,0,99.7,99.2,100,0.3,99.1,0.5,95.7,93.1,0
2020/10/7 5:00,0,0,0,0,0,99.8,99,99.1,0.6,98.3,0.8,95.2,92.7,0
2020/10/7 6:00,6.2,1739,0,0.866,0,100,100,97.5,0.8,96.6,1.1,93.2,90.5,0.00046250999999999996
2020/10/7 7:00,71.1,124293.4,0,8.59,0,100,100,94.8,1.1,93.7,1.6,89.5,86.1,0.059949989999999995
2020/10/7 8:00,166.1,425388.7,0,23.422,0,100,100,94.7,1,93.5,1.4,89.2,85.7,0.454774995
2020/10/7 9:00,251.5,758079.2,0.8,47.143,0,100,100,95.4,0.7,94.4,1,90.3,87.1,0.59360001
2020/10/7 10:00,309.5,1019470.5,1.3,73.901,0.1,100,100,93.9,0.9,93,1.3,89.4,86.5,0.73904997
2020/10/7 11:00,332.2,1166140.1,1.9,85.785,0,100,100,91.9,1.3,91.2,1.9,88.4,85.9,0.7585125
2020/10/7 12:00,317,1179782.4,2.3,83.376,0.2,100,99.9,89.1,1.4,88.4,2,85.8,83.5,0.6224000099999999
2020/10/7 13:00,265.6,1058824.7,4.4,84.405,2.8,99.9,97.9,88.7,1.8,88,2.6,85.1,82.7,0.5947750199999999
2020/10/7 14:00,184.7,817922,7.8,89.126,7.1,99.1,93.8,87,1.8,86.2,2.6,83.1,80.4,0.17993751
2020/10/7 15:00,89.3,493981.7,6.7,71.976,8,96.6,91.9,87.7,1.5,86.6,2.2,82.7,79.5,0.08333750999999999
2020/10/7 16:00,15.6,174023.2,0.9,32.383,13.9,98.1,88.3,89.1,1.2,87.7,1.7,82.7,78.6,0
2020/10/7 17:00,0,9291.5,0,5.175,10.7,89.1,78.4,92.2,0.8,90.4,1.2,83.9,78.9,0
2020/10/7 18:00,0,0,0,0,0,77,76,96.1,0.8,94.3,1.1,87.7,82.4,0
2020/10/7 19:00,0,0,0,0,0,99.7,99.7,95.5,1.1,94.7,1.6,91.5,88.7,0
2020/10/7 20:00,0,0,0,0,0,99.7,99.7,95.5,1.2,94.6,1.7,90.9,87.7,0
2020/10/7 21:00,0,0,0,0,0,100,100,98,0.8,96.8,1.1,92.2,88.5,0
2020/10/7 22:00,0,0,0,0,0,99.9,99.6,99.4,0.7,98.2,1,93.7,90.1,0
2020/10/7 23:00,0,0,0,0,0,99.9,99.5,98.9,0.4,98,0.6,94.6,91.8,0
2020/10/8 0:00,0,0,0,0,0,99.5,99.1,100,0.6,100,0.9,97,94.1,0
2020/10/8 1:00,0,0,0,0,0,33.3,31.4,100,0.9,100,1.3,98.9,94.9,0
2020/10/8 2:00,0,0,0,0,0,68,65.1,100,1,100,1.4,97.8,93.6,0
2020/10/8 3:00,0,0,0,0,0,84.8,71.5,100,0.9,100,1.3,96.8,92.3,0
2020/10/8 4:00,0,0,0,0,0,94.1,84.6,100,1,100,1.4,95.1,91,0
2020/10/8 5:00,0,0,0,0,0,90.3,79.1,100,1,99.6,1.5,94,89.8,0
2020/10/8 6:00,4,1110.2,0.4,1.116,8.9,90,63.6,98.8,1.2,97.5,1.7,92.5,88.6,0.20676250499999996
2020/10/8 7:00,66.4,112637.6,14.7,26.243,18.9,94.1,81.7,94.1,0.9,93.4,1.3,90.5,88.1,1.373612505
2020/10/8 8:00,159.8,405137.9,56.1,87.17,29.2,86.3,69.9,92.3,0.5,91.8,0.8,89.8,87.9,3.3436875
2020/10/8 9:00,244.6,734156.7,86.2,150.389,14.8,88.5,83.6,87.6,0.6,87.2,0.9,85.6,83.9,5.08937505
2020/10/8 10:00,302.1,993750.2,53.3,167.768,12.3,89.6,85.2,86.6,0.8,86.2,1.1,84.3,82.4,2.36026245
2020/10/8 11:00,324.6,1139317.7,35.4,139.17,5.5,97.8,94.9,87.4,0.7,87.2,1,86.1,84.9,1.922649975
2020/10/8 12:00,309.3,1152285.6,32.5,115.11,0.1,100,99.9,89.9,0.8,89.9,1.1,89.6,89.4,0.66245001
2020/10/8 13:00,258,1031130.1,15.8,96.804,4.6,99,97.7,89.8,0.5,90,0.7,90.8,91.3,0.3680625
2020/10/8 14:00,177.5,790859.2,3.5,64.547,1.7,99.9,99.7,94.5,0.7,94.3,1,93.7,93.3,0.10725000000000001
2020/10/8 15:00,83.3,469560.7,0.9,33.801,2.8,99.8,99.1,95.4,0.7,95.1,1.1,93.8,92.8,0.00267501
2020/10/8 16:00,12.8,158047.5,0.2,12.906,5,97.7,96.5,94.2,0.9,93.6,1.3,91.6,90.1,0
2020/10/8 17:00,0,5088.1,0,2.21,6.1,90.6,87.5,96.6,0.6,95.8,0.9,92.9,90.4,0
2020/10/8 18:00,0,0,0,0,0,87.8,84.7,98.7,0.6,97.8,0.9,94.8,92.6,0
2020/10/8 19:00,0,0,0,0,0,97.7,96.8,93.3,0.5,92.9,0.7,91.6,90.7,0
2020/10/8 20:00,0,0,0,0,0,97.2,95.9,95.8,0.6,95.1,0.9,93,91.7,0
2020/10/8 21:00,0,0,0,0,0,99.3,98.7,94.7,0.7,94.3,0.9,92.9,92,0
2020/10/8 22:00,0,0,0,0,0,100,99.8,91,0.5,91,0.7,90.9,90.8,0
2020/10/8 23:00,0,0,0,0,0,100,99.9,91,0.4,91,0.6,90.9,90.7,0
2020/10/9 0:00,0,0,0,0,0,100,99.7,94.7,0.6,94.3,0.9,93,92.1,0
2020/10/9 1:00,0,0,0,0,0,98.7,95.3,95.1,0.3,95,0.5,94.5,94.1,0
2020/10/9 2:00,0,0,0,0,0,98.8,90.8,96.8,0.6,96.4,0.8,94.8,93.6,0
2020/10/9 3:00,0,0,0,0,0,100,99.1,93.7,0.7,93.4,0.9,92.4,91.6,0
2020/10/9 4:00,0,0,0,0,0,100,99.4,95.5,0.8,94.9,1.1,92.5,90.7,0
2020/10/9 5:00,0,0,0,0,0,100,99.9,95.1,0.8,94.3,1.2,91.4,89.1,0
2020/10/9 6:00,1.7,481.3,0,0.092,0.1,100,100,94.9,0.8,94.2,1.1,91.7,89.8,0.025875
2020/10/9 7:00,61.8,101411.8,0.3,7.182,0.8,100,99.8,95.2,1.1,94.8,1.6,93.4,92.3,0.259487505
2020/10/9 8:00,153.6,385188.3,2.2,27.5,0.8,100,99.9,94.8,1.5,94.5,2.1,93.1,91.9,0.69043749
2020/10/9 9:00,237.6,710358.6,3.3,51.247,0.9,100,100,91.8,1.7,91.7,2.5,91.3,90.8,0.877737495
2020/10/9 10:00,294.8,968101.1,3.2,63.865,2.9,99.9,99.7,91.2,2,91.4,2.9,92,92.5,0.9782375099999999
2020/10/9 11:00,317.1,1112558.5,7.3,68.794,4.9,99.3,99.1,91.5,2.5,91.5,3.6,91.8,91.9,1.3635749849999999
2020/10/9 12:00,301.6,1124870,5.9,73.43,4.2,99.9,99.6,92.9,2.6,92.9,3.7,92.8,92.7,0.9377125199999998
2020/10/9 13:00,250.3,1003559.9,1,69.068,0.7,100,99.9,94.6,2.5,94.2,3.5,92.9,92,0.997924995
2020/10/9 14:00,170.2,764006.6,0.1,47.947,2,99.8,99.6,93.4,2.7,93,3.9,91.7,90.8,0.2864625
2020/10/9 15:00,77.4,445558.3,1.9,24.457,0.7,99.9,99.9,93.8,2.6,93.4,3.7,91.6,90.3,0.010987499999999999
2020/10/9 16:00,10.1,142846.8,0.3,9.139,0,100,100,91.4,2.5,91,3.6,89.7,88.7,0
2020/10/9 17:00,0,2835.9,0,1.224,0,100,100,94.1,2.6,93.6,3.7,91.6,90.1,0
2020/10/9 18:00,0,0,0,0,0,100,100,94.7,2.4,94.3,3.4,92.4,90.9,0
2020/10/9 19:00,0,0,0,0,0,99.7,99.7,95.1,2,94.7,2.9,93.5,92.6,0
2020/10/9 20:00,0,0,0,0,0,99.8,99.8,95,1.8,94.7,2.6,93.7,92.9,0
2020/10/9 21:00,0,0,0,0,0,99.9,99.9,93.8,1.9,93.8,2.7,93.8,94,0
2020/10/9 22:00,0,0,0,0,0,99.8,99.8,94.4,1.7,94.5,2.4,94.9,95.3,0
2020/10/9 23:00,0,0,0,0,0,99.9,99.9,95.6,1.4,95.8,2,96.3,97,0
2020/10/10 0:00,0,0,0,0,0,100,100,96.6,1.2,96.7,1.7,97.1,97.6,0
2020/10/10 1:00,0,0,0,0,0,94.5,94.3,96.4,1,96.4,1.4,96.3,96.3,0
2020/10/10 2:00,0,0,0,0,0,91.7,90.5,97.3,1.1,97.2,1.6,97,96.9,0
2020/10/10 3:00,0,0,0,0,0,94.7,89.7,97.2,1.2,97.1,1.7,96.7,96.4,0
2020/10/10 4:00,0,0,0,0,0,97.3,93.4,97.5,1,97.3,1.4,96.8,96.4,0
2020/10/10 5:00,0,0,0,0,0,93,87.9,98.4,0.8,98.1,1.2,97.2,96.5,0
2020/10/10 6:00,0,0,0,0,2.5,90.6,85.3,96.6,0.8,96.3,1.1,95.1,94.3,0.028300004999999996
2020/10/10 7:00,57.3,90732.5,4.9,17.943,10.4,98.7,92.4,94.7,1.3,94.7,1.8,94.8,94.6,0.242062485
2020/10/10 8:00,147.4,365563.8,14.2,59.829,5,99.4,96.7,92.7,1.1,92.8,1.6,93.1,93.1,0.70430001
2020/10/10 9:00,230.8,686699.5,14.6,94.478,2.3,99.8,98.6,88.3,0.7,88.4,1.1,88.8,89.1,0.9837250049999999
2020/10/10 10:00,287.6,942535.8,20.5,112.234,5.8,99.4,96.8,88.3,0.3,88.4,0.5,88.6,88.8,1.1239875
2020/10/10 11:00,309.5,1085875.1,39.8,134.624,10.1,99.2,95.5,85.7,0.5,85.7,0.8,86.2,86.7,1.4536874850000001
2020/10/10 12:00,294,1097549,37,147.126,24.1,98.3,88.6,82.3,0.7,82.4,1,83.1,83.9,1.2355999949999998
2020/10/10 13:00,242.8,976129.1,19,125.823,9.1,99.6,97,87.2,0.7,87.3,1,87.4,87.2,0.7958999999999999
2020/10/10 14:00,163.1,737382.9,12,91.992,5,99.9,98.6,88,0.6,87.9,0.9,87.5,86.8,0.50643747
2020/10/10 15:00,71.8,422003.9,5,59.715,7.4,99.9,98,90.5,0.7,90.4,1.1,89.5,88.5,0.062637495
2020/10/10 16:00,7.5,128397.3,0.2,23.726,6.3,99.8,97.2,92.5,0.9,92.1,1.4,90.8,89.9,0
2020/10/10 17:00,0,2091.3,0,2.323,3.3,99.4,92.1,93.8,1,93.6,1.4,92.8,92.4,0
2020/10/10 18:00,0,0,0,0,0,99.1,87.1,95.9,0.8,95.6,1.2,94.4,93.6,0
2020/10/10 19:00,0,0,0,0,0,99.5,87.1,98.4,1,98,1.4,96.2,94.7,0
2020/10/10 20:00,0,0,0,0,0,99.1,80.5,99.8,1.1,99.4,1.6,97.7,96.1,0
2020/10/10 21:00,0,0,0,0,0,98.9,80.6,100,1.1,100,1.6,98.3,96.5,0
2020/10/10 22:00,0,0,0,0,0,99.3,85.8,100,1,100,1.5,98.4,96.6,0
2020/10/10 23:00,0,0,0,0,0,98.5,87.5,100,1,100,1.4,98.5,97.3,0
2020/10/11 0:00,0,0,0,0,0,97.7,92.9,100,1,99.5,1.5,97.5,96.6,0
2020/10/11 1:00,0,0,0,0,0,80.3,80.2,100,1,99.8,1.5,98.7,97.7,0
2020/10/11 2:00,0,0,0,0,0,92.3,92.2,98.7,0.9,98.4,1.3,97.6,97.2,0
2020/10/11 3:00,0,0,0,0,0,82.2,82.1,98.3,0.9,98,1.2,97,96.7,0
2020/10/11 4:00,0,0,0,0,0,59.8,59.6,99.9,1,99.5,1.5,98.4,98,0
2020/10/11 5:00,0,0,0,0,0,83.4,83.4,99.4,1,99,1.5,98,97.6,0
2020/10/11 6:00,0,0,0,0,2.3,60.8,60.7,97.2,0.9,96.9,1.3,96.2,95.9,0.002083634999999985
2020/10/11 7:00,53,80904.4,2.5,10.963,0.5,99.4,99.4,94,1,94,1.4,94.3,95,0.1563
2020/10/11 8:00,141.3,346289.2,3.5,34.829,7.1,91.6,91.4,93,1,93,1.4,93.4,94,0.56401251
2020/10/11 9:00,223.9,663194.9,28.2,71.506,31,59.9,59.8,89.4,1.1,89.5,1.6,89.9,90.5,0.6942
2020/10/11 10:00,280.3,917067.2,90.3,128.627,34.2,61.3,61.3,88.3,1.5,88.5,2.1,89.1,89.4,0.9625375049999999
2020/10/11 11:00,302,1059280.4,108.3,172.7,27.3,73,73,87.6,2.1,87.9,3,88.7,89.3,2.016462525
2020/10/11 12:00,286.4,1070336.3,82.9,174.745,27.3,75,75,86.8,2.3,87.1,3.3,88.2,88.8,0.9732624899999998
2020/10/11 13:00,235.3,948852.8,80.2,159.161,38.4,56.7,54.5,86.9,2.1,87,3,87.6,87.8,1.706312505
2020/10/11 14:00,156.1,711007.1,60,133.475,38.4,62.6,57.3,88.4,2.4,88.5,3.4,88.6,88.2,0.25588750499999996
2020/10/11 15:00,66.3,398927.7,24.2,84.546,38.4,69,62.7,91.5,2.5,91.6,3.5,90.9,89.4,0.07591250999999999
2020/10/11 16:00,4.8,114663.2,0.9,28.798,32.1,71.3,68.2,94.7,2.3,94.6,3.4,93.6,92.1,0
2020/10/11 17:00,0,1351.1,0,1.597,7.5,74.3,73.8,98.4,2.4,98.3,3.5,97.3,95.9,0
2020/10/11 18:00,0,0,0,0,0,81.8,81.5,100,2.3,100,3.4,99.2,98.2,0
2020/10/11 19:00,0,0,0,0,0,81.3,78.9,98.8,2.5,98.7,3.5,97.6,95.8,0
2020/10/11 20:00,0,0,0,0,0,85.8,83.2,97.6,2.3,97.4,3.4,96.3,94.7,0
2020/10/11 21:00,0,0,0,0,0,82.9,80.5,96.8,2.5,96.5,3.5,95.2,94,0
2020/10/11 22:00,0,0,0,0,0,86.2,84.9,96,2.5,95.8,3.6,95.1,94.6,0
2020/10/11 23:00,0,0,0,0,0,94.9,94.4,96,2.7,95.9,3.8,95.6,95.5,0
2020/10/12 0:00,0,0,0,0,0,93.6,92.8,96.2,2.6,96.1,3.8,95.1,94,0
2020/10/12 1:00,0,0,0,0,0,89.3,87,95.1,2.8,95,4,94.5,93.9,0
2020/10/12 2:00,0,0,0,0,0,83.4,79.8,96.2,2.6,96.1,3.7,95.5,94.9,0
2020/10/12 3:00,0,0,0,0,0,88.8,88.5,96.6,2.6,96.5,3.7,95.5,94.5,0
2020/10/12 4:00,0,0,0,0,0,81.1,81.1,99,2.3,98.6,3.3,96.8,95.3,0
2020/10/12 5:00,0,0,0,0,0,91.4,91.4,95.9,2.3,95.6,3.3,94.2,93.1,0
2020/10/12 6:00,0,0,0,0,0.9,76.9,76.9,94.6,2.3,94.3,3.2,93.3,92.4,0.0073124999999999996
2020/10/12 7:00,48.9,71424.3,7.8,13.426,19,87.2,87.2,92.8,2.3,92.7,3.4,91.5,90.2,0.190075005
2020/10/12 8:00,135.3,327390,28.3,54.31,26.8,79.6,79.6,91.2,2.4,91.2,3.5,90.2,89.1,0.35590000499999996
2020/10/12 9:00,217.1,639860.5,41.6,100.812,10.1,92.5,92.5,90.3,2.5,90.2,3.6,89.7,89.3,0.79553748
2020/10/12 10:00,273.1,891708.5,45.4,126.467,13.4,90.6,90.6,89.8,2.4,89.8,3.5,89.7,89.6,1.4849749949999997
2020/10/12 11:00,294.6,1032787.3,38.4,127.808,17.9,89.8,89.8,86.9,2.5,87,3.5,86.8,86.3,7.46553765
2020/10/12 12:00,278.8,1043245.7,73.9,137.966,16.5,86.1,86.1,86.8,2.3,86.8,3.3,86.2,85.5,3.422475075
2020/10/12 13:00,227.8,921746.6,92,155.019,39.3,56.2,56.2,79.4,2,79.4,2.9,78.8,78.1,0.7718375099999999
2020/10/12 14:00,149.1,684898.3,51.8,126.357,30.8,72.3,72.3,80.8,2.4,80.8,3.5,80.4,80.2,0.25746250499999995
2020/10/12 15:00,61,376360.5,13.2,65.064,6.5,97.1,97.1,85.5,2.6,85.2,3.7,84.2,83.4,0.13398749999999998
2020/10/12 16:00,2.2,101596,0.2,17.484,5.3,99,99,85.4,2,85.2,2.8,84.4,83.7,0
2020/10/12 17:00,0,614.8,0,0.455,1.8,97.4,97.4,86.6,1.5,86.4,2.2,85.9,85.8,0
2020/10/12 18:00,0,0,0,0,0,99.3,99.3,88.4,1.2,88.2,1.7,87.5,87,0
2020/10/12 19:00,0,0,0,0,0,91.5,91.5,86.8,1.5,86.6,2.2,85.7,85,0
2020/10/12 20:00,0,0,0,0,0,86.6,86.6,87,1.3,86.7,1.9,85.5,84.9,0
2020/10/12 21:00,0,0,0,0,0,77.5,77.5,88.9,1.2,88.5,1.7,87.1,86.3,0
2020/10/12 22:00,0,0,0,0,0,64.2,64.2,91.4,1.4,91,2,89.8,88.6,0
2020/10/12 23:00,0,0,0,0,0,47.8,47.8,94.1,1.5,93.7,2.2,92.1,90.3,0
2020/10/13 0:00,0,0,0,0,0,30.7,30.7,95.1,1.3,94.5,1.9,92.5,90.7,0
2020/10/13 1:00,0,0,0,0,0,98.5,98.5,92.6,1.3,92.5,1.9,91.9,92.3,0
2020/10/13 2:00,0,0,0,0,0,96.9,96.9,94.1,1.2,94,1.7,93.6,93.3,0
2020/10/13 3:00,0,0,0,0,0,91.6,91.6,95.6,1.1,95.5,1.5,95.1,94,0
2020/10/13 4:00,0,0,0,0,0,88.6,88.6,96.3,1,96.2,1.5,95.6,94.8,0
2020/10/13 5:00,0,0,0,0,0,41.6,41.6,97.9,0.9,97.7,1.4,96.9,96.2,0
2020/10/13 6:00,0,0,0,0,0,42.3,42.3,95.2,0.8,94.9,1.2,93.9,93.2,0.039325004999999996
2020/10/13 7:00,44.9,62276.6,13.5,17.245,34,54.6,54.6,91.7,0.9,91.6,1.3,91.2,91,0.461362485
2020/10/13 8:00,129.3,308891.8,46.7,65.457,37.1,48.3,48.3,89,1,89,1.5,89.2,89.3,1.2511375050000002
2020/10/13 9:00,210.3,616712.7,94.9,129.006,33,50.9,50.2,85.3,1.1,85.6,1.6,86.6,87.2,2.269862475
2020/10/13 10:00,265.9,866473.3,132,184.948,35.9,44.8,44.4,82,1.1,82.2,1.6,83,83.5,2.12383755
2020/10/13 11:00,287.1,1006409.2,144.1,215.462,40.5,42.5,40.3,77.9,1.3,78.2,1.8,79.1,79.6,2.54967495
2020/10/13 12:00,271.3,1016291.2,73,180.402,41.9,43.5,41.5,75.1,1.3,75.3,1.9,76.2,76.7,1.2677249999999998
2020/10/13 13:00,220.4,894826,14.7,101.569,2.1,99.8,99.8,87.1,1.7,87.1,2.5,87,87,2.3022749999999994
2020/10/13 14:00,142.3,659076.2,12.4,54.197,1.7,99.8,99.8,87.5,1.8,87.2,2.6,86.4,85.8,1.438587495
2020/10/13 15:00,56,354333.3,4.3,30.673,11.9,96,96,88.7,1.7,88.3,2.4,86.9,86.1,0.29953749
2020/10/13 16:00,0,89255.6,0,8.952,24,83.6,83.6,90.1,1.5,89.5,2.2,87.8,86.7,0
2020/10/13 17:00,0,0,0,0,3.6,72.9,72.9,93.9,1.4,93.2,2,90.7,89.2,0
2020/10/13 18:00,0,0,0,0,0,69.7,69.7,97.2,1.4,96.2,2.1,93.1,91.2,0
2020/10/13 19:00,0,0,0,0,0,68.7,68.7,97.5,1.4,96.8,2,94.6,93.3,0
2020/10/13 20:00,0,0,0,0,0,63.3,63.3,98.2,1.4,97.5,2,95.2,93.9,0
2020/10/13 21:00,0,0,0,0,0,49.1,49.1,99.6,1.3,99,1.8,96.9,95.7,0
2020/10/13 22:00,0,0,0,0,0,48.1,48.1,100,1.2,100,1.7,98.5,97.4,0
2020/10/13 23:00,0,0,0,0,0,60.8,60.8,100,1.1,100,1.6,98.7,97.9,0
2020/10/14 0:00,0,0,0,0,0,86.3,86.3,100,1,99.6,1.5,98.1,97.2,0
2020/10/14 1:00,0,0,0,0,0,34.1,34.1,96.3,1.4,94.9,2,90.3,87.7,0
2020/10/14 2:00,0,0,0,0,0,24.8,24.8,95.7,1.1,94,1.5,88.6,85.6,0
2020/10/14 3:00,0,0,0,0,0,95,62.8,94.1,0.8,92.3,1.2,86.5,83.2,0
2020/10/14 4:00,0,0,0,0,0,67.8,56.1,95,1,93.1,1.4,86.8,83.2,0
2020/10/14 5:00,0,0,0,0,0,50.1,47.2,98.6,1.4,95.7,2,86.7,81.8,0
2020/10/14 6:00,0,0,0,0,0,67.4,65.2,96,1.5,92.6,2.2,81.7,75.8,0.0579
2020/10/14 7:00,41.1,53444,9.9,15.734,20.4,64.2,63.9,92.9,1.5,90.1,2.1,81.1,76.1,1.97980005
2020/10/14 8:00,123.4,290821.1,33,56.59,16.6,82.1,77.3,88.6,1.3,86.6,1.9,80.2,76.5,4.0626
2020/10/14 9:00,203.6,593768.1,56,101.385,14.9,82.2,78.7,83.4,1,82.4,1.4,79.1,77.1,3.63942495
2020/10/14 10:00,258.7,841375.2,70.4,136.857,21.4,97.6,81,77.9,0.9,77.9,1.3,78,78.1,2.9894124749999995
2020/10/14 11:00,279.7,980159.4,77.3,161.975,24.4,96.4,77.9,71.9,1,72.3,1.5,73.5,74.2,3.69756255
2020/10/14 12:00,263.8,989486.8,53.6,155.412,20.5,74.6,70.2,67.8,1.3,68,1.9,68.9,69.5,2.061875025
2020/10/14 13:00,213.1,868106.8,30,119.448,8.4,90,88,69.4,1.5,69.7,2.2,70.9,71.7,0.70502499
2020/10/14 14:00,135.5,633560.4,26.7,88.462,16.5,75.4,74,68.8,1.3,68.9,1.9,69.2,69.4,0.6294249900000001
2020/10/14 15:00,51.2,332877.2,12.8,56.425,19.5,67.6,67.6,71.3,1.2,70.9,1.7,69.4,68.4,0.089824995
2020/10/14 16:00,0,78081.3,0,17.647,9,85.5,85.5,74,1.3,73.1,1.8,70.1,68.3,0
2020/10/14 17:00,0,0,0,0,0.4,93.2,93.2,77.5,1.2,76.6,1.8,73.3,71.4,0
2020/10/14 18:00,0,0,0,0,0,91.4,91.4,82.3,1.3,81.7,1.8,79.7,78.5,0
2020/10/14 19:00,0,0,0,0,0,99.5,99.5,86.6,1.6,86.6,2.3,86.5,86.4,0
2020/10/14 20:00,0,0,0,0,0,92.2,92.2,87.5,1.7,87.6,2.4,88,88.2,0
2020/10/14 21:00,0,0,0,0,0,94.3,93.8,87.3,1.6,87.3,2.3,87.4,87.4,0
2020/10/14 22:00,0,0,0,0,0,99.4,99.4,88.4,1.4,88.1,2,87.2,86.6,0
2020/10/14 23:00,0,0,0,0,0,99.6,99.6,88.8,1.4,88.4,2,87.2,86.5,0
2020/10/15 0:00,0,0,0,0,0,96.3,96.3,88.9,1.5,88.5,2.2,87.4,86.7,0
2020/10/15 1:00,0,0,0,0,0,84.1,84,91.1,1.7,91.1,2.4,91,91,0
2020/10/15 2:00,0,0,0,0,0,90,90,91.2,1.6,91.2,2.3,91.1,91.1,0
2020/10/15 3:00,0,0,0,0,0,98.2,98.1,91.1,1.5,91.1,2.2,91.2,91.3,0
2020/10/15 4:00,0,0,0,0,0,99.2,98.8,90.7,1.4,90.8,2.1,91.1,91.3,0
2020/10/15 5:00,0,0,0,0,0,95.6,94.1,90.9,1.5,91.1,2.2,91.5,91.7,0
2020/10/15 6:00,0,0,0,0,0,92.5,89.1,89.5,1.4,89.5,2.1,89.3,89.2,0.0037250099999999995
2020/10/15 7:00,37.5,45169.6,1.2,7.105,0,100,100,87.1,1.4,87.3,2.1,87.7,88,0.38938748999999995
2020/10/15 8:00,117.6,273203.8,1.4,23.867,0,100,100,85.4,1.5,85.7,2.2,86.6,87.1,0.9442875150000001
2020/10/15 9:00,196.9,571044.1,0.1,40.527,0.9,99.7,99.1,84,1.6,84.4,2.2,85.7,86.5,1.3715125049999999
2020/10/15 10:00,251.6,816428.3,12,61.32,4.5,99.5,96,82.9,1.7,83.4,2.4,84.9,85.8,4.9005624
2020/10/15 11:00,272.4,954051.6,14.1,79.574,0,100,100,81.3,2.2,81.8,3.1,83.4,84.4,3.411350025
2020/10/15 12:00,256.4,962846.9,2.1,74.028,0,100,100,82.4,2.5,82.8,3.6,84.2,85,0.996237495
2020/10/15 13:00,205.8,841604.9,4,59.66,4.5,92.6,92.6,80.1,2.6,80.4,3.7,81.4,82,0.9520249949999999
2020/10/15 14:00,128.9,608371,2.3,46.678,0.1,99.8,99.8,82.4,2.6,82.6,3.7,83.6,84.1,1.7000250000000001
2020/10/15 15:00,46.6,312023.4,0.4,26.386,0,100,100,86.1,2.5,86.4,3.6,87.3,87.8,0.076300005
2020/10/15 16:00,0,67417.9,0,7.358,1.6,97.3,97.3,89.5,2.6,89.7,3.7,90.7,91.3,0
2020/10/15 17:00,0,0,0,0,0,98.1,98.1,91.7,2.7,91.8,3.8,92.5,92.9,0
2020/10/15 18:00,0,0,0,0,0,96.5,96.5,90.7,2.8,90.8,4,91.3,91.7,0
2020/10/15 19:00,0,0,0,0,0,93.7,93.7,89.8,2.8,89.9,4,90.4,90.8,0
2020/10/15 20:00,0,0,0,0,0,98.2,98.2,90.1,2.8,90.2,4,90.3,90.4,0
2020/10/15 21:00,0,0,0,0,0,96.6,95.5,89,2.5,89.1,3.6,89.4,89.6,0
2020/10/15 22:00,0,0,0,0,0,99.9,99.9,86.4,2.3,86.3,3.4,86.2,86.1,0
2020/10/15 23:00,0,0,0,0,0,100,100,86.1,2.4,86.2,3.4,86.4,86.6,0
2020/10/16 0:00,0,0,0,0,0,100,100,87.1,2.3,87.2,3.4,87.3,87.4,0
2020/10/16 1:00,0,0,0,0,0,100,100,91.2,2.7,91.4,3.9,92.3,92.9,0
2020/10/16 2:00,0,0,0,0,0,100,100,93.5,2.3,93.6,3.4,94.1,94.5,0
2020/10/16 3:00,0,0,0,0,0,100,100,94.3,2.3,94.4,3.3,94.6,94.7,0
2020/10/16 4:00,0,0,0,0,0,100,100,95.4,2.1,95.4,3,95.4,95.4,0
2020/10/16 5:00,0,0,0,0,0,100,100,95.6,2,95.7,2.8,95.8,95.9,0
2020/10/16 6:00,0,0,0,0,0,99.8,99.8,94.6,1.8,94.7,2.6,94.9,95,0
2020/10/16 7:00,34.1,39760.7,0.4,4.027,0.5,99.9,99.9,93.4,2.1,93.4,3,93.6,93.8,0.04408750499999999
2020/10/16 8:00,111.9,256065.8,2.2,17.077,0.7,99.8,99.8,93,2.1,93.1,3.1,93.3,93.4,0.13507499999999997
2020/10/16 9:00,190.2,548558.4,4.2,32.375,1,99.7,99.7,93,2.2,93,3.1,93.1,93.2,0.32465001000000004
2020/10/16 10:00,244.5,791646.8,4.1,46.072,1.1,99.2,99.2,91.8,1.9,91.9,2.7,92.2,92.4,0.80312499
2020/10/16 11:00,265.1,928099.6,11.9,64.434,4.4,94.1,94.1,88.9,1.8,89,2.6,89.3,89.4,1.18935
2020/10/16 12:00,249.1,936386,8.9,72.618,5.8,90.5,90.5,87.4,1.7,87.6,2.5,88,88.3,2.523525
2020/10/16 13:00,198.7,815336.4,0.3,56.269,0,100,100,87.2,2,87.2,2.8,87.4,87.6,1.336399995
2020/10/16 14:00,122.4,583528.4,0.2,35.482,0,100,100,88.6,2,88.5,2.8,88.3,88.2,1.821062475
2020/10/16 15:00,42.2,291802.3,0.2,20.275,0,100,100,89.9,1.9,89.8,2.7,89.6,89.5,0.05866249499999998
2020/10/16 16:00,0,57234.1,0,6.131,0.6,99,99,91.5,1.6,91.4,2.3,91.2,91,0
2020/10/16 17:00,0,0,0,0,0,97,97,94.6,1.5,94.5,2.2,94.2,94.1,0
2020/10/16 18:00,0,0,0,0,0,96.2,96.2,96,1.8,95.9,2.6,95.3,95,0
2020/10/16 19:00,0,0,0,0,0,97.1,97.1,94.9,2,94.7,2.9,93.9,93.5,0
2020/10/16 20:00,0,0,0,0,0,98.4,98.4,94.2,2.1,94,3,93.2,92.8,0
2020/10/16 21:00,0,0,0,0,0,99.7,99.7,94.3,2,94.1,2.9,93.4,93.3,0
2020/10/16 22:00,0,0,0,0,0,98.9,98.8,94,2,93.8,2.8,92.9,93.2,0
2020/10/16 23:00,0,0,0,0,0,97.7,94,93.7,2.1,93.4,3,92.5,92.5,0
2020/10/17 0:00,0,0,0,0,0,99.8,99.7,91.9,2.5,91.7,3.6,90.8,91,0
2020/10/17 1:00,0,0,0,0,0,100,100,93.2,2.5,93,3.5,92.4,93.5,0
2020/10/17 2:00,0,0,0,0,0,100,100,95.1,2.5,94.8,3.5,93.8,94.7,0
2020/10/17 3:00,0,0,0,0,0,99.5,99.5,92.8,3.4,92.5,4.8,91.3,92.4,0
2020/10/17 4:00,0,0,0,0,0,93.2,93.2,91,3.6,90.8,5.2,90.2,90.7,0
2020/10/17 5:00,0,0,0,0,0,98.6,98.6,88.4,3.6,88.1,5.2,87.4,87.8,0
2020/10/17 6:00,0,0,0,0,0,92,91.9,88.6,4,88.4,5.8,88,88.5,0.07365
2020/10/17 7:00,30.8,34578.3,3.3,6.111,11.6,92.3,92.3,87.6,4,87.4,5.8,86.9,87,0.13833748499999998
2020/10/17 8:00,106.2,239431.9,6.2,20.186,2.5,99.8,99.8,87.4,4.7,87.3,6.7,87.9,89.7,0.27452499
2020/10/17 9:00,183.6,526329.1,11,36.608,7,93,93,87.9,4.9,87.7,7.1,87.5,87.8,0.6512500200000001
2020/10/17 10:00,237.5,767045.4,9.5,47.447,0.6,99.6,99.6,88.6,5.1,88.4,7.4,88.5,88.9,1.138887495
2020/10/17 11:00,257.8,902317.3,7,48.202,0.6,99.7,99.7,93.7,4.9,93.1,7,91.7,91.2,0.7642374900000001
2020/10/17 12:00,241.8,910118.5,46.2,77.113,18.2,82.9,82.9,86.4,4.6,86.1,6.6,85.2,84.8,7.1289375
2020/10/17 13:00,191.6,789317.5,71.6,122.35,33.1,56.2,56.2,78.1,5.6,78,8,77.9,78,1.7945624999999998
2020/10/17 14:00,116.1,559053,40.3,110.687,31,71.1,71.1,76.9,6.2,76.8,8.9,76.7,77,0.5443125
2020/10/17 15:00,38.1,272243.5,11.2,57.15,31.7,64.4,63.6,80.6,5.6,80.6,8,80.9,81.7,0.10445001
2020/10/17 16:00,0,47493.8,0,14.987,14,87.9,85.2,89.1,4.8,89.1,6.9,89.4,90,0
2020/10/17 17:00,0,0,0,0,0,99.7,99.6,83.7,5.3,83.6,7.6,83.4,83.5,0
2020/10/17 18:00,0,0,0,0,0,92.7,87.7,90.3,5.7,90.3,8.2,90.5,91.1,0
2020/10/17 19:00,0,0,0,0,0,85.5,78.9,89,5,88.8,7.2,88,87.6,0
2020/10/17 20:00,0,0,0,0,0,74.5,71,93.3,5.2,93.2,7.5,93.1,93.4,0
2020/10/17 21:00,0,0,0,0,0,65.8,65.6,88.1,5.2,87.7,7.5,86.5,85.9,0
2020/10/17 22:00,0,0,0,0,0,68.1,68.1,86,5.5,85.6,7.9,84.6,84.2,0
2020/10/17 23:00,0,0,0,0,0,78.4,77.2,89.8,5.6,89.7,8.1,89.6,89.9,0
2020/10/18 0:00,0,0,0,0,0,91,87.1,87.8,5.6,87.7,8,87.7,88.2,0
2020/10/18 1:00,0,0,0,0,0,99.6,99.4,94.9,5.4,94.9,7.8,95,95.5,0
2020/10/18 2:00,0,0,0,0,0,96,95.5,97.3,5,97.2,7.1,97.1,97.3,0
2020/10/18 3:00,0,0,0,0,0,89.5,88.8,94.7,5.1,94.6,7.4,94.3,94.3,0
2020/10/18 4:00,0,0,0,0,0,78.5,77.3,93.8,4.2,93.8,6.1,94.2,94.8,0
2020/10/18 5:00,0,0,0,0,0,70.3,68.7,91.3,3.4,91.1,5,90.7,90.6,0
2020/10/18 6:00,0,0,0,0,0,87.1,85.7,89.6,3.9,89.6,5.6,89.7,90.2,0.00015
2020/10/18 7:00,27.8,29586.4,4,9.158,11.3,88.8,86.8,88.6,4,88.5,5.8,88.4,88.7,0.0589875
2020/10/18 8:00,100.7,223325.5,19.6,40.923,20,85.4,83.2,87,4,86.9,5.7,86.7,87,0.123587505
2020/10/18 9:00,177.1,504375,38.5,82.84,27.1,75.2,72.6,88,3.5,87.8,5,87.3,87.1,1.8358750050000001
2020/10/18 10:00,230.5,742638.7,49.2,114.414,30.1,68.3,67.3,86.1,3.5,85.8,5,84.7,83.8,0.6287625
2020/10/18 11:00,250.6,876719,86.9,145.317,40.2,43.4,42.7,79.4,3.2,79.2,4.6,78.1,77.2,0.44528751
2020/10/18 12:00,234.5,884059.3,55.6,140.382,16.3,81,79.9,75.9,3.8,75.7,5.4,75.1,74.8,0.66086253
2020/10/18 13:00,184.5,763564.4,27.9,104.538,15.9,81.6,78.9,67,3.6,66.9,5.2,66.5,66.7,5.719987499999999
2020/10/18 14:00,109.8,534965.7,27.4,86.233,27.2,76.6,72.9,80.8,3.7,80.9,5.3,81.4,82.5,1.22383749
2020/10/18 15:00,34.3,253374.8,6.2,52.244,32.6,75.5,72.6,90.6,3.8,90.6,5.5,90.8,91.3,0.061287495
2020/10/18 16:00,0,40497.8,0,12.144,21.8,78.1,77.3,95.1,3.5,95,5.1,95.1,95.4,0
2020/10/18 17:00,0,0,0,0,0,81.2,81,93.9,3,93.9,4.2,93.8,94.1,0
2020/10/18 18:00,0,0,0,0,0,83.7,83.7,91.3,2.8,91.2,4.1,91.2,91.4,0
2020/10/18 19:00,0,0,0,0,0,68.1,68,94.7,3,94.5,4.3,93.9,93.4,0
2020/10/18 20:00,0,0,0,0,0,80.1,80.1,97.1,3.5,97,5,96.6,96.4,0
2020/10/18 21:00,0,0,0,0,0,81.4,81.4,96.9,3.5,96.9,5.1,96.9,97,0
2020/10/18 22:00,0,0,0,0,0,79.8,79.8,96.2,3.5,96.3,5,96.7,97.4,0
2020/10/18 23:00,0,0,0,0,0,83.6,83.6,95.4,3.2,95.4,4.6,95.3,95.5,0
2020/10/19 0:00,0,0,0,0,0,88.9,88.9,94.9,3,94.9,4.3,95.1,95.6,0
2020/10/19 1:00,0,0,0,0,0,87,87,92.4,2.9,92.3,4.1,92.5,93.1,0
2020/10/19 2:00,0,0,0,0,0,80.4,80.4,92.9,2.5,92.9,3.7,93.2,93.9,0
2020/10/19 3:00,0,0,0,0,0,85.6,85.6,94.3,2.6,94.1,3.8,93.9,94.2,0
2020/10/19 4:00,0,0,0,0,0,71.1,71.1,95.6,2.6,95.4,3.7,95.1,95.2,0
2020/10/19 5:00,0,0,0,0,0,78.2,78.2,94.7,2.6,94.5,3.7,94.1,94,0
2020/10/19 6:00,0,0,0,0,0,82.1,82.1,93.5,2.5,93.3,3.6,92.7,92.8,0
2020/10/19 7:00,24.9,24744.8,4.6,8.603,11.2,86,86,93.1,2.6,92.9,3.7,92.7,93,0.146350005
2020/10/19 8:00,95.3,207767.4,33.4,45.061,31.1,68.8,68.8,91.2,2.6,91.1,3.7,91.1,91.4,0.6515999999999998
2020/10/19 9:00,170.7,482715.3,66,99.014,23.5,69.7,69.7,90.9,2.3,90.8,3.3,90.7,90.9,0.6652000199999999
2020/10/19 10:00,223.6,718441.8,71.1,135.154,25.4,65.7,65.7,89.1,2.1,89.1,3,89.2,89.6,2.498112525
2020/10/19 11:00,243.5,851319,75.3,150.124,33,63.1,63.1,88.6,1.9,88.5,2.8,88.5,88.5,3.0587625
2020/10/19 12:00,227.3,858223.1,62.6,145.356,25.6,70.9,70.9,88.8,2,88.7,2.8,88.3,88.2,0.76516248
2020/10/19 13:00,177.6,738093.6,48.4,123.954,39.1,56.6,56.6,88.3,2.3,88.3,3.3,88.2,88.2,4.934887499999999
2020/10/19 14:00,103.8,511287.1,39.4,99.355,39.7,42.9,42.9,88.7,2.2,88.6,3.1,88,87.2,1.6821999899999998
2020/10/19 15:00,30.7,235221.6,13,58.362,47,33.8,33.8,92.3,1.7,92.1,2.4,91,89.8,0.24979999499999997
2020/10/19 16:00,0,34715.1,0,15.13,35.1,44.2,44.2,94.5,1.5,94,2.1,92.5,91.8,0
2020/10/19 17:00,0,0,0,0,0,51,51,98.1,1.3,97.6,1.8,95.8,95.2,0
2020/10/19 18:00,0,0,0,0,0,40.5,40.5,98.6,0.8,98.1,1.2,96.4,96,0
2020/10/19 19:00,0,0,0,0,0,56.1,56.1,96.8,0.9,96.5,1.3,95.6,95.9,0
2020/10/19 20:00,0,0,0,0,0,66.8,66.8,95.7,1,95.5,1.5,94.9,95.5,0
2020/10/19 21:00,0,0,0,0,0,32.3,32.3,97.6,1.2,97.1,1.7,95.4,94.5,0
2020/10/19 22:00,0,0,0,0,0,20.7,20.7,97.2,1.2,96.7,1.7,94.4,92,0
2020/10/19 23:00,0,0,0,0,0,17,17,99.4,1.3,98.5,1.9,94.9,91.4,0
2020/10/20 0:00,0,0,0,0,0,5,5,98.7,1.5,97,2.1,91,86.2,0
2020/10/20 1:00,0,0,0,0,0,33.2,33.2,100,1.5,98.8,2.1,93.3,88.3,0
2020/10/20 2:00,0,0,0,0,0,30.8,30.8,99.6,1.7,98.5,2.4,93.3,88,0
2020/10/20 3:00,0,0,0,0,0,1,1,95.4,1.9,94.7,2.7,90.2,85.3,0
2020/10/20 4:00,0,0,0,0,0,0.4,0.4,93.8,1.9,93,2.7,88.6,84.3,0
2020/10/20 5:00,0,0,0,0,0,64.9,32.6,92.3,2,91.5,2.8,87,83.2,0
2020/10/20 6:00,0,0,0,0,0,96.1,48.4,88.7,2.3,87.9,3.3,83.9,80.6,0.07014
2020/10/20 7:00,22.2,20073.3,9.2,12.061,38.4,82.9,42.2,85.8,2.3,85,3.2,81.6,78.7,0.456212505
2020/10/20 8:00,90,192775.5,41.6,58.832,58.4,97.7,50.4,85,2.6,84.2,3.8,81.2,78.4,0.7659249899999999
2020/10/20 9:00,164.3,461369.5,48.3,116.09,57,99.3,52.3,81.6,2.8,81,4,78.6,76.3,1.34836251
2020/10/20 10:00,216.7,694470.1,29.6,143.059,54.7,100,56.7,77.9,3,77.3,4.2,75.2,73.3,1.32001251
2020/10/20 11:00,236.4,826131.5,13.3,143.543,11.2,100,91,74.3,3.1,73.8,4.5,71.8,70.4,1.655112495
2020/10/20 12:00,220.2,832624.8,11.3,131.399,0.3,100,99.8,70.4,3.3,70.1,4.7,68.8,68,1.3275
2020/10/20 13:00,170.8,712921.6,6.7,107.3,0,100,100,68.4,3.5,68.1,5,67.2,66.7,0.9843375000000001
2020/10/20 14:00,97.8,488038.3,1.3,72.723,0,100,100,67.9,3.4,67.6,4.9,66.6,66.2,0.36738750000000003
2020/10/20 15:00,27.3,217805.8,0.1,35.672,0,100,100,68,3.3,67.7,4.8,66.8,66.4,0.028999994999999983
2020/10/20 16:00,0,29201.9,0,8.654,0,100,100,69.6,3.3,69.3,4.8,68.3,68,0
2020/10/20 17:00,0,0,0,0,0,100,100,71.8,3.3,71.5,4.7,70.6,70.2,0
2020/10/20 18:00,0,0,0,0,0,100,100,73.1,3.1,72.7,4.5,71.7,71.2,0
2020/10/20 19:00,0,0,0,0,0,100,100,73.8,3,73.5,4.2,72.5,72.1,0
2020/10/20 20:00,0,0,0,0,0,100,100,74.9,3,74.5,4.3,73.1,72.4,0
2020/10/20 21:00,0,0,0,0,0,100,100,75.4,2.9,75,4.2,73.6,72.8,0
2020/10/20 22:00,0,0,0,0,0,100,100,76.6,2.5,76.2,3.6,74.7,73.8,0
2020/10/20 23:00,0,0,0,0,0,100,100,78.3,2.1,77.9,3.1,76.3,75.3,0
2020/10/21 0:00,0,0,0,0,0,100,100,80.3,1.8,79.8,2.6,78.4,77.5,0
2020/10/21 1:00,0,0,0,0,0,100,100,85.6,2.2,85.4,3.2,84.6,84,0
2020/10/21 2:00,0,0,0,0,0,100,99.9,85.1,2,84.9,2.8,84.2,83.7,0
2020/10/21 3:00,0,0,0,0,0,100,100,84.4,1.6,84.2,2.3,83.4,82.9,0
2020/10/21 4:00,0,0,0,0,0,100,100,84.2,1.3,84.1,1.9,83.9,83.9,0
2020/10/21 5:00,0,0,0,0,0,100,100,86.6,0.8,86.5,1.1,85.9,85.7,0
2020/10/21 6:00,0,0,0,0,0,100,100,87.8,0.7,87.7,1.1,87.1,86.8,0
2020/10/21 7:00,19.6,16485.4,0,2.553,0,100,100,91.5,1,91.5,1.5,91.6,91.8,0.029800004999999997
2020/10/21 8:00,84.8,178363,1,14.178,0.1,100,100,91.2,0.9,91.3,1.3,92,92.7,0.17479999499999999
2020/10/21 9:00,158,440357.7,4.6,42.019,1.6,99.1,99.1,89.1,0.8,89.4,1.1,90.6,91.8,0.31925001
2020/10/21 10:00,209.9,670738.8,12.7,75.588,7.7,97.4,97.4,85,0.8,85.5,1.2,87.6,89.5,0.24056249999999998
2020/10/21 11:00,229.4,801171.3,12.6,93.397,2.7,97.9,97.9,81.7,0.8,82.3,1.2,84.8,87.3,0.39248749499999996
2020/10/21 12:00,213.2,807279.3,7.1,94.662,0,100,100,79.4,0.8,79.9,1.1,82.1,84.3,0.598425
2020/10/21 13:00,164.1,688064.7,5,83.827,0,100,100,80.5,0.7,81.1,1.1,83.4,85.7,0.445037505
2020/10/21 14:00,92.1,465240.3,1,56.012,0,100,100,80.2,0.7,80.7,1,83,85.3,0.13253749499999998
2020/10/21 15:00,24.2,201144.6,0.1,23.257,0.2,99.8,99.8,83.1,0.7,83.5,1,85.3,87,0.004637504999999999
2020/10/21 16:00,0,23900.7,0,4.613,0.4,99.8,99.5,85.9,0.4,86.1,0.6,87.1,88.2,0
2020/10/21 17:00,0,0,0,0,0,99.2,95.5,88.9,0.3,88.9,0.4,89.1,89.7,0
2020/10/21 18:00,0,0,0,0,0,97.4,91.7,86.9,0.2,87.1,0.3,87.8,88.6,0
2020/10/21 19:00,0,0,0,0,0,99.3,98.8,86.5,0.7,86.7,0.9,87.8,88.9,0
2020/10/21 20:00,0,0,0,0,0,97.2,97.1,85.9,0.5,86.2,0.7,87.2,88.4,0
2020/10/21 21:00,0,0,0,0,0,94.9,94.9,89.1,0.6,89.2,0.9,90,90.9,0
2020/10/21 22:00,0,0,0,0,0,95.1,95.1,90.7,0.6,90.8,0.9,91.2,91.8,0
2020/10/21 23:00,0,0,0,0,0,97.7,97.7,90.6,0.7,90.8,1.1,91.5,92.4,0
2020/10/22 0:00,0,0,0,0,0,97,97,90.8,0.8,90.9,1.2,91.4,92.3,0
2020/10/22 1:00,0,0,0,0,0,99.3,99.3,91.2,1,91.5,1.4,92.8,94.2,0
2020/10/22 2:00,0,0,0,0,0,99.4,99.4,90.6,1,90.9,1.4,92,93.3,0
2020/10/22 3:00,0,0,0,0,0,99.4,99.4,89.3,1.1,89.6,1.5,91,92.5,0
2020/10/22 4:00,0,0,0,0,0,97.9,97.9,89.4,1,89.6,1.5,90.7,92,0
2020/10/22 5:00,0,0,0,0,0,97.6,97.6,90.2,0.8,90.3,1.1,91.1,92.2,0
2020/10/22 6:00,0,0,0,0,0,95.1,95.1,88.1,0.7,88.1,1.1,88.5,89.3,0
2020/10/22 7:00,17.1,12947.8,0.8,2.528,0,100,100,86.9,0.7,87.3,1,88.8,90.4,0.260925
2020/10/22 8:00,79.7,164537.5,5.1,14.935,0.1,99.9,99.9,85.6,1,86.1,1.5,88,89.9,0.60979998
2020/10/22 9:00,151.7,419700.4,12.2,34.506,0.5,99.6,99.6,83.9,1,84.3,1.4,86.3,88.2,1.17005001
2020/10/22 10:00,203.1,647263.8,21,52.901,1.3,98.3,98.3,81.6,1.1,82.1,1.6,84.2,86.3,0.78238749
2020/10/22 11:00,222.4,776452.9,28.4,67.697,1.7,97.4,97.4,78.2,1.2,78.7,1.7,80.8,82.9,0.360462495
2020/10/22 12:00,206.3,782201.7,34,79.085,2.8,95.5,95.5,76.1,1,76.5,1.4,78.2,79.9,1.6101499949999998
2020/10/22 13:00,157.5,663539.7,30.3,77.576,9.7,86.8,86.8,72.4,0.8,72.7,1.2,74.2,75.7,2.129525025
2020/10/22 14:00,86.4,442914,17.2,57.748,15.5,76.8,76.8,76.5,0.7,76.6,1,77.1,77.8,0.72868749
2020/10/22 15:00,21.3,185249.4,4,29.452,21.2,66.9,66.9,80.2,0.9,80.2,1.4,80.2,80.6,0.3693
2020/10/22 16:00,0,19044,0,7.09,20.3,50.3,50.3,82.3,1.1,82.3,1.6,82.4,82.8,0
2020/10/22 17:00,0,0,0,0,0,45.4,45.4,86.4,1,86.1,1.5,85.4,85.2,0
2020/10/22 18:00,0,0,0,0,0,35.9,35.9,87.3,0.8,86.9,1.2,85.4,84.6,0
2020/10/22 19:00,0,0,0,0,0,57.7,57.7,89.6,0.4,89.2,0.6,88,87.3,0
2020/10/22 20:00,0,0,0,0,0,48.7,48.7,91.7,0.5,91.2,0.7,89.4,88.3,0
2020/10/22 21:00,0,0,0,0,0,34.1,34.1,93.4,0.5,92.9,0.7,91.1,89.9,0
2020/10/22 22:00,0,0,0,0,0,33.1,33.1,95.4,0.7,94.9,1,93.2,92.1,0
2020/10/22 23:00,0,0,0,0,0,39.8,39.8,95.2,0.9,94.8,1.3,93,91.9,0
2020/10/23 0:00,0,0,0,0,0,60.4,60.4,95.8,0.9,95.2,1.3,92.9,91.3,0
2020/10/23 1:00,0,0,0,0,0,96.3,96.3,95.6,1.2,95.1,1.8,93.2,91.8,0
2020/10/23 2:00,0,0,0,0,0,95.1,95.1,96,1.4,95.6,2,94.2,93.2,0
2020/10/23 3:00,0,0,0,0,0,91,91,96.3,1.3,95.9,1.9,94.5,93.4,0
2020/10/23 4:00,0,0,0,0,0,81.3,81.3,96.3,1.3,96,1.8,95,94.3,0
2020/10/23 5:00,0,0,0,0,0,78.2,78.2,97,1.4,96.8,2,95.8,95.4,0
2020/10/23 6:00,0,0,0,0,0,68.2,68.2,94.5,1.6,94.2,2.3,93.4,92.9,0
2020/10/23 7:00,14.8,9448.5,4.7,6.911,20.4,35.6,35.6,89.3,1.9,89,2.7,88.3,87.7,0.075687495
2020/10/23 8:00,74.8,151300.2,44,48.06,45.4,25.8,25.8,83.9,1.8,83.8,2.6,83.3,82.8,4.13915412
2020/10/23 9:00,145.6,399418.3,101.3,117.511,47.8,20.9,20.9,78.2,1.6,78.1,2.3,77.8,77.5,7.0083876
2020/10/23 10:00,196.5,624061,137.9,174.807,43.1,28.6,28.6,73.2,1.3,73,1.9,72.7,72.5,7.87275
2020/10/23 11:00,215.5,751991.2,157.6,207.839,46.6,22.3,22.3,69.3,1.2,69.3,1.7,69.4,69.8,8.26785
2020/10/23 12:00,199.4,757407,150.1,213.609,57.9,3.4,3.4,67,1.1,67.1,1.6,67.5,68.1,5.198625
2020/10/23 13:00,151,639362.9,111.8,185.857,58.4,4.5,4.5,66.3,1.4,66.4,2.1,66.8,67.5,5.12835
2020/10/23 14:00,81,421080.3,57.6,129.167,57.4,6.9,6.5,69,1.2,68.8,1.8,68.1,67.8,0.78937497
2020/10/23 15:00,18.5,170123.9,9.6,58.229,55.5,7.4,7.4,69.2,1.4,68.6,2,66.9,66,0.07263751499999999
2020/10/23 16:00,0,15175,0,10.704,32.2,55.5,33.6,69.4,1.5,68.7,2.1,66.4,65,0
2020/10/23 17:00,0,0,0,0,0,17.2,12.2,75.4,1.6,74.3,2.3,70.6,68,0
2020/10/23 18:00,0,0,0,0,0,81.6,51,80.6,1.7,79.1,2.5,73.6,69.4,0
2020/10/23 19:00,0,0,0,0,0,15.5,12.2,83.3,1.8,81.8,2.6,76.1,71.4,0
2020/10/23 20:00,0,0,0,0,0,8.1,7.9,85,1.3,83.5,1.9,77.7,72.8,0
2020/10/23 21:00,0,0,0,0,0,40.1,23.9,87.4,1,85.9,1.5,80.1,75,0
2020/10/23 22:00,0,0,0,0,0,95.7,87.6,86.9,1,85.3,1.5,79.1,73.6,0
2020/10/23 23:00,0,0,0,0,0,100,98.9,86.2,1,84.3,1.4,76.7,70.2,0
2020/10/24 0:00,0,0,0,0,0,100,98,85.1,1.1,83.2,1.6,75.9,69.7,0
2020/10/24 1:00,0,0,0,0,0,100,95.7,82.3,1.3,80.7,1.8,74.8,70,0
2020/10/24 2:00,0,0,0,0,0,100,98.6,78.5,1.5,77.3,2.1,72.9,69.5,0
2020/10/24 3:00,0,0,0,0,0,100,99.4,77.4,1.6,76.4,2.2,72.7,69.8,0
2020/10/24 4:00,0,0,0,0,0,100,97,77.6,1.7,76.6,2.4,73,70.4,0
2020/10/24 5:00,0,0,0,0,0,100,96.8,78.2,1.9,77.2,2.7,73.7,71.2,0
2020/10/24 6:00,0,0,0,0,0,100,98.6,78.7,1.9,77.6,2.7,73.8,71,0
2020/10/24 7:00,12.5,5979.3,0.1,4.569,1.5,100,97.2,82.5,1.4,81.4,2,77.2,74.2,0.2261625
2020/10/24 8:00,70,138644.8,11.1,32.887,19.3,99.5,83.6,81.1,1.2,80.2,1.7,76.8,74.1,2.823524925
2020/10/24 9:00,139.5,379532.5,81,97.731,54.2,9.7,9.7,73.4,1.4,72.9,2,71,69.4,6.9146124
2020/10/24 10:00,189.9,601146.2,161.3,173.501,60,0,0,67.9,1.4,67.7,2.1,66.9,66.3,7.486612500000001
2020/10/24 11:00,208.7,727800.8,175.5,216.635,60,0,0,64.3,1.5,64.2,2.1,63.9,63.7,7.08476265
2020/10/24 12:00,192.7,732910.3,158.9,217.067,60,4.2,2.1,62.1,1.6,62,2.3,61.8,61.8,4.384950000000001
2020/10/24 13:00,144.6,615550.9,118.4,186.333,60,2.7,1.4,68.4,1.6,68.1,2.3,67,66.2,1.2062374949999999
2020/10/24 14:00,75.7,399759.9,53.4,127.06,60,82,41,72.6,1.7,71.7,2.4,68.7,66.2,0.31786251
2020/10/24 15:00,16,155763.2,5.4,54.067,60,99.7,49.9,73.3,1.2,72.4,1.7,68.9,65.9,0.013965
2020/10/24 16:00,0,11384.2,0,8.819,32,99.2,49.6,80.8,2.1,79.1,3,73.1,68.3,0
2020/10/24 17:00,0,0,0,0,0,99.2,49.6,89.8,1.6,87.7,2.3,79.8,73.8,0
2020/10/24 18:00,0,0,0,0,0,100,73.1,90.7,1.9,88.3,2.7,79.6,72.7,0
2020/10/24 19:00,0,0,0,0,0,100,52.1,92.1,1.5,89.9,2.2,82.4,76.7,0
2020/10/24 20:00,0,0,0,0,0,100,95.5,89.2,2,87.2,2.9,80.6,75.5,0
2020/10/24 21:00,0,0,0,0,0,100,99.9,87,2,85.6,2.9,80.6,76.8,0
2020/10/24 22:00,0,0,0,0,0,100,100,84.2,2.5,83.2,3.6,79.4,76.5,0
2020/10/24 23:00,0,0,0,0,0,100,100,82.1,2.5,81.2,3.6,77.8,75.4,0
2020/10/25 0:00,0,0,0,0,0,100,100,82.7,2.6,81.8,3.7,78.7,76.5,0
2020/10/25 1:00,0,0,0,0,0,100,95.3,82.7,2.2,81.8,3.2,78.9,76.8,0
2020/10/25 2:00,0,0,0,0,0,100,92.9,82.7,2.4,81.7,3.5,78,75.2,0
2020/10/25 3:00,0,0,0,0,0,100,99.1,82.9,2.3,81.8,3.3,77.7,74.8,0
2020/10/25 4:00,0,0,0,0,0,100,99.4,81.4,2.4,80.5,3.4,77.3,75.1,0
2020/10/25 5:00,0,0,0,0,0,100,99.9,84.5,3.1,83.4,4.4,79.4,76.5,0
2020/10/25 6:00,0,0,0,0,0,100,97.1,84.4,3.1,83.1,4.4,78.7,75.5,0
2020/10/25 7:00,10.3,2882.9,0,1.141,0.3,100,99.3,83.3,2.9,82.3,4.2,78.6,75.8,0.039637515
2020/10/25 8:00,65.3,126557.7,0,10.36,18,100,85,82.9,3,81.8,4.4,78,75.2,0.304624995
2020/10/25 9:00,133.5,360064.2,5.4,41.471,36,99.5,69.8,81.7,2.4,80.5,3.4,76.2,73.1,0.418125
2020/10/25 10:00,183.4,578535.8,13.8,83.888,23,100,81.1,80.1,2.4,78.8,3.5,74.1,70.7,0.291087495
2020/10/25 11:00,202,703896.7,7.1,87.255,14.7,100,87.8,80.1,2.1,79.1,3,75.2,72.4,1.06055001
2020/10/25 12:00,186,708726.5,4.6,66.588,1.1,100,99.2,84.4,1.2,82.5,1.7,76.2,72,0.436487505
2020/10/25 13:00,138.3,592120.1,3.4,53.031,0,100,100,78.3,1.9,77.3,2.8,73.6,71.2,0.22586249999999997
2020/10/25 14:00,70.7,378973.2,0,27.912,0,100,100,86,1.9,85,2.7,81.7,79.4,0.013037489999999999
2020/10/25 15:00,13.5,142153.1,0,6.847,0,100,100,94.2,1.8,93.5,2.6,91.1,89.6,0
2020/10/25 16:00,0,7658.7,0,0.997,0,100,100,93.7,1.4,92.4,2.1,88,85,0
2020/10/25 17:00,0,0,0,0,0,100,100,94.4,1.3,93.2,1.9,88.9,86,0
2020/10/25 18:00,0,0,0,0,0,99.9,94.6,98.2,1.5,97,2.1,92.7,89.7,0
2020/10/25 19:00,0,0,0,0,0,70.4,60.7,96.5,1.3,94.7,1.9,88.1,83.2,0
2020/10/25 20:00,0,0,0,0,0,5,4.6,100,1.4,99.3,2,91.2,85.4,0
2020/10/25 21:00,0,0,0,0,0,3.4,3.4,100,1.4,98.1,2.1,86.9,78.9,0
2020/10/25 22:00,0,0,0,0,0,1.3,1.3,100,1.1,97.2,1.6,86,78.1,0
2020/10/25 23:00,0,0,0,0,0,17.5,17.5,100,1.4,98.4,1.9,88.8,82,0
2020/10/26 0:00,0,0,0,0,0,0.8,0.8,97.9,1.5,95.3,2.2,86.2,79.8,0
2020/10/26 1:00,0,0,0,0,0,6.9,6.9,100,1.2,99.9,1.7,95.8,92.8,0
2020/10/26 2:00,0,0,0,0,0,17.6,16.8,100,1.2,100,1.7,94.7,89.3,0
2020/10/26 3:00,0,0,0,0,0,4.7,4.2,100,1.3,100,1.8,94.1,88.5,0
2020/10/26 4:00,0,0,0,0,0,19.8,11.5,100,1.2,100,1.7,92.7,87.1,0
2020/10/26 5:00,0,0,0,0,0,8.5,5,100,1.7,99.1,2.5,91,85.7,0
2020/10/26 6:00,0,0,0,0,0,1.2,0.8,94.4,1.7,92.2,2.4,84.7,79.7,0
2020/10/26 7:00,8.1,2264.5,3.7,4.618,20.8,41.1,21.1,81.3,1.5,80.4,2.2,77.1,74.8,1.0282249799999998
2020/10/26 8:00,60.8,115018.2,43.4,41.018,59.4,46.8,24.3,79,1.5,78,2.2,74.4,71.7,4.785075
2020/10/26 9:00,127.7,341035,102.2,108.567,59.5,22.2,11.5,77.3,1.6,76.3,2.3,72.9,70.3,5.954699999999999
2020/10/26 10:00,176.9,556246,146.3,168.207,60,28.5,14.2,74.5,1.7,73.8,2.4,70.9,68.7,7.305362400000001
2020/10/26 11:00,195.4,680293.7,159.4,200.279,60,44.4,22.2,72.2,1.1,71.6,1.6,69.1,67,7.55008755
2020/10/26 12:00,179.4,684870.7,118.8,192.895,60,91.5,45.7,71.6,1,70.9,1.4,68.4,66.4,6.3107751
2020/10/26 13:00,132.2,569086.7,54.3,148.709,48.2,92.9,56.3,70.7,1.5,69.3,2.1,64.2,60.3,4.6478874
2020/10/26 14:00,65.8,358740.2,29.1,95.135,58.9,61.8,31.8,71.2,1.3,69.9,1.8,65.2,61.8,2.0745875249999997
2020/10/26 15:00,11.1,129269.5,5.7,42.523,60,0,0,72.9,1.4,71.6,2.1,67.2,63.9,0.009150014999999984
2020/10/26 16:00,0,3989.4,0,7.441,25,0,0,77,1.3,75.7,1.8,71.2,68.1,0
2020/10/26 17:00,0,0,0,0,0,0,0,82.8,1.6,81.4,2.3,76.6,73,0
2020/10/26 18:00,0,0,0,0,0,0,0,82.5,1.6,81.3,2.3,77.3,74.5,0
2020/10/26 19:00,0,0,0,0,0,47,24.6,82.2,1.2,81.2,1.8,77.9,75.6,0
2020/10/26 20:00,0,0,0,0,0,1.4,0.7,85,1.2,83.8,1.8,79.6,76.9,0
2020/10/26 21:00,0,0,0,0,0,1,0.5,88.4,1.2,86.8,1.7,81.5,78,0
2020/10/26 22:00,0,0,0,0,0,0.3,0.3,90.6,1.2,89,1.7,83.3,79.5,0
2020/10/26 23:00,0,0,0,0,0,31.2,16,91.4,1.4,89.8,1.9,84.3,80.7,0
2020/10/27 0:00,0,0,0,0,0,67.2,33.9,90.3,1.2,88.8,1.8,83.6,80.1,0
2020/10/27 1:00,0,0,0,0,0,65.3,34,87.8,1.1,86.6,1.6,82.2,79.2,0
2020/10/27 2:00,0,0,0,0,0,97.4,61.4,88.9,1.2,87.6,1.7,83,79.9,0
2020/10/27 3:00,0,0,0,0,0,92.9,50,88.6,1.1,87.3,1.5,82.7,79.6,0
2020/10/27 4:00,0,0,0,0,0,64.2,32.5,87.7,1.1,86.6,1.5,82.8,80.3,0
2020/10/27 5:00,0,0,0,0,0,37.5,18.8,91.5,1.1,90.1,1.6,85.2,81.8,0
2020/10/27 6:00,0,0,0,0,0,22.4,11.2,91.3,1,89.9,1.4,84.9,81.3,0.000642855
2020/10/27 7:00,5.9,1649.9,2.3,2.808,17.8,6.8,3.8,88.5,1,87.1,1.5,81.9,78.1,1.1802500100000002
2020/10/27 8:00,56.5,103999.1,41,36.872,59.9,0.8,0.5,87.1,0.9,85.4,1.3,79.4,74.9,4.5880875
2020/10/27 9:00,121.9,322466.1,93.6,102.581,55.6,54,30.7,84.3,0.8,82.8,1.2,77.3,73,5.8629124500000005
2020/10/27 10:00,170.6,534293.2,128.4,159.061,49.3,40.8,29.4,81.3,0.5,80.1,0.8,75.8,72.5,4.03847505
2020/10/27 11:00,188.8,657006.8,144,189.677,58.4,20.7,11.7,80.2,0.3,79.2,0.5,75.2,72.1,3.4008999749999997
2020/10/27 12:00,173,661357.7,89.2,179.092,40,54.9,44.1,81.3,0.6,80.1,0.8,75.8,72.3,5.0667
2020/10/27 13:00,126.1,546466.9,40.6,135.202,55.1,80,44.1,84.2,0.7,82.8,1.1,78,74.3,4.8813375
2020/10/27 14:00,61.1,339080.2,31.1,88.791,56.8,17.8,11.5,86.4,0.9,84.7,1.3,78.8,74.6,2.28403755
2020/10/27 15:00,8.8,117079.9,4.1,39.308,55.1,36.9,22.5,88.7,1.3,86.9,1.8,80.6,76.2,0.03821818499999998
2020/10/27 16:00,0,2465.6,0,5.761,18.3,54.5,35.7,91.4,1.1,89.7,1.6,83.4,79,0
2020/10/27 17:00,0,0,0,0,0,71.6,38.4,97.1,1,95.1,1.4,88.1,82.9,0
2020/10/27 18:00,0,0,0,0,0,66.3,42.2,97.6,1,95.6,1.5,88.7,83.6,0
2020/10/27 19:00,0,0,0,0,0,78.6,74.9,95,0.8,93.2,1.2,86.9,82.5,0
2020/10/27 20:00,0,0,0,0,0,20.8,14.4,95.8,0.7,94.4,1,89.2,85.3,0
2020/10/27 21:00,0,0,0,0,0,12.6,11.3,97.9,0.7,96.5,1,91.1,87.1,0
2020/10/27 22:00,0,0,0,0,0,18.7,15.9,99.2,0.8,97.6,1.2,91.8,87.7,0
2020/10/27 23:00,0,0,0,0,0,37.6,37.6,99.3,0.8,97.6,1.1,91.6,87.1,0
2020/10/28 0:00,0,0,0,0,0,35.1,35.1,99.2,0.8,97.5,1.2,91,86.2,0
2020/10/28 1:00,0,0,0,0,0,7.7,7.7,99.5,1,97.6,1.5,90.6,85.4,0
2020/10/28 2:00,0,0,0,0,0,19.4,19.4,100,1,98,1.4,90.5,84.8,0
2020/10/28 3:00,0,0,0,0,0,16,16,100,0.9,98.6,1.3,89.8,83.2,0
2020/10/28 4:00,0,0,0,0,0,19.8,19.8,100,0.9,99.4,1.3,90.6,83.9,0
2020/10/28 5:00,0,0,0,0,0,30.5,30.5,100,0.9,99.1,1.3,90.7,84.4,0
2020/10/28 6:00,0,0,0,0,0,42.5,42.5,98.5,0.9,96.2,1.4,88.7,83,0.001312499999999985
2020/10/28 7:00,3.7,1038.5,1.2,1.4,12.1,19.5,19.5,93.9,1,92.1,1.5,85.8,81.1,0.7681875300000001
2020/10/28 8:00,52.4,93466.6,36,32.123,55.3,7.8,7.8,89.3,0.9,88.1,1.4,83.7,80.5,3.041049975
2020/10/28 9:00,116.2,304378.8,92.1,96.675,55.5,7.6,7.6,85.4,1.1,84.3,1.6,80.4,77.4,5.116774950000001
2020/10/28 10:00,164.3,512693.9,124.5,153.74,59.3,85,43.1,82.1,1.7,81,2.4,77.2,74.2,6.241412400000001
2020/10/28 11:00,182.4,634050.7,134.5,183.37,59.5,40.8,20.8,78,2,77,2.8,73.3,70.4,5.713100099999999
2020/10/28 12:00,166.6,638202.4,107.5,180.54,22,99.5,81.6,78.2,2.3,77.2,3.2,73.5,70.7,2.3267624999999996
2020/10/28 13:00,120.3,524276.6,34.1,133.013,0.5,99.9,99.6,76.5,1.9,75.7,2.7,72.6,70.3,0.33068751
2020/10/28 14:00,56.6,320011.9,1.5,61.986,0,100,100,78.2,1.6,77.4,2.3,74.4,72.3,0.031431825
2020/10/28 15:00,6.5,105544.3,0,14.97,0,100,100,85.9,1.3,84.7,1.9,80.5,77.6,0
2020/10/28 16:00,0,1822.5,0,1.039,0,100,100,93.8,1.3,92,1.9,85.7,81.5,0
2020/10/28 17:00,0,0,0,0,0,100,99.9,96.6,1.3,94.5,1.9,87.4,82.6,0
2020/10/28 18:00,0,0,0,0,0,99.7,99.5,97.8,1.3,95.4,1.9,87.3,81.8,0
2020/10/28 19:00,0,0,0,0,0,48.8,48.8,96.4,1.5,93.8,2.2,84.9,78.8,0
2020/10/28 20:00,0,0,0,0,0,2.9,2.9,96.6,1.5,93.9,2.1,84.6,78.3,0
2020/10/28 21:00,0,0,0,0,0,5.8,3.7,97.4,1.6,94.7,2.2,85.3,78.8,0
2020/10/28 22:00,0,0,0,0,0,26.9,26.7,97.4,1.8,94.3,2.5,83.9,76.6,0
2020/10/28 23:00,0,0,0,0,0,13.7,9.9,97.5,1.8,94.6,2.6,84.4,77.2,0
2020/10/29 0:00,0,0,0,0,0,32.9,26.8,96.5,1.6,93.6,2.3,83.7,76.7,0
2020/10/29 1:00,0,0,0,0,0,65.8,58.6,96.9,1.1,94.4,1.6,85.5,79,0
2020/10/29 2:00,0,0,0,0,0,81.9,71.5,96.4,1,94.2,1.4,86.2,80.5,0
2020/10/29 3:00,0,0,0,0,0,86.9,78.9,96,0.9,93.8,1.3,86.1,80.6,0
2020/10/29 4:00,0,0,0,0,0,82,66.6,97.2,1,95.1,1.5,87.5,81.9,0
2020/10/29 5:00,0,0,0,0,0,87.7,72.2,99.8,1.1,97.4,1.5,88.9,82.6,0
2020/10/29 6:00,0,0,0,0,0,97.7,91.3,98.4,1.1,96.2,1.6,88.2,82.1,0
2020/10/29 7:00,1.5,430.3,0,0.128,0,100,100,95.5,1,93.6,1.4,86.5,80.8,0.038674995
2020/10/29 8:00,48.4,83383,0,7.363,0,100,100,97.4,0.9,95.7,1.2,89.5,84.6,0.16133751
2020/10/29 9:00,110.7,286794,0,19.506,0,100,100,97.1,0.9,96.1,1.4,92.1,88.9,0.237587505
2020/10/29 10:00,158.2,491464.5,1.1,28.222,0.2,100,100,96.5,0.9,95.8,1.3,93.1,90.9,0.63674997
2020/10/29 11:00,176,611440.3,7.9,39.03,5.1,98.9,98.9,95.4,1,94.8,1.4,92.4,90.5,2.12468745
2020/10/29 12:00,160.3,615419.4,19.1,53.779,5,98.8,98.8,94.9,1.1,94.4,1.5,92.5,91.1,0.6396124799999999
2020/10/29 13:00,114.5,502531.4,28.6,65.164,30.8,66.8,66.8,91.3,1.7,91.2,2.5,91,90.8,0.57164997
2020/10/29 14:00,52.4,301552.9,18.8,55.442,33.3,59.6,59.6,92.1,1.9,91.8,2.7,90.8,89.9,0.07523751
2020/10/29 15:00,4.2,94616.5,1,22.523,37,52.9,52.9,93.5,1.7,93.1,2.4,91.9,90.8,0
2020/10/29 16:00,0,1187.8,0,1.545,10.7,44.8,44.8,97.2,1.5,97,2.2,96,95.3,0
2020/10/29 17:00,0,0,0,0,0,46.2,46.2,100,1.4,100,2,99.6,99.2,0
2020/10/29 18:00,0,0,0,0,0,44.5,44.5,100,1.2,100,1.8,100,100,0
2020/10/29 19:00,0,0,0,0,0,59,59,100,1.1,100,1.5,100,99.9,0
2020/10/29 20:00,0,0,0,0,0,57.3,57.3,100,1.1,100,1.5,100,100,0
2020/10/29 21:00,0,0,0,0,0,52,52,100,1,100,1.5,100,100,0
2020/10/29 22:00,0,0,0,0,0,48,48,100,1,100,1.4,100,100,0
2020/10/29 23:00,0,0,0,0,0,40.6,40.6,100,0.8,100,1.2,100,100,0
2020/10/30 0:00,0,0,0,0,0,52.5,52.5,100,0.7,100,1,100,100,0
2020/10/30 1:00,0,0,0,0,0,68.2,68.2,100,0.8,100,1.2,100,100,0
2020/10/30 2:00,0,0,0,0,0,66.3,66.3,100,0.8,100,1.1,100,100,0
2020/10/30 3:00,0,0,0,0,0,70.2,70.2,100,0.9,100,1.3,100,99.9,0
2020/10/30 4:00,0,0,0,0,0,62.1,62.1,100,1.1,100,1.6,100,97,0
2020/10/30 5:00,0,0,0,0,0,49,49,100,1.3,100,1.9,99.2,95.2,0
2020/10/30 6:00,0,0,0,0,0,47.7,47.7,100,1.7,100,2.5,95.1,90,0
2020/10/30 7:00,0,0,0,0,6.1,32.1,32.1,97.7,1.9,96.2,2.7,90.2,84.6,0.08210000999999999
2020/10/30 8:00,44.6,73884.5,32.6,27.401,44,26.6,26.6,94,2,92.6,2.9,86.9,81.7,2.743812525
2020/10/30 9:00,105.3,269732,87.2,90.202,59.8,0.4,0.4,86.9,2.4,86.1,3.4,82.8,79.3,6.371299950000001
2020/10/30 10:00,152.1,470621.5,128,148.952,59.7,0.5,0.5,84.2,2.5,83.8,3.6,81.8,79.7,7.251012449999999
2020/10/30 11:00,169.8,589190.1,142,180.363,59.8,0.4,0.4,81.7,2.6,81.3,3.8,79.4,77.7,7.3883624999999995
2020/10/30 12:00,154.2,593023.2,128.1,180.764,59.5,0.8,0.8,78.4,2.8,77.9,4,76,74.3,6.557025
2020/10/30 13:00,108.9,481246.7,89.8,151.104,59.5,0.8,0.8,73.3,3,72.9,4.2,71.1,69.8,4.72013745
2020/10/30 14:00,48.3,283719.7,37.4,95.279,59.1,1.6,1.6,71.5,3.1,71,4.5,69.1,67.8,1.2403374900000002
2020/10/30 15:00,2,84246.2,1,31.443,58.6,2.3,2.3,72,3.1,71.5,4.4,69.6,68.4,0
2020/10/30 16:00,0,561.5,0,0.715,9.9,26.7,23.5,74,3,73.4,4.3,71.5,70.3,0
2020/10/30 17:00,0,0,0,0,0,98.4,97.6,73.4,2.7,72.9,3.8,71.4,70.5,0
2020/10/30 18:00,0,0,0,0,0,99.7,96.5,72.5,2.1,72,3,70.4,69.7,0
2020/10/30 19:00,0,0,0,0,0,100,100,74.3,1.7,73.5,2.5,70.8,69.1,0
2020/10/30 20:00,0,0,0,0,0,100,100,79.6,1.8,78.6,2.6,74.9,72.5,0
2020/10/30 21:00,0,0,0,0,0,100,100,90.4,1.2,89,1.8,84.1,80.5,0
2020/10/30 22:00,0,0,0,0,0,100,100,93.5,1.4,92.5,2,89,86.2,0
2020/10/30 23:00,0,0,0,0,0,100,100,95.7,1,94.9,1.5,92,89.7,0
2020/10/31 0:00,0,0,0,0,0,100,99.8,97.4,0.9,96.8,1.3,94.1,91.8,0
2020/10/31 1:00,0,0,0,0,0,100,99.3,99,1,98.4,1.4,95.7,93.3,0
2020/10/31 2:00,0,0,0,0,0,100,100,99.3,1,98.9,1.5,96.3,93.9,0
2020/10/31 3:00,0,0,0,0,0,99.9,99.2,100,1.2,99.6,1.7,96.8,94.2,0
2020/10/31 4:00,0,0,0,0,0,99.1,97.4,99.9,1,99.4,1.4,96.8,94,0
2020/10/31 5:00,0,0,0,0,0,96.9,95.9,99.4,1,99,1.4,96.6,93.9,0
2020/10/31 6:00,0,0,0,0,0,76.6,76.6,100,1,99.5,1.4,97,94.2,0
2020/10/31 7:00,0,0,0,0,2.2,78.1,78.1,94.7,1,94.1,1.4,91.9,89.8,0.66795
2020/10/31 8:00,41,65190.6,15.8,18.025,37.7,52,52,91.8,0.8,91.4,1.2,89.4,87.2,3.9423375
2020/10/31 9:00,100,253212,60.2,68.046,50.9,16.5,16.5,90.8,0.9,90.5,1.3,89.1,86.7,4.085025
2020/10/31 10:00,146.2,450181.2,96.8,123.165,51.8,54.1,34,90.5,0.8,90.4,1.2,89.5,86.9,5.4141
2020/10/31 11:00,163.6,567314.8,106.7,154.716,57.8,100,51.9,90.2,0.8,90.2,1.1,89.1,86.2,2.902074975
2020/10/31 12:00,148.2,571028,69.9,151.686,59.9,100,50.1,90,1.4,89.9,2,88.1,85.1,1.2716125049999998
2020/10/31 13:00,103.5,460437.5,16.9,112.569,58.9,100,50.9,88,1.9,87.6,2.7,84.8,81.5,1.24065
2020/10/31 14:00,44.4,266527.4,1.4,59.799,45.3,100,62.3,87.7,2.5,87.3,3.6,85.1,83.2,0.27784999499999996
2020/10/31 15:00,0,74439.6,0,17.344,31.5,100,73.7,86.8,2.8,86.3,4,84.3,82.7,0
2020/10/31 16:00,0,0,0,0,7.8,28.4,22.2,87.7,2.9,87.2,4.2,85.2,83.5,0
2020/10/31 17:00,0,0,0,0,0,59.7,43.7,88.4,3.3,87.9,4.8,86,84.5,0
2020/10/31 18:00,0,0,0,0,0,98,91.1,84.6,3.7,84.2,5.3,82.6,81.5,0
2020/10/31 19:00,0,0,0,0,0,97.7,91.7,78.4,3.9,78.2,5.6,77.4,77,0
2020/10/31 20:00,0,0,0,0,0,72.4,68.1,77.4,3.9,77.1,5.6,76.2,75.7,0
2020/10/31 21:00,0,0,0,0,0,98.8,80.4,73.9,3.8,73.5,5.4,72.2,71.5,0
2020/10/31 22:00,0,0,0,0,0,99.2,90.6,69.2,4,69,5.7,68.2,68,0
2020/10/31 23:00,0,0,0,0,0,99.4,99.1,68.2,4.7,68,6.8,67.4,67.3,0
2020/11/1 0:00,0,0,0,0,0,100,90.4,67.1,5.1,66.9,7.3,66.3,66.3,0
2020/11/1 1:00,0,0,0,0,0,93.6,78.7,65.8,3.8,65.5,5.4,64.8,64.8,0
2020/11/1 2:00,0,0,0,0,0,99.5,59.9,67.7,3.6,67.4,5.2,66.7,66.6,0
2020/11/1 3:00,0,0,0,0,0,100,77.9,69,3.3,68.6,4.8,67.5,67.2,0
2020/11/1 4:00,0,0,0,0,0,100,93.8,67.9,4.7,67.6,6.7,66.9,66.7,0
2020/11/1 5:00,0,0,0,0,0,100,99.7,68.3,5.2,68,7.4,67.1,66.7,0
2020/11/1 6:00,0,0,0,0,0,92.6,92.6,68.4,3.8,68,5.5,66.5,65.9,0
2020/11/1 7:00,0,0,0,0,0,98.5,98.5,75.3,2.3,74.8,3.4,72.9,71.6,0.02235
2020/11/1 8:00,37.5,56843.3,2.4,9.412,42.5,98.2,63.9,75.3,2.5,74.6,3.6,72,70.3,0.22483750500000002
2020/11/1 9:00,94.8,237252.3,5,35.95,23.4,99.7,80.4,72.8,2.4,71.9,3.4,69,67.1,0.353287485
2020/11/1 10:00,140.3,430159.9,1.1,56.211,17.4,99.8,85.4,72.2,1.8,71.3,2.6,68.2,66.3,0.951587505
2020/11/1 11:00,157.6,545828.7,14.5,72.814,52.7,96.8,54.5,73.1,2.1,72.4,3,70.1,68.6,0.73152498
2020/11/1 12:00,142.3,549447.9,25,86.475,44.8,86.4,65.1,72.7,2.5,71.8,3.5,68.9,67.2,0.3547125
2020/11/1 13:00,98.2,440118.3,14.9,70.171,6.1,99.4,96.5,67.7,3.5,67.1,5,65,63.9,0.10450000499999999
2020/11/1 14:00,40.8,249989.1,2.8,37.498,0.2,100,99.9,67.1,3.6,66.4,5.1,64.2,63,0.00021250499999999999
2020/11/1 15:00,0,65649.8,0,10.663,0.1,99.9,99.9,64.3,4,63.6,5.7,61.3,59.9,0
2020/11/1 16:00,0,0,0,0,0,100,100,61.1,4.2,60.4,6.1,58.1,56.8,0
2020/11/1 17:00,0,0,0,0,0,100,99.9,61.9,4.4,61.5,6.4,60.3,59.8,0
2020/11/1 18:00,0,0,0,0,0,100,100,63.1,4.6,62.7,6.6,61.4,60.8,0
2020/11/1 19:00,0,0,0,0,0,96.6,86.8,64.5,4.7,64.2,6.7,63.3,62.9,0
2020/11/1 20:00,0,0,0,0,0,100,100,65.4,4.3,65,6.2,63.8,63.1,0
2020/11/1 21:00,0,0,0,0,0,100,100,66.8,3.8,66.3,5.5,64.6,63.6,0
2020/11/1 22:00,0,0,0,0,0,100,95.7,64.6,3.9,63.9,5.6,61.7,60.5,0
2020/11/1 23:00,0,0,0,0,0,100,88.4,66.2,4.2,65.6,6.1,63.7,62.6,0
2020/11/2 0:00,0,0,0,0,0,97.8,86.4,66.8,4.1,66.1,5.8,64,62.8,0
2020/11/2 1:00,0,0,0,0,0,99.6,95.3,71.6,3.9,71,5.6,69,67.8,0
2020/11/2 2:00,0,0,0,0,0,99.8,96,70,3.5,69.4,5.1,67.1,65.9,0
2020/11/2 3:00,0,0,0,0,0,99.8,94.2,68.9,3.8,68.3,5.5,66.2,64.9,0
2020/11/2 4:00,0,0,0,0,0,99.9,99.2,68.2,3.8,67.6,5.5,65.2,63.9,0
2020/11/2 5:00,0,0,0,0,0,100,98.4,70.9,3.1,70.2,4.5,67.5,65.9,0
2020/11/2 6:00,0,0,0,0,0,100,99.6,71.7,3,70.9,4.4,68.1,66.3,0
2020/11/2 7:00,0,0,0,0,0,100,99.9,80.3,2.4,79.3,3.5,75.8,73.5,0.05078977499999999
2020/11/2 8:00,34.3,48815.5,0.1,3.021,0.1,99.8,99.8,83.7,2.2,82.3,3.2,77.5,74.3,0.206899995
2020/11/2 9:00,89.8,221869.3,4.8,16.985,13.6,83.4,81,85.2,1.8,83.6,2.6,78.1,74.3,2.410850025
2020/11/2 10:00,134.6,410573.6,53,63.173,55.9,7.2,7.2,84.5,1.3,83.2,1.8,78.6,75.4,6.616037550000001
2020/11/2 11:00,151.7,524745.9,104.7,126.205,55.2,8,8,83,1.5,81.7,2.1,77,73.8,6.71378745
2020/11/2 12:00,136.5,528296.5,74.5,138.045,17.1,74,74,82.3,1.1,81.1,1.7,76.9,73.9,4.32497505
2020/11/2 13:00,93.1,420302.9,36.3,98.14,30.5,68.4,68.4,78.2,1.4,76.9,2,72.4,69.1,3.2942375249999998
2020/11/2 14:00,37.4,234116,9.5,49.096,9,97.4,97.4,68.9,3.2,67.2,4.6,61.2,57.2,1.53339999
2020/11/2 15:00,0,57279,0,12.003,11.1,94.4,94.4,62.9,3.7,62,5.3,59.2,57.4,0
2020/11/2 16:00,0,0,0,0,0.3,98.9,98.9,68,3,67.2,4.3,64.7,63.2,0
2020/11/2 17:00,0,0,0,0,0,99.6,99.6,71.5,3,71.2,4.4,70.1,69.5,0
2020/11/2 18:00,0,0,0,0,0,95.4,94.9,84.6,3.1,84.4,4.4,83.6,83.2,0
2020/11/2 19:00,0,0,0,0,0,88.3,68.9,85.1,3,84.9,4.2,84.1,83.7,0
2020/11/2 20:00,0,0,0,0,0,91.4,69.5,87.7,2.8,87.5,4.1,87.2,87.1,0
2020/11/2 21:00,0,0,0,0,0,88,61.5,89.7,2.5,89.4,3.5,88.3,87.5,0
2020/11/2 22:00,0,0,0,0,0,84.4,65.4,90.9,1.7,90.5,2.4,88.8,87.7,0
2020/11/2 23:00,0,0,0,0,0,86.2,73.3,92.2,1.4,91.7,2,89.6,88.2,0
2020/11/3 0:00,0,0,0,0,0,87.9,75.1,94.1,1.7,93.3,2.4,90.6,88.5,0
2020/11/3 1:00,0,0,0,0,0,89.7,57,97.6,1.3,96.6,1.9,93,90.2,0
2020/11/3 2:00,0,0,0,0,0,54.7,31.8,99.3,1.7,98,2.4,93.3,89.7,0
2020/11/3 3:00,0,0,0,0,0,86.5,66.2,96,1.7,94.6,2.5,89.4,85.2,0
2020/11/3 4:00,0,0,0,0,0,96.9,79.6,93.8,1.4,92.2,2.1,86.1,81.2,0
2020/11/3 5:00,0,0,0,0,0,81.6,71.2,95.2,1.3,93.4,1.9,86.8,81.4,0
2020/11/3 6:00,0,0,0,0,0,86.3,70,95.5,1.5,94,2.2,88.1,83.2,0
2020/11/3 7:00,0,0,0,0,0,96.2,80.2,91.5,1.8,90.4,2.6,86.3,82.8,0.15797498999999998
2020/11/3 8:00,31.2,41076.5,4.1,12.324,16.7,97.3,87.7,88.5,2,87.6,2.9,84.5,81.8,1.1957875050000002
2020/11/3 9:00,84.9,207077.5,19.9,47.072,33.9,90.9,73.3,85.7,2.1,85.2,3.1,83.2,81.4,0.76183749
2020/11/3 10:00,129,391438,53.9,90.297,33.8,79.2,67.3,84,1.9,83.6,2.8,82.3,81.1,0.7608499799999998
2020/11/3 11:00,145.9,504080.4,85.4,124.47,48.6,73.7,48.6,81.5,1.8,81.2,2.5,79.8,78.4,1.9989
2020/11/3 12:00,130.9,507587.1,77.3,134.462,37.3,73.4,57.5,79.6,1.7,79,2.4,76.7,74.8,1.450487505
2020/11/3 13:00,88.1,401004.9,44.5,111.229,51.5,87.2,52.8,71.8,2.1,71.1,3,68.3,65.9,4.13848755
2020/11/3 14:00,34.1,218916.7,16.9,65.179,52.9,24.3,18.9,73.8,2,72.8,2.9,68.7,65.3,1.11121251
2020/11/3 15:00,0,49293.7,0,19.492,51.8,23.9,20.2,76.8,2,75.2,2.8,69.2,64,0
2020/11/3 16:00,0,0,0,0,0,48.6,31.9,76.4,2,74.6,2.9,67.7,62,0
2020/11/3 17:00,0,0,0,0,0,45.9,28.1,73.9,2.3,72.1,3.2,65.7,60.3,0
2020/11/3 18:00,0,0,0,0,0,45.4,25.1,70.9,2.5,69.5,3.5,64.3,59.9,0
2020/11/3 19:00,0,0,0,0,0,27.9,19.4,71.5,2.5,69.9,3.6,63.9,58.9,0
2020/11/3 20:00,0,0,0,0,0,34.6,24.3,69.8,2.8,68.3,4.1,62.9,58.4,0
2020/11/3 21:00,0,0,0,0,0,42.9,29.7,68.5,2.8,67.2,4,62.3,58.2,0
2020/11/3 22:00,0,0,0,0,0,46.8,31.6,69.4,2.5,68.1,3.5,63.3,59.3,0
2020/11/3 23:00,0,0,0,0,0,62.7,36.9,70.4,2.4,69,3.5,63.6,59.1,0
2020/11/4 0:00,0,0,0,0,0,70.8,41,71.3,2.4,69.8,3.4,63.9,59.1,0
2020/11/4 1:00,0,0,0,0,0,99.5,96.6,69.9,2.3,68.3,3.3,62.4,57.4,0
2020/11/4 2:00,0,0,0,0,0,97.3,97.2,69.1,2.2,68,3.1,63.6,60,0
2020/11/4 3:00,0,0,0,0,0,99.4,99.3,73.3,2.5,72.7,3.6,70.7,69.3,0
2020/11/4 4:00,0,0,0,0,0,99.9,99.7,83.4,2.7,83.4,3.9,83.6,83.9,0
2020/11/4 5:00,0,0,0,0,0,96.9,96.8,92.6,3.2,92.5,4.7,92.1,91.8,0
2020/11/4 6:00,0,0,0,0,0,74.5,74.3,92.3,3.2,92.1,4.6,91.7,91.4,0
2020/11/4 7:00,0,0,0,0,0,32.6,32.3,88.1,3.2,88,4.6,87.7,87.6,0.13763751
2020/11/4 8:00,28.3,35025.8,4.7,10.83,0.4,100,99.7,86.8,3.2,86.7,4.7,86.4,86.2,0.167175
2020/11/4 9:00,80.1,192888.4,0.3,28.22,0,100,100,85.7,3.1,85.9,4.4,86.6,87.3,0.35235
2020/11/4 10:00,123.5,372768.5,0,33.116,0.4,100,100,90.2,3.6,90.6,5.2,92.4,94.2,1.548137505
2020/11/4 11:00,140.2,483845.6,0.1,29.638,0,100,100,95.1,3.8,94.9,5.5,94.6,94.8,0.3334125
2020/11/4 12:00,125.4,487332.7,0.2,25.564,0,100,100,95.4,3.9,95.3,5.6,95.1,95.3,0.139125
2020/11/4 13:00,83.3,382236.9,0.1,18.323,0.4,100,100,93.9,3.4,93.7,4.9,93.3,93.5,0.025675005
2020/11/4 14:00,31.1,204396.9,0,8.967,0,100,100,94,3.5,93.9,5,93.6,94,0
2020/11/4 15:00,0,41658.4,0,2.296,0.1,100,100,94.1,3.4,93.9,4.9,93.1,93.1,0
2020/11/4 16:00,0,0,0,0,0,100,99.9,94.3,3.3,94,4.8,93,92.8,0
2020/11/4 17:00,0,0,0,0,0,100,100,94.2,3.3,93.8,4.8,92.7,92.3,0
2020/11/4 18:00,0,0,0,0,0,100,99.9,93.8,3.9,93.3,5.6,91.7,91,0
2020/11/4 19:00,0,0,0,0,0,100,99.4,89.6,3.1,89.4,4.4,88.8,88.4,0
2020/11/4 20:00,0,0,0,0,0,100,99.8,90.9,2.7,90.7,3.9,90,89.7,0
2020/11/4 21:00,0,0,0,0,0,100,100,90.6,2.8,90.5,4,90,89.6,0
2020/11/4 22:00,0,0,0,0,0,100,99.6,89.5,2.7,89.3,3.9,88.4,87.4,0
2020/11/4 23:00,0,0,0,0,0,100,99.9,87.8,2.5,87.5,3.5,85.9,84.3,0
2020/11/5 0:00,0,0,0,0,0,100,100,85.8,3,85.3,4.3,83.5,81.7,0
2020/11/5 1:00,0,0,0,0,0,100,100,86.4,2.8,86,4,84.3,82.6,0
2020/11/5 2:00,0,0,0,0,0,100,100,81.7,4.7,81.3,6.7,80.1,79.2,0
2020/11/5 3:00,0,0,0,0,0,100,100,80.3,6,80.2,8.6,79.9,79.9,0
2020/11/5 4:00,0,0,0,0,0,100,100,85,6,85.1,8.6,85.6,86.3,0
2020/11/5 5:00,0,0,0,0,0,74.9,74.1,86.6,6.9,86.6,9.9,86.8,87.1,0
2020/11/5 6:00,0,0,0,0,0,74.1,74.1,85.8,6.2,85.9,8.9,86.4,87.2,0
2020/11/5 7:00,0,0,0,0,0,94.7,87.7,84.9,6.1,84.9,8.8,85.3,85.9,0.093662505
2020/11/5 8:00,25.6,30419.2,4.1,8.703,32.4,80.2,65.7,83.1,6.2,83.1,8.9,83.1,83.4,0.46803751499999996
2020/11/5 9:00,75.5,179310.3,21.1,36.689,29.4,84.1,78.8,79.9,5.9,79.8,8.4,79.9,80.3,1.038075
2020/11/5 10:00,118.1,354580.2,26,61.075,19.8,85.5,82.6,81.8,6.1,81.9,8.8,82.5,83.2,0.81897501
2020/11/5 11:00,134.6,464054.9,15.1,60.147,11.2,94.2,89.4,80.4,5.8,80.4,8.3,80.7,81.4,2.0137625249999997
2020/11/5 12:00,120,467545.7,7.1,50.041,16.5,98.4,94,77.5,5.5,77.5,7.9,77.8,78.6,1.123125
2020/11/5 13:00,78.7,364010.9,8,42.679,7.9,94,93.2,76.5,4.9,76.5,7,76.7,77.5,0.6932624999999999
2020/11/5 14:00,28.3,190558.8,3.9,28.681,5.9,97.3,95.1,77.2,5.1,77.1,7.3,77.2,77.8,0.1872
2020/11/5 15:00,0,35299.7,0,8.985,22.2,97.2,83.7,77.6,5.2,77.5,7.5,77.5,78.1,0
2020/11/5 16:00,0,0,0,0,0,99.5,94.1,79.8,4.6,79.7,6.6,79.8,80.7,0
2020/11/5 17:00,0,0,0,0,0,100,99.7,86,4.3,86,6.2,86.4,87.5,0
2020/11/5 18:00,0,0,0,0,0,100,100,87.4,4.3,87.3,6.1,87.8,88.6,0
2020/11/5 19:00,0,0,0,0,0,100,100,89.9,3.7,89.8,5.3,90.1,90.9,0
2020/11/5 20:00,0,0,0,0,0,100,100,91.7,3.2,91.5,4.7,91.3,91.6,0
2020/11/5 21:00,0,0,0,0,0,100,100,94.5,3,93.9,4.4,92,91.1,0
2020/11/5 22:00,0,0,0,0,0,100,100,93.1,4.2,92.3,6,90.2,89.1,0
2020/11/5 23:00,0,0,0,0,0,100,100,92.9,5.1,92.3,7.3,90.6,89.8,0
2020/11/6 0:00,0,0,0,0,0,100,100,93.2,5.5,92.6,7.9,91.2,90.8,0
2020/11/6 1:00,0,0,0,0,0,99.9,99.8,93.9,6,93.3,8.7,91.4,90.6,0
2020/11/6 2:00,0,0,0,0,0,100,100,89.1,6.2,88.9,9,88.6,88.8,0
2020/11/6 3:00,0,0,0,0,0,100,100,88.8,6.1,88.5,8.8,88,88.3,0
2020/11/6 4:00,0,0,0,0,0,92.3,92.3,87.8,6,87.5,8.6,86.8,87.2,0
2020/11/6 5:00,0,0,0,0,0,99.7,99.7,86.4,5.1,86.1,7.3,85.4,86,0
2020/11/6 6:00,0,0,0,0,0,93.2,93.2,84.4,4.7,84.2,6.7,83.4,83.9,0
2020/11/6 7:00,0,0,0,0,0,99.9,99.9,84.1,3.9,83.9,5.7,83,83.7,0
2020/11/6 8:00,23.1,25974.2,0.1,2.807,0.8,99.7,99.7,83,3.7,82.7,5.4,81.8,82.4,0.037624994999999994
2020/11/6 9:00,71,166347.5,0.6,11.822,0.5,99.6,99.6,81.5,4,81.2,5.7,80.2,80.6,0.1577625
2020/11/6 10:00,112.9,336887.4,2.4,23.481,1.8,97.9,97.9,79.4,4,79.1,5.8,78.2,78.4,0.14293750499999996
2020/11/6 11:00,129.2,444720.8,3.9,32.166,0.5,99.6,99.5,77.5,4,77.2,5.8,76.2,76.4,0.15099999
2020/11/6 12:00,114.8,448238,2.3,31.783,0,100,100,76.3,3.9,75.9,5.6,74.7,74.7,0.17803750499999996
2020/11/6 13:00,74.2,346337.7,0.4,20.916,0,100,100,77.9,3.1,77.6,4.5,76.4,76.4,0.177212505
2020/11/6 14:00,25.7,177401.2,0,9.264,0,100,100,78.8,3.1,78.5,4.5,77.2,77.1,0
2020/11/6 15:00,0,30825.2,0,2.431,0.9,99.8,99.8,81.2,3.3,80.9,4.8,80,80.2,0
2020/11/6 16:00,0,0,0,0,0,99.9,99.9,85,3.1,84.7,4.4,83.8,83.9,0
2020/11/6 17:00,0,0,0,0,0,96.8,96.8,86.5,3.2,86,4.6,84.6,84.2,0
2020/11/6 18:00,0,0,0,0,0,100,100,85.9,2.6,85.4,3.7,83.5,82.9,0
2020/11/6 19:00,0,0,0,0,0,100,100,88.2,2.1,87.5,3,85.2,84.4,0
2020/11/6 20:00,0,0,0,0,0,94.8,94.8,86.3,1.8,85.5,2.5,82.9,81.8,0
2020/11/6 21:00,0,0,0,0,0,82.9,82.9,87.4,1.2,86.2,1.8,82.4,80.7,0
2020/11/6 22:00,0,0,0,0,0,88.7,88.7,87.8,1.2,86.5,1.7,82,79.8,0
2020/11/6 23:00,0,0,0,0,0,99.8,99.8,86.8,1.2,85.5,1.7,81.1,78.6,0
2020/11/7 0:00,0,0,0,0,0,100,100,86.7,1.2,85.5,1.7,81.5,79,0
2020/11/7 1:00,0,0,0,0,0,99.9,99.9,85.9,1.2,84.7,1.7,80.8,79.3,0
2020/11/7 2:00,0,0,0,0,0,99.6,99.6,87.9,1.5,87.1,2.1,84.6,83.8,0
2020/11/7 3:00,0,0,0,0,0,99.4,99.4,89.2,1.6,88.4,2.3,85.8,84.9,0
2020/11/7 4:00,0,0,0,0,0,99.9,99.9,89.7,1.9,89,2.7,86.8,85.7,0
2020/11/7 5:00,0,0,0,0,0,100,100,90.3,2.2,89.6,3.2,87.4,86.2,0
2020/11/7 6:00,0,0,0,0,0,100,100,90.5,2.3,89.9,3.3,87.8,86.6,0
2020/11/7 7:00,0,0,0,0,0,99.9,99.9,89.1,2.2,88.6,3.2,86.7,85.7,0
2020/11/7 8:00,20.7,21656.5,0,1.283,0,100,100,89.9,2.2,89.3,3.2,87.4,86.6,0.02694999
2020/11/7 9:00,66.7,153999.4,0.2,6.247,1.4,99.8,99.8,93.1,2.6,92.4,3.7,90.2,89.4,0.09557499
2020/11/7 10:00,107.8,319703.8,0.4,12.348,0.4,100,100,96,2.3,95.5,3.3,93.8,93.3,0.069874995
2020/11/7 11:00,123.9,425855.7,0,15.812,0,100,100,94.3,2.2,93.9,3.2,92.6,92.1,0.21642499500000004
2020/11/7 12:00,109.7,429420.9,0,15.833,0.8,100,100,94.4,1.7,94,2.5,92.5,92.1,0.205024995
2020/11/7 13:00,69.9,329227.6,0.8,13.001,1.3,99.7,99.7,95.1,1.4,94.7,2,93.3,93,0.036175005
2020/11/7 14:00,23.2,164918.3,0.5,8.194,2.8,99.7,99.7,95.3,1.4,94.8,2,93,92.4,0.0018875099999999998
2020/11/7 15:00,0,26544.2,0,2.597,2.6,99.1,99.1,95.5,1.4,95,2,93,92.5,0
2020/11/7 16:00,0,0,0,0,0,99.9,99.9,95.9,1.5,95.3,2.1,93.4,92.8,0
2020/11/7 17:00,0,0,0,0,0,99.9,99.9,95.3,1.4,94.7,2,92.5,91.6,0
2020/11/7 18:00,0,0,0,0,0,100,99.9,94.5,1.1,93.7,1.6,91.1,89.9,0
2020/11/7 19:00,0,0,0,0,0,91.1,85.3,93.9,1.5,93.6,2.1,92.5,91.9,0
2020/11/7 20:00,0,0,0,0,0,93.7,78.9,94.8,1.4,94.3,2,92.5,91.5,0
2020/11/7 21:00,0,0,0,0,0,94.7,77.3,97.6,1.4,96.7,2,93.7,92,0
2020/11/7 22:00,0,0,0,0,0,92.6,72,98,1.3,97,1.9,93.7,92,0
2020/11/7 23:00,0,0,0,0,0,65.9,58.2,98.2,1.1,97.1,1.5,93.7,91.8,0
2020/11/8 0:00,0,0,0,0,0,96.7,84.9,96.6,1.2,95.5,1.7,92,90,0
2020/11/8 1:00,0,0,0,0,0,98.2,97.6,95,1.2,94.3,1.8,91.6,89.8,0
2020/11/8 2:00,0,0,0,0,0,92.1,91.9,95.5,1.2,94.7,1.8,91.9,90.2,0
2020/11/8 3:00,0,0,0,0,0,90.1,90.1,95.3,1.2,94.6,1.8,92.3,91,0
2020/11/8 4:00,0,0,0,0,0,89.1,89.1,95.6,1.4,94.8,2,92.2,90.7,0
2020/11/8 5:00,0,0,0,0,0,82.7,82.7,95.8,1.6,94.9,2.3,91.9,90,0
2020/11/8 6:00,0,0,0,0,0,76.8,76.8,95.7,1.6,94.6,2.3,91.1,89,0
2020/11/8 7:00,0,0,0,0,0,61.7,61.7,93.1,1.6,92.3,2.4,89.6,87.9,0.00567273
2020/11/8 8:00,18.4,17436.8,3.4,6.111,15.3,81.6,81.6,92,1.7,91.1,2.4,88.2,86.4,0.0968625
2020/11/8 9:00,62.6,142260.2,10.4,23.326,7.6,96.6,96.6,90.4,1.7,89.6,2.4,86.7,85,0.3767625
2020/11/8 10:00,102.8,303042.4,8.3,38.683,7.8,97.6,97.6,88.3,1.7,87.5,2.5,84.6,82.9,0.6327249899999999
2020/11/8 11:00,118.7,407471.3,4.3,41.37,3.6,99.6,99.6,86.1,1.8,85.4,2.7,83,81.6,0.406712505
2020/11/8 12:00,104.8,411105.1,3.8,38.865,3.1,98.6,98.6,84.6,1.6,83.8,2.3,81.2,79.6,0.365237505
2020/11/8 13:00,65.8,312689.4,7.4,35.985,12.5,94.4,94.4,85.6,1.6,84.9,2.3,82.7,81.3,0.15647498999999998
2020/11/8 14:00,20.9,153100,4.5,24.528,34.6,64.3,64.3,86.5,1.6,85.6,2.4,82.5,80.7,0.025612484999999983
2020/11/8 15:00,0,22423.6,0,7.507,35.2,34.2,34.2,90.3,1.3,89.1,1.8,85.2,82.9,0
2020/11/8 16:00,0,0,0,0,0,23.9,23.9,95.1,1.2,93.7,1.8,88.9,86.2,0
2020/11/8 17:00,0,0,0,0,0,29.7,29.7,97.4,1.3,95.6,1.9,89.6,86.2,0
2020/11/8 18:00,0,0,0,0,0,81.5,81.5,96.5,1.2,94.2,1.8,86.7,82.5,0
2020/11/8 19:00,0,0,0,0,0,44,44,97.3,1.3,95,1.9,87.6,83.4,0
2020/11/8 20:00,0,0,0,0,0,78.4,78.4,96.2,1.5,93.8,2.1,86,81.6,0
2020/11/8 21:00,0,0,0,0,0,71.6,71.4,95.4,1.5,93.6,2.2,87.7,84.4,0
2020/11/8 22:00,0,0,0,0,0,57.3,57,96.1,1.6,94.8,2.3,90.3,87.8,0
2020/11/8 23:00,0,0,0,0,0,84.8,71.4,95.8,1.8,94.6,2.6,90.5,88.2,0
2020/11/9 0:00,0,0,0,0,0,82.9,66.8,94.1,1.7,92.9,2.5,88.9,86.6,0
2020/11/9 1:00,0,0,0,0,0,93.5,80,94.8,1.5,93.6,2.2,89.8,87.5,0
2020/11/9 2:00,0,0,0,0,0,98.9,84.2,94.5,1.5,93.3,2.1,89.7,87.5,0
2020/11/9 3:00,0,0,0,0,0,99.8,91.7,94.6,1.3,93.5,1.9,89.7,87.5,0
2020/11/9 4:00,0,0,0,0,0,100,87.4,95.2,1.3,94,1.8,90.2,88,0
2020/11/9 5:00,0,0,0,0,0,100,94.1,95.4,1.2,94,1.7,89.4,86.8,0
2020/11/9 6:00,0,0,0,0,0,100,98.2,94.4,0.8,93,1.1,88.6,86,0
2020/11/9 7:00,0,0,0,0,0,99.9,94.5,94.4,1,93.2,1.5,89.4,87.2,0.0033681749999999997
2020/11/9 8:00,16.2,14105.1,0,5.013,1.4,100,98.7,94.9,0.8,93.5,1.2,88.8,86.1,0.0550125
2020/11/9 9:00,58.6,131117.9,0.8,21.26,4.7,100,97.5,94.2,0.8,92.9,1.2,88.3,85.7,0.21332499
2020/11/9 10:00,98,286915.2,1,34.596,0,100,100,92.9,0.8,91.6,1.2,87.2,84.8,0.49122500999999996
2020/11/9 11:00,113.7,389578.5,0,35.938,5.5,100,96,91.6,0.7,90.3,1,86.2,83.9,0.53031249
2020/11/9 12:00,100,393300.5,0.1,33.084,0.6,100,99.5,91.7,0.8,90.5,1.1,86.3,83.8,0.281475
2020/11/9 13:00,61.8,296730.8,0.2,28.028,10.1,100,97.9,96.7,0.8,95.2,1.2,90.2,87.3,0.175562505
2020/11/9 14:00,18.8,141931.3,0.4,18.517,38.2,98.7,78.2,95.7,0.9,94.2,1.2,89.1,86.2,0.000574995
2020/11/9 15:00,0,18435.4,0,5.983,27.4,90,65.2,99.2,1.2,97.2,1.7,90.7,87,0
2020/11/9 16:00,0,0,0,0,0,99.2,81,100,1.3,99.6,1.9,92.8,89,0
2020/11/9 17:00,0,0,0,0,0,98.4,85.3,100,1.2,100,1.8,93.9,90.5,0
2020/11/9 18:00,0,0,0,0,0,99.4,91.9,100,1.3,100,1.9,95,92.1,0
2020/11/9 19:00,0,0,0,0,0,99.6,84.6,100,1.4,100,2,95.4,92.5,0
2020/11/9 20:00,0,0,0,0,0,99.9,99.2,100,1.1,99.2,1.6,93.8,90.8,0
2020/11/9 21:00,0,0,0,0,0,99.6,98,100,1.1,99.2,1.5,94,91.1,0
2020/11/9 22:00,0,0,0,0,0,98.3,91.6,99.9,1,98.7,1.4,94.4,92,0
2020/11/9 23:00,0,0,0,0,0,99.8,85.8,100,1.3,99.4,1.8,95.2,92.7,0
2020/11/10 0:00,0,0,0,0,0,99.2,80.7,100,1.2,100,1.8,95.2,92.1,0
2020/11/10 1:00,0,0,0,0,0,99.2,73.3,100,1.1,100,1.6,94.6,91.1,0
2020/11/10 2:00,0,0,0,0,0,98.8,79.1,100,1.2,100,1.8,93.6,89.8,0
2020/11/10 3:00,0,0,0,0,0,98.6,83.4,100,1.1,99.7,1.5,91.7,87.3,0
2020/11/10 4:00,0,0,0,0,0,99.3,89.8,100,1.1,99.2,1.6,91.5,87.1,0
2020/11/10 5:00,0,0,0,0,0,94.7,75.3,94.9,1.3,93.9,1.9,90.3,88.2,0
2020/11/10 6:00,0,0,0,0,0,69.5,54.2,97.8,0.9,96.6,1.3,92.8,90.6,0
2020/11/10 7:00,0,0,0,0,0,78.3,75.3,94.6,0.9,93.8,1.3,91.3,89.8,0
2020/11/10 8:00,14.2,10980.1,3.5,5.943,17.8,62.5,62.4,92.9,0.7,92.1,1,89.5,87.9,0.00504999
2020/11/10 9:00,54.8,120554.5,19.6,30.515,31.2,61.9,61.9,91,0.8,90.3,1.2,87.9,86.5,0.15309999
2020/11/10 10:00,93.3,271333.2,30.9,62.157,32.9,63.1,62.7,90.1,0.8,89.3,1.1,86.8,85.3,0.307275
2020/11/10 11:00,108.8,372187.9,40.6,82.493,30.1,71.9,71.9,92.9,0.8,91.6,1.1,87.2,84.6,0.61105002
2020/11/10 12:00,95.4,376016.3,40.2,87.462,26.6,72.6,72,93.3,0.8,91.6,1.1,85.8,82.3,0.3280125
2020/11/10 13:00,58.1,281358.3,24.8,71.605,15.2,87.2,83.8,95.5,1.1,94.2,1.5,89.8,87.2,0.163362495
2020/11/10 14:00,16.7,131392.4,4.8,37.255,31.6,84.2,71.9,96.9,1.1,95.3,1.5,90,87,0.00228636
2020/11/10 15:00,0,15009.5,0,8.205,15.6,95.4,84.5,96.6,0.7,95.4,1.1,91.5,89.2,0
2020/11/10 16:00,0,0,0,0,0,96.6,85.5,97.8,0.7,96.9,1.1,93.6,91.7,0
2020/11/10 17:00,0,0,0,0,0,85.4,69.8,99.9,0.9,99,1.3,96.1,94.4,0
2020/11/10 18:00,0,0,0,0,0,80,63.3,100,0.6,99.6,0.8,96.3,94.3,0
2020/11/10 19:00,0,0,0,0,0,77.6,68.6,100,0.8,99.5,1.1,95.7,93.5,0
2020/11/10 20:00,0,0,0,0,0,76.8,63.6,100,0.9,100,1.3,96.3,93.9,0
2020/11/10 21:00,0,0,0,0,0,81.9,66.6,100,1,99.9,1.5,95.6,93.2,0
2020/11/10 22:00,0,0,0,0,0,77.9,55.7,100,1.1,100,1.6,97,94.2,0
2020/11/10 23:00,0,0,0,0,0,90,58.8,100,1.1,100,1.7,96.6,93.6,0
2020/11/11 0:00,0,0,0,0,0,95.1,59.3,100,1.2,100,1.7,97.3,94.3,0
2020/11/11 1:00,0,0,0,0,0,91,65.7,100,0.8,100,1.1,95.9,92.2,0
2020/11/11 2:00,0,0,0,0,0,87.4,66.1,100,1,100,1.5,96.4,92.6,0
2020/11/11 3:00,0,0,0,0,0,70.4,52.5,100,1.1,100,1.6,97.4,93.7,0
2020/11/11 4:00,0,0,0,0,0,67.5,50.2,100,1.1,100,1.6,98,94.4,0
2020/11/11 5:00,0,0,0,0,0,45.6,40,100,1.2,100,1.8,98.6,94.8,0
2020/11/11 6:00,0,0,0,0,0,32.5,31.5,100,1.3,100,1.8,97.9,93.7,0
2020/11/11 7:00,0,0,0,0,0,24,22.8,96.7,0.9,95.9,1.3,93.1,90,0.026631824999999998
2020/11/11 8:00,12.2,7903.9,4,5.705,26.5,21.5,21.5,94.5,1,93.6,1.4,90.8,87.5,0.26027499
2020/11/11 9:00,51.2,110545.7,27.7,33.264,54.4,17.4,17.4,90.8,0.9,90.2,1.3,88.1,85.1,0.5706250199999999
2020/11/11 10:00,88.7,256306.1,56.4,74.784,54.6,16.4,16.4,89.3,0.9,88.7,1.2,86.8,83.8,3.520275
2020/11/11 11:00,104,355308.9,66.1,100.561,49.8,27.7,27.7,90.1,0.8,89.3,1.1,86.6,83.1,4.741162350000001
2020/11/11 12:00,90.9,359260.7,58.9,102.126,50.2,28.4,28.4,90.6,1.2,89.5,1.8,85.8,81.5,2.295650025
2020/11/11 13:00,54.5,266576.8,35,80.526,58.9,2.1,2,90.9,1.3,89.7,1.9,86,81.4,1.476675
2020/11/11 14:00,14.8,121458.7,6.7,39.817,59.5,2.1,1.7,92.6,1.4,91.2,2,86.6,81.3,0.0462
2020/11/11 15:00,0,12111.9,0,8.08,26.2,27.4,27.4,96.1,1.6,94.6,2.2,89.6,84,0
2020/11/11 16:00,0,0,0,0,0,27,27,99.3,1.7,97.7,2.4,92.7,87,0
2020/11/11 17:00,0,0,0,0,0,28,28,99.7,1.8,98.2,2.5,93.1,87.6,0
2020/11/11 18:00,0,0,0,0,0,26.1,26.1,100,1.8,98.5,2.6,92.7,86.8,0
2020/11/11 19:00,0,0,0,0,0,0,0,99.3,1.7,97.3,2.4,90.2,83.6,0
2020/11/11 20:00,0,0,0,0,0,23.6,11.8,99.1,1.8,96.8,2.6,88.9,82.9,0
2020/11/11 21:00,0,0,0,0,0,58.5,29.3,97.5,1.9,95.3,2.7,87.5,82.1,0
2020/11/11 22:00,0,0,0,0,0,76.2,38.2,96.5,1.8,94.4,2.6,87,82.1,0
2020/11/11 23:00,0,0,0,0,0,97.3,49,93,1.7,91.3,2.5,84.9,80.2,0
2020/11/12 0:00,0,0,0,0,0,97.7,49.6,91.7,1.6,90.3,2.3,84.3,79.8,0
2020/11/12 1:00,0,0,0,0,0,91.5,45.9,87,1.7,86.3,2.5,82.9,79.8,0
2020/11/12 2:00,0,0,0,0,0,99,49.6,86.5,1.7,85.8,2.5,82.1,78.7,0
2020/11/12 3:00,0,0,0,0,0,100,50.1,85.5,1.6,84.7,2.3,81,78.2,0
2020/11/12 4:00,0,0,0,0,0,99.2,50,89.7,1.9,88.2,2.7,83,79.8,0
2020/11/12 5:00,0,0,0,0,0,99.5,49.8,90.3,2.1,88.8,3,83.7,80.9,0
2020/11/12 6:00,0,0,0,0,0,98.5,49.6,90.2,2.2,88.7,3.1,83.8,81.1,0
2020/11/12 7:00,0,0,0,0,0,92,46.4,79.4,2,78.8,2.8,76.7,75.5,0.023972729999999998
2020/11/12 8:00,10.2,4872.3,2.5,5.322,27.8,62.7,31.9,77.6,1.9,76.9,2.8,74.3,72.7,0.9208124849999999
2020/11/12 9:00,47.7,101062.2,25.1,32.348,58.1,54.5,28.8,77,2.1,76.4,3,73.9,72.1,2.173575075
2020/11/12 10:00,84.4,241842.2,58.5,74.126,56,25.1,15.9,76.1,2.1,75.5,3.1,73.2,71.5,1.2436999949999998
2020/11/12 11:00,99.4,338950.2,62.2,99.249,54.7,93.4,51.1,75.3,2.2,74.7,3.1,72.3,70.9,0.61195002
2020/11/12 12:00,86.6,343041,37.2,95.225,54.8,98.7,53.8,74.2,2.3,73.5,3.3,71.3,70.1,0.54801249
2020/11/12 13:00,51.1,252389.8,17.5,69.986,38.6,92.3,64,72.7,2.9,72.1,4.1,70.4,69.5,0.20532499499999998
2020/11/12 14:00,12.9,112101.6,2.9,33.65,56.6,90.6,48.1,73.5,2.8,73,4.1,71.4,70.7,0.00894999
2020/11/12 15:00,0,9289.7,0,6.741,32.7,93,46.9,76.2,2.3,75.6,3.3,73.8,72.9,0
2020/11/12 16:00,0,0,0,0,0,98.8,51,79.7,1.8,79,2.6,76.8,75.2,0
2020/11/12 17:00,0,0,0,0,0,99.1,56,80.4,1.6,79.7,2.2,76.9,74.9,0
2020/11/12 18:00,0,0,0,0,0,99.2,50.9,80.6,1.6,79.9,2.4,77.1,75.1,0
2020/11/12 19:00,0,0,0,0,0,100,50.1,79.8,1.5,79.1,2.2,76.4,74.6,0
2020/11/12 20:00,0,0,0,0,0,99.4,49.7,79.4,1.8,78.8,2.6,76.1,74.3,0
2020/11/12 21:00,0,0,0,0,0,98.6,49.4,79.8,1.9,79.2,2.7,76.7,74.8,0
2020/11/12 22:00,0,0,0,0,0,97.2,48.6,80.2,1.9,79.6,2.8,77.3,75.6,0
2020/11/12 23:00,0,0,0,0,0,92.8,46.4,80.4,2,79.7,2.9,77.5,75.9,0
2020/11/13 0:00,0,0,0,0,0,91.2,45.6,81.1,1.9,80.5,2.7,78.6,77.3,0
2020/11/13 1:00,0,0,0,0,0,84.5,43.6,79.8,1.7,79.2,2.5,77,75.5,0
2020/11/13 2:00,0,0,0,0,0,81.6,41.8,81.1,1.6,80.5,2.3,78.4,76.9,0
2020/11/13 3:00,0,0,0,0,0,78.4,39.9,82,1.7,81.3,2.4,79,77.3,0
2020/11/13 4:00,0,0,0,0,0,85.6,43.9,81.7,1.7,81.1,2.5,78.7,77.1,0
2020/11/13 5:00,0,0,0,0,0,86.1,43.5,81.3,1.9,80.7,2.8,78.7,77.3,0
2020/11/13 6:00,0,0,0,0,0,84.2,42.5,79.6,2.1,79.1,3.1,77.7,76.7,0
2020/11/13 7:00,0,0,0,0,0,80.5,41,73.9,2.5,73.6,3.7,72.7,72.2,0.022024995
2020/11/13 8:00,8.3,2321.5,2.9,5.175,24.8,76.6,38.9,72.7,2.6,72.4,3.8,71.4,70.9,1.7525874750000001
2020/11/13 9:00,44.4,92070.1,27,31.401,59.5,56.9,28.8,71.8,2.6,71.5,3.7,70.7,70.2,4.022637525
2020/11/13 10:00,80.1,227948.1,59.2,73.256,59.5,16.6,8.7,70,2.6,69.8,3.8,69,68.7,5.4992499
2020/11/13 11:00,95,323119.6,73.5,102.069,59.7,8.8,4.7,68.6,2.7,68.3,3.9,67.6,67.3,5.19400005
2020/11/13 12:00,82.4,327363.6,64,104.257,59.5,12.3,6.7,68,3.1,67.8,4.5,67.1,67,4.7624873999999995
2020/11/13 13:00,47.8,238799,34.5,79.139,59.5,1.1,1.1,69.4,3.2,69.1,4.6,68.3,68.1,2.1032249999999997
2020/11/13 14:00,11.1,103289,5.6,36.475,59.2,1.9,1.9,70.6,3.2,70.3,4.6,69.6,69.3,0.047474999999999996
2020/11/13 15:00,0,6539.1,0,6.552,29.3,3.1,3.1,73,3.1,72.8,4.4,72,71.7,0
2020/11/13 16:00,0,0,0,0,0,3.9,3.9,76,3.1,75.7,4.4,74.7,74.3,0
2020/11/13 17:00,0,0,0,0,0,3.5,3.5,75.9,3,75.6,4.3,74.8,74.5,0
2020/11/13 18:00,0,0,0,0,0,5.7,5.7,75.5,3.1,75.3,4.5,74.8,74.7,0
2020/11/13 19:00,0,0,0,0,0,4.9,4.9,73.7,3.3,73.5,4.8,72.9,72.8,0
2020/11/13 20:00,0,0,0,0,0,5.2,5.2,73.4,3.4,73.1,4.9,72,71.5,0
2020/11/13 21:00,0,0,0,0,0,7,7,71.9,3.6,71.5,5.2,70.5,70,0
2020/11/13 22:00,0,0,0,0,0,77.8,77.7,69.6,3.7,69.3,5.3,68.5,68.2,0
2020/11/13 23:00,0,0,0,0,0,100,100,69.6,3.2,69.3,4.6,68.3,67.9,0
2020/11/14 0:00,0,0,0,0,0,100,100,73.5,3.1,73,4.4,71.2,69.9,0
2020/11/14 1:00,0,0,0,0,0,100,100,68.1,2.5,67.5,3.6,65.7,64.7,0
2020/11/14 2:00,0,0,0,0,0,43.7,38.4,69.4,2.4,68.8,3.5,66.6,65.4,0
2020/11/14 3:00,0,0,0,0,0,5.5,5,72.5,2.7,71.8,3.9,69.5,68.1,0
2020/11/14 4:00,0,0,0,0,0,5.6,5.6,75.9,2.5,75.2,3.5,72.6,70.6,0
2020/11/14 5:00,0,0,0,0,0,0.8,0.8,78.8,2.1,77.9,3,74.5,71.6,0
2020/11/14 6:00,0,0,0,0,0,0,0,80.7,1.7,79.9,2.4,76.8,74.4,0
2020/11/14 7:00,0,0,0,0,0,0,0,77.5,1.5,76.8,2.1,74.1,72,0.005895
2020/11/14 8:00,6.4,1791.5,2.6,3.46,22,0,0,76.7,1.4,75.9,2,73.1,70.8,1.55730003
2020/11/14 9:00,41.2,83532.9,28.5,28.947,60,0,0,75.6,1.4,74.8,2,71.8,69.6,4.3533501
2020/11/14 10:00,76,214628.7,59.1,71.614,60,1.1,0.5,73.9,1.4,73.3,2,71.1,69.4,5.2125624
2020/11/14 11:00,90.7,307823.8,67.3,99.134,60,33.2,16.6,73.1,1.2,72.7,1.7,71,69.8,2.014812525
2020/11/14 12:00,78.4,312233.7,58.3,100.071,60,18.6,9.3,73.9,0.8,73.2,1.1,70.7,69,0.462374985
2020/11/14 13:00,44.8,225804.5,27,74.207,59.5,92,46.5,71.2,1.6,70.6,2.3,68.5,67,0.162475005
2020/11/14 14:00,9.4,94986.6,2,32.586,42.1,96.3,63.1,70.6,1.6,69.9,2.4,67.3,65.3,0.022862504999999998
2020/11/14 15:00,0,3857.9,0,5.443,27.9,83.3,41.8,72.3,1.7,71.3,2.5,67.5,64.6,0
2020/11/14 16:00,0,0,0,0,0,8.9,4.9,75.7,1.6,74.4,2.3,69.6,65.6,0
2020/11/14 17:00,0,0,0,0,0,15,9.3,77.9,1.6,76.3,2.4,70.3,65.3,0
2020/11/14 18:00,0,0,0,0,0,13.3,13.3,78.9,1.6,77.2,2.3,70.7,65.2,0
2020/11/14 19:00,0,0,0,0,0,1.9,1.9,75.6,1.9,74.1,2.7,68.5,63.8,0
2020/11/14 20:00,0,0,0,0,0,30.4,15.2,75,1.8,73.7,2.5,69,65.1,0
2020/11/14 21:00,0,0,0,0,0,21.9,11,75.5,1.6,74.5,2.2,70.7,67.8,0
2020/11/14 22:00,0,0,0,0,0,93.4,46.7,75.6,1.4,74.8,2,71.9,69.9,0
2020/11/14 23:00,0,0,0,0,0,95.7,47.9,77.7,1.4,76.8,2,73.8,71.8,0
2020/11/15 0:00,0,0,0,0,0,83.6,44.3,82.1,1.6,80.9,2.2,76.7,74,0
2020/11/15 1:00,0,0,0,0,0,93.2,58.8,76.5,1.8,75.8,2.6,73.6,72.1,0
2020/11/15 2:00,0,0,0,0,0,44.3,22.2,77.7,1.9,77,2.7,74.3,72.4,0
2020/11/15 3:00,0,0,0,0,0,8,4,78.8,2.1,78,3,75.1,73,0
2020/11/15 4:00,0,0,0,0,0,18.1,9.3,78.8,2.2,78.1,3.1,75.5,73.7,0
2020/11/15 5:00,0,0,0,0,0,93.3,46.9,77.8,2.3,77,3.3,74.5,72.8,0
2020/11/15 6:00,0,0,0,0,0,100,86.2,75.4,2.4,74.7,3.5,72.6,71.1,0
2020/11/15 7:00,0,0,0,0,0,99.8,87.2,74.6,2.4,74.2,3.4,72.9,72.1,0
2020/11/15 8:00,4.5,1269.3,0,0.869,11,99,70.6,75.5,2.7,74.9,3.9,73,71.5,0.0045875099999999995
2020/11/15 9:00,38.3,75412.5,2.6,13.218,14.9,98.2,86.7,73.2,3,72.7,4.3,70.8,69.5,0.08027498999999999
2020/11/15 10:00,72.1,201887,5.3,37.41,1.9,100,98.4,71,3,70.5,4.3,68.7,67.7,0.22576249499999998
2020/11/15 11:00,86.5,293068.5,1.2,45.34,0.4,100,99.7,69.4,3.4,69,4.9,67.7,66.9,2.0181250050000004
2020/11/15 12:00,74.5,297655.4,9,43.161,15.6,97.6,85.9,71.2,3.2,70.7,4.6,68.8,67.7,2.810049975
2020/11/15 13:00,41.9,213404.3,13.1,42.224,34.2,45,45,69.4,3.2,68.7,4.6,66.5,65.2,0.958950015
2020/11/15 14:00,7.7,87158.9,2.7,23.979,53,13.1,13.1,72.1,2.8,71.4,4,69.1,67.9,0.009288629999999999
2020/11/15 15:00,0,2159.3,0,4.636,24.7,33.1,17.5,78.1,2.2,77.4,3.2,75.1,73.8,0
2020/11/15 16:00,0,0,0,0,0,73,36.5,83.3,2.2,82.5,3.1,79.9,78.3,0
2020/11/15 17:00,0,0,0,0,0,79.7,47.2,84.4,2,83.6,2.9,80.5,78.5,0
2020/11/15 18:00,0,0,0,0,0,81.1,57.4,84.2,2.1,83.3,3.1,80.3,78.2,0
2020/11/15 19:00,0,0,0,0,0,55.5,46.7,79.1,2.6,78.4,3.8,75.8,74.1,0
2020/11/15 20:00,0,0,0,0,0,66.6,58.9,78.2,2.5,77.3,3.6,74.3,72.4,0
2020/11/15 21:00,0,0,0,0,0,99.6,99.4,77.1,2.5,76.2,3.6,73.1,71,0
2020/11/15 22:00,0,0,0,0,0,99.9,99.4,76.7,2.5,75.9,3.6,73.1,71.2,0
2020/11/15 23:00,0,0,0,0,0,100,94.9,73.4,2.9,72.6,4.1,69.9,68.2,0
2020/11/16 0:00,0,0,0,0,0,100,97.1,69.1,4.1,68.5,5.9,66.6,65.5,0
2020/11/16 1:00,0,0,0,0,0,100,98.8,72.2,4.3,71.5,6.1,69.3,67.9,0
2020/11/16 2:00,0,0,0,0,0,100,77.4,70.5,5,70.2,7.2,68.9,68.3,0
2020/11/16 3:00,0,0,0,0,0,100,93.6,71.9,4.5,71.6,6.5,70.5,70,0
2020/11/16 4:00,0,0,0,0,0,100,93,74.6,4.2,74,6.1,72.2,71.1,0
2020/11/16 5:00,0,0,0,0,0,100,100,75.8,4.6,75.2,6.6,73.2,71.9,0
2020/11/16 6:00,0,0,0,0,0,100,98.2,74.5,4.5,74,6.5,72.1,70.9,0
2020/11/16 7:00,0,0,0,0,0,100,100,84.8,3.1,83.8,4.4,80.1,77.5,0
2020/11/16 8:00,2.7,755.1,0,0.075,0,100,100,79.5,3.8,78.7,5.5,75.8,73.6,0.3403875
2020/11/16 9:00,35.5,67671.2,2.3,5.203,8,98.6,92.6,79.7,3.4,78.7,4.9,75.3,72.9,0.23107498499999998
2020/11/16 10:00,68.3,189723.7,8,20.091,6.1,96.6,93.3,79.4,2.8,78.4,4,74.9,72.5,3.6663624750000006
2020/11/16 11:00,82.5,278858,14.4,37.706,33.9,85.8,66.7,79.2,2.1,78.1,3,74.4,71.8,5.808224999999999
2020/11/16 12:00,70.8,283631.5,18.2,47.151,27.9,72.2,65.4,75.4,1.8,74.2,2.6,70.1,67.5,4.1812875
2020/11/16 13:00,39.1,201594.6,8.9,37.581,16.7,93.3,92.1,83.6,1.9,83.2,2.7,82,81.2,0.983087505
2020/11/16 14:00,6.1,79770.4,1.2,15.518,27.3,68.5,68.5,89.5,0.9,88.9,1.2,86.7,85.1,0.00835908
2020/11/16 15:00,0,1699.1,0,2.346,17.2,71.6,48,90.7,0.2,89.7,0.3,86.3,83.7,0
2020/11/16 16:00,0,0,0,0,0,97.1,84.5,80.8,2.1,79.4,3,74.7,71.1,0
2020/11/16 17:00,0,0,0,0,0,97.5,87,71.7,2.7,71.1,3.8,69.2,67.9,0
2020/11/16 18:00,0,0,0,0,0,96.2,92.6,72.6,2.8,72,4,69.8,68.5,0
2020/11/16 19:00,0,0,0,0,0,92.2,53.7,66.9,3.9,66.5,5.6,64.9,64,0
2020/11/16 20:00,0,0,0,0,0,99.7,96.5,66,4.1,65.5,5.8,63.7,62.7,0
2020/11/16 21:00,0,0,0,0,0,99.6,96.5,66.3,4,65.9,5.8,64.4,63.5,0
2020/11/16 22:00,0,0,0,0,0,99.9,98.7,68.8,3.5,68.3,5,66.6,65.6,0
2020/11/16 23:00,0,0,0,0,0,50.2,42.4,77.3,2.2,76.3,3.1,72.7,70.1,0
2020/11/17 0:00,0,0,0,0,0,92.7,74.3,77.3,1.8,76,2.6,71.6,68.3,0
2020/11/17 1:00,0,0,0,0,0,92,72.7,78.1,1.6,76.8,2.3,72.1,68.8,0
2020/11/17 2:00,0,0,0,0,0,97.1,94.9,76.9,1.6,75.8,2.3,71.8,68.8,0
2020/11/17 3:00,0,0,0,0,0,98.7,98.7,72.4,2.2,71.3,3.2,67.3,64.3,0
2020/11/17 4:00,0,0,0,0,0,61.5,47.3,75.7,1.4,74.2,2.1,68.8,64.9,0
2020/11/17 5:00,0,0,0,0,0,47.8,44.2,75.9,1.7,74.5,2.4,69.7,66.2,0
2020/11/17 6:00,0,0,0,0,0,24.1,24,77.7,1.8,76.1,2.6,70.4,66.1,0
2020/11/17 7:00,0,0,0,0,0,6.1,6.1,76,2,73.9,2.8,66,59.8,0
2020/11/17 8:00,0.9,249.2,0.2,0.253,12.3,57.8,32,74.3,2,72.2,2.8,64.4,58.1,0.62117499
2020/11/17 9:00,32.8,60273.8,16.1,19.302,45.4,66.3,45.3,70.5,1.9,68.5,2.7,61.2,55.3,0.21618749999999998
2020/11/17 10:00,64.6,178137.1,25.8,50.717,9.3,96.2,90.4,66.8,1.8,65,2.5,58,52.4,0
2020/11/17 11:00,78.7,265195.5,10,50.566,0,100,100,63.7,1.6,62.7,2.3,59,56,0
2020/11/17 12:00,67.3,270163.6,0,27.955,0,100,100,62.8,1.3,62.1,1.9,59.6,57.9,0.003037499999999985
2020/11/17 13:00,36.6,190369.7,0.1,14.549,0.2,100,99.9,66.9,1.9,66.5,2.7,64.8,63.6,0
2020/11/17 14:00,4.5,72786.7,0,5.97,0,100,100,74.4,1.7,74,2.4,72.5,71.4,0
2020/11/17 15:00,0,1251.5,0,0.478,2.2,99.7,94.6,85.6,2,84.9,2.8,82.3,80.2,0
2020/11/17 16:00,0,0,0,0,0,100,99.6,90.6,2,89.6,2.9,85.5,82.1,0
2020/11/17 17:00,0,0,0,0,0,99.9,99.2,94.4,1.9,93,2.8,87.8,83.7,0
2020/11/17 18:00,0,0,0,0,0,99.6,99.5,92.8,1.8,92.1,2.6,89.2,86.7,0
2020/11/17 19:00,0,0,0,0,0,99.4,99.3,92.2,2.2,91.7,3.1,89.8,88.2,0
2020/11/17 20:00,0,0,0,0,0,98.8,98.1,90.6,2.5,90.3,3.5,89.3,88.6,0
2020/11/17 21:00,0,0,0,0,0,96.6,96.6,91.4,2.4,91.3,3.5,90.9,90.7,0
2020/11/17 22:00,0,0,0,0,0,96.8,96.8,90.4,3,90.3,4.3,90.2,90.1,0
2020/11/17 23:00,0,0,0,0,0,93.3,93.3,90.7,2.8,90.7,4,90.8,91,0
2020/11/18 0:00,0,0,0,0,0,97.3,97.3,91.1,2.8,91.1,4.1,91,91.2,0
2020/11/18 1:00,0,0,0,0,0,79.3,68.9,93.7,2.4,93.8,3.4,93.9,94.2,0
2020/11/18 2:00,0,0,0,0,0,43.7,43.7,94.1,2.1,94,3.1,93.8,93.8,0
2020/11/18 3:00,0,0,0,0,0,35,35,92.4,1.9,92.2,2.7,91.7,91.4,0
2020/11/18 4:00,0,0,0,0,0,95.2,78,91.1,1.6,90.8,2.3,89.7,89,0
2020/11/18 5:00,0,0,0,0,0,99.9,66.1,94.5,1.3,94.1,1.8,92.5,91.4,0
2020/11/18 6:00,0,0,0,0,0,100,88.2,94.7,1.2,94.2,1.8,92.4,91.1,0
2020/11/18 7:00,0,0,0,0,0,100,100,92,1.6,91.6,2.3,90.2,89,0
2020/11/18 8:00,0,0,0,0,0,100,100,91,1.8,90.6,2.5,89.3,88.1,0
2020/11/18 9:00,30.3,53437.8,0,4.578,0,100,100,90.6,1.6,90.4,2.3,89.8,89.3,0.09015
2020/11/18 10:00,61.2,167122.9,0,12.697,0,100,100,93.1,0.7,92.6,1,91,90,0.1519125
2020/11/18 11:00,75,252082.8,0,19.614,0,100,100,90.4,0.2,90.3,0.4,90.3,90.5,0.00294999
2020/11/18 12:00,63.9,257252,0,19.314,0,100,100,90.2,0.4,90.3,0.5,91,91.9,0
2020/11/18 13:00,34.2,179721.7,0,10.471,0,100,100,94.6,0.3,94.9,0.5,96,97,0
2020/11/18 14:00,2.9,66175.6,0,2.757,0,100,100,96,0.2,96.3,0.3,97.2,98,0
2020/11/18 15:00,0,816.4,0,0.105,0,100,100,99.9,0.5,99.9,0.7,99.9,100,0
2020/11/18 16:00,0,0,0,0,0,100,100,100,1,100,1.4,100,100,0
2020/11/18 17:00,0,0,0,0,0,100,100,99.8,1.3,99.8,1.8,99.8,99.8,0
2020/11/18 18:00,0,0,0,0,0,100,100,99.9,1.5,99.9,2.1,100,100,0
2020/11/18 19:00,0,0,0,0,0,100,100,99.8,1.3,99.8,1.9,99.9,100,0
2020/11/18 20:00,0,0,0,0,0,100,100,98.8,1.5,98.9,2.2,99.1,99.3,0
2020/11/18 21:00,0,0,0,0,0,100,100,98.5,2.6,98.6,3.8,98.8,99,0
2020/11/18 22:00,0,0,0,0,0,100,100,96.4,3.4,96.3,4.9,96.2,96.1,0
2020/11/18 23:00,0,0,0,0,0,100,100,92.8,3.6,92.9,5.1,93.1,93.3,0
2020/11/19 0:00,0,0,0,0,0,100,100,90.3,3.5,90.4,5,90.9,91.4,0
2020/11/19 1:00,0,0,0,0,0,100,100,87.6,4,87.6,5.8,87.5,87.5,0
2020/11/19 2:00,0,0,0,0,0,100,100,86.5,3.9,86.5,5.6,86.6,86.8,0
2020/11/19 3:00,0,0,0,0,0,100,100,83.6,4.4,83.7,6.3,84.2,84.7,0
2020/11/19 4:00,0,0,0,0,0,100,100,78.6,4.3,78.7,6.1,79,79.3,0
2020/11/19 5:00,0,0,0,0,0,100,100,72.6,3.7,72.4,5.3,72.1,72,0
2020/11/19 6:00,0,0,0,0,0,63.5,62.7,70.7,3,70.5,4.3,70,69.7,0
2020/11/19 7:00,0,0,0,0,0,11.4,10.7,72.8,2.6,71.6,3.8,67.3,64.1,0
2020/11/19 8:00,0,0,0,0,1,86.9,86.9,78.2,2.9,76.6,4.2,71,66.9,0.00479334
2020/11/19 9:00,28,47128.2,1.7,7.733,3,99.2,99,76.1,3.5,75.8,5.1,74.7,74.2,0.135000015
2020/11/19 10:00,57.8,156674.1,7.9,24.096,26.1,81.9,79.5,80.7,3.3,80.8,4.7,81.5,82.3,0.004881824999999999
2020/11/19 11:00,71.4,239520.4,11.9,38.505,4.9,97.9,97.5,82,1.5,82.1,2.1,82.7,83.5,0
2020/11/19 12:00,60.7,244895.5,2,33.291,0,100,100,83.2,4.3,83.3,6.2,84,84.7,0
2020/11/19 13:00,31.9,169640.8,1.7,20.365,5.7,94.2,93.4,78.2,3.4,78.2,4.9,78.3,78.7,0
2020/11/19 14:00,1.4,59907.9,0.1,9.626,5,94.1,93.3,78.5,2.8,78.3,4,77.9,77.9,0
2020/11/19 15:00,0,394.2,0,0.41,0.8,97.6,95.8,80.8,2,80.3,2.9,78.7,77.6,0
2020/11/19 16:00,0,0,0,0,0,99.9,98.3,79.1,3.2,78.7,4.6,77.5,76.8,0
2020/11/19 17:00,0,0,0,0,0,94.1,90.1,89.2,4.2,89.3,6.1,90.2,91.3,0
2020/11/19 18:00,0,0,0,0,0,84.9,80.6,82.6,5,82.5,7.2,82.5,83,0
2020/11/19 19:00,0,0,0,0,0,87.8,84.8,71.4,6,71,8.6,69.8,69.3,0
2020/11/19 20:00,0,0,0,0,0,73.1,71.1,69.6,6.2,69.2,8.9,68,67.6,0
2020/11/19 21:00,0,0,0,0,0,98.2,98.2,70.2,5.6,69.7,8,68.3,67.8,0
2020/11/19 22:00,0,0,0,0,0,99.1,98.9,87.1,5.7,87.2,8.2,88,89.2,0
2020/11/19 23:00,0,0,0,0,0,96.8,96.8,91.1,5.3,91.1,7.6,91.5,92.4,0
2020/11/20 0:00,0,0,0,0,0,91.5,91.5,84,4.6,83.7,6.7,83.2,83.4,0
2020/11/20 1:00,0,0,0,0,0,70.5,70.5,81,3.9,80.7,5.6,80,79.9,0
2020/11/20 2:00,0,0,0,0,0,85.5,85.5,87.9,4.4,87.6,6.4,87.6,88.4,0
2020/11/20 3:00,0,0,0,0,0,79.7,79.7,93.2,4.2,93,6,100,99.9,0
2020/11/20 4:00,0,0,0,0,0,79.3,79.3,92.5,4,92.2,5.8,91.8,92.4,0
2020/11/20 5:00,0,0,0,0,0,84.2,84.2,92.7,4.2,92.2,6,91.1,91.4,0
2020/11/20 6:00,0,0,0,0,0,77.8,77.8,90.1,3.8,89.8,5.5,88.9,89.4,0
2020/11/20 7:00,0,0,0,0,0,82.4,82.4,87.3,3.5,86.9,5.1,85.6,86.2,0
2020/11/20 8:00,0,0,0,0,0.8,87.2,87.2,82.4,2.9,82,4.2,80.8,81.5,0.032604555
2020/11/20 9:00,25.8,41070.2,4.4,8.959,16,83.1,83.1,83,2.4,82.6,3.4,81.5,81.8,1.074049995
2020/11/20 10:00,54.7,146781.2,11.8,29.69,22.3,78.4,78.4,84.5,2.1,84.2,3,83,83.3,0.7318499999999999
2020/11/20 11:00,68,227507.1,10.1,42.445,16.3,84.6,84.2,84.1,2.3,83.8,3.2,82.8,83,1.30707501
2020/11/20 12:00,57.6,233091.6,6.6,38.056,23.1,89.3,84.2,83.4,2.3,83.2,3.3,82.2,82.3,0.21294
2020/11/20 13:00,29.8,160115.1,4.3,25.93,19.4,86.1,85.1,84.1,2.2,83.9,3.1,83.1,83.7,0.019289999999999998
2020/11/20 14:00,0,53973.5,0,9.588,33.2,98.4,83.7,83.3,2.2,82.9,3.1,81.4,81.2,0
2020/11/20 15:00,0,0,0,0,7.6,60,53.8,89.9,2.4,89.4,3.4,88,87.3,0
2020/11/20 16:00,0,0,0,0,0,63.9,58.9,94.8,2.4,94.3,3.5,92.7,91.6,0
2020/11/20 17:00,0,0,0,0,0,100,97.3,91.3,2,90.7,2.9,88.8,87,0
2020/11/20 18:00,0,0,0,0,0,100,74.7,92,1.6,91.2,2.3,88.5,85.4,0
2020/11/20 19:00,0,0,0,0,0,100,55.4,88.8,2.4,88.3,3.5,85.6,81.9,0
2020/11/20 20:00,0,0,0,0,0,100,63,80.3,3.2,79.7,4.6,75.2,70.4,0
2020/11/20 21:00,0,0,0,0,0,100,72,70.9,3.3,70,4.7,66.6,63.8,0
2020/11/20 22:00,0,0,0,0,0,100,85.7,63.8,3.2,63,4.6,60,57.7,0
2020/11/20 23:00,0,0,0,0,0,100,97,61,3.1,60.2,4.5,57.3,55.3,0
2020/11/21 0:00,0,0,0,0,0,100,100,59.2,3.6,58.4,5.2,55.4,53.2,0
2020/11/21 1:00,0,0,0,0,0,100,100,69.6,4.1,69.1,5.9,67.3,66.3,0
2020/11/21 2:00,0,0,0,0,0,100,100,76.9,4.7,76.4,6.7,74.8,74,0
2020/11/21 3:00,0,0,0,0,0,100,99.7,73.7,4.4,73.1,6.3,71.2,69.9,0
2020/11/21 4:00,0,0,0,0,0,98.1,96.9,66.4,4,65.7,5.7,63.2,61.5,0
2020/11/21 5:00,0,0,0,0,0,98.8,98.6,63.4,3.5,62.7,5,60.2,58.6,0
2020/11/21 6:00,0,0,0,0,0,53.1,47,65.7,3.6,65.1,5.1,63.1,61.9,0
2020/11/21 7:00,0,0,0,0,0,98,97.9,73.2,3.6,72.3,5.2,68.8,66.2,0
2020/11/21 8:00,0,0,0,0,0,98.7,98.6,73.2,3.9,72.3,5.6,68.9,66.3,0.004825004999999999
2020/11/21 9:00,23.8,35239.6,0.7,7.227,0.7,99,98.9,73.6,3.6,72.3,5.2,67.7,64.2,0.74633748
2020/11/21 10:00,51.6,137431.3,6.4,26.821,2.7,97.2,96.4,72.7,2.3,71.6,3.3,67.5,64.5,1.74791247
2020/11/21 11:00,64.8,216040.4,12.9,46.331,18.2,88.4,79,73.6,2.4,72.2,3.4,67.2,63.3,2.40949995
2020/11/21 12:00,54.7,221836.3,7.2,48.556,2.8,99.8,97.6,74.3,2.4,72.6,3.5,66.4,61.8,0.235675005
2020/11/21 13:00,27.8,151131,2,31.846,12.9,97,89.8,80.1,2.4,78.4,3.4,72.2,67.4,0.17831249999999998
2020/11/21 14:00,0,48716.2,0,10.027,6.6,99.4,96,79.5,2.2,77.7,3.2,71.2,66.2,0
2020/11/21 15:00,0,0,0,0,2.5,98.3,87.7,79.7,2.2,77.8,3.2,70.9,65.7,0
2020/11/21 16:00,0,0,0,0,0,97.9,88.7,80.4,2,78.3,2.9,70.9,65.3,0
2020/11/21 17:00,0,0,0,0,0,99.8,94.9,79.1,2.3,77.1,3.4,70,64.6,0
2020/11/21 18:00,0,0,0,0,0,99.8,95,75.9,2.4,74.1,3.4,67.8,62.9,0
2020/11/21 19:00,0,0,0,0,0,97.8,91.5,71.8,3.3,70.2,4.7,64.8,60.8,0
2020/11/21 20:00,0,0,0,0,0,97,86.4,70.3,3.5,69,5,64.1,60.4,0
2020/11/21 21:00,0,0,0,0,0,99.6,93.1,67.4,3.7,65.9,5.3,60.6,56.8,0
2020/11/21 22:00,0,0,0,0,0,99.4,98.3,65,3.8,63.7,5.5,59.1,55.9,0
2020/11/21 23:00,0,0,0,0,0,84.3,79.7,66.1,3.9,64.9,5.6,60.7,57.8,0
2020/11/22 0:00,0,0,0,0,0,48.9,48.3,70.7,3.6,69.5,5.2,65.2,62.2,0
2020/11/22 1:00,0,0,0,0,0,86.9,85.5,70.7,3.7,69.5,5.3,65.3,62.3,0
2020/11/22 2:00,0,0,0,0,0,82.8,80.2,68.2,4.2,67.1,6,63.1,60.3,0
2020/11/22 3:00,0,0,0,0,0,99.6,96.3,65.3,4.5,64.3,6.5,60.6,58,0
2020/11/22 4:00,0,0,0,0,0,99.5,98.5,66.5,3.8,65.7,5.4,62.6,60.4,0
2020/11/22 5:00,0,0,0,0,0,99.4,98.9,80.6,4.2,80.4,6,79.4,78.7,0
2020/11/22 6:00,0,0,0,0,0,99.7,99.2,90.6,4.5,90.3,6.5,89.2,88.6,0
2020/11/22 7:00,0,0,0,0,0,98.2,97.8,86,4.2,85.4,6,83.4,82,0
2020/11/22 8:00,0,0,0,0,0,95.9,94.5,87.6,4.3,87.1,6.2,85.3,83.9,0
2020/11/22 9:00,21.8,29613.4,0.5,2.721,4.8,99.2,99.1,92.8,4.2,92.1,6.1,89.6,88,0
2020/11/22 10:00,48.8,128609,1,8.205,3,99.8,99.7,93.1,4.6,92.3,6.6,89.7,87.9,0
2020/11/22 11:00,61.7,205116.1,1.4,13.161,4.7,99,98.8,90.3,4.5,90,6.5,89,88.3,0
2020/11/22 12:00,51.9,211124.4,2.9,16.829,4.2,98.1,97.8,88.7,5,88.5,7.2,88,87.7,0
2020/11/22 13:00,26,142672.8,1.6,13.621,11.2,93.3,93.3,85.2,4.7,85.1,6.7,84.7,84.5,0
2020/11/22 14:00,0,43722.2,0,4.469,3.6,97.8,97.8,85.2,4.9,85.2,7,85.1,85.1,0
2020/11/22 15:00,0,0,0,0,1.4,93.9,93.9,87,4.9,87,7,87.3,87.7,0
2020/11/22 16:00,0,0,0,0,0,98.8,98.7,88.8,4.8,89,6.9,89.9,90.7,0
2020/11/22 17:00,0,0,0,0,0,94,93.8,88.1,4.9,88.3,7.1,89.1,89.8,0
2020/11/22 18:00,0,0,0,0,0,99.1,99.1,87.1,5.1,87.3,7.3,87.9,88.5,0
2020/11/22 19:00,0,0,0,0,0,96.1,96.1,87.1,4.8,87.3,6.9,87.9,88.5,0
2020/11/22 20:00,0,0,0,0,0,96.7,96.7,92.9,4.7,93,6.8,93.5,94.1,0
2020/11/22 21:00,0,0,0,0,0,97.7,97.7,92.2,5.3,92.2,7.7,92.4,92.7,0
2020/11/22 22:00,0,0,0,0,0,98.7,98.7,89.8,5.7,89.9,8.2,90.6,91.3,0
2020/11/22 23:00,0,0,0,0,0,99.8,99.8,89,5.8,89.3,8.3,90.3,91.3,0
2020/11/23 0:00,0,0,0,0,0,99,99,89.3,5.6,89.5,8.1,90.3,91.2,0
2020/11/23 1:00,0,0,0,0,0,97.9,97.7,82.6,5.3,82.8,7.6,83.3,83.9,0
2020/11/23 2:00,0,0,0,0,0,94.2,93.3,83,5.6,83.2,8.1,84.1,85.1,0
2020/11/23 3:00,0,0,0,0,0,87.5,85.5,86.5,6.3,86.8,9.1,88,89.2,0
2020/11/23 4:00,0,0,0,0,0,99.9,99.4,87.8,6,88.2,8.6,89.8,91.3,0
2020/11/23 5:00,0,0,0,0,0,99.6,99.3,89.5,5.3,89.8,7.7,91.2,92.5,0
2020/11/23 6:00,0,0,0,0,0,88.2,87.2,91.9,4.7,92.3,6.8,93.7,95.3,0
2020/11/23 7:00,0,0,0,0,0,100,100,86.3,4.6,86.7,6.5,88.1,89.6,0
2020/11/23 8:00,0,0,0,0,0,100,100,87.4,4.1,87.8,5.8,89.5,91.2,0.009179999999999999
2020/11/23 9:00,20,25693.3,0.5,3.851,5.9,94.6,94.5,89.4,3.9,90.2,5.6,93.4,94.9,0.5578333350000001
2020/11/23 10:00,46.1,120296,5.4,17.552,5.3,95.4,95.3,90.9,3.8,91.4,5.5,93.5,95.1,0.18846249
2020/11/23 11:00,58.7,194728.6,10.2,33.831,18,84,83.9,90.9,3.9,91.1,5.7,91.8,92.6,0.08628333
2020/11/23 12:00,49.3,200948.9,4.8,31.084,19,82.7,82.7,90.9,3.9,91,5.6,91.8,92.6,0.24224999999999997
2020/11/23 13:00,24.2,134723.5,0.7,14.525,4.9,97.5,97.5,92,3.7,92.1,5.3,92.5,93.2,0.127681665
2020/11/23 14:00,0,38973.6,0,3.571,16,85.9,85.9,91.3,3.7,91.3,5.4,91.7,92.3,0
2020/11/23 15:00,0,0,0,0,1.2,80.6,80.6,94,3,94,4.3,94.4,95,0
2020/11/23 16:00,0,0,0,0,0,47.6,47.6,98.1,2.3,97.9,3.3,97,96.5,0
2020/11/23 17:00,0,0,0,0,0,44.7,44.7,100,1.8,100,2.6,98.5,97.5,0
2020/11/23 18:00,0,0,0,0,0,56,54.6,100,1.7,100,2.4,99.2,98.2,0
2020/11/23 19:00,0,0,0,0,0,29.7,29.7,100,1.7,100,2.5,99.5,98.2,0
2020/11/23 20:00,0,0,0,0,0,100,100,100,1.5,100,2.2,96.8,94.1,0
2020/11/23 21:00,0,0,0,0,0,98.4,98.3,97.3,1.5,96.4,2.2,92.6,88.8,0
2020/11/23 22:00,0,0,0,0,0,100,100,94.3,1.8,93,2.6,87.7,82.6,0
2020/11/23 23:00,0,0,0,0,0,99.8,99.7,89.4,2,88,2.8,82.2,76.5,0
2020/11/24 0:00,0,0,0,0,0,100,99.4,85.7,1.9,84.4,2.7,79.2,74.3,0
2020/11/24 1:00,0,0,0,0,0,100,100,86.7,2.3,85.7,3.2,81.4,77.5,0
2020/11/24 2:00,0,0,0,0,0,100,100,88.6,1.7,87.3,2.5,82.5,79,0
2020/11/24 3:00,0,0,0,0,0,99.9,99.5,91.8,1.7,90.4,2.5,85.5,82,0
2020/11/24 4:00,0,0,0,0,0,96.7,96.2,85.6,1.4,85,2.1,82.4,80.3,0
2020/11/24 5:00,0,0,0,0,0,88.4,87.6,82.3,1.3,81.5,1.9,78.6,76.1,0
2020/11/24 6:00,0,0,0,0,0,45.2,42.5,83.9,1.4,82.7,2,78,74.2,0
2020/11/24 7:00,0,0,0,0,0,47.3,45,83.6,1.7,82.2,2.5,77.1,72.7,0
2020/11/24 8:00,0,0,0,0,0,30.2,30.2,85.1,2,83.5,2.8,77.1,71.6,0.04137273
2020/11/24 9:00,18.3,22432.7,8,10.034,49.7,8,8,85.5,1.7,83.9,2.4,77.6,72.2,1.7854750350000004
2020/11/24 10:00,43.5,112471.6,28.8,37.098,59.9,0.4,0.2,83.8,1.3,82.3,1.9,76.3,71.2,3.6044500499999996
2020/11/24 11:00,55.9,184870.6,42,62.682,60,0,0,80.7,1,79.3,1.4,73.6,68.7,2.3310375
2020/11/24 12:00,46.9,191301.7,33.3,65.791,26.9,56.1,56,79.2,1.1,77.7,1.5,72.1,67.2,0.082675005
2020/11/24 13:00,22.6,127264.4,9.8,43.157,17.5,73.8,72.9,78.1,1.2,76.5,1.7,70.6,65.6,0
2020/11/24 14:00,0,34454.7,0,12.984,2.9,97.4,96.8,79.6,1.5,78.2,2.2,72.8,68.3,0
2020/11/24 15:00,0,0,0,0,0.8,89.8,82.1,86.1,1.8,84.9,2.6,80.3,76.2,0
2020/11/24 16:00,0,0,0,0,0,97.9,70.1,88.5,1.6,87.2,2.3,82.4,78,0
2020/11/24 17:00,0,0,0,0,0,100,68.8,88.3,1.3,86.8,1.8,81,75.9,0
2020/11/24 18:00,0,0,0,0,0,100,90.4,85.5,1.2,84,1.7,78.2,73.1,0
2020/11/24 19:00,0,0,0,0,0,99.6,77.9,83.3,1.3,82,1.8,76.9,72.5,0
2020/11/24 20:00,0,0,0,0,0,99,99,83,1.3,81.5,1.8,75.5,70.5,0
2020/11/24 21:00,0,0,0,0,0,100,99.4,81,1,79.3,1.4,73.2,68.3,0
2020/11/24 22:00,0,0,0,0,0,100,100,79.2,1,77.9,1.4,73,69.4,0
2020/11/24 23:00,0,0,0,0,0,100,100,80.6,1,79.4,1.4,75,71.9,0
2020/11/25 0:00,0,0,0,0,0,100,100,88.1,2,86.9,2.8,82.1,78.2,0
2020/11/25 1:00,0,0,0,0,0,100,99.6,91.5,2.1,89.9,3,84,79.2,0
2020/11/25 2:00,0,0,0,0,0,99.8,81.4,92.5,2,91,2.9,85.5,81.4,0
2020/11/25 3:00,0,0,0,0,0,99.9,95.4,90.3,2.1,89.1,3.1,85,82,0
2020/11/25 4:00,0,0,0,0,0,99.8,93,94.1,2.4,92.6,3.4,87.4,83.7,0
2020/11/25 5:00,0,0,0,0,0,99.9,95.1,97.2,2,95.3,2.9,89,84.7,0
2020/11/25 6:00,0,0,0,0,0,99.8,93,95.8,1.6,94.1,2.3,88.1,84.1,0
2020/11/25 7:00,0,0,0,0,0,100,99.9,94.8,1.2,93.2,1.8,87.6,83.9,0
2020/11/25 8:00,0,0,0,0,0,100,100,92.1,1.3,90.7,1.9,85.6,82.1,0.01198125
2020/11/25 9:00,16.7,19279.6,0,3.057,0,100,100,93.9,2.2,92.3,3.2,86.7,82.3,0.06691251
2020/11/25 10:00,41.1,105112.7,0.1,11.274,0.5,99.9,99.7,93.5,2.5,92.8,3.6,90.1,88.3,0.04476
2020/11/25 11:00,53.3,175533.4,0.2,19.948,0,100,100,90.4,3.1,90.3,4.4,90.1,90,0
2020/11/25 12:00,44.5,182173.3,0.3,20.612,8.4,97.2,96.5,90.1,2.9,90.2,4.1,90.3,90.4,0.19431249
2020/11/25 13:00,21.1,120275.9,1.4,14.204,4.1,97.9,97.9,89.3,2.7,89.3,3.9,89.2,89.2,0.002674995
2020/11/25 14:00,0,30151.7,0,5.324,37.4,53,52.6,89.1,2.4,89,3.5,88.5,88.3,0
2020/11/25 15:00,0,0,0,0,0,70.9,66.4,91.9,2.2,91.8,3.2,91.4,91.3,0
2020/11/25 16:00,0,0,0,0,0,96.6,95.8,92.4,2,92.3,2.8,92,91.9,0
2020/11/25 17:00,0,0,0,0,0,78.2,73.4,94,1.9,93.9,2.7,93.8,93.9,0
2020/11/25 18:00,0,0,0,0,0,78.2,75.6,94.6,1.7,94.4,2.4,93.6,93.1,0
2020/11/25 19:00,0,0,0,0,0,70.4,69.9,96.3,2,96,2.9,94.9,94,0
2020/11/25 20:00,0,0,0,0,0,75.3,74.9,96.3,1.8,95.8,2.5,94.1,92.8,0
2020/11/25 21:00,0,0,0,0,0,79,79,96.3,1.9,95.8,2.7,93.5,91.6,0
2020/11/25 22:00,0,0,0,0,0,73.9,73.9,96.9,2,96.3,2.8,93.8,91.8,0
2020/11/25 23:00,0,0,0,0,0,97.8,97.8,95.3,2.6,94.7,3.7,92.4,90.6,0
2020/11/26 0:00,0,0,0,0,0,98.4,98.4,95.8,3.2,95.4,4.6,93.9,93.1,0
2020/11/26 1:00,0,0,0,0,0,90.9,90.9,98,2.6,97.7,3.8,97.1,96.8,0
2020/11/26 2:00,0,0,0,0,0,82.8,82.8,99,2.4,98.8,3.5,98.2,98.1,0
2020/11/26 3:00,0,0,0,0,0,97.1,97.1,97.2,2.6,97,3.7,96.5,96.4,0
2020/11/26 4:00,0,0,0,0,0,97.5,97.5,96.4,2.3,96.2,3.3,95.4,95.1,0
2020/11/26 5:00,0,0,0,0,0,78.1,78.1,96.7,2,96.5,2.9,96.1,96,0
2020/11/26 6:00,0,0,0,0,0,59.2,59.2,100,2,99.6,2.8,97.8,96.5,0
2020/11/26 7:00,0,0,0,0,0,56.8,56.8,97.1,2.3,96.8,3.2,95.9,95.2,0
2020/11/26 8:00,0,0,0,0,0,44.7,44.7,94.8,2.2,94.5,3.1,93.4,92.5,0
2020/11/26 9:00,15.1,16224,4,6.503,24.3,50.6,50.6,93.4,2.2,93.1,3.2,92,90.9,0.066925005
2020/11/26 10:00,38.8,98194.5,15,25.184,42.4,35.7,35.7,91.6,2.2,91.5,3.2,90.6,89.8,0.14536137
2020/11/26 11:00,50.7,166706.7,23.3,43.963,45.8,35,35,90.9,2.1,90.7,3,89.6,88.8,0.6842624700000001
2020/11/26 12:00,42.3,173552.9,16.7,45.642,49.4,31,31,90.7,1.8,90.5,2.6,89.3,88.3,0.6510499799999999
2020/11/26 13:00,19.7,113737.4,5.7,29.553,33.6,48.4,48.4,91.3,1.7,91,2.4,89.6,88.1,0.164222715
2020/11/26 14:00,0,26201.3,0,9.193,31.1,48.4,48.4,92.9,1.6,92.4,2.3,90.4,88.5,0
2020/11/26 15:00,0,0,0,0,0,44.4,41.3,96.1,1.5,95.6,2.2,93.4,90.9,0
2020/11/26 16:00,0,0,0,0,0,32.2,27.1,99.8,1.6,99.3,2.3,96.8,94.2,0
2020/11/26 17:00,0,0,0,0,0,41.6,41.6,100,1.5,99.5,2.2,97.3,95.3,0
2020/11/26 18:00,0,0,0,0,0,62.7,62.7,100,1.5,99.7,2.1,97.2,94.4,0
2020/11/26 19:00,0,0,0,0,0,98.3,98.1,97.4,1.7,96.9,2.4,94.8,92.4,0
2020/11/26 20:00,0,0,0,0,0,97.7,97.3,95.4,1.7,95,2.5,93.2,90.6,0
2020/11/26 21:00,0,0,0,0,0,99.3,97.5,93.9,1.7,93.4,2.4,91.2,88.2,0
2020/11/26 22:00,0,0,0,0,0,98.3,91.5,94.6,1.7,94,2.4,91.8,88.6,0
2020/11/26 23:00,0,0,0,0,0,97.5,74.6,96.8,1.7,96.4,2.5,94.6,91.2,0
2020/11/27 0:00,0,0,0,0,0,97.5,64.1,97.7,1.7,97.4,2.4,96.1,92.6,0
2020/11/27 1:00,0,0,0,0,0,98,55.9,100,2,100,2.9,100,96.9,0
2020/11/27 2:00,0,0,0,0,0,90.2,54.8,100,2,100,2.9,99.6,96,0
2020/11/27 3:00,0,0,0,0,0,69.5,67.2,98.8,2.1,98.6,3,98,94,0
2020/11/27 4:00,0,0,0,0,0,97.6,92.7,94.5,2.2,94.3,3.2,93.7,89.9,0
2020/11/27 5:00,0,0,0,0,0,93.9,77.5,91.6,2.1,91.5,3,91.3,87.8,0
2020/11/27 6:00,0,0,0,0,0,87.9,57.6,91.6,1.6,91.4,2.3,90.9,87.7,0
2020/11/27 7:00,0,0,0,0,0,79.5,44,91.3,1.6,90.9,2.3,89.4,85.8,0
2020/11/27 8:00,0,0,0,0,0,58.7,32.3,87.8,1.7,87.2,2.5,85.5,82.3,0.117418635
2020/11/27 9:00,13.6,13260.2,5.5,7.466,42,48.9,26.7,85.6,1.8,85.1,2.6,83.2,80.2,0.38192499
2020/11/27 10:00,36.6,91691.1,21.7,29.715,54.7,40.6,25.3,83.7,1.8,83.2,2.6,81.7,79,0
2020/11/27 11:00,48.4,158379,29.2,51.091,49.7,44.3,31.7,81.3,1.5,80.9,2.2,79.6,77,1.326537495
2020/11/27 12:00,40.3,165428.6,18.6,50.958,44.3,28.3,27.7,79.2,1.3,78.8,1.9,77.4,75,0.24199999500000002
2020/11/27 13:00,18.4,107627.8,5.6,31.281,25.9,60.2,58.7,80.5,1.4,80,2,78.5,76.1,0.14475
2020/11/27 14:00,0,23752.9,0,9.164,27.6,60.2,56.4,80.7,1.2,80.1,1.7,78.1,75.8,0
2020/11/27 15:00,0,0,0,0,0,88.7,81.8,82.2,1.2,81.6,1.7,79.7,77.6,0
2020/11/27 16:00,0,0,0,0,0,76.1,74.6,84.8,1.2,84.3,1.8,82.4,80.4,0
2020/11/27 17:00,0,0,0,0,0,60.6,60.6,84.4,1.2,84.1,1.7,83,81.5,0
2020/11/27 18:00,0,0,0,0,0,19,16.2,86.2,1,85.8,1.5,84.4,82.9,0
2020/11/27 19:00,0,0,0,0,0,67.9,63.7,83,1.1,82.7,1.6,81.6,80.4,0
2020/11/27 20:00,0,0,0,0,0,79.2,67.5,81.1,1.1,80.7,1.6,79.5,78.3,0
2020/11/27 21:00,0,0,0,0,0,57.8,31.9,83.5,1.1,82.7,1.6,79.8,77.7,0
2020/11/27 22:00,0,0,0,0,0,76,39.3,84.8,1.1,83.9,1.6,80.9,78.8,0
2020/11/27 23:00,0,0,0,0,0,74.8,38.6,86.4,1.1,85.6,1.6,82.6,80.3,0
2020/11/28 0:00,0,0,0,0,0,66.5,35.9,86.9,1.2,86,1.7,83.3,81.1,0
2020/11/28 1:00,0,0,0,0,0,78.9,49.2,89.2,1.2,88.6,1.8,86.5,84.8,0
2020/11/28 2:00,0,0,0,0,0,60.6,33.8,88.1,1.2,87.2,1.7,84,81.6,0
2020/11/28 3:00,0,0,0,0,0,48.5,26.3,86.8,1.3,85.5,1.8,81.1,77.9,0
2020/11/28 4:00,0,0,0,0,0,42.7,23,85.8,1.3,84.1,1.9,78.5,74.4,0
2020/11/28 5:00,0,0,0,0,0,56,29,85.4,1.3,83.6,1.9,77.4,73.1,0
2020/11/28 6:00,0,0,0,0,0,29.9,15.6,85,1.1,83.2,1.6,77.4,73.2,0
2020/11/28 7:00,0,0,0,0,0,3.6,2.7,77.6,1.3,76.6,1.9,73.4,71,0
2020/11/28 8:00,0,0,0,0,0,12.8,12.8,72.8,1.3,72.1,1.8,69.7,68,0.09484999499999999
2020/11/28 9:00,12.2,10920.8,4.8,6.483,37,10.3,10.3,70.2,1.2,69.6,1.7,67.5,66.1,2.381037525
2020/11/28 10:00,34.6,85576.1,19,26.75,53.1,11.8,11.8,67.5,1.1,67.1,1.6,65.7,64.7,3.62222505
2020/11/28 11:00,46.1,150537.3,22.6,44.52,36.3,47,43.5,64.8,1.2,64.5,1.7,63.1,62.2,3.883425
2020/11/28 12:00,38.4,157787.6,16.6,44.324,35.7,48.5,46.1,61.5,1.2,61.2,1.7,59.8,58.9,3.065900025
2020/11/28 13:00,17.2,101926,5.9,29.373,22.3,68,68,58.2,1.6,57.6,2.3,55.4,54,0.3913125
2020/11/28 14:00,0,21427.6,0,9.303,51,4.8,4.8,57.9,1.5,57.2,2.1,54.5,52.8,0
2020/11/28 15:00,0,0,0,0,0,9.7,9.7,62.2,1.4,61.3,2.1,58.3,56.4,0
2020/11/28 16:00,0,0,0,0,0,1.9,1.9,65.3,1.4,64.5,2.1,61.6,59.8,0
2020/11/28 17:00,0,0,0,0,0,0,0,65.8,1.1,64.9,1.6,61.8,59.8,0
2020/11/28 18:00,0,0,0,0,0,0,0,65.3,1.3,64.3,1.8,60.8,58.7,0
2020/11/28 19:00,0,0,0,0,0,0.9,0.9,63.9,1.7,63,2.4,60.1,58.3,0
2020/11/28 20:00,0,0,0,0,0,18.3,18.3,65.6,1.6,64.7,2.3,61.6,59.6,0
2020/11/28 21:00,0,0,0,0,0,10,10,67.5,1.3,66.6,1.9,63.6,61.7,0
2020/11/28 22:00,0,0,0,0,0,9.6,9.6,69.3,1.4,68.3,1.9,64.7,62.5,0
2020/11/28 23:00,0,0,0,0,0,6,6,70.7,1.4,69.4,2,65.1,62.6,0
2020/11/29 0:00,0,0,0,0,0,2.9,2.9,71,1.2,69.7,1.8,65.4,62.8,0
2020/11/29 1:00,0,0,0,0,0,41.7,41.7,68.5,1.5,67.7,2.2,65.2,63.7,0
2020/11/29 2:00,0,0,0,0,0,17.1,17.1,69.3,1.3,68.6,1.9,66.5,65.3,0
2020/11/29 3:00,0,0,0,0,0,9.2,9.2,71.3,1.2,70.8,1.7,68.8,67.7,0
2020/11/29 4:00,0,0,0,0,0,3.8,3.8,73.4,1.2,72.8,1.7,70.9,69.7,0
2020/11/29 5:00,0,0,0,0,0,4.4,4.4,74.4,1.1,73.8,1.6,71.6,70.3,0
2020/11/29 6:00,0,0,0,0,0,27.5,27.2,74.7,1.2,74,1.8,71.8,70.4,0
2020/11/29 7:00,0,0,0,0,0,23.3,23,74.6,1.4,73.7,2,70.8,69.1,0
2020/11/29 8:00,0,0,0,0,0,21.8,21.8,71.1,1.3,70.4,1.9,68,66.6,0.143687505
2020/11/29 9:00,10.9,8792.6,4,5.552,33.5,21.4,19.1,68.6,1.4,68.1,1.9,66.3,65.3,2.381925
2020/11/29 10:00,32.7,79823.3,17.5,25.206,51.7,43.8,30.8,65.8,1.3,65.6,1.9,64.7,64.2,3.594312525
2020/11/29 11:00,44,143167.7,23.8,45.881,55.5,55.4,33.1,63.5,1.1,63.4,1.6,63.2,63,3.7425874500000003
2020/11/29 12:00,36.6,150615.8,13.1,45.232,45.4,87.5,60.4,63.1,1.3,63,1.8,62.5,62.2,2.06528745
2020/11/29 13:00,16,96610.8,3.5,26.483,37.4,57,57,64.4,1.4,64.1,2,63.3,62.6,0.36164999999999997
2020/11/29 14:00,0,19220,0,7.477,26.8,59.2,59.2,66.9,1.3,66.3,1.9,64.1,62.4,0
2020/11/29 15:00,0,0,0,0,0,67.1,65.6,69.4,1.3,68.8,1.8,66.7,64.9,0
2020/11/29 16:00,0,0,0,0,0,66.4,65.2,72,1.2,71.5,1.7,69.8,67.7,0
2020/11/29 17:00,0,0,0,0,0,73.6,67.1,72.2,1.2,71.7,1.8,69.9,67.6,0
2020/11/29 18:00,0,0,0,0,0,66.8,51.4,73.8,1.2,73.1,1.7,70.9,67.9,0
2020/11/29 19:00,0,0,0,0,0,88.1,64,72.2,1.3,71.6,1.8,69.5,66.4,0
2020/11/29 20:00,0,0,0,0,0,48.9,34.4,74.3,1.2,73.7,1.8,71.5,68,0
2020/11/29 21:00,0,0,0,0,0,95.2,54,75.4,1.3,74.8,1.9,72.7,68.7,0
2020/11/29 22:00,0,0,0,0,0,96,57.5,76,1.3,75.5,1.9,73.1,69.1,0
2020/11/29 23:00,0,0,0,0,0,96.5,69.7,76.3,1.5,75.7,2.1,72.8,68.7,0
2020/11/30 0:00,0,0,0,0,0,98.4,78.7,76.4,1.5,75.9,2.1,72.6,68.5,0
2020/11/30 1:00,0,0,0,0,0,92.1,85.7,75.9,1.2,75.4,1.7,71.1,66.7,0
2020/11/30 2:00,0,0,0,0,0,99.7,99.5,76.5,1.2,75.3,1.7,69.9,65.4,0
2020/11/30 3:00,0,0,0,0,0,99.8,99.3,70.8,1.3,70,1.8,66.9,63.9,0
2020/11/30 4:00,0,0,0,0,0,99.5,95.6,70.9,1.5,70.1,2.1,66.8,63.9,0
2020/11/30 5:00,0,0,0,0,0,98.2,98,69.7,1.2,68.9,1.7,65.9,63.6,0
2020/11/30 6:00,0,0,0,0,0,99.9,99.7,66.8,1.2,66.1,1.8,63.3,61.2,0
2020/11/30 7:00,0,0,0,0,0,100,100,70.8,0.6,69.9,0.9,66.8,64.6,0
2020/11/30 8:00,0,0,0,0,0,100,100,72.8,0.5,72.4,0.7,71.2,70.4,0
2020/11/30 9:00,9.5,6732.5,0,0.762,0,100,100,81.7,1.2,81.5,1.8,80.7,80.2,0.05063751
2020/11/30 10:00,30.9,74407.5,0,3.934,0.2,100,100,92.1,1.5,91.2,2.1,87.8,85.4,0.059950004999999994
2020/11/30 11:00,42,136255,0,8.405,0,100,100,94.7,1.4,93.4,2,88.8,85.4,0.0071045399999999995
2020/11/30 12:00,34.9,143898.9,0,9.867,0,100,100,94,1,92.8,1.4,88.6,85.6,0.002999999999999985
2020/11/30 13:00,15,91661.9,0,6.346,0,100,100,90.5,0.6,89.9,0.9,88.3,87.9,0
2020/11/30 14:00,0,17126.5,0,1.711,0,100,100,93.5,1.1,93.1,1.6,92,91.8,0
2020/11/30 15:00,0,0,0,0,0,100,100,97.4,1.3,97,1.8,95.4,94.5,0
2020/11/30 16:00,0,0,0,0,0,100,100,100,1.1,99.9,1.5,97.5,95.8,0
2020/11/30 17:00,0,0,0,0,0,99.9,99.3,100,1.3,99.4,1.9,96.6,94.2,0
2020/11/30 18:00,0,0,0,0,0,89.3,87.1,100,1.4,100,2.1,98.7,96.6,0
2020/11/30 19:00,0,0,0,0,0,65.2,65.2,100,1.6,100,2.3,100,98.8,0
2020/11/30 20:00,0,0,0,0,0,65.5,65.5,100,1.8,100,2.6,99.3,97.7,0
2020/11/30 21:00,0,0,0,0,0,46,46,100,1.8,100,2.6,100,99,0
2020/11/30 22:00,0,0,0,0,0,65.9,65.9,100,1.9,100,2.8,100,99.6,0
2020/11/30 23:00,0,0,0,0,0,87.3,87.3,98.1,2.4,98.1,3.4,98.2,98.6,0
2020/12/1 0:00,0,0,0,0,0,90.6,90.6,100,2.3,100,3.3,99.1,98.9,0
2020/12/1 1:00,0,0,0,0,0,81.3,81.3,98.5,2.2,97.9,3.2,96.2,95.4,0
2020/12/1 2:00,0,0,0,0,0,78.1,78.1,98.6,2.5,97.9,3.6,96,95.3,0
2020/12/1 3:00,0,0,0,0,0,88,88,97.9,2.5,97.3,3.5,95.3,94.6,0
2020/12/1 4:00,0,0,0,0,0,72.7,72.7,98.2,2.2,97.4,3.2,94.8,93.5,0
2020/12/1 5:00,0,0,0,0,0,90.9,90.9,96.8,2,95.8,2.9,92.5,90.5,0
2020/12/1 6:00,0,0,0,0,0,82.5,82.5,96.4,1.8,95.3,2.6,91.6,89.2,0
2020/12/1 7:00,0,0,0,0,0,62.9,62.9,97.4,2.2,96.2,3.1,92.4,90.3,0
2020/12/1 8:00,0,0,0,0,0,46.9,46.9,96.3,1.9,95.4,2.7,92.2,90.9,0
2020/12/1 9:00,8.3,4740.8,1.3,3.24,20.6,81.6,68.2,95.8,1.7,95,2.4,92.3,91.2,0.03399374999999998
2020/12/1 10:00,29.3,69305,8.7,16.786,28.4,67.6,65.4,94.1,1.7,93.5,2.4,91.7,91.1,0
2020/12/1 11:00,40.2,129783.6,12.3,31.661,23.8,68.4,68.4,93.2,1.6,92.7,2.3,90.8,90.2,0.7397124900000001
2020/12/1 12:00,33.3,137621.6,9,32.334,27.1,61.7,61.7,93.2,1.7,92.5,2.4,90,88.9,1.3077999899999997
2020/12/1 13:00,13.9,87059.6,3.6,20.344,31.3,56.3,55,92.6,1.8,91.6,2.6,88.3,85.9,0.06059998500000001
2020/12/1 14:00,0,15145,0,6.124,23.8,100,75.6,95,1.6,93.7,2.2,89.5,86.7,0
2020/12/1 15:00,0,0,0,0,0,100,64.1,98.2,1.5,96.6,2.2,91.4,88.2,0
2020/12/1 16:00,0,0,0,0,0,98.7,61.7,98.5,1.6,97,2.3,92.1,89,0
2020/12/1 17:00,0,0,0,0,0,87.6,85.4,94.9,1.5,93.5,2.2,88.7,85.6,0
2020/12/1 18:00,0,0,0,0,0,69.8,37.8,96.3,1.3,94.3,1.9,87.9,83.3,0
2020/12/1 19:00,0,0,0,0,0,2.1,1.4,90.7,2.2,89.6,3.2,85.6,80.7,0
2020/12/1 20:00,0,0,0,0,0,81.3,41.2,89,2.1,88.2,3,85.4,79.5,0
2020/12/1 21:00,0,0,0,0,0,43.9,21.9,88.8,1.9,88.2,2.7,85.9,79.4,0
2020/12/1 22:00,0,0,0,0,0,98.6,49.3,85.8,1.7,85.1,2.4,82.7,75.1,0
2020/12/1 23:00,0,0,0,0,0,96.9,48.4,82,1.4,81.3,1.9,78.2,70.6,0
2020/12/2 0:00,0,0,0,0,0,91.4,45.7,78.7,1.5,77.9,2.2,74.2,66.7,0
2020/12/2 1:00,0,0,0,0,0,98.8,95.1,72.9,1.6,72.4,2.4,68.8,61.5,0
2020/12/2 2:00,0,0,0,0,0,99.3,97.8,67.1,1.6,66.5,2.3,62.5,55.9,0
2020/12/2 3:00,0,0,0,0,0,99.5,98.9,62.3,1.5,61.8,2.1,57.5,51.8,0
2020/12/2 4:00,0,0,0,0,0,99.5,98.1,60.5,1.5,59.8,2.1,55.2,50.5,0
2020/12/2 5:00,0,0,0,0,0,98.5,95.3,59.8,1.3,59.1,1.8,55,51.3,0
2020/12/2 6:00,0,0,0,0,0,98.5,96.7,60.5,1.5,59.8,2.2,56.9,54.6,0
2020/12/2 7:00,0,0,0,0,0,98.3,97.3,62.3,1.9,61.5,2.8,58,55,0
2020/12/2 8:00,0,0,0,0,0,99.8,99.5,61.8,1.8,61,2.6,58.2,55.7,0.0011625
2020/12/2 9:00,7.1,2818.1,0,0.709,0,100,100,61.8,2.1,61.2,3,58.9,57,0.228912495
2020/12/2 10:00,27.7,64494.3,0,3.263,0,100,100,62.7,1.9,62.2,2.8,60.4,58.9,0.354825
2020/12/2 11:00,38.5,123736.9,0,5.83,0,100,100,63.6,1.9,63.1,2.8,61.3,59.7,0.45976250999999996
2020/12/2 12:00,31.9,131768.5,0.1,9.154,0,100,100,64,2.2,63.5,3.1,61.5,59.8,0.07539999000000001
2020/12/2 13:00,13,82785.5,0.2,10.028,3.6,99.7,97.1,62.7,1.9,62.3,2.7,60.8,59.6,0
2020/12/2 14:00,0,13274.3,0,4.15,11,87.2,82.2,62.8,1.9,62.4,2.7,61,60,0
2020/12/2 15:00,0,0,0,0,0,99.7,93.3,65.7,2.2,65.2,3.2,63.4,62.2,0
2020/12/2 16:00,0,0,0,0,0,99.8,94.6,66.8,2.1,66.3,3,64.5,63,0
2020/12/2 17:00,0,0,0,0,0,99.9,97.9,65.5,2,65.1,2.9,63.6,62.6,0
2020/12/2 18:00,0,0,0,0,0,100,99.4,64.6,1.9,64.2,2.8,63.2,62.7,0
2020/12/2 19:00,0,0,0,0,0,99.9,99.6,67.9,1.9,67.5,2.7,66.3,65.9,0
2020/12/2 20:00,0,0,0,0,0,99.9,99.1,70.4,1.7,70,2.4,68.5,67.8,0
2020/12/2 21:00,0,0,0,0,0,100,99.3,69.9,1.8,69.4,2.6,67.7,66.8,0
2020/12/2 22:00,0,0,0,0,0,99.9,99.4,69,2,68.6,2.9,67,66.1,0
2020/12/2 23:00,0,0,0,0,0,99.9,99.4,69.1,2.1,68.5,3.1,66.7,65.4,0
2020/12/3 0:00,0,0,0,0,0,99.7,99.4,69.2,2,68.7,2.9,66.8,65.6,0
2020/12/3 1:00,0,0,0,0,0,99.7,99.2,71.7,3,71.3,4.3,69.8,68.8,0
2020/12/3 2:00,0,0,0,0,0,99.6,99,70.9,3.3,70.5,4.8,69.2,68.3,0
2020/12/3 3:00,0,0,0,0,0,100,100,70.2,3.1,69.8,4.5,68.5,67.7,0
2020/12/3 4:00,0,0,0,0,0,100,100,69.1,3.2,68.8,4.6,67.8,67.2,0
2020/12/3 5:00,0,0,0,0,0,100,100,67,3.2,66.7,4.6,65.7,65.2,0
2020/12/3 6:00,0,0,0,0,0,100,100,65.8,3,65.6,4.3,64.8,64.4,0
2020/12/3 7:00,0,0,0,0,0,100,100,66.1,3,65.9,4.2,65.2,64.9,0
2020/12/3 8:00,0,0,0,0,0,100,100,64.3,3,64.1,4.3,63.3,62.9,0
2020/12/3 9:00,5.9,1645.7,0.7,2.739,0.1,99.5,99.5,63.4,2.9,63.2,4.1,62.3,61.9,1.2211772849999998
2020/12/3 10:00,26.3,59956.2,12.1,17.678,60,0.3,0.1,62.7,2.7,62.4,3.9,61.4,60.8,2.764562475
2020/12/3 11:00,36.8,118098.3,25.4,39.123,60,0,0,62.5,2.8,62.2,4,61,60.4,0.47059636499999996
2020/12/3 12:00,30.5,126323.8,18.4,43.582,58.5,10.5,6.5,62.7,2.8,62.3,4.1,60.9,60.1,0.16093634999999998
2020/12/3 13:00,12.1,78822.5,4.6,26.302,54,32.4,21.2,62.2,2.8,61.8,4,60.4,59.4,0
2020/12/3 14:00,0,11517.2,0,6.904,4.9,99.9,94.4,63.6,2.8,63.2,4,61.9,61,0
2020/12/3 15:00,0,0,0,0,0,100,99.3,64.8,2.9,64.5,4.2,63.3,62.7,0
2020/12/3 16:00,0,0,0,0,0,100,99.3,65.3,3.1,65.1,4.4,64.2,63.7,0
2020/12/3 17:00,0,0,0,0,0,100,100,64.6,3.2,64.2,4.6,63.1,62.5,0
2020/12/3 18:00,0,0,0,0,0,100,91.5,64.5,3.2,64.2,4.6,63.2,62.6,0
2020/12/3 19:00,0,0,0,0,0,100,99.3,62.3,3.3,62.2,4.7,61.8,61.9,0
2020/12/3 20:00,0,0,0,0,0,100,90.1,64,3.4,63.9,4.9,63.8,64.1,0
2020/12/3 21:00,0,0,0,0,0,100,98.5,64.7,2.9,64.5,4.2,64,63.9,0
2020/12/3 22:00,0,0,0,0,0,98.3,83.5,66,2.6,65.7,3.8,64.8,64.5,0
2020/12/3 23:00,0,0,0,0,0,96.1,65.3,69.2,2.8,68.9,4,67.7,67.1,0
2020/12/4 0:00,0,0,0,0,0,98.2,74.9,71.6,3,71.1,4.3,69.6,68.7,0
2020/12/4 1:00,0,0,0,0,0,80.6,65.9,71.4,3.7,71.1,5.3,70.2,70,0
2020/12/4 2:00,0,0,0,0,0,81.5,73.9,72.8,3.7,72.5,5.3,71.5,71.2,0
2020/12/4 3:00,0,0,0,0,0,33.2,18.9,76.2,3.7,75.9,5.4,74.6,73.9,0
2020/12/4 4:00,0,0,0,0,0,52,43.1,76.3,3.6,75.6,5.2,73.3,71.8,0
2020/12/4 5:00,0,0,0,0,0,79.4,68.3,70.3,3.4,69.7,4.9,67.5,66.2,0
2020/12/4 6:00,0,0,0,0,0,99,84.4,67.7,3.3,67.4,4.8,66.1,65.3,0
2020/12/4 7:00,0,0,0,0,0,98.2,86.7,65.3,4,65.2,5.7,64.7,64.6,0
2020/12/4 8:00,0,0,0,0,0,95.5,81,65.2,3.1,65,4.5,64.2,64,0.032359094999999984
2020/12/4 9:00,4.7,1328.7,0.8,2.17,23.5,72.4,39.3,65.9,2.7,65.5,3.8,64.2,63.4,0.35165001
2020/12/4 10:00,25,55674,9.8,16.592,55.2,73.8,40.9,69.4,2.9,68.8,4.2,66.5,64.9,1.0452499949999998
2020/12/4 11:00,35.3,112850.7,16.9,35.896,59.3,65.2,33.2,69.3,3.1,68.7,4.5,66.5,65,1.32557499
2020/12/4 12:00,29.3,121271.8,8,37.385,60,85.9,43,68.2,3,67.7,4.3,65.6,64.2,1.6847999999999999
2020/12/4 13:00,11.3,75155,0.6,21.219,59.9,96.3,48.2,67.6,2.7,67.1,3.9,65.5,64.4,0.056249999999999994
2020/12/4 14:00,0,10246.3,0,5.309,35.6,82,48.6,66.8,2.5,66.4,3.5,65,64.1,0
2020/12/4 15:00,0,0,0,0,0,32.8,18.5,70.4,2.3,69.9,3.3,68.1,66.9,0
2020/12/4 16:00,0,0,0,0,0,45.5,22.8,72.6,2.3,72,3.3,70.2,68.9,0
2020/12/4 17:00,0,0,0,0,0,84.7,42.3,72.1,2.2,71.6,3.1,69.7,68.4,0
2020/12/4 18:00,0,0,0,0,0,98,72.3,70.5,2.2,70,3.2,68.2,67,0
2020/12/4 19:00,0,0,0,0,0,97.4,52.3,68.3,2.3,67.9,3.3,66.7,66,0
2020/12/4 20:00,0,0,0,0,0,97.8,73.6,68.4,2.3,68,3.3,66.7,66,0
2020/12/4 21:00,0,0,0,0,0,97.7,65.4,69.5,2.1,69.2,3,68.2,67.6,0
2020/12/4 22:00,0,0,0,0,0,99.4,79.7,70.3,2,69.8,2.8,68.4,67.6,0
2020/12/4 23:00,0,0,0,0,0,99.9,97.1,69.5,1.8,69,2.6,67.5,66.6,0
2020/12/5 0:00,0,0,0,0,0,99.9,94.2,70.4,1.5,69.9,2.1,68.4,67.5,0
2020/12/5 1:00,0,0,0,0,0,99.4,61.9,72.4,1.3,72,1.8,70.8,70.1,0
2020/12/5 2:00,0,0,0,0,0,99,51.6,75.7,1.6,75.2,2.3,73.6,72.4,0
2020/12/5 3:00,0,0,0,0,0,98.7,51.1,79.7,1.4,78.8,2,75.7,73.3,0
2020/12/5 4:00,0,0,0,0,0,99.3,54.2,83.1,1.3,81.8,1.9,77.4,73.7,0
2020/12/5 5:00,0,0,0,0,0,99.7,78.7,83.7,1.2,82.2,1.7,76.7,72.2,0
2020/12/5 6:00,0,0,0,0,0,100,98.6,84,1.1,82.3,1.6,76.2,71.1,0
2020/12/5 7:00,0,0,0,0,0,100,98.8,82.3,1.4,80.8,2,75.5,70.8,0
2020/12/5 8:00,0,0,0,0,0,100,99.2,80.8,1.1,79.4,1.6,74,69.3,0
2020/12/5 9:00,3.7,1024.8,0,0.885,0.8,100,98.3,80.4,1.1,79.1,1.6,73.8,69.1,0.08196250499999999
2020/12/5 10:00,23.7,51633.9,0.1,8.01,3.7,99.9,96.9,79.8,1.1,78.6,1.5,73.9,69.7,0.41221249499999996
2020/12/5 11:00,33.9,107977.5,1,21.163,8.8,99.4,92.4,80.5,1,79.4,1.4,75.1,71.2,1.1646124949999999
2020/12/5 12:00,28.1,116597.2,0.9,26.966,23.3,97,79.9,82,1,81,1.5,76.7,72.9,1.8035124749999998
2020/12/5 13:00,10.5,71769.1,0.2,17.647,11.5,99.2,90.9,83.3,0.5,82.5,0.8,79.5,77,0.098162505
2020/12/5 14:00,0,9060.2,0,4.72,36.4,86,50.1,85.3,0.8,84.4,1.2,81.7,79.5,0
2020/12/5 15:00,0,0,0,0,0,75.7,54.5,88.6,1.4,87.8,2,84.9,82.7,0
2020/12/5 16:00,0,0,0,0,0,60.4,60.3,89.4,1.1,88.6,1.5,85.6,83.2,0
2020/12/5 17:00,0,0,0,0,0,54.7,54.6,89.6,1.1,88.9,1.6,85.6,82.7,0
2020/12/5 18:00,0,0,0,0,0,17.8,17.8,90.1,0.9,89.3,1.3,86.2,83.3,0
2020/12/5 19:00,0,0,0,0,0,0,0,90.8,1.3,90.2,1.9,87.7,85,0
2020/12/5 20:00,0,0,0,0,0,2.5,2.5,90.9,1.2,90.2,1.7,87.1,84,0
2020/12/5 21:00,0,0,0,0,0,9.6,5.3,92.2,0.8,91.4,1.1,88,84.8,0
2020/12/5 22:00,0,0,0,0,0,100,50.4,93.5,0.7,92.7,1,89.2,85.8,0
2020/12/5 23:00,0,0,0,0,0,99.6,59.5,92.6,0.9,91.8,1.3,88.7,85.5,0
2020/12/6 0:00,0,0,0,0,0,96.8,64,91.7,1.1,91,1.6,88.2,85.4,0
2020/12/6 1:00,0,0,0,0,0,99.9,98.2,87.3,1.2,86.7,1.7,84.6,82.7,0
2020/12/6 2:00,0,0,0,0,0,91.9,86.3,89,1,88.3,1.5,85.7,83.5,0
2020/12/6 3:00,0,0,0,0,0,99.4,99.3,89.5,1.5,88.9,2.2,86.6,84.7,0
2020/12/6 4:00,0,0,0,0,0,100,100,91,2,90.4,2.8,88.2,86.4,0
2020/12/6 5:00,0,0,0,0,0,97.3,96.1,90.5,2.5,89.9,3.6,87.8,86,0
2020/12/6 6:00,0,0,0,0,0,56.9,54.7,91.2,2.7,90.5,3.9,88,85.9,0
2020/12/6 7:00,0,0,0,0,0,52.7,38.3,90,2.6,89.2,3.7,86.1,83.6,0
2020/12/6 8:00,0,0,0,0,0,79.9,47.6,87.5,2.4,86.7,3.4,83.8,81.3,0
2020/12/6 9:00,2.6,734.2,0.4,0.77,15.3,32.4,31,86.3,1.9,85.5,2.7,82.5,80.1,0.3171375
2020/12/6 10:00,22.6,47824.3,5.7,10.869,18.7,69.9,69.9,82.6,1.5,82,2.2,79.6,77.6,0.791225025
2020/12/6 11:00,32.7,103462.2,10.8,27.118,49.8,20.2,20.2,75.1,1,74.4,1.4,72,70,0.35721250499999996
2020/12/6 12:00,27.1,112284.7,9.2,32.474,45,35,35,72.9,1,72.2,1.5,69.6,67.4,0.8253375150000001
2020/12/6 13:00,9.7,68652.6,2.5,20.543,49.2,20.3,20.1,71.7,1.9,71.2,2.7,69.5,68.1,0.0982875
2020/12/6 14:00,0,7959.3,0,5.088,35.3,9.6,9.6,74.8,1.9,74.1,2.7,71.3,68.7,0
2020/12/6 15:00,0,0,0,0,0,1.2,1.2,81.9,1.7,81,2.5,77.4,73.9,0
2020/12/6 16:00,0,0,0,0,0,23.5,22.9,87.7,1.5,86.6,2.2,82.4,78.5,0
2020/12/6 17:00,0,0,0,0,0,94.3,63.7,89.2,1.3,88.2,1.9,84.1,80.3,0
2020/12/6 18:00,0,0,0,0,0,77.1,54.5,90.9,1.2,90.4,1.7,86.9,83.1,0
2020/12/6 19:00,0,0,0,0,0,100,90.9,84,1.8,83.9,2.5,82.1,79.9,0
2020/12/6 20:00,0,0,0,0,0,99.5,65.9,85.1,1.3,84.9,1.9,83.2,81.5,0
2020/12/6 21:00,0,0,0,0,0,100,68.1,87.2,1.5,86.8,2.2,84,81.5,0
2020/12/6 22:00,0,0,0,0,0,100,75.3,85.4,1.4,85,2,81.9,78.5,0
2020/12/6 23:00,0,0,0,0,0,100,61.6,86,0.5,85.6,0.8,81.9,77.9,0
2020/12/7 0:00,0,0,0,0,0,100,67.8,85.5,0.9,85,1.3,81.2,77,0
2020/12/7 1:00,0,0,0,0,0,100,83.9,87.6,1,87,1.5,83.3,79.5,0
2020/12/7 2:00,0,0,0,0,0,100,96,87.6,0.5,87.1,0.7,83.3,79.3,0
2020/12/7 3:00,0,0,0,0,0,100,98,89.2,0.7,88.9,1.1,85.6,81.9,0
2020/12/7 4:00,0,0,0,0,0,100,99.9,92,0.9,91.7,1.3,88,84.2,0
2020/12/7 5:00,0,0,0,0,0,100,100,93.1,1,92.6,1.5,88.8,85,0
2020/12/7 6:00,0,0,0,0,0,98.3,85.5,94.5,1.2,93.8,1.8,90,86.4,0
2020/12/7 7:00,0,0,0,0,0,100,100,92.6,1.6,92.1,2.3,89.3,86.5,0
2020/12/7 8:00,0,0,0,0,0,100,99.9,91.6,2.2,91.3,3.2,89.7,88.3,0
2020/12/7 9:00,1.6,457.1,0,0.162,0.4,99.9,99,90.7,2.5,90.4,3.7,89.1,87.9,0.011525009999999999
2020/12/7 10:00,21.5,44236.1,0.4,5.977,5.4,97.3,94.6,88.4,2.6,88.1,3.7,86.7,85.5,0.121212495
2020/12/7 11:00,31.5,99288.7,3.3,18.313,26.3,95.6,78,89.2,2.6,88.8,3.7,87.3,85.9,0.167599995
2020/12/7 12:00,26.1,108319.8,3.1,22.448,21.6,84.4,75.4,90.6,3,90.1,4.3,88.2,86.4,0.160000005
2020/12/7 13:00,9.1,65794.6,0.9,13.332,49.9,35.1,29.9,90.5,2.7,90.1,3.9,88.1,86.3,0.0009499949999999999
2020/12/7 14:00,0,6943.8,0,3.381,25.5,56.7,45.8,92.2,2.8,91.6,4.1,89.1,86.9,0
2020/12/7 15:00,0,0,0,0,0,98.9,97.8,92.7,3,92,4.3,89.2,86.4,0
2020/12/7 16:00,0,0,0,0,0,98.8,95.1,90.5,3.1,89.9,4.4,87.3,84.8,0
2020/12/7 17:00,0,0,0,0,0,97.5,78.7,88.7,3.2,88.1,4.6,85.7,83.6,0
2020/12/7 18:00,0,0,0,0,0,91.9,77.8,85.8,3.4,85.4,4.8,83.9,82.7,0
2020/12/7 19:00,0,0,0,0,0,95.4,55.5,86.7,3.1,86.3,4.4,84.8,83.6,0
2020/12/7 20:00,0,0,0,0,0,71.2,43.4,86.4,3.5,86,5,84.5,83.4,0
2020/12/7 21:00,0,0,0,0,0,64.3,50.5,86.6,3.5,86.2,5.1,85,84.2,0
2020/12/7 22:00,0,0,0,0,0,74.3,73.9,83.4,3.9,83.2,5.5,82.6,82.4,0
2020/12/7 23:00,0,0,0,0,0,94.5,94.4,82.2,3.8,82,5.4,81.5,81.4,0
2020/12/8 0:00,0,0,0,0,0,44.4,44.4,80.7,3.6,80.5,5.2,80,79.9,0
2020/12/8 1:00,0,0,0,0,0,7.5,6.2,84.5,2.9,84.2,4.2,83.3,82.9,0
2020/12/8 2:00,0,0,0,0,0,19.8,17.8,85.8,2.9,85.5,4.1,84.4,83.8,0
2020/12/8 3:00,0,0,0,0,0,99.2,51.7,85.9,2.9,85.6,4.1,84.4,83.7,0
2020/12/8 4:00,0,0,0,0,0,97.4,56.5,84.7,2.8,84.3,4.1,83.3,82.8,0
2020/12/8 5:00,0,0,0,0,0,98.8,55.9,82.5,3,82.3,4.4,81.5,81.2,0
2020/12/8 6:00,0,0,0,0,0,96.9,53.2,81.4,2.7,81.2,3.9,80.3,79.9,0
2020/12/8 7:00,0,0,0,0,0,99.5,71,77.2,2.6,77,3.7,76.2,75.8,0
2020/12/8 8:00,0,0,0,0,0,98.5,51.3,75.1,2.5,74.8,3.6,73.8,73.2,0
2020/12/8 9:00,0.7,193.6,0,0.165,15.4,97.9,51.2,74.1,2.3,73.7,3.3,72.3,71.5,0.008550015
2020/12/8 10:00,20.5,40861.9,2.6,10.445,52.6,98.3,55.3,74.1,2.3,73.7,3.2,72.4,71.5,0.05048749499999999
2020/12/8 11:00,30.4,95442,5.8,26.576,47.7,94.4,57.5,74.6,2.2,74.2,3.1,72.6,71.8,0.14963749499999998
2020/12/8 12:00,25.2,104688.7,4,29.733,59.2,88.5,44.9,75.1,2.2,74.6,3.2,73.1,72.2,0.1494375
2020/12/8 13:00,8.5,63186,0.9,17.772,58.9,87.9,44.9,75,2.4,74.7,3.4,73.5,72.8,0.015237494999999985
2020/12/8 14:00,0,6014.2,0,4.336,36.5,72.3,36.8,76.4,2.2,76,3.1,74.6,73.8,0
2020/12/8 15:00,0,0,0,0,0,64.4,37,80.3,1.8,79.7,2.6,77.5,76.1,0
2020/12/8 16:00,0,0,0,0,0,71.5,61.8,81.9,1.8,81.2,2.6,79,77.5,0
2020/12/8 17:00,0,0,0,0,0,74,37.8,81.6,2,81,2.8,79,77.8,0
2020/12/8 18:00,0,0,0,0,0,98.9,93.3,78,2.1,77.5,2.9,75.7,74.5,0
2020/12/8 19:00,0,0,0,0,0,99.2,99.2,73.6,2,73.2,2.8,71.9,71,0
2020/12/8 20:00,0,0,0,0,0,99.8,99.8,72.7,1.9,72.3,2.7,70.9,70,0
2020/12/8 21:00,0,0,0,0,0,94.7,94.7,73.8,2,73.4,2.9,72.1,71.3,0
2020/12/8 22:00,0,0,0,0,0,92.6,92.6,73.9,2.2,73.5,3.2,72.1,71.3,0
2020/12/8 23:00,0,0,0,0,0,93.3,93.3,72.2,2.4,71.8,3.5,70.4,69.7,0
2020/12/9 0:00,0,0,0,0,0,92.9,92.9,71.2,2.5,70.8,3.7,69.5,68.9,0
2020/12/9 1:00,0,0,0,0,0,80.1,63,74.8,2.8,74.4,4,72.7,71.7,0
2020/12/9 2:00,0,0,0,0,0,88.9,85.2,74.3,2.8,73.8,4,72,70.8,0
2020/12/9 3:00,0,0,0,0,0,97.5,94.3,72.5,2.8,72.1,4,70.8,70,0
2020/12/9 4:00,0,0,0,0,0,96.9,90.2,70.4,2.5,70.1,3.5,69,68.4,0
2020/12/9 5:00,0,0,0,0,0,98.5,92.1,69.2,1.9,68.9,2.8,67.9,67.5,0
2020/12/9 6:00,0,0,0,0,0,82.7,75.5,69.4,1.6,69,2.3,67.7,67.1,0
2020/12/9 7:00,0,0,0,0,0,39,32.1,72,1.7,71.5,2.5,69.7,68.5,0
2020/12/9 8:00,0,0,0,0,0,60.4,60.4,72.6,1.6,71.8,2.3,69,66.7,0
2020/12/9 9:00,0,0,0,0,1.9,87.1,87.1,71.9,1.8,71.2,2.5,68.4,66,0.003350009999999985
2020/12/9 10:00,19.6,37752.2,1.2,4.503,0,100,100,70.6,2,70,2.9,67.6,65.4,0.1014375
2020/12/9 11:00,29.4,91907.8,1.2,12.046,4.7,94.9,94.6,68.7,1.9,68.3,2.7,66,63.9,0.13515001499999998
2020/12/9 12:00,24.4,101378.3,3.9,17.745,38.7,52,51.2,67.5,1.8,67,2.6,64.4,62,0.27782499
2020/12/9 13:00,7.9,60819.1,1,13.399,8.3,97.2,97.2,68.2,2.3,67.7,3.3,65.4,63.3,0.018649995
2020/12/9 14:00,0,5170.8,0,3.198,2.5,94.9,94.9,67.4,2.5,67,3.6,64.6,62.5,0
2020/12/9 15:00,0,0,0,0,0,79.4,79.4,69.2,2.4,68.9,3.5,66.5,64.3,0
2020/12/9 16:00,0,0,0,0,0,31.3,31.3,74,2,73.6,2.9,70.7,67.8,0
2020/12/9 17:00,0,0,0,0,0,19.1,19.1,77.9,1.7,77.3,2.5,73.6,70.1,0
2020/12/9 18:00,0,0,0,0,0,9.2,9,80.2,1.4,79.6,2,75.3,71.4,0
2020/12/9 19:00,0,0,0,0,0,49.8,44.4,78.1,1.8,77.6,2.6,74,70.3,0
2020/12/9 20:00,0,0,0,0,0,79.8,72.7,76.4,1.9,75.8,2.7,72.8,69.4,0
2020/12/9 21:00,0,0,0,0,0,82.6,70.4,75.6,1.6,75.2,2.3,72.6,69.3,0
2020/12/9 22:00,0,0,0,0,0,43.2,23.6,78.4,1.5,77.9,2.2,75,71.8,0
2020/12/9 23:00,0,0,0,0,0,73.9,57.9,78.1,1.3,77.5,1.8,74.4,71.3,0
2020/12/10 0:00,0,0,0,0,0,82.8,68.6,78,1.2,77.3,1.7,74.3,71.6,0
2020/12/10 1:00,0,0,0,0,0,91.9,82.2,78.5,1.1,77.8,1.6,74.7,72.1,0
2020/12/10 2:00,0,0,0,0,0,49.6,45.9,82.8,1.2,81.6,1.8,77.7,75.5,0
2020/12/10 3:00,0,0,0,0,0,2.3,2.3,85.1,1.4,83.9,2,79.7,77.2,0
2020/12/10 4:00,0,0,0,0,0,40.1,20,85.1,1.5,84,2.1,80,77.7,0
2020/12/10 5:00,0,0,0,0,0,70.6,35.3,83.1,1.6,82.3,2.4,79.5,77.9,0
2020/12/10 6:00,0,0,0,0,0,62,31,81.4,1.9,80.8,2.8,78.4,77,0
2020/12/10 7:00,0,0,0,0,0,78.8,39.5,78.3,2,77.7,2.9,75.9,74.9,0
2020/12/10 8:00,0,0,0,0,0,15.4,10.6,75.5,2,75,2.9,73.2,72.2,0
2020/12/10 9:00,0,0,0,0,12,9.2,4.6,74.4,2,73.9,2.8,72,70.9,0.11173750500000001
2020/12/10 10:00,18.7,35026.3,9.4,11.186,60,0,0,73.1,2,72.6,2.8,71,70,0.276837495
2020/12/10 11:00,28.5,88672.7,15.8,29.259,53,32.7,22.2,72,2.1,71.6,3,70.1,69.2,0.76033749
2020/12/10 12:00,23.7,98376.5,7.9,31.935,60,0.8,0.4,70.4,2.2,70,3.1,68.7,68,0.350262495
2020/12/10 13:00,7.4,58687.3,1.3,17.911,58.7,40.2,21.2,69.8,2.4,69.5,3.4,68.3,67.7,0.007225005
2020/12/10 14:00,0,4414,0,4.05,15.4,56.1,56.1,71.6,2.3,71.2,3.3,69.8,69,0
2020/12/10 15:00,0,0,0,0,0,40.7,40.7,73.2,2.3,72.7,3.2,71,70,0
2020/12/10 16:00,0,0,0,0,0,10.7,10.7,74.7,2.3,74.2,3.3,72.5,71.4,0
2020/12/10 17:00,0,0,0,0,0,23.4,13.7,73.6,2.5,73.2,3.5,71.9,71,0
2020/12/10 18:00,0,0,0,0,0,1.3,0.6,74.7,2.4,74.2,3.5,72.7,71.8,0
2020/12/10 19:00,0,0,0,0,0,1,0.9,73.1,2.4,72.8,3.4,71.5,70.8,0
2020/12/10 20:00,0,0,0,0,0,0,0,75.1,2.5,74.8,3.6,73.6,73,0
2020/12/10 21:00,0,0,0,0,0,0,0,76.5,2.8,76.1,4,75,74.5,0
2020/12/10 22:00,0,0,0,0,0,6.5,6.5,77.8,2.8,77.5,4,76.5,76.3,0
2020/12/10 23:00,0,0,0,0,0,50.5,49.8,77.2,2.9,76.9,4.2,76.1,76,0
2020/12/11 0:00,0,0,0,0,0,56.6,50.1,75.1,2.8,74.8,4.1,74,73.9,0
2020/12/11 1:00,0,0,0,0,0,80.5,55.6,75.2,2.7,75,3.8,74.4,74.4,0
2020/12/11 2:00,0,0,0,0,0,92,72.4,76,2.9,75.6,4.1,74.7,74.3,0
2020/12/11 3:00,0,0,0,0,0,98.6,95.7,72,3,71.8,4.3,71,70.9,0
2020/12/11 4:00,0,0,0,0,0,95.5,90.6,69.9,3,69.7,4.4,69.2,69.3,0
2020/12/11 5:00,0,0,0,0,0,67.4,34.2,73.7,2.9,73.4,4.1,72.2,71.8,0
2020/12/11 6:00,0,0,0,0,0,61.7,31.4,76,2.8,75.6,4,74.2,73.5,0
2020/12/11 7:00,0,0,0,0,0,42.9,22.4,75.6,2.3,75.1,3.4,73.4,72.3,0
2020/12/11 8:00,0,0,0,0,0,6,4.1,75,2.5,74.5,3.6,72.7,71.6,0
2020/12/11 9:00,0,0,0,0,10.8,2.4,2.4,72.9,2.7,72.5,3.9,71.2,70.5,0.21077499
2020/12/11 10:00,18,32487.2,9.5,10.8,58.2,3,3,70.8,2.9,70.4,4.1,69.2,68.6,1.00545
2020/12/11 11:00,27.6,85724.8,17,28.67,58.7,2.2,2.2,68.5,2.8,68.2,4.1,67.2,66.9,1.292674995
2020/12/11 12:00,23.1,95672.2,13.4,32.725,59.2,1.4,1.4,67.1,3.1,66.8,4.4,65.9,65.6,1.6625375249999998
2020/12/11 13:00,7,56785.2,3.1,19.219,60,0,0,68.1,3.8,67.8,5.5,66.7,66.2,0.033612494999999985
2020/12/11 14:00,0,3744.1,0,4.364,33.7,1.2,1.2,70,2.9,69.6,4.2,68.3,67.7,0
2020/12/11 15:00,0,0,0,0,0,1.3,1.3,74.8,3,74.3,4.3,72.7,71.7,0
2020/12/11 16:00,0,0,0,0,0,1.6,1.6,78.1,3.1,77.5,4.4,75.6,74.5,0
2020/12/11 17:00,0,0,0,0,0,1.6,1.6,78.7,3,78,4.3,75.9,74.7,0
2020/12/11 18:00,0,0,0,0,0,0.9,0.9,79.2,2.9,78.6,4.1,76.6,75.4,0
2020/12/11 19:00,0,0,0,0,0,10.8,10.8,74.9,2.9,74.5,4.2,73.2,72.7,0
2020/12/11 20:00,0,0,0,0,0,0,0,76.2,3,75.7,4.3,74.4,73.9,0
2020/12/11 21:00,0,0,0,0,0,3.7,3.7,77.6,2.8,77.1,4.1,75.7,74.9,0
2020/12/11 22:00,0,0,0,0,0,13,13,78.9,2.7,78.4,3.9,76.8,76,0
2020/12/11 23:00,0,0,0,0,0,1.4,1.4,79,2.5,78.5,3.6,76.8,76,0
2020/12/12 0:00,0,0,0,0,0,0,0,78.7,2.4,78.2,3.5,76.9,76.3,0
2020/12/12 1:00,0,0,0,0,0,0.2,0.2,80.4,2.6,80,3.8,78.8,78.5,0
2020/12/12 2:00,0,0,0,0,0,0.7,0.7,81.3,2.7,80.8,3.9,79.5,79,0
2020/12/12 3:00,0,0,0,0,0,2.4,2.4,81.2,2.6,80.9,3.8,79.7,79,0
2020/12/12 4:00,0,0,0,0,0,0.6,0.6,80.8,2.6,80.4,3.7,78.9,77.9,0
2020/12/12 5:00,0,0,0,0,0,0.7,0.7,79.8,2.4,79.3,3.5,77.4,76.1,0
2020/12/12 6:00,0,0,0,0,0,0,0,77.9,2.5,77.3,3.6,75.2,73.9,0
2020/12/12 7:00,0,0,0,0,0,0,0,74.6,2.5,74,3.6,72.2,71.1,0
2020/12/12 8:00,0,0,0,0,0,0,0,70.6,2.5,70.1,3.6,68.7,67.9,0
2020/12/12 9:00,0,0,0,0,9,0,0,68.6,2.3,68.1,3.2,66.5,65.6,0.07703751
2020/12/12 10:00,17.2,30132.6,9,10.452,60,0,0,67.5,2.1,67.1,3,65.8,65.2,0.301731825
2020/12/12 11:00,26.9,83053,16.9,28.162,60,0,0,67.4,1.9,67,2.7,65.7,65,0.3132
2020/12/12 12:00,22.5,93255.4,12.6,32.109,60,0,0,67.1,1.6,66.6,2.3,65,64.2,1.3204500000000001
2020/12/12 13:00,6.6,55108.6,2.5,18.502,59.5,0.9,0.9,68.7,1.6,68.3,2.3,67.2,66.8,0.047775
2020/12/12 14:00,0,3161.3,0,4.104,33,0,0,71,1.4,70.4,2.1,68.6,67.7,0
2020/12/12 15:00,0,0,0,0,0,0,0,73.9,1.5,73.2,2.1,71.3,70.2,0
2020/12/12 16:00,0,0,0,0,0,0,0,76.6,1.6,76,2.3,73.9,72.6,0
2020/12/12 17:00,0,0,0,0,0,0,0,77.9,1.5,77.2,2.1,74.4,72.5,0
2020/12/12 18:00,0,0,0,0,0,0,0,79.3,1.2,78.4,1.7,75.2,73,0
2020/12/12 19:00,0,0,0,0,0,0,0,80.3,1.2,79.2,1.7,75.4,72.3,0
2020/12/12 20:00,0,0,0,0,0,0,0,81.8,1,80.7,1.5,76.9,74.2,0
2020/12/12 21:00,0,0,0,0,0,0,0,83.7,0.9,82.6,1.3,78.8,76.4,0
2020/12/12 22:00,0,0,0,0,0,0.9,0.9,84.6,1,83.6,1.4,80.2,78.2,0
2020/12/12 23:00,0,0,0,0,0,1.8,1.8,86,1,84.9,1.5,81.1,79,0
2020/12/13 0:00,0,0,0,0,0,1.7,1.7,86.2,1.1,85.2,1.6,81.7,79.8,0
2020/12/13 1:00,0,0,0,0,0,1.9,1.9,86.8,1,86.1,1.5,83.2,81.3,0
2020/12/13 2:00,0,0,0,0,0,1.8,1.8,89.3,1,88.5,1.4,85.5,83.2,0
2020/12/13 3:00,0,0,0,0,0,1.8,1.8,90.6,0.9,89.9,1.3,86.8,84.2,0
2020/12/13 4:00,0,0,0,0,0,1.8,1.8,91.7,0.8,91,1.2,87.8,85,0
2020/12/13 5:00,0,0,0,0,0,1.8,1.8,92.3,0.8,91.5,1.2,88,84.9,0
2020/12/13 6:00,0,0,0,0,0,3,2.9,92.8,0.8,91.9,1.2,88.2,84.9,0
2020/12/13 7:00,0,0,0,0,0,1.2,1,91.8,0.9,91,1.3,87.4,84,0
2020/12/13 8:00,0,0,0,0,0,7,5,88.2,0.9,87.4,1.3,83.7,80.1,0
2020/12/13 9:00,0,0,0,0,6.8,2.4,2.3,85.5,0.9,84.7,1.3,81.1,77.6,0.38503749
2020/12/13 10:00,16.6,27961.1,8.1,9.869,59.5,0.8,0.8,84.3,0.8,83.4,1.2,79.8,76.5,1.6247874750000002
2020/12/13 11:00,26.2,80647.8,15.7,26.844,59.5,0.8,0.8,82.8,0.8,82,1.2,78.8,75.7,2.281212525
2020/12/13 12:00,22,91117,12.5,31.084,60,0,0,82,0.7,81.1,1,77.7,74.7,0.266125005
2020/12/13 13:00,6.2,53653.9,2.8,18.29,59.6,1,1,84.2,0.6,83.3,0.9,80,77.8,0.014349989999999983
2020/12/13 14:00,0,2666,0,4.181,31.3,3,3,86.3,0.7,85.3,1,81.8,79.2,0
2020/12/13 15:00,0,0,0,0,0,5.2,5.2,89.2,0.8,88.2,1.2,84.5,81.6,0
2020/12/13 16:00,0,0,0,0,0,7.2,7.2,89.3,0.9,88.3,1.3,84.5,81.5,0
2020/12/13 17:00,0,0,0,0,0,8.1,8.1,87.4,0.9,86.3,1.2,82.3,79.2,0
2020/12/13 18:00,0,0,0,0,0,10.1,9.9,86.9,0.8,85.9,1.1,82.3,79.5,0
2020/12/13 19:00,0,0,0,0,0,44.1,44.1,88.6,0.7,87.7,1.1,84.2,81.2,0
2020/12/13 20:00,0,0,0,0,0,76.9,76.9,87.6,0.5,86.7,0.7,83.4,80.9,0
2020/12/13 21:00,0,0,0,0,0,56.1,56.1,83.8,0.7,83.5,0.9,82.4,81.7,0
2020/12/13 22:00,0,0,0,0,0,20.8,20.8,86.1,1,85.7,1.4,84.5,83.4,0
2020/12/13 23:00,0,0,0,0,0,12.5,11.8,86,1.2,85.4,1.8,83.4,81.8,0
2020/12/14 0:00,0,0,0,0,0,40.7,38.9,86.3,1.5,85.3,2.2,82.1,79.8,0
2020/12/14 1:00,0,0,0,0,0,65.8,65.6,80.5,2,80,2.8,78.3,77.1,0
2020/12/14 2:00,0,0,0,0,0,79.4,79.3,77.9,2,77.4,2.8,75.7,74.4,0
2020/12/14 3:00,0,0,0,0,0,51.2,51.2,76.3,2.1,75.9,3,74.2,73.1,0
2020/12/14 4:00,0,0,0,0,0,38.2,38.2,75.3,2.2,74.9,3.2,73.6,72.8,0
2020/12/14 5:00,0,0,0,0,0,7.3,6.4,76.6,2.4,76.2,3.5,74.7,73.8,0
2020/12/14 6:00,0,0,0,0,0,20.8,14.1,76.8,2.4,76.4,3.5,75.1,74.3,0
2020/12/14 7:00,0,0,0,0,0,32.1,18.4,74.6,2.7,74.3,3.9,73.1,72.5,0
2020/12/14 8:00,0,0,0,0,0,6.5,4.1,71.4,2.8,71.1,4,70.1,69.5,0
2020/12/14 9:00,0,0,0,0,6,1.3,0.7,69.3,2.9,69,4.1,68,67.4,0.04615000499999999
2020/12/14 10:00,16,25971.9,6.1,9.188,60,81.9,41,68.7,2.9,68.4,4.1,67.3,66.8,0.08843749499999999
2020/12/14 11:00,25.6,78500.6,7.5,24.125,59.6,98.2,49.4,67.5,3,67.2,4.3,66.5,66.2,0.141850005
2020/12/14 12:00,21.6,89249.1,5,27.206,59.5,98.3,49.5,66.3,2.8,66.1,4.1,65.4,65.1,0.009845459999999999
2020/12/14 13:00,5.9,52418.3,0.9,15.542,6.1,97.2,93.5,66.6,2.7,66.3,3.9,65.4,64.9,0
2020/12/14 14:00,0,2258.4,0,3.273,2.4,96.2,94.3,66.8,2.9,66.5,4.1,65.6,65,0
2020/12/14 15:00,0,0,0,0,0,99.3,97.6,66.5,3,66.1,4.4,64.7,63.9,0
2020/12/14 16:00,0,0,0,0,0,99.1,87.9,66.3,3,65.9,4.4,64.6,63.8,0
2020/12/14 17:00,0,0,0,0,0,89,68.3,67.1,2.9,66.7,4.2,65.2,64.3,0
2020/12/14 18:00,0,0,0,0,0,91,64.4,67.8,2.9,67.3,4.2,65.9,65,0
2020/12/14 19:00,0,0,0,0,0,90.3,62.2,65.2,3,64.9,4.3,63.8,63.3,0
2020/12/14 20:00,0,0,0,0,0,93.1,71.5,64.4,3,64.1,4.4,63,62.3,0
2020/12/14 21:00,0,0,0,0,0,96.8,74,64.4,3.2,64.1,4.6,63.2,62.7,0
2020/12/14 22:00,0,0,0,0,0,97.8,94.6,64.3,3.2,64.1,4.6,63.5,63.3,0
2020/12/14 23:00,0,0,0,0,0,78.1,70.7,64.5,2.9,64.3,4.2,63.7,63.5,0
2020/12/15 0:00,0,0,0,0,0,14.8,12.6,67.9,2.6,67.5,3.8,66.3,65.7,0
2020/12/15 1:00,0,0,0,0,0,87.9,46.3,70,2.6,69.5,3.7,67.7,66.6,0
2020/12/15 2:00,0,0,0,0,0,86.3,61.6,68.3,2.2,67.8,3.1,66.3,65.3,0
2020/12/15 3:00,0,0,0,0,0,96.9,80.5,67,1.8,66.6,2.6,65.3,64.5,0
2020/12/15 4:00,0,0,0,0,0,99.3,92.7,66.9,1.6,66.5,2.3,65.1,64.3,0
2020/12/15 5:00,0,0,0,0,0,99.5,90,68.6,1.4,67.9,2.1,65.3,63.5,0
2020/12/15 6:00,0,0,0,0,0,99.8,96.8,69.8,1.3,68.8,1.9,64.9,62.1,0
2020/12/15 7:00,0,0,0,0,0,99.8,95,70.5,1,69.2,1.4,64.6,61,0
2020/12/15 8:00,0,0,0,0,0,99.9,97.1,71.3,0.9,70,1.4,65.2,61.4,0
2020/12/15 9:00,0,0,0,0,0.1,99.9,98.7,72.1,1.2,70.9,1.7,66.7,63.3,0.13853749499999998
2020/12/15 10:00,15.5,24164.6,0.4,4.783,3.3,99.3,97.3,74.9,1.4,73.9,2,70.1,66.9,0.36266249999999994
2020/12/15 11:00,25.1,76604.2,2.1,13.326,13.4,91.4,90.5,76,1.1,75.2,1.6,71.9,69.2,0.27675
2020/12/15 12:00,21.2,87644.9,1.4,14.75,2.2,100,99.9,76.6,0.9,75.8,1.3,72.8,70.5,0.011687504999999983
2020/12/15 13:00,5.7,51399.6,0,7.792,0.9,99.7,99.6,78.2,1.2,77.6,1.7,75.4,73.6,0
2020/12/15 14:00,0,1938.5,0,1.585,1.2,99.6,99.2,78,1.1,77.4,1.6,75.3,73.7,0
2020/12/15 15:00,0,0,0,0,0,98.2,93.6,80.4,0.9,79.8,1.2,77.5,75.7,0
2020/12/15 16:00,0,0,0,0,0,99.6,98.9,79.9,1.5,79.1,2.2,75.9,73.3,0
2020/12/15 17:00,0,0,0,0,0,99.3,99,81.7,1.3,80.8,1.9,77.4,74.6,0
2020/12/15 18:00,0,0,0,0,0,99.7,99.5,83.7,1.2,82.7,1.8,79.1,75.9,0
2020/12/15 19:00,0,0,0,0,0,99.5,97.8,83,1,82.1,1.4,78.5,75.4,0
2020/12/15 20:00,0,0,0,0,0,99.6,96.3,82.4,1.2,81.5,1.7,77.9,74.9,0
2020/12/15 21:00,0,0,0,0,0,100,99.4,82.4,1.2,81.3,1.7,77.3,73.8,0
2020/12/15 22:00,0,0,0,0,0,100,99.6,83.9,1.3,82.9,1.9,79.1,75.7,0
2020/12/15 23:00,0,0,0,0,0,100,99.6,83.7,1.4,83,2,80.2,77.4,0
2020/12/16 0:00,0,0,0,0,0,100,100,83.2,1.2,82.9,1.8,81.6,80.2,0
2020/12/16 1:00,0,0,0,0,0,99.7,96.9,91.3,1.5,91.1,2.2,89.6,87.4,0
2020/12/16 2:00,0,0,0,0,0,99.7,93.4,93.3,1.4,92.9,2,90.6,88.1,0
2020/12/16 3:00,0,0,0,0,0,99.9,98.3,95.2,1.5,94.5,2.2,91.4,88.2,0
2020/12/16 4:00,0,0,0,0,0,100,99.7,95.2,1.6,94.6,2.3,91.8,88.8,0
2020/12/16 5:00,0,0,0,0,0,100,99.7,94.6,1.8,94.3,2.6,92.6,90.6,0
2020/12/16 6:00,0,0,0,0,0,99.9,99.4,94.4,2,94,2.9,92.4,91,0
2020/12/16 7:00,0,0,0,0,0,99.9,99.3,94.1,1.7,94.1,2.4,93.7,93.2,0
2020/12/16 8:00,0,0,0,0,0,100,100,95.2,1.6,94.9,2.3,93.7,92.8,0
2020/12/16 9:00,0,0,0,0,0,100,100,95.5,1.7,95.2,2.4,94.1,93.2,0.032312505
2020/12/16 10:00,15,22539.3,0,1.697,0.5,100,100,95.6,1.8,95.3,2.5,94.4,93.8,0.013787504999999986
2020/12/16 11:00,24.7,74952.4,0.1,4.616,0.4,100,100,95.6,1.7,95.4,2.4,94.6,94.1,0.00050001
2020/12/16 12:00,20.9,86298.6,0,5.66,0.5,100,100,96.3,1.3,96,1.9,95.3,95,0.024612494999999998
2020/12/16 13:00,5.6,50596,0,3.696,0.9,99.9,99.9,95.4,2,95.1,2.8,94.2,94,0
2020/12/16 14:00,0,1706.5,0,0.955,0,100,100,96.9,1.3,96.7,1.8,96,95.8,0
2020/12/16 15:00,0,0,0,0,0,99.9,99.9,98.4,1,98,1.5,96.8,96.2,0
2020/12/16 16:00,0,0,0,0,0,93.6,93.6,99.8,1,99.4,1.5,98.1,97.6,0
2020/12/16 17:00,0,0,0,0,0,99.3,99.3,99.4,1,99,1.4,97.6,97,0
2020/12/16 18:00,0,0,0,0,0,100,100,100,1,99.7,1.5,98.2,97.4,0
2020/12/16 19:00,0,0,0,0,0,99.6,99.6,96.5,1.6,96.5,2.3,96.6,96.8,0
2020/12/16 20:00,0,0,0,0,0,98.7,98.7,97.8,1.6,97.8,2.3,97.9,97.8,0
2020/12/16 21:00,0,0,0,0,0,99.1,99.1,97.2,1.7,97.3,2.4,97.4,97.2,0
2020/12/16 22:00,0,0,0,0,0,98,96.7,95.7,1.5,95.9,2.2,95.7,95,0
2020/12/16 23:00,0,0,0,0,0,99.8,88.3,96.3,1.5,96.3,2.1,94.6,92.4,0
2020/12/17 0:00,0,0,0,0,0,99.3,75.8,96.6,1.3,96.6,1.9,93.5,90,0
2020/12/17 1:00,0,0,0,0,0,98.8,51,96.8,1,96.4,1.4,92.2,87.6,0
2020/12/17 2:00,0,0,0,0,0,100,54.8,96.3,1,95.7,1.4,92.5,89,0
2020/12/17 3:00,0,0,0,0,0,100,89.4,95,1,94,1.4,90,85.8,0
2020/12/17 4:00,0,0,0,0,0,99.9,90.9,94.6,1.2,93.3,1.8,88.1,83.2,0
2020/12/17 5:00,0,0,0,0,0,100,86.2,92.5,1.9,91.2,2.8,86.1,81.6,0
2020/12/17 6:00,0,0,0,0,0,100,80,90.4,2.4,89.3,3.5,85.1,81.5,0
2020/12/17 7:00,0,0,0,0,0,100,62.5,88.6,2.3,87.7,3.3,84.1,81.2,0
2020/12/17 8:00,0,0,0,0,0,100,80.8,86.6,2.5,85.6,3.6,81.9,78.9,0
2020/12/17 9:00,0,0,0,0,0.2,97.4,93.9,81.7,2.3,80.9,3.3,78.1,75.8,0
2020/12/17 10:00,14.6,21096.3,0.6,5.739,1.6,99.9,98.6,76.6,2.3,76.1,3.3,74.2,72.6,0.012475004999999999
2020/12/17 11:00,24.3,73540.1,1.3,16.826,21.4,98.9,81.6,74.9,2.2,74.5,3.2,72.9,71.6,0.016887495
2020/12/17 12:00,20.7,85205.4,1.3,20.708,40.8,83.7,58.5,74.5,2.3,74,3.4,72.2,70.8,0
2020/12/17 13:00,5.4,50006.4,0.1,11.641,0,100,100,74.4,2.4,73.9,3.4,72.2,70.8,0
2020/12/17 14:00,0,1562.4,0,2.02,0,100,100,73.8,2.6,73.4,3.7,71.9,70.7,0
2020/12/17 15:00,0,0,0,0,0,100,99.6,76.5,2.5,76,3.6,74.1,72.6,0
2020/12/17 16:00,0,0,0,0,0,100,100,77.1,2.4,76.6,3.5,74.5,72.8,0
2020/12/17 17:00,0,0,0,0,0,100,100,75.8,2.1,75.5,3.1,74.3,73.4,0
2020/12/17 18:00,0,0,0,0,0,100,100,77.9,2.1,77.6,3,76.8,76.3,0
2020/12/17 19:00,0,0,0,0,0,100,99.1,75.9,1.8,75.4,2.5,73.7,72.4,0
2020/12/17 20:00,0,0,0,0,0,100,97,76.9,1.8,76.4,2.6,74.7,73.4,0
2020/12/17 21:00,0,0,0,0,0,100,97.1,77.5,1.6,77,2.4,75.3,74.1,0
2020/12/17 22:00,0,0,0,0,0,100,96.2,79,1.5,78.4,2.2,76.5,75.1,0
2020/12/17 23:00,0,0,0,0,0,100,94.9,84.2,1.4,83.1,2,79.3,76.8,0
2020/12/18 0:00,0,0,0,0,0,100,90.4,86.8,1.5,85.6,2.1,81.3,78.3,0
2020/12/18 1:00,0,0,0,0,0,71.3,50.9,89.5,1.4,88.3,2,84,80.9,0
2020/12/18 2:00,0,0,0,0,0,11.7,11.5,94,1.4,92.6,2,87.3,83.1,0
2020/12/18 3:00,0,0,0,0,0,16.2,16.2,95.4,1.3,93.8,1.9,88.1,83.5,0
2020/12/18 4:00,0,0,0,0,0,2.2,2.2,98.3,1.2,96.5,1.8,90.4,85.3,0
2020/12/18 5:00,0,0,0,0,0,2.2,2.2,100,1.1,98.3,1.6,91.9,86.9,0
2020/12/18 6:00,0,0,0,0,0,6.8,6.8,100,1,98.4,1.5,92.2,87.2,0
2020/12/18 7:00,0,0,0,0,0,8.9,8.9,98.8,1.1,97.2,1.5,91.2,86.1,0
2020/12/18 8:00,0,0,0,0,0,19.4,18.9,94.2,1,92.8,1.5,87,82.1,0
2020/12/18 9:00,0,0,0,0,0.9,11,11,89.9,1.3,88.5,1.8,83,78.5,0.17302499999999998
2020/12/18 10:00,14.3,19836.2,6.2,8.451,56.1,48.5,27.5,88.3,1.4,87,2.1,82.1,78,1.06335
2020/12/18 11:00,24,72363.1,10.4,23.282,55.6,76.6,42.5,88,1.2,86.8,1.8,82.1,78.2,0.31863749999999996
2020/12/18 12:00,20.5,84361.3,5.8,26.931,29.3,95.7,73.9,86.1,1.4,84.9,2,80.4,76.4,0.10938749999999998
2020/12/18 13:00,5.4,49629.6,0.6,15.641,5.2,93,92.3,89.6,1.9,88.3,2.8,83.8,80,0.001849995
2020/12/18 14:00,0,1509.4,0,3.542,18.5,75.2,59.4,89.6,2,88,2.8,82.9,78.7,0
2020/12/18 15:00,0,0,0,0,0,76.9,67.5,87.2,2.2,85.9,3.2,81.3,77.7,0
2020/12/18 16:00,0,0,0,0,0,99.4,99.4,83.7,1.9,82.4,2.8,78.1,74.9,0
2020/12/18 17:00,0,0,0,0,0,84.9,84.9,77.8,1.8,77,2.6,74,71.8,0
2020/12/18 18:00,0,0,0,0,0,54.1,54.1,78.8,1.8,77.9,2.6,74.6,72.4,0
2020/12/18 19:00,0,0,0,0,0,27.4,23.3,80,1.9,79.1,2.7,76,74,0
2020/12/18 20:00,0,0,0,0,0,90.5,49.5,84.7,1.9,83.4,2.7,79.2,76.4,0
2020/12/18 21:00,0,0,0,0,0,96.5,56.8,85.4,1.6,84.2,2.3,79.9,76.8,0
2020/12/18 22:00,0,0,0,0,0,99.7,80.5,84.7,1.6,83.4,2.3,78.7,75.2,0
2020/12/18 23:00,0,0,0,0,0,100,96.5,85.2,1.7,83.8,2.4,79.1,75.5,0
2020/12/19 0:00,0,0,0,0,0,100,83.1,85,1.5,83.9,2.2,79.7,76.4,0
2020/12/19 1:00,0,0,0,0,0,100,83.9,88.6,1.8,87.5,2.6,83.3,80,0
2020/12/19 2:00,0,0,0,0,0,99.7,70.5,89.3,2,88,2.9,83.3,79.6,0
2020/12/19 3:00,0,0,0,0,0,99.5,67.3,91.2,2,89.8,2.8,84.5,80.4,0
2020/12/19 4:00,0,0,0,0,0,99.4,80,89.8,1.7,88.5,2.5,83.6,79.9,0
2020/12/19 5:00,0,0,0,0,0,99,49.6,91.5,2.1,90.1,3,85.2,81.5,0
2020/12/19 6:00,0,0,0,0,0,99.3,65.3,92,1.8,90.7,2.5,85.8,82.2,0
2020/12/19 7:00,0,0,0,0,0,99.9,98.7,86.9,1.4,85.9,2,82.4,79.6,0
2020/12/19 8:00,0,0,0,0,0,97.6,78.6,86.6,1.9,85.5,2.7,81.5,78.3,0
2020/12/19 9:00,0,0,0,0,0,94.9,68.3,84.9,1.8,83.7,2.6,79.1,75.6,0
2020/12/19 10:00,14,19062,1.5,6.997,35.2,93.1,67.3,85.4,1.8,84.1,2.6,79.4,75.9,0.041337509999999994
2020/12/19 11:00,23.8,71418.1,3,19.344,59.1,92.7,47.4,83.6,1.7,82.5,2.4,78.6,75.8,0.5694375
2020/12/19 12:00,20.4,83763.5,1.8,21.506,57.9,97.3,50.6,83.1,1.7,81.9,2.4,77.7,74.9,0.2919375
2020/12/19 13:00,5.4,49465.1,0.5,12.184,59.5,90.7,45.7,77.2,1.8,76.4,2.6,73.7,71.9,0.03855
2020/12/19 14:00,0,1538.2,0,3.025,30.5,99.3,50.5,79.9,2.1,79.1,3,76.1,74.2,0
2020/12/19 15:00,0,0,0,0,0,95.4,49.6,82.2,2.2,81.2,3.2,78,75.9,0
2020/12/19 16:00,0,0,0,0,0,87.3,46,84,2.2,83.1,3.2,79.7,77.6,0
2020/12/19 17:00,0,0,0,0,0,97.1,53,82.9,2.7,82.1,3.8,79.4,77.7,0
2020/12/19 18:00,0,0,0,0,0,81,45.1,81.9,3,81.2,4.4,78.9,77.5,0
2020/12/19 19:00,0,0,0,0,0,82.8,43.1,79.1,3.1,78.5,4.5,76.7,75.7,0
2020/12/19 20:00,0,0,0,0,0,89.2,50.9,78.8,3.4,78.4,4.9,77,76.3,0
2020/12/19 21:00,0,0,0,0,0,83.3,65.8,78,3.5,77.5,5,75.9,75,0
2020/12/19 22:00,0,0,0,0,0,98.8,78.7,74.7,3.3,74.1,4.7,72.1,71,0
2020/12/19 23:00,0,0,0,0,0,97.8,93.5,72.7,2.7,72,3.8,69.8,68.7,0
2020/12/20 0:00,0,0,0,0,0,100,99.3,71.2,2.8,70.7,4,69,68.1,0
2020/12/20 1:00,0,0,0,0,0,100,100,74.4,3.1,74.1,4.5,73.2,72.8,0
2020/12/20 2:00,0,0,0,0,0,96.5,95.1,74.1,2.6,73.7,3.8,72.4,71.8,0
2020/12/20 3:00,0,0,0,0,0,72.8,70,74.6,2.3,73.9,3.3,71.7,70.5,0
2020/12/20 4:00,0,0,0,0,0,60.4,51.3,77.8,1.9,77,2.8,74.6,73,0
2020/12/20 5:00,0,0,0,0,0,78.1,74.2,77.6,1.8,76.8,2.5,74.1,72.2,0
2020/12/20 6:00,0,0,0,0,0,24.9,24.2,81.5,1.7,80.4,2.4,76.3,73.3,0
2020/12/20 7:00,0,0,0,0,0,2.8,2.8,76.5,2.6,75.6,3.8,72.3,69.8,0
2020/12/20 8:00,0,0,0,0,0,3.7,2.2,73.3,2.6,72.4,3.7,69.2,66.9,0
2020/12/20 9:00,0,0,0,0,0,45.1,26.1,71.1,2.5,70.4,3.6,67.5,65.5,0.340737495
2020/12/20 10:00,13.7,18545.9,4.4,7.748,15.4,92.8,84.1,71.2,2.6,70.5,3.8,67.6,65.4,2.2855375199999997
2020/12/20 11:00,23.7,70702.8,10.6,22.224,58.4,11.4,7,69.3,2.9,68.4,4.2,65.2,62.7,2.23358745
2020/12/20 12:00,20.4,83410,10.9,27.444,55.6,11.4,9.7,67.8,3.1,66.9,4.4,63.9,61.7,1.4553749700000003
2020/12/20 13:00,5.5,49512.6,2.6,16.705,59.5,1.7,1.3,63.4,3.6,62.5,5.2,59.3,57,0.0166125
2020/12/20 14:00,0,1657.9,0,3.737,30.8,26.8,13.8,65.6,3.9,64.7,5.6,61.5,59.3,0
2020/12/20 15:00,0,0,0,0,0,97.6,48.9,69.3,3.6,68.5,5.2,65.5,63.3,0
2020/12/20 16:00,0,0,0,0,0,100,61.7,71.6,3.6,70.7,5.2,67.5,65.2,0
2020/12/20 17:00,0,0,0,0,0,100,94.7,69,3.7,68.2,5.3,65,62.7,0
2020/12/20 18:00,0,0,0,0,0,99.3,84.2,67.5,3.4,66.6,4.9,63.6,61.5,0
2020/12/20 19:00,0,0,0,0,0,89.7,62.9,62.8,3.8,61.9,5.4,58.6,56.3,0
2020/12/20 20:00,0,0,0,0,0,67.7,38.2,68,3.4,67,4.8,63.7,61.4,0
2020/12/20 21:00,0,0,0,0,0,90.9,64.1,71,2.8,70,4.1,66.7,64.2,0
2020/12/20 22:00,0,0,0,0,0,81.8,61.3,73.2,2.4,72.2,3.5,68.6,65.8,0
2020/12/20 23:00,0,0,0,0,0,85.1,62.8,75.5,2.3,74.5,3.2,70.8,67.8,0
2020/12/21 0:00,0,0,0,0,0,96.5,74.2,78.8,2,77.8,2.8,74.1,71,0
2020/12/21 1:00,0,0,0,0,0,93.9,70.7,79.5,1.5,78.5,2.1,74.4,71,0
2020/12/21 2:00,0,0,0,0,0,7.7,5.7,83,1.4,81.8,2,77.5,73.8,0
2020/12/21 3:00,0,0,0,0,0,52.2,33.7,82.9,1.5,81.9,2.2,78.3,75.2,0
2020/12/21 4:00,0,0,0,0,0,68.4,46.5,83.8,1.6,82.7,2.3,78.8,75.4,0
2020/12/21 5:00,0,0,0,0,0,90.9,68.4,84.4,1.3,83.2,1.8,78.4,74.5,0
2020/12/21 6:00,0,0,0,0,0,61.6,43.1,86.7,0.8,85.3,1.1,80.1,75.8,0
2020/12/21 7:00,0,0,0,0,0,65.9,53.2,85.2,1,83.7,1.5,77.8,72.7,0
2020/12/21 8:00,0,0,0,0,0,40,36,83,1.2,81.7,1.7,76.4,71.8,0
2020/12/21 9:00,0,0,0,0,0,55.8,30.5,77.9,1.3,76.7,1.9,71.7,67.4,0.18468749999999998
2020/12/21 10:00,13.6,18144.1,5.5,7.988,59,3.8,1.9,77.3,1.4,76.1,2.1,71.3,67.2,0.27854999999999996
2020/12/21 11:00,23.6,70215.4,13.6,23.287,60,1.4,0.7,77.5,1.3,76.2,1.9,71.3,67.1,0.13936249499999998
2020/12/21 12:00,20.4,83299.6,8.1,26.925,60,0,0,77.5,1.1,76.4,1.6,71.9,68.1,0.66550002
2020/12/21 13:00,5.6,49771.7,1.4,15.045,53.4,36.4,23.9,80,1.3,78.8,1.8,74,69.9,0
2020/12/21 14:00,0,1865.3,0,3.419,26.5,44.7,31.1,82.9,1.3,81.5,1.9,76.2,71.9,0
2020/12/21 15:00,0,0,0,0,0,27,13.5,84.2,1.7,82.8,2.4,77.5,73.1,0
2020/12/21 16:00,0,0,0,0,0,78.2,43.7,84.1,1.7,82.7,2.5,77.7,73.7,0
2020/12/21 17:00,0,0,0,0,0,99.1,87.8,82.7,1.8,81.6,2.6,77.5,74.2,0
2020/12/21 18:00,0,0,0,0,0,98,95.1,82.8,1.5,81.2,2.1,75.1,70,0
2020/12/21 19:00,0,0,0,0,0,75.3,59.9,79.9,1.8,78.2,2.6,71.7,66.2,0
2020/12/21 20:00,0,0,0,0,0,93.2,60.9,78.6,1.3,77.3,1.9,72.1,67.9,0
2020/12/21 21:00,0,0,0,0,0,93.3,66.6,79.5,1.1,78,1.6,72.5,68.3,0
2020/12/21 22:00,0,0,0,0,0,95.4,79.3,78.8,1.1,77.4,1.6,72.3,68.6,0
2020/12/21 23:00,0,0,0,0,0,96.6,91.5,77.7,1.2,76.5,1.7,72,68.6,0
2020/12/22 0:00,0,0,0,0,0,95.8,95.7,77,1.4,76,1.9,72.3,69.4,0
2020/12/22 1:00,0,0,0,0,0,97.4,93.8,83.2,1.8,81.9,2.6,77.1,73,0
2020/12/22 2:00,0,0,0,0,0,46,27,84.3,1.9,83,2.7,77.8,73.4,0
2020/12/22 3:00,0,0,0,0,0,17.9,17.2,84.9,1.6,83.9,2.4,80,77,0
2020/12/22 4:00,0,0,0,0,0,62.8,31.7,84.5,1.5,83.5,2.2,79.9,77.5,0
2020/12/22 5:00,0,0,0,0,0,99.4,52.1,84.2,1.8,83.1,2.6,79.4,76.8,0
2020/12/22 6:00,0,0,0,0,0,100,61,83.2,2.1,82.2,3,78.9,76.5,0
2020/12/22 7:00,0,0,0,0,0,100,98.5,79,2.3,78.1,3.3,74.9,72.5,0
2020/12/22 8:00,0,0,0,0,0,100,100,74.9,2.3,74.1,3.3,71.1,68.9,0
2020/12/22 9:00,0,0,0,0,0,99.9,99.1,70.6,2.4,69.8,3.4,67.1,65.1,0
2020/12/22 10:00,13.5,17856.7,0.6,4.573,0.2,99.7,99.6,68.6,2.3,67.9,3.3,65.3,63.6,0
2020/12/22 11:00,23.5,69955,0.7,11.301,0.1,100,99.9,68.3,2.6,67.7,3.7,65.7,64.3,0
2020/12/22 12:00,20.5,83432,0,11.74,0,100,100,69.9,2.6,69.4,3.8,67.7,66.5,0
2020/12/22 13:00,5.7,50242.8,0,6.948,0,100,100,72.3,1.9,71.5,2.8,68.7,66.6,0
2020/12/22 14:00,0,2160.2,0,1.936,0.2,100,99.7,74.8,1.8,73.9,2.6,70.3,67.6,0
2020/12/22 15:00,0,0,0,0,0,99.9,99.6,75.7,1.8,74.8,2.6,71.3,68.7,0
2020/12/22 16:00,0,0,0,0,0,41,26.7,78.7,1.3,77.7,1.9,74.2,71.6,0
2020/12/22 17:00,0,0,0,0,0,95.6,62.1,80.3,1.2,79.1,1.7,75,72.2,0
2020/12/22 18:00,0,0,0,0,0,99.8,93.8,81,1.1,79.9,1.5,75.9,73.3,0
2020/12/22 19:00,0,0,0,0,0,98.4,95.5,80.5,1,79.4,1.5,75.4,72.4,0
2020/12/22 20:00,0,0,0,0,0,97.6,80.6,85.5,0.9,84,1.2,78.5,74.5,0
2020/12/22 21:00,0,0,0,0,0,99.2,88.3,89.3,0.7,87.6,1,81.3,76.6,0
2020/12/22 22:00,0,0,0,0,0,99.8,97.7,91.6,1,90.1,1.4,84.7,80.5,0
2020/12/22 23:00,0,0,0,0,0,99.8,97,95.1,1.3,94.5,1.9,92.1,90.2,0
2020/12/23 0:00,0,0,0,0,0,99.7,94.8,94.9,1.6,94.7,2.2,93.6,92.7,0
2020/12/23 1:00,0,0,0,0,0,99,91.9,96.9,1.8,96.4,2.6,94.2,92.5,0
2020/12/23 2:00,0,0,0,0,0,99.8,99.2,95.6,2,95.1,2.9,93.2,92,0
2020/12/23 3:00,0,0,0,0,0,99.8,98.6,97.5,2.4,97.3,3.4,96.4,95.9,0
2020/12/23 4:00,0,0,0,0,0,99.8,98.7,98.6,3,98.3,4.2,97.2,96.5,0
2020/12/23 5:00,0,0,0,0,0,100,99.7,96.3,3.8,96.1,5.5,95.5,95.4,0
2020/12/23 6:00,0,0,0,0,0,100,100,97,3.5,97,5,97.2,97.5,0
2020/12/23 7:00,0,0,0,0,0,100,100,95.8,3.8,95.9,5.5,96.3,96.9,0
2020/12/23 8:00,0,0,0,0,0,99.6,96.3,93.8,3.7,93.9,5.3,94.6,95.4,0
2020/12/23 9:00,0,0,0,0,0,98.8,94.5,92.1,4.1,92.3,5.8,93.2,94.2,0
2020/12/23 10:00,13.4,17684.2,0.1,3.545,4.7,96.5,96,93,4.1,93.4,5.8,94.7,95.8,0.08966249999999999
2020/12/23 11:00,23.6,69921,1.6,10.455,23.9,79.1,78.9,91.9,4.1,92,5.8,92.3,92.9,0.12382500000000002
2020/12/23 12:00,20.7,83807.7,1.4,12.8,12,86.5,86.5,91,3.8,91.6,5.5,93.7,95.2,0.00028750499999999997
2020/12/23 13:00,6,50926.1,0.1,7.495,14.8,87.9,86.9,94.1,4,94.1,5.7,94.6,95.2,0
2020/12/23 14:00,0,2542.4,0,1.605,3.4,94.8,94.7,94.1,3.7,94.5,5.3,95.7,96.8,0
2020/12/23 15:00,0,0,0,0,0,83.6,83.6,94.9,3.6,95,5.2,95.5,96.4,0
2020/12/23 16:00,0,0,0,0,0,93.8,93.8,95.1,3.4,95.7,4.8,97.5,98.9,0
2020/12/23 17:00,0,0,0,0,0,95.7,95.7,95.7,3.4,96.3,4.9,97.7,98.9,0
2020/12/23 18:00,0,0,0,0,0,88.5,88.5,97.7,3.5,97.9,5,98.8,99.6,0
2020/12/23 19:00,0,0,0,0,0,87.7,87.7,94.9,2.8,94.7,4.1,94.4,94.5,0
2020/12/23 20:00,0,0,0,0,0,85.7,85.6,93.4,2.7,93.3,3.9,93.2,93.2,0
2020/12/23 21:00,0,0,0,0,0,90.4,90.3,92.6,3,92.5,4.3,92.5,92.7,0
2020/12/23 22:00,0,0,0,0,0,89.5,89.5,94.7,3.3,94.9,4.8,95.7,96.7,0
2020/12/23 23:00,0,0,0,0,0,97,97,95.5,3.9,95.9,5.6,97.2,98.3,0
2020/12/24 0:00,0,0,0,0,0,97.5,97.5,98.5,3.6,98.4,5.2,98,98.1,0
2020/12/24 1:00,0,0,0,0,0,93.5,93.5,94.4,3.4,94.5,4.8,95.1,95.8,0
2020/12/24 2:00,0,0,0,0,0,93.2,93.2,94.3,3.4,94.3,4.9,94.5,95,0
2020/12/24 3:00,0,0,0,0,0,81.5,81.5,93.2,3.1,93.2,4.5,93.5,94.2,0
2020/12/24 4:00,0,0,0,0,0,70,70,93.3,3.2,93.2,4.5,93.1,93.5,0
2020/12/24 5:00,0,0,0,0,0,67.7,67.7,97.4,3.3,97.4,4.7,97.5,98.1,0
2020/12/24 6:00,0,0,0,0,0,73.7,73.7,98.1,3,97.9,4.3,97.2,97.2,0
2020/12/24 7:00,0,0,0,0,0,75.6,75.6,92.5,2.7,92.3,3.9,91.8,91.8,0
2020/12/24 8:00,0,0,0,0,0,74,74,89.4,2.9,89.1,4.1,88.5,88.3,0
2020/12/24 9:00,0,0,0,0,0,69.3,69.3,86.8,3,86.5,4.3,85.6,85.1,0.00019999499999999999
2020/12/24 10:00,13.4,17626.7,1.4,4.138,23.9,79.2,79,86.3,3.4,86,4.9,85.5,85.6,0.042112514999999996
2020/12/24 11:00,23.7,70113.8,2.7,10.996,16.6,86.3,86.2,85.4,3.1,85.2,4.4,84.7,84.9,0.09895000500000001
2020/12/24 12:00,20.9,84428.1,2.1,12.267,22.5,88.6,85.6,82.1,3.3,81.8,4.7,81.1,81.3,0
2020/12/24 13:00,6.3,51822.3,0.3,7.106,3.4,99.3,99.3,84.2,3.5,84,5,83.5,84.2,0
2020/12/24 14:00,0,3011.6,0,1.698,4.9,94.3,94.3,86,3.6,85.7,5.1,85.3,86.3,0
2020/12/24 15:00,0,0,0,0,0,78.1,78.1,90.2,3.4,90.1,4.8,90,91,0
2020/12/24 16:00,0,0,0,0,0,76.8,76.8,93.2,3.5,93,5,98.6,100,0
2020/12/24 17:00,0,0,0,0,0,90.3,90.3,93.8,3.3,93.5,4.8,92.9,93.7,0
2020/12/24 18:00,0,0,0,0,0,77.2,77.2,95.2,3.2,94.8,4.5,93.7,93.8,0
2020/12/24 19:00,0,0,0,0,0,82.1,82.1,94.9,3.4,94.7,4.9,94,94.7,0
2020/12/24 20:00,0,0,0,0,0,81.6,81.6,93.1,3.8,93,5.4,92.5,93.1,0
2020/12/24 21:00,0,0,0,0,0,79.6,79.6,96,3.3,95.8,4.7,95.3,95.6,0
2020/12/24 22:00,0,0,0,0,0,71,71,97.4,3.2,97.3,4.7,97,97.2,0
2020/12/24 23:00,0,0,0,0,0,69.1,69.1,95.4,3,95.2,4.4,94.7,94.9,0
2020/12/25 0:00,0,0,0,0,0,66.4,66.4,96.7,2.8,96.3,4,95,94.7,0
2020/12/25 1:00,0,0,0,0,0,62.5,62.5,90.1,2.1,89.7,3,88.3,87.8,0
2020/12/25 2:00,0,0,0,0,0,76.2,76.2,90.3,2.5,89.9,3.6,88.8,89.3,0
2020/12/25 3:00,0,0,0,0,0,78,78,91.6,1.9,91.4,2.7,90.8,91.4,0
2020/12/25 4:00,0,0,0,0,0,61.2,61.2,92.9,1.8,92.5,2.6,91.3,91.4,0
2020/12/25 5:00,0,0,0,0,0,59.8,59.8,93.9,1.9,93.5,2.7,92.3,91.9,0
2020/12/25 6:00,0,0,0,0,0,61.1,61.1,94.4,2,94,2.8,92.7,92,0
2020/12/25 7:00,0,0,0,0,0,85.2,83.3,91,2.1,90.8,3,89.8,88.5,0
2020/12/25 8:00,0,0,0,0,0,83.8,83.7,89.2,1.8,88.9,2.5,87.6,86.3,0
2020/12/25 9:00,0,0,0,0,0,98.1,98.1,87.9,1.8,87.5,2.6,86.1,84.8,0
2020/12/25 10:00,13.4,17684.5,1.9,5.137,23.1,80.6,80.6,87.1,1.8,86.7,2.5,85.6,84.2,0
2020/12/25 11:00,23.9,70534.3,5.6,16.367,36.4,61.2,61.2,85.7,1.7,85.5,2.4,84.7,83.2,0
2020/12/25 12:00,21.2,85295.5,7.9,23.685,43.4,29.3,28.5,85.8,1.8,85.5,2.5,84.3,82.2,0
2020/12/25 13:00,6.6,52932.5,2,16.661,31.9,48.6,48.3,89.2,1.7,88.8,2.4,87.2,84.9,0
2020/12/25 14:00,0,3567.5,0,4.206,8.3,93.6,85.5,89.5,1.6,89.1,2.3,87.6,85.4,0
2020/12/25 15:00,0,0,0,0,0,99.6,98.7,89.2,1.8,88.9,2.6,87.6,85.6,0
2020/12/25 16:00,0,0,0,0,0,100,98.7,85.3,1.8,85.2,2.6,83.9,82,0
2020/12/25 17:00,0,0,0,0,0,99.9,98.1,81.8,2,81.6,2.9,79.7,77.2,0
2020/12/25 18:00,0,0,0,0,0,99.9,98.3,77.4,2.3,77.1,3.3,74.2,71.2,0
2020/12/25 19:00,0,0,0,0,0,100,99.6,73.4,2.4,72.5,3.4,68.7,65,0
2020/12/25 20:00,0,0,0,0,0,100,99.2,70,2.2,69.3,3.1,66.2,63.5,0
2020/12/25 21:00,0,0,0,0,0,100,99.2,67.5,2.2,66.7,3.2,63.4,60.5,0
2020/12/25 22:00,0,0,0,0,0,100,98.8,65,2.1,64.2,3.1,61.1,58.5,0
2020/12/25 23:00,0,0,0,0,0,100,99.6,64.2,2,63.5,2.8,61,58.9,0
2020/12/26 0:00,0,0,0,0,0,100,100,64.1,1.5,63.5,2.2,61.6,60.2,0
2020/12/26 1:00,0,0,0,0,0,100,95,71.7,2.4,71.2,3.4,69.5,68.4,0
2020/12/26 2:00,0,0,0,0,0,98.9,88.9,70.4,1.4,69.9,2.1,68.1,66.9,0
2020/12/26 3:00,0,0,0,0,0,100,100,70.3,2.3,69.7,3.3,67.7,66.3,0
2020/12/26 4:00,0,0,0,0,0,100,100,71.4,1.7,71,2.5,69.4,68.4,0
2020/12/26 5:00,0,0,0,0,0,99.9,99.8,69.6,1.3,69.2,1.8,68.1,67.5,0
2020/12/26 6:00,0,0,0,0,0,100,100,70.4,1.3,70,1.8,68.9,68.4,0
2020/12/26 7:00,0,0,0,0,0,97.3,96.4,73.8,1.3,73.3,1.9,71.6,70.5,0
2020/12/26 8:00,0,0,0,0,0,100,94,74,1.3,73.3,1.8,70.8,69.2,0
2020/12/26 9:00,0,0,0,0,0,100,99.8,71.7,1.4,71.2,2,69.3,68.1,0
2020/12/26 10:00,13.6,17857.9,0,2.329,0,100,100,73.3,1.7,73,2.4,72.1,71.6,0
2020/12/26 11:00,24.1,71184,0,6.443,0.7,100,99.4,77,1.8,76.6,2.6,75.5,74.9,0
2020/12/26 12:00,21.5,86413.1,0,9.407,0.8,100,99.4,78.2,1.5,77.5,2.1,75,73.3,0
2020/12/26 13:00,7,54258.1,0.2,8.406,9.6,97.9,90.9,71.2,1.7,70.9,2.5,69.5,68.8,0
2020/12/26 14:00,0,4209.8,0,3.112,34.7,0.9,0.9,73.3,2,72.7,2.9,70.7,69.3,0
2020/12/26 15:00,0,0,0,0,0,84.9,42.6,77.7,2.2,76.7,3.2,73.2,70.8,0
2020/12/26 16:00,0,0,0,0,0,95.7,49.1,77.8,2.1,76.8,3,73.6,71.4,0
2020/12/26 17:00,0,0,0,0,0,100,50,78.1,2.2,77,3.2,73.1,70.5,0
2020/12/26 18:00,0,0,0,0,0,100,50,77.9,2.3,76.8,3.4,73.2,70.8,0
2020/12/26 19:00,0,0,0,0,0,95.1,48.9,77.1,2.4,76.4,3.4,74,72.6,0
2020/12/26 20:00,0,0,0,0,0,100,50.1,78.3,2.7,77.6,3.8,75,73.4,0
2020/12/26 21:00,0,0,0,0,0,100,95.5,75.3,2.8,74.6,4,72.3,70.8,0
2020/12/26 22:00,0,0,0,0,0,100,99.2,72.9,2.9,72.5,4.1,70.8,69.8,0
2020/12/26 23:00,0,0,0,0,0,100,85.6,73,2.7,72.3,3.8,69.9,68.2,0
2020/12/27 0:00,0,0,0,0,0,100,61.6,73.8,2.9,72.9,4.2,69.7,67.5,0
2020/12/27 1:00,0,0,0,0,0,100,95.7,71.5,3.3,70.6,4.7,67.6,65.6,0
2020/12/27 2:00,0,0,0,0,0,100,71.8,72,3,71.1,4.3,68,65.9,0
2020/12/27 3:00,0,0,0,0,0,100,100,72,2.6,71,3.7,67.2,64.7,0
2020/12/27 4:00,0,0,0,0,0,100,100,71.2,2.7,70.2,3.9,66.5,64.1,0
2020/12/27 5:00,0,0,0,0,0,100,99.2,74.1,2.9,72.7,4.2,67.8,64.4,0
2020/12/27 6:00,0,0,0,0,0,100,99.8,70.8,2.9,69.7,4.1,65.8,63.1,0
2020/12/27 7:00,0,0,0,0,0,100,99.7,70.2,2.9,69.3,4.2,65.9,63.5,0
2020/12/27 8:00,0,0,0,0,0,100,100,66.6,3,65.9,4.3,63.3,61.6,0
2020/12/27 9:00,0,0,0,0,0,100,100,63.4,3.5,62.9,5,61.1,60,0
2020/12/27 10:00,13.7,18146.9,0,2.827,0,100,100,62.4,3.8,61.9,5.5,60.2,59.1,0
2020/12/27 11:00,24.5,72065,0,8.381,0,100,100,62.4,3.6,61.9,5.2,60,58.8,0
2020/12/27 12:00,21.9,87784.9,0,9.582,0.1,100,100,62.6,3.8,62,5.4,59.9,58.7,0
2020/12/27 13:00,7.4,55801.2,0,5.374,0,100,100,64,3.6,63.2,5.1,60.6,58.9,0
2020/12/27 14:00,0,4937.9,0,1.346,0.1,100,99.9,64,3.9,63.3,5.6,60.7,58.9,0
2020/12/27 15:00,0,0,0,0,0,100,54.7,66.3,4,65.5,5.7,62.5,60.6,0
2020/12/27 16:00,0,0,0,0,0,100,59.3,68.3,3.6,67.3,5.2,63.7,61.3,0
2020/12/27 17:00,0,0,0,0,0,99.4,54.7,68.1,3.6,67,5.2,63.3,60.7,0
2020/12/27 18:00,0,0,0,0,0,100,50.6,67.8,4.2,66.8,6.1,63.3,60.9,0
2020/12/27 19:00,0,0,0,0,0,99.4,60,65.3,3.8,64.6,5.4,62.2,60.6,0
2020/12/27 20:00,0,0,0,0,0,98,58.8,66.9,4.1,66.1,6,63.6,61.9,0
2020/12/27 21:00,0,0,0,0,0,100,65.4,71.3,4,70.1,5.7,66.1,63.3,0
2020/12/27 22:00,0,0,0,0,0,100,74.2,70.4,3.6,69.2,5.2,65.2,62.4,0
2020/12/27 23:00,0,0,0,0,0,100,75.5,71,3.6,69.8,5.1,65.5,62.5,0
2020/12/28 0:00,0,0,0,0,0,100,65,71.4,3.7,70.2,5.3,66.1,63.2,0
2020/12/28 1:00,0,0,0,0,0,100,95.2,63.2,4.1,62.9,5.8,61.9,61.2,0
2020/12/28 2:00,0,0,0,0,0,100,91.6,62.8,3.9,62.6,5.6,61.9,61.6,0
2020/12/28 3:00,0,0,0,0,0,100,100,61.6,3.5,61.3,5,60.3,59.6,0
2020/12/28 4:00,0,0,0,0,0,100,100,61.8,3.3,61.6,4.8,60.9,60.6,0
2020/12/28 5:00,0,0,0,0,0,100,100,63,3.1,62.7,4.5,62,61.7,0
2020/12/28 6:00,0,0,0,0,0,100,100,63.5,2.8,63.2,4.1,62.2,61.7,0
2020/12/28 7:00,0,0,0,0,0,93.1,77.4,69.1,2.1,68.6,3.1,66.8,65.7,0
2020/12/28 8:00,0,0,0,0,0,99.9,97.9,69.3,2.5,68.7,3.5,66.6,65.3,0
2020/12/28 9:00,0,0,0,0,0,99.4,93.6,66.5,3.1,66.2,4.4,65.3,64.7,0
2020/12/28 10:00,14,18551.9,1.1,6.34,33,99.7,71.4,64.5,3.5,64.2,5,63.1,62.4,0
2020/12/28 11:00,24.9,73180.3,2.8,19.025,26.5,98.4,77.1,63.2,4.3,62.8,6.2,61.5,60.8,0
2020/12/28 12:00,22.4,89416.1,1.3,20.421,15.1,99.8,87.3,63.2,5,62.8,7.1,61.5,60.7,0
2020/12/28 13:00,7.9,57564.3,0,8.987,0.1,100,99.9,60.2,5.2,60,7.5,59.4,59.1,0
2020/12/28 14:00,0,5751.5,0,1.251,0,100,100,59.8,4.8,59.6,6.9,58.8,58.5,0
2020/12/28 15:00,0,0,0,0,0,99.9,98.3,62.3,4.4,62.1,6.3,61.4,61.1,0
2020/12/28 16:00,0,0,0,0,0,100,87,66,3.6,65.6,5.1,64.5,63.9,0
2020/12/28 17:00,0,0,0,0,0,100,100,69,3.2,68.6,4.6,67,66.1,0
2020/12/28 18:00,0,0,0,0,0,100,100,71.6,2.8,71,4,68.8,67.4,0
2020/12/28 19:00,0,0,0,0,0,100,99.1,71.5,3.2,70.9,4.7,68.8,67.3,0
2020/12/28 20:00,0,0,0,0,0,100,92.6,73.9,3.6,73.5,5.1,71.8,70.6,0
2020/12/28 21:00,0,0,0,0,0,99.6,86.7,73.2,3.4,72.5,4.9,69.9,68,0
2020/12/28 22:00,0,0,0,0,0,99.2,61.8,74.3,3.4,73.6,4.9,71,69.2,0
2020/12/28 23:00,0,0,0,0,0,100,53.4,74.4,3.5,73.8,5.1,71.8,70.4,0
2020/12/29 0:00,0,0,0,0,0,100,66.5,72.9,3.6,72.5,5.1,71,70.1,0
2020/12/29 1:00,0,0,0,0,0,100,94.2,69.6,3.4,69.3,4.8,68.2,67.6,0
2020/12/29 2:00,0,0,0,0,0,100,99.6,68,3.3,67.9,4.8,67.4,67.4,0
2020/12/29 3:00,0,0,0,0,0,100,75.2,70.5,3.3,70.3,4.7,69.8,69.7,0
2020/12/29 4:00,0,0,0,0,0,100,94.6,71.6,3.3,71.3,4.8,70.3,69.7,0
2020/12/29 5:00,0,0,0,0,0,100,99.9,72.2,2.9,71.9,4.1,71,70.4,0
2020/12/29 6:00,0,0,0,0,0,100,100,74.5,2.2,74.1,3.2,72.6,71.5,0
2020/12/29 7:00,0,0,0,0,0,99.1,98.2,74.2,2.1,73.8,3.1,72.2,71.2,0
2020/12/29 8:00,0,0,0,0,0,82.9,82.2,72.8,1.9,72.4,2.8,70.8,69.8,0
2020/12/29 9:00,0,0,0,0,0,66.4,45.1,72.5,2,71.9,2.8,70,68.7,0
2020/12/29 10:00,14.2,19072.9,4,7.696,37.1,47.4,42.3,74.2,2.2,73.5,3.1,71.1,69.4,0
2020/12/29 11:00,25.3,74533.5,8.9,22.265,41.5,42.5,36.6,74.8,2.1,74.1,3.1,71.4,69.6,0
2020/12/29 12:00,23,91312.8,5.4,25.976,32.4,46.2,46.1,75.7,2.2,74.9,3.2,72.1,70.1,0
2020/12/29 13:00,8.5,59550.9,0.6,14.923,3.2,94.8,94.7,74.6,2.2,74.1,3.2,72.2,70.9,0
2020/12/29 14:00,0,6650.1,0,3.517,9.9,74.7,74.7,75.9,1.9,75.4,2.7,73.7,72.6,0
2020/12/29 15:00,0,0,0,0,0,1.1,1.1,80.4,1.6,79.9,2.3,78,76.7,0
2020/12/29 16:00,0,0,0,0,0,6.5,4.7,86.8,1.6,85.8,2.3,82.5,80.4,0
2020/12/29 17:00,0,0,0,0,0,13.7,9.7,88.1,1.7,87.1,2.5,83.8,81.5,0
2020/12/29 18:00,0,0,0,0,0,4.3,2.5,90.8,1.9,89.7,2.7,85.7,82.6,0
2020/12/29 19:00,0,0,0,0,0,99.8,61.5,90.7,2.2,89.4,3.1,84.7,81.1,0
2020/12/29 20:00,0,0,0,0,0,99.8,73.7,89.3,2.1,88.2,3,84.2,81.2,0
2020/12/29 21:00,0,0,0,0,0,100,50.6,87.5,2,86.7,2.9,83.9,81.8,0
2020/12/29 22:00,0,0,0,0,0,92.2,48.5,87.2,2.1,86.5,3.1,83.8,81.9,0
2020/12/29 23:00,0,0,0,0,0,33.2,22.5,88.7,2.2,87.9,3.1,84.9,82.7,0
2020/12/30 0:00,0,0,0,0,0,74.8,48.5,89.3,1.9,88.3,2.7,84.9,82.4,0
2020/12/30 1:00,0,0,0,0,0,10.7,5.4,90.5,1.9,89.7,2.7,86.8,84.7,0
2020/12/30 2:00,0,0,0,0,0,13.3,8.2,93.8,2.4,92.8,3.5,89.4,86.9,0
2020/12/30 3:00,0,0,0,0,0,28.9,14.5,95.5,2.2,94.2,3.2,90.2,87.1,0
2020/12/30 4:00,0,0,0,0,0,24.8,13.1,96,2.1,94.7,3,90.2,86.9,0
2020/12/30 5:00,0,0,0,0,0,8.4,4.7,96.4,2.1,95.1,3,90.5,87.3,0
2020/12/30 6:00,0,0,0,0,0,30,25.1,95.9,2.1,94.6,3,89.8,86.6,0
2020/12/30 7:00,0,0,0,0,0,10,10,94.5,2,93.1,2.8,88.4,84.9,0
2020/12/30 8:00,0,0,0,0,0,14.2,14.2,90.6,2,89.3,2.9,85.1,81.8,0
2020/12/30 9:00,0,0,0,0,0,15.4,15.4,87,2.1,86,3.1,82.4,79.6,0
2020/12/30 10:00,14.6,19710.1,5.8,8.641,46.6,21.1,21.1,85.3,2,84.3,2.9,80.7,77.8,0
2020/12/30 11:00,25.9,76129.3,10.3,23.74,37.6,44.8,41.1,84.2,1.9,83.3,2.7,79.8,77,0
2020/12/30 12:00,23.6,93482.1,4.5,26.199,36.2,50.4,45,82.9,2.2,82.1,3.2,79.1,76.9,0
2020/12/30 13:00,9.1,61765.3,0.2,14.644,1.6,97.4,97.4,82.2,2.4,81.6,3.4,79.5,77.9,0
2020/12/30 14:00,0,7633.1,0,3.545,10.5,75.1,74.9,83.9,2.2,83.1,3.2,80.3,78.1,0
2020/12/30 15:00,0,0,0,0,0,50.4,48.5,87.4,2.2,86.5,3.1,83.2,80.7,0
2020/12/30 16:00,0,0,0,0,0,47.6,37.8,91.4,2.3,90.5,3.3,87,84.3,0
2020/12/30 17:00,0,0,0,0,0,88,57.4,92.3,2.1,91.3,3,87.6,84.7,0
2020/12/30 18:00,0,0,0,0,0,95.4,69.5,91.3,2.1,90.4,3,87,84.4,0
2020/12/30 19:00,0,0,0,0,0,94.8,75.6,90.4,2,89.5,2.9,86.4,83.9,0
2020/12/30 20:00,0,0,0,0,0,93.4,71.3,90.1,2,89.4,2.9,87,85.1,0
2020/12/30 21:00,0,0,0,0,0,90.4,63.7,90.6,1.8,89.9,2.6,87.2,85.1,0
2020/12/30 22:00,0,0,0,0,0,82.3,51.8,91.9,1.4,91,2,87.8,85.2,0
2020/12/30 23:00,0,0,0,0,0,97.2,75.8,90.2,1.5,89.7,2.1,87.8,86.3,0
2020/12/31 0:00,0,0,0,0,0,99.8,95.1,88.2,1.5,87.8,2.1,86.6,85.6,0
2020/12/31 1:00,0,0,0,0,0,99.8,99.6,86.6,1.5,86.2,2.1,84.7,83.7,0
2020/12/31 2:00,0,0,0,0,0,100,100,83.3,1.3,83.1,1.9,82.3,81.7,0
2020/12/31 3:00,0,0,0,0,0,99.8,99.7,82.3,1.4,82.1,2.1,81.6,81.4,0
2020/12/31 4:00,0,0,0,0,0,100,100,82.2,1.7,82,2.4,81.3,81.1,0
2020/12/31 5:00,0,0,0,0,0,100,100,80,1.6,79.9,2.3,79.4,79.2,0
2020/12/31 6:00,0,0,0,0,0,100,100,78.5,1.7,78.4,2.5,78.4,78.6,0
2020/12/31 7:00,0,0,0,0,0,99.6,99.2,79.1,1.9,79.1,2.8,79.3,79.7,0
2020/12/31 8:00,0,0,0,0,0,99.4,96.8,77.4,1.8,77.4,2.6,77.8,78.3,0
2020/12/31 9:00,0,0,0,0,0,99.9,98.5,76.4,1.9,76.5,2.7,76.8,77.3,0
2020/12/31 10:00,15,20463.8,0,4.382,0.5,100,99.6,75,1.9,75,2.8,75.3,75.7,0
2020/12/31 11:00,26.5,77973,0.1,11.59,1.2,99.9,99,73.7,1.9,73.8,2.7,74,74.5,0
2020/12/31 12:00,24.3,95932.4,0.1,12.744,0.5,99.9,99.6,74.7,1.8,74.8,2.6,75,75.4,0
2020/12/31 13:00,9.8,64213,0,7.65,0,100,100,76.1,1.7,76.3,2.5,77.6,78.9,0
2020/12/31 14:00,0,8700.1,0,2.113,0,100,100,77.7,1.7,77.9,2.4,78.9,80.2,0
2020/12/31 15:00,0,0,0,0,0,100,100,79.6,1.7,79.7,2.5,80.5,81.5,0
2020/12/31 16:00,0,0,0,0,0,100,100,79.8,1.7,79.9,2.4,80.2,80.7,0
2020/12/31 17:00,0,0,0,0,0,98.9,98.9,79.6,1.5,79.6,2.1,79.7,80.1,0
2020/12/31 18:00,0,0,0,0,0,98.6,98.6,80.6,1.3,80.4,1.8,79.9,79.8,0
2020/12/31 19:00,0,0,0,0,0,78.1,78.1,81,1.3,80.7,1.8,79.5,78.9,0
2020/12/31 20:00,0,0,0,0,0,68.8,68.8,83.3,1.2,82.9,1.7,81.4,80.5,0
2020/12/31 21:00,0,0,0,0,0,40.1,40.1,85.5,1.2,85.1,1.7,83.6,82.5,0
2020/12/31 22:00,0,0,0,0,0,25.7,25.7,86.9,1.2,86.5,1.8,84.7,83.2,0
2020/12/31 23:00,0,0,0,0,0,10.5,10.5,87.9,1.2,87.5,1.8,85.7,83.9,0
2021/1/1 0:00,0,0,0,0,0,15.1,15.1,87.3,1.2,86.9,1.7,85.3,83.8,0
2021/1/1 1:00,0,0,0,0,0,12.8,12.8,88.4,1.2,88,1.7,86.2,84.5,0
2021/1/1 2:00,0,0,0,0,0,17,17,87.7,1.3,87.3,1.8,85.8,84.2,0
2021/1/1 3:00,0,0,0,0,0,6,6,86.5,1.3,86.3,1.9,85.2,83.7,0
2021/1/1 4:00,0,0,0,0,0,4.7,4.7,85.3,1.3,85.1,1.9,84.1,82.7,0
2021/1/1 5:00,0,0,0,0,0,2.2,2.2,84.6,1.3,84.6,1.8,84,82.9,0
2021/1/1 6:00,0,0,0,0,0,2.7,2.7,83.9,1.4,83.9,2,83.5,82.6,0
2021/1/1 7:00,0,0,0,0,0,2.6,2.6,84.1,1.3,84.1,1.9,83.7,82.8,0
2021/1/1 8:00,0,0,0,0,0,7.3,7.3,80.8,1.3,80.7,1.9,80.2,79.3,0
2021/1/1 9:00,0,0,0,0,1,8.9,7.2,77.9,1.3,77.9,1.8,77.8,77.2,0
2021/1/1 10:00,14.6,19377.3,6.9,9.671,56.5,20.8,13.6,75.5,1.3,75.6,1.9,75.7,75.4,0
2021/1/1 11:00,26.9,77940.8,14.7,27.293,52.8,26.9,19.6,72.7,1.2,72.8,1.7,72.9,72.6,0
2021/1/1 12:00,25.5,98978.9,9.8,31.205,52.8,13.5,12.9,71.4,1.2,71.4,1.7,71.5,71.3,0
2021/1/1 13:00,11.4,69448.7,2.5,18.795,42.8,33.6,33.1,72,1.1,72.1,1.6,72.7,73.4,0
2021/1/1 14:00,0,11862.5,0,5.211,43.3,3.9,3.5,75.6,1.1,75.5,1.6,75,74.7,0
2021/1/1 15:00,0,0,0,0,0,0.6,0.5,80.1,1.1,79.8,1.7,78.7,77.8,0
2021/1/1 16:00,0,0,0,0,0,0.5,0.5,84.5,1.1,84.1,1.6,82.4,80.9,0
2021/1/1 17:00,0,0,0,0,0,0.7,0.7,84.7,1.1,84.3,1.5,82.7,81.4,0
2021/1/1 18:00,0,0,0,0,0,1.7,1.7,83.3,1.2,83,1.7,81.9,81,0
2021/1/1 19:00,0,0,0,0,0,0.9,0.9,83,1.2,82.5,1.8,80.7,79.3,0
2021/1/1 20:00,0,0,0,0,0,1.3,1.3,82.5,1.2,82,1.8,80.3,79,0
2021/1/1 21:00,0,0,0,0,0,0.9,0.9,83.1,1.1,82.4,1.6,80.1,78.7,0
2021/1/1 22:00,0,0,0,0,0,0.9,0.9,79.7,0.8,79.3,1.2,78,77.4,0
2021/1/1 23:00,0,0,0,0,0,0.9,0.9,76.4,0.8,76.4,1.2,76.5,76.7,0
2021/1/2 0:00,0,0,0,0,0,0.9,0.9,79.1,1.4,78.5,2,76.4,75.4,0
2021/1/2 1:00,0,0,0,0,0,6.4,6.4,82.6,2,82.1,2.9,80.2,78.8,0
2021/1/2 2:00,0,0,0,0,0,0.7,0.7,82.8,1.9,82.1,2.7,79.8,78,0
2021/1/2 3:00,0,0,0,0,0,1.4,1.4,83,1.7,82.3,2.5,79.7,77.9,0
2021/1/2 4:00,0,0,0,0,0,1.4,1.4,83.5,1.8,82.8,2.7,80,78.2,0
2021/1/2 5:00,0,0,0,0,0,2.9,2.9,84,1.8,83.2,2.5,80.4,78.6,0
2021/1/2 6:00,0,0,0,0,0,20.4,18.2,83.8,2,83,2.8,80.2,78.5,0
2021/1/2 7:00,0,0,0,0,0,0.4,0.4,83,1.8,82.2,2.6,79.5,77.8,0
2021/1/2 8:00,0,0,0,0,0,0.5,0.5,79.6,1.8,78.9,2.6,76.4,74.8,0
2021/1/2 9:00,0,0,0,0,1,6,3.5,76.4,1.6,75.6,2.4,73,71.2,0
2021/1/2 10:00,15.2,20352.2,6.9,10.092,26.3,93.4,74.9,73.7,1.6,73,2.4,70.6,69.2,0
2021/1/2 11:00,27.7,80256.1,12.9,28.008,35.7,63,51.9,72,1.7,71.3,2.4,69,67.7,0
2021/1/2 12:00,26.4,102004.2,15.1,35.313,58.2,4.2,3.7,71.1,1.7,70.4,2.4,68,66.7,0
2021/1/2 13:00,12.2,72399.9,6,24.81,59.8,0.3,0.3,70.8,1.9,69.9,2.7,67,65.4,0
2021/1/2 14:00,0,13478.2,0,7.413,45.9,0.2,0.2,73.9,1.8,72.8,2.6,69.2,67,0
2021/1/2 15:00,0,0,0,0,0,0.2,0.2,76.5,1.6,75.4,2.3,71.9,69.5,0
2021/1/2 16:00,0,0,0,0,0,0,0,76.7,1.4,75.7,2.1,72.5,70.5,0
2021/1/2 17:00,0,0,0,0,0,0,0,76.5,1.4,75.6,2,72.8,70.9,0
2021/1/2 18:00,0,0,0,0,0,0,0,78.1,1.3,77.1,1.9,73.9,71.9,0
2021/1/2 19:00,0,0,0,0,0,0,0,77.6,1.3,76.6,1.8,73.4,71.4,0
2021/1/2 20:00,0,0,0,0,0,0,0,78.1,1.3,77.2,1.9,74.4,72.6,0
2021/1/2 21:00,0,0,0,0,0,0,0,79.1,1.3,78.5,1.9,76.5,75.2,0
2021/1/2 22:00,0,0,0,0,0,0,0,81.1,1.3,80.8,1.9,79.7,79.1,0
2021/1/2 23:00,0,0,0,0,0,0,0,82.7,1.2,82.5,1.7,81.9,81.5,0
2021/1/3 0:00,0,0,0,0,0,0,0,84.1,1.1,83.9,1.6,83.2,82.7,0
2021/1/3 1:00,0,0,0,0,0,1.1,1.1,89.2,1.2,89.1,1.7,88.9,88.8,0
2021/1/3 2:00,0,0,0,0,0,1.3,1.3,88.7,1.3,88,1.9,85.8,84.4,0
2021/1/3 3:00,0,0,0,0,0,3.2,3.2,88.8,1.3,87.7,1.8,84.1,82,0
2021/1/3 4:00,0,0,0,0,0,4.4,4.4,88.3,1.2,86.9,1.8,82.2,79.5,0
2021/1/3 5:00,0,0,0,0,0,3,3,88,1.2,86.2,1.8,80.5,77.3,0
2021/1/3 6:00,0,0,0,0,0,0.4,0.4,87.6,1.1,85.7,1.5,79.6,76.2,0
2021/1/3 7:00,0,0,0,0,0,18.1,18.1,90,1.2,87.7,1.7,80.3,76.2,0
2021/1/3 8:00,0,0,0,0,0,21.3,21.3,86.9,1.2,84.6,1.7,77.1,73,0
2021/1/3 9:00,0,0,0,0,1.6,19.4,19.4,83.6,1.1,81.1,1.6,73.2,69,0
2021/1/3 10:00,15.7,21448.1,9.7,11.085,53.5,10.9,10.9,79.7,1.2,77.4,1.7,70.2,66.3,0
2021/1/3 11:00,28.5,82838.1,19.9,30.934,57.5,4.1,4.1,75.6,1.2,73.7,1.7,67.7,64.4,0
2021/1/3 12:00,27.4,105341.9,18.2,38.388,58.9,1.9,1.9,73,0.9,71.2,1.4,65.6,62.5,0
2021/1/3 13:00,13.1,75614,6.5,26.464,56.7,5.5,5.5,76.8,0.9,75.1,1.3,69.7,66.7,0
2021/1/3 14:00,0,15202.1,0,7.925,46.2,3.8,3.8,79.3,1.1,77.4,1.6,71.3,67.9,0
2021/1/3 15:00,0,0,0,0,0,14.9,8.5,84.7,1.3,82.1,1.8,73.7,69.2,0
2021/1/3 16:00,0,0,0,0,0,3.1,1.7,89.1,1.3,86.1,1.8,76.6,71.5,0
2021/1/3 17:00,0,0,0,0,0,1,0.8,89.1,1,85.9,1.5,76.1,70.9,0
2021/1/3 18:00,0,0,0,0,0,9.3,5.2,88.8,1.2,85.7,1.7,76.1,70.9,0
2021/1/3 19:00,0,0,0,0,0,20.7,20,90.4,1.3,87.2,1.8,77.4,72.1,0
2021/1/3 20:00,0,0,0,0,0,27.5,27.5,89.4,1.3,86.1,1.8,75.7,70.1,0
2021/1/3 21:00,0,0,0,0,0,18.4,18.4,88,1.1,84.9,1.6,75.1,69.9,0
2021/1/3 22:00,0,0,0,0,0,19.9,19.9,87,1.1,84.1,1.6,74.9,70,0
2021/1/3 23:00,0,0,0,0,0,18.9,18.9,86.7,1.1,84.2,1.6,76.1,71.8,0
2021/1/4 0:00,0,0,0,0,0,29.3,23.9,85.9,1.1,83.7,1.5,76.7,72.9,0
2021/1/4 1:00,0,0,0,0,0,21.3,20.8,90,1,87.9,1.5,80.9,77.1,0
2021/1/4 2:00,0,0,0,0,0,30,22.6,88.2,1.2,86.2,1.7,79.7,76,0
2021/1/4 3:00,0,0,0,0,0,50,32,87.6,1.3,85.3,1.8,78,73.9,0
2021/1/4 4:00,0,0,0,0,0,41.1,29.7,87.3,1.2,84.9,1.7,77.5,73.5,0
2021/1/4 5:00,0,0,0,0,0,26.6,22.4,85.8,1.2,83.5,1.7,76.4,72.5,0
2021/1/4 6:00,0,0,0,0,0,17.9,17.9,84.4,1,82.7,1.5,77,73.8,0
2021/1/4 7:00,0,0,0,0,0,24.1,22.2,87.5,1,86.5,1.5,83.1,81.1,0
2021/1/4 8:00,0,0,0,0,0,33.6,28.8,82.3,1.1,81.6,1.6,79.3,77.9,0
2021/1/4 9:00,0,0,0,0,3.3,30.7,26.7,78.5,1.2,77.7,1.8,75.1,73.6,0
2021/1/4 10:00,16.4,23350,7.4,10.448,50.9,34.9,29.9,75.6,1.2,74.7,1.7,72,70.4,0
2021/1/4 11:00,29.5,85696.5,16.7,29.575,50.1,49.4,33.9,72.7,1.1,72.2,1.6,70.7,69.7,0
2021/1/4 12:00,28.4,109004.6,15.2,36.909,50.9,32.5,24.6,71.2,1,70.9,1.4,69.8,69.2,0
2021/1/4 13:00,14,79102.5,5.7,25.792,56.4,13.4,10,72.9,1,72.8,1.5,72.4,72.2,0
2021/1/4 14:00,0,17033.8,0,8.011,49.2,35.4,18.6,75.1,1,74.5,1.5,72.5,71.4,0
2021/1/4 15:00,0,0,0,0,0,31.9,16.3,78.3,1.1,77.5,1.5,74.7,73.1,0
2021/1/4 16:00,0,0,0,0,0,51.2,26.4,81.7,1.1,80.7,1.6,77.3,75.4,0
2021/1/4 17:00,0,0,0,0,0,52,26.6,83.1,1.1,81.9,1.6,78.1,75.9,0
2021/1/4 18:00,0,0,0,0,0,62.7,38.9,84,1.1,82.9,1.5,79.5,77.6,0
2021/1/4 19:00,0,0,0,0,0,58,39.8,84.4,1,83.7,1.4,81.5,80.3,0
2021/1/4 20:00,0,0,0,0,0,57,44.9,81.9,1.1,81.5,1.5,80.1,79.3,0
2021/1/4 21:00,0,0,0,0,0,52.5,51.1,80.4,1.2,79.9,1.7,78.3,77.4,0
2021/1/4 22:00,0,0,0,0,0,51,51,80.1,1.1,79.3,1.6,76.9,75.5,0
2021/1/4 23:00,0,0,0,0,0,43.3,43.3,80.2,1.2,79.5,1.7,76.9,75.5,0
2021/1/5 0:00,0,0,0,0,0,39.4,39.4,80.3,1.1,79.2,1.6,75.6,73.5,0
2021/1/5 1:00,0,0,0,0,0,26.7,26.7,81.5,0.9,80.7,1.4,78.3,76.9,0
2021/1/5 2:00,0,0,0,0,0,20.8,20.8,81.2,1.1,80.2,1.5,76.9,75.1,0
2021/1/5 3:00,0,0,0,0,0,15.9,15.9,81.5,1.3,80.4,1.9,76.8,74.7,0
2021/1/5 4:00,0,0,0,0,0,15.9,15.9,81.9,1.4,80.3,2,75.1,72.2,0
2021/1/5 5:00,0,0,0,0,0,13,13,81.6,1.3,79.5,1.8,72.5,68.6,0
2021/1/5 6:00,0,0,0,0,0,35.8,35.8,80,1.1,77.7,1.6,70.2,66,0
2021/1/5 7:00,0,0,0,0,0,73.2,73.2,76.6,1.1,74.9,1.6,69.4,66.2,0
2021/1/5 8:00,0,0,0,0,0,74.5,74.5,72,1.2,70.2,1.7,64.1,60.6,0
2021/1/5 9:00,0,0,0,0,1.7,66.9,66.9,68.5,1.2,66.6,1.7,60.6,57.2,0
2021/1/5 10:00,17.1,25442,9.5,11.483,55.5,7.4,7.4,66.1,1.2,64.5,1.7,59.2,56.1,0
2021/1/5 11:00,30.5,88842.4,20.5,32.248,53.6,10.7,10.7,63,1.2,61.6,1.7,57,54.3,0
2021/1/5 12:00,29.5,113005.5,18.9,40.471,55.6,7.3,7.3,60.8,1.1,59.5,1.6,55.2,52.7,0
2021/1/5 13:00,14.9,82878.9,7.8,29.039,51,14.9,14.9,65.3,1.1,64.2,1.6,60.6,58.6,0
2021/1/5 14:00,0,18973.7,0,9.334,50.7,2.4,2.4,66.6,1.1,65.2,1.6,60.6,58,0
2021/1/5 15:00,0,0,0,0,0,1,1,69.2,1.1,67.5,1.6,62,58.8,0
2021/1/5 16:00,0,0,0,0,0,19.2,19.2,73.6,0.9,71.5,1.3,64.8,61,0
2021/1/5 17:00,0,0,0,0,0,60.6,60.6,74,0.9,71.4,1.4,62.9,58.1,0
2021/1/5 18:00,0,0,0,0,0,79.2,79.2,72.8,1.2,70,1.8,60.9,55.9,0
2021/1/5 19:00,0,0,0,0,0,73.1,73.1,73.5,1.2,70.8,1.8,62.2,57.4,0
2021/1/5 20:00,0,0,0,0,0,64.4,64.4,70.6,1.1,68.2,1.6,60.6,56.3,0
2021/1/5 21:00,0,0,0,0,0,64,64,68.7,1.1,66.1,1.5,57.7,52.9,0
2021/1/5 22:00,0,0,0,0,0,77.5,77.5,68.3,1.2,65.5,1.7,56.7,51.7,0
2021/1/5 23:00,0,0,0,0,0,75.7,75.7,67.5,1.2,64.8,1.7,56.3,51.4,0
2021/1/6 0:00,0,0,0,0,0,77.7,77.7,67.5,0.9,65.3,1.3,58.2,54,0
2021/1/6 1:00,0,0,0,0,0,93.4,93.4,69.7,1.1,68.3,1.6,63.4,60.5,0
2021/1/6 2:00,0,0,0,0,0,78.3,78.3,67.9,1.1,66.7,1.5,62.6,60.2,0
2021/1/6 3:00,0,0,0,0,0,22,22,69.1,1.2,67.9,1.7,64.1,61.8,0
2021/1/6 4:00,0,0,0,0,0,21.4,21.4,70.8,1.2,69.8,1.7,66.3,64.3,0
2021/1/6 5:00,0,0,0,0,0,19.6,19.6,71.9,1,71.5,1.4,69.9,68.9,0
2021/1/6 6:00,0,0,0,0,0,22,22,73.5,1.1,73.1,1.6,71.9,71.1,0
2021/1/6 7:00,0,0,0,0,0,31.5,31.5,77.7,1.2,77.5,1.7,76.9,76.6,0
2021/1/6 8:00,0,0,0,0,0,31.3,31.3,75.1,1,75.1,1.5,74.8,74.7,0
2021/1/6 9:00,0,0,0,0,4.5,25.2,25.2,73.2,1,73.3,1.5,73.6,73.8,0
2021/1/6 10:00,17.9,27725.4,9.3,11.683,51.3,24,24,71.5,1.1,71.8,1.5,72.7,73.3,0
2021/1/6 11:00,31.6,92287.9,20,32.719,50.9,18.9,18.9,69.5,1,69.8,1.4,71,71.4,0
2021/1/6 12:00,30.8,117359.2,17.5,40.624,51,18.7,18.7,67.8,0.9,68.1,1.3,69.2,69.2,0
2021/1/6 13:00,15.9,86958.2,7,29.035,54.5,16.3,16.3,71.5,1.1,71.4,1.6,70.9,69.1,0
2021/1/6 14:00,0,21023,0,9.447,49,9.4,9.4,68.7,1.2,67.8,1.7,64.9,61.7,0
2021/1/6 15:00,0,0,0,0,0,5.9,5.9,64.3,1.2,63.1,1.7,59.2,55.8,0
2021/1/6 16:00,0,0,0,0,0,2.1,2.1,62.1,1.3,61.1,1.8,58.1,55.3,0
2021/1/6 17:00,0,0,0,0,0,1.6,1.6,60.2,1.2,59.6,1.7,57.3,55.1,0
2021/1/6 18:00,0,0,0,0,0,0.1,0.1,60.9,1.1,60.4,1.6,58.6,56.4,0
2021/1/6 19:00,0,0,0,0,0,0,0,63.4,1.3,63.1,1.9,62.4,60.4,0
2021/1/6 20:00,0,0,0,0,0,0,0,62.9,1.3,62.7,1.9,61.8,59.6,0
2021/1/6 21:00,0,0,0,0,0,0,0,62.6,1.3,62.4,1.8,61.6,59.1,0
2021/1/6 22:00,0,0,0,0,0,0,0,62.4,1.3,62,1.9,60.8,58,0
2021/1/6 23:00,0,0,0,0,0,3.4,3.4,63,1.2,62.5,1.8,61.2,58.1,0
2021/1/7 0:00,0,0,0,0,0,4.2,4.2,63.9,1.2,63.5,1.8,62.1,58.7,0
2021/1/7 1:00,0,0,0,0,0,0,0,63.4,1.5,63.1,2.1,61.6,57.6,0
2021/1/7 2:00,0,0,0,0,0,0,0,65.6,1.5,65.3,2.2,64,60,0
2021/1/7 3:00,0,0,0,0,0,0.3,0.3,67.7,1.4,67.5,2.1,66.1,61.8,0
2021/1/7 4:00,0,0,0,0,0,2.7,2.7,69.3,1.4,69.1,2,67.4,62.9,0
2021/1/7 5:00,0,0,0,0,0,6.2,6.2,70.3,1.3,70.1,1.9,68.4,63.9,0
2021/1/7 6:00,0,0,0,0,0,9.9,9.9,70.3,1.4,70.2,2.1,68.8,64.7,0
2021/1/7 7:00,0,0,0,0,0,20.6,20.6,68.1,1.6,68,2.4,67.1,64,0
2021/1/7 8:00,0,0,0,0,0,24.9,24.9,64.6,1.6,64.4,2.3,63.6,61.5,0.00043333499999999997
2021/1/7 9:00,0,0,0,0,6,25.1,25.1,61.5,1.7,61.3,2.4,60.7,59.2,0.8499750150000001
2021/1/7 10:00,18.7,30202.2,9.3,11.218,44.3,26.1,26.1,59.2,1.8,59.2,2.6,58.9,57.8,3.074512425
2021/1/7 11:00,32.9,96046.6,17.6,30.742,43.3,27.8,27.8,57.2,1.9,57.3,2.7,57.2,56.5,3.453500025
2021/1/7 12:00,32.1,122080.5,11.2,36.471,45.7,29.2,26.5,55.6,1.8,55.6,2.6,55.3,54.6,2.810412525
2021/1/7 13:00,17,91356.7,2.7,24.999,29.4,84.2,67.7,56.2,1.9,56.2,2.7,56.1,55.9,0.464812485
2021/1/7 14:00,0,23464.6,0,8.052,38.8,39,35.5,56.7,1.5,56.7,2.1,56.4,56.3,3e-05
2021/1/7 15:00,0,0,0,0,0,20,19.7,60.2,1.4,60,2.1,59.6,59.4,0
2021/1/7 16:00,0,0,0,0,0,19.5,17.4,63.6,1.5,63.5,2.1,63.2,63.4,0
2021/1/7 17:00,0,0,0,0,0,11.3,10.4,66.1,1.4,65.9,2,65.4,65.3,0
2021/1/7 18:00,0,0,0,0,0,9.3,6.6,67.1,1.4,67,2,66.4,66.1,0
2021/1/7 19:00,0,0,0,0,0,23.3,14,66,1.7,65.7,2.4,64.2,62.5,0
2021/1/7 20:00,0,0,0,0,0,9.7,6.1,67.2,1.5,66.9,2.2,65.2,63,0
2021/1/7 21:00,0,0,0,0,0,10.9,6.4,68.2,1.5,67.9,2.1,65.9,63.2,0
2021/1/7 22:00,0,0,0,0,0,18.9,9.8,69.2,1.4,69,2.1,67,64.1,0
2021/1/7 23:00,0,0,0,0,0,11.7,5.9,70.6,1.4,70.4,2,68.4,65.4,0
2021/1/8 0:00,0,0,0,0,0,1.9,0.9,71.8,1.2,71.5,1.7,69.2,66,0
2021/1/8 1:00,0,0,0,0,0,22,11,73.9,1.3,73.4,1.9,71.3,69,0
2021/1/8 2:00,0,0,0,0,0,36.7,19.2,73.8,1.2,73.3,1.7,71.3,69,0
2021/1/8 3:00,0,0,0,0,0,23.4,11.7,74.9,1.2,74.6,1.7,72.6,70.1,0
2021/1/8 4:00,0,0,0,0,0,11.9,6,75.5,1.3,75.1,1.8,73.3,70.7,0
2021/1/8 5:00,0,0,0,0,0,26.4,13.3,76.3,1.2,76,1.7,74.3,71.6,0
2021/1/8 6:00,0,0,0,0,0,38.8,20,76.9,1.1,76.7,1.6,75.2,72.4,0
2021/1/8 7:00,0,0,0,0,0,36.8,20.1,77.7,1.3,77.7,1.8,77.3,74.7,0
2021/1/8 8:00,0,0,0,0,0,31.3,18.4,75.7,1.1,75.7,1.6,75.4,73.1,0
2021/1/8 9:00,0,0,0,0,8.3,11.9,9.7,73.7,1.1,73.6,1.5,73.3,71.2,0.282587505
2021/1/8 10:00,19.6,32875.1,10.4,12.462,52.4,16,15.2,71.3,1,71.6,1.5,72.4,71.3,0.33541251
2021/1/8 11:00,34.2,100133.3,19.3,33.538,43.4,35.9,34.4,69.2,1.1,69.6,1.5,70.8,70.6,0.31906249499999995
2021/1/8 12:00,33.5,127185.2,12.7,38.445,30.7,63.7,58.1,67.7,1,68,1.4,69.4,70.1,0.2586
2021/1/8 13:00,18.2,96092.4,3.2,24.707,24.4,83.8,82.6,70.2,1.1,70.5,1.5,71.7,71.8,0.035012505
2021/1/8 14:00,0,27177.1,0,7.338,16.2,87.2,87.2,68.2,1.1,68.3,1.5,68.9,69.6,0
2021/1/8 15:00,0,0,0,0,0,92.6,92.6,69.4,0.9,69.4,1.3,69.3,70.2,0
2021/1/8 16:00,0,0,0,0,0,98.7,98.7,70.2,0.9,70.2,1.3,70.1,70.9,0
2021/1/8 17:00,0,0,0,0,0,97.2,97.2,71.4,1.1,71.2,1.6,70.4,70.6,0
2021/1/8 18:00,0,0,0,0,0,83.7,83.7,74,1.1,73.6,1.6,72.3,71.7,0
2021/1/8 19:00,0,0,0,0,0,55.9,55.9,81.3,1.1,80.8,1.5,79,77.2,0
2021/1/8 20:00,0,0,0,0,0,47.8,47.8,81.5,1,81.1,1.4,79.6,77.7,0
2021/1/8 21:00,0,0,0,0,0,23.4,23.4,83.2,1.1,82.8,1.5,81.4,79.2,0
2021/1/8 22:00,0,0,0,0,0,13.9,13.9,85.5,1.1,85.1,1.6,83.9,81.4,0
2021/1/8 23:00,0,0,0,0,0,4.2,4.1,88.3,1.1,88,1.6,86.9,83.8,0
2021/1/9 0:00,0,0,0,0,0,34.9,18.8,89.3,1.1,89,1.6,87.9,84.4,0
2021/1/9 1:00,0,0,0,0,0,4.3,3.5,89.7,1.4,89.6,2,89.3,86.4,0
2021/1/9 2:00,0,0,0,0,0,2.2,2.2,88.9,1.4,88.8,2,88.6,85.1,0
2021/1/9 3:00,0,0,0,0,0,1.9,1.8,87.9,1.6,87.8,2.3,87.5,83.4,0
2021/1/9 4:00,0,0,0,0,0,3.4,2.4,87.2,1.6,87.2,2.2,86.6,82.6,0
2021/1/9 5:00,0,0,0,0,0,17.5,9.4,86.3,1.3,86.3,1.9,84.9,80.8,0
2021/1/9 6:00,0,0,0,0,0,68,34.6,84,1.2,83.8,1.7,81.6,77.4,0
2021/1/9 7:00,0,0,0,0,0,76.9,38.4,79.3,1.4,79.1,2,77.1,73.4,0
2021/1/9 8:00,0,0,0,0,0,97.3,50.1,73.9,1.3,73.5,1.9,70.8,67.2,0.00125454
2021/1/9 9:00,0,0,0,0,5.2,99.5,76.1,69.2,1.5,68.7,2.2,65.8,62.5,0.146524995
2021/1/9 10:00,20.6,35747.7,3,11.662,10.3,99.7,91.3,66.3,1.4,65.9,1.9,62.4,58.9,0.40035
2021/1/9 11:00,35.6,104563.7,13.5,33.614,29,77.7,64.7,62.9,1.4,62,2,58.3,54.6,0.781875
2021/1/9 12:00,35.1,132689.2,15.5,43.814,41.6,95.3,63,59.6,1.5,58.7,2.2,55,51.7,0.34894999499999996
2021/1/9 13:00,19.4,101184.2,3.1,32.463,10.6,100,91.2,57.6,1.9,57.1,2.7,55,53.3,0.036899999999999995
2021/1/9 14:00,0,31071.6,0,10.6,17.1,100,85.7,57.3,2,56.8,2.8,54.9,53.5,0
2021/1/9 15:00,0,0,0,0,0.3,100,92.7,58.2,2.1,57.7,3,55.8,54.3,0
2021/1/9 16:00,0,0,0,0,0,100,98.6,58.2,2.3,57.8,3.2,56.2,55,0
2021/1/9 17:00,0,0,0,0,0,100,100,56.6,2.3,56.4,3.3,55.6,55.1,0
2021/1/9 18:00,0,0,0,0,0,100,100,57.7,2.7,57.5,3.8,56.8,56.6,0
2021/1/9 19:00,0,0,0,0,0,100,100,59,2.7,59,3.9,59.2,59.7,0
2021/1/9 20:00,0,0,0,0,0,100,100,65.5,1.7,65.6,2.4,66,66.7,0
2021/1/9 21:00,0,0,0,0,0,100,100,69.3,2,69.1,2.8,68.3,67.9,0
2021/1/9 22:00,0,0,0,0,0,99.3,98.7,69.3,2.1,69.6,3,71,72.6,0
2021/1/9 23:00,0,0,0,0,0,42.3,42.3,74.6,2.3,74.9,3.3,76.3,77.8,0
2021/1/10 0:00,0,0,0,0,0,68.1,68.1,81,2.4,81,3.4,81.1,81.3,0
2021/1/10 1:00,0,0,0,0,0,33.1,33.1,80.9,2.3,80.9,3.3,80.8,80.9,0
2021/1/10 2:00,0,0,0,0,0,1.1,1.1,83.7,2.3,82.9,3.3,79.8,77.1,0
2021/1/10 3:00,0,0,0,0,0,41.3,41.3,83.6,2.2,82.5,3.2,77.8,73.8,0
2021/1/10 4:00,0,0,0,0,0,95.8,95.8,82.4,2,81.2,2.9,76.1,71.4,0
2021/1/10 5:00,0,0,0,0,0,97,96.9,77.4,2.2,76.4,3.1,72.4,68.8,0
2021/1/10 6:00,0,0,0,0,0,95.3,95.2,69.7,2.6,69.3,3.8,68.1,67.1,0
2021/1/10 7:00,0,0,0,0,0,96,96,68.9,2.8,68.5,4.1,67.3,66.5,0
2021/1/10 8:00,0,0,0,0,0,86.4,86.3,69.4,2.7,69.3,3.9,69.1,69.4,0
2021/1/10 9:00,0,0,0,0,2.9,83.7,83.3,72,2.7,72,3.9,72.1,72.6,0
2021/1/10 10:00,21.7,38825,2.7,10.063,16.3,94.5,86.8,74.2,2.7,74.2,3.8,74.2,74.6,0
2021/1/10 11:00,37.2,109354.7,3.8,26.696,20.6,97.4,88.7,74.2,2.5,74.2,3.6,74.6,75.3,0.00216249
2021/1/10 12:00,36.7,138608.7,3.2,32.681,15.8,98.1,89.6,77.3,2.5,77.3,3.6,77.7,78.5,0.000393179999999985
2021/1/10 13:00,20.7,106651.8,1.9,25.479,14.6,87.7,83.9,77.7,2.4,77.7,3.4,77.8,78.2,0
2021/1/10 14:00,0,35154.8,0,9.432,17,75.6,74.4,80.4,2.2,80.1,3.2,79.1,78.4,0
2021/1/10 15:00,0,0,0,0,1,76,75.8,84.5,2,84,2.9,82.3,80.8,0
2021/1/10 16:00,0,0,0,0,0,78.9,78.7,87.1,1.9,86.7,2.8,84.6,82.7,0
2021/1/10 17:00,0,0,0,0,0,64.3,64.2,86.1,1.9,85.8,2.7,83.9,81.9,0
2021/1/10 18:00,0,0,0,0,0,83.1,83.1,84.8,1.9,84.4,2.8,82.1,79.6,0
2021/1/10 19:00,0,0,0,0,0,64.4,64.1,81,1.9,80.5,2.7,78,75.4,0
2021/1/10 20:00,0,0,0,0,0,72.2,70.3,79.7,1.8,79,2.6,75.6,72.2,0
2021/1/10 21:00,0,0,0,0,0,86.3,84.6,77.4,1.6,76.3,2.3,71.8,67.3,0
2021/1/10 22:00,0,0,0,0,0,95,92.8,73.7,1.4,72.4,2,67.1,62.1,0
2021/1/10 23:00,0,0,0,0,0,96.1,90.8,69.8,1.1,68.7,1.6,64.4,60.3,0
2021/1/11 0:00,0,0,0,0,0,58.4,53.7,68,0.9,67.4,1.3,64.6,61.7,0
2021/1/11 1:00,0,0,0,0,0,98.6,96,72.3,1.1,71.1,1.6,66.3,62.1,0
2021/1/11 2:00,0,0,0,0,0,98.5,89.6,68.3,1.2,67.6,1.7,64.9,62.6,0
2021/1/11 3:00,0,0,0,0,0,96.9,80.5,65.6,1.1,65.5,1.6,65.1,64.7,0
2021/1/11 4:00,0,0,0,0,0,94.9,78.3,65.6,1.4,65.8,2.1,66.5,67.1,0
2021/1/11 5:00,0,0,0,0,0,99.8,98.8,66.2,1.2,66.3,1.7,66.7,67.2,0
2021/1/11 6:00,0,0,0,0,0,99.7,97.8,68.4,1.3,68.4,1.8,68.5,68.6,0
2021/1/11 7:00,0,0,0,0,0,99.6,97.7,76,1.3,74.9,1.8,70.9,67.9,0
2021/1/11 8:00,0,0,0,0,0,99.8,98.8,73.5,1.2,72.7,1.8,69.4,66.9,0
2021/1/11 9:00,0,0,0,0,0.2,99.9,99.3,74.8,1.5,74.1,2.1,71.3,69.4,0
2021/1/11 10:00,22.8,42113,0.1,7.852,1.4,99.9,98.8,73.4,1.2,72.9,1.7,71.1,70,0
2021/1/11 11:00,38.8,114524.1,0.4,20.004,1.9,99.8,98.3,72.9,1.3,72.7,1.8,72.4,72.4,0
2021/1/11 12:00,38.5,144960,0.6,25.472,2,99.8,98.2,72.6,1.4,72.7,2,73,73.6,0
2021/1/11 13:00,22.1,112515.5,0.7,22.375,3.8,95.4,94.7,74.6,1.3,74.5,1.8,74.5,74.8,0
2021/1/11 14:00,0,39435.3,0,9.055,16.5,84.7,78.8,71.6,1.2,71.9,1.7,73.2,74.4,0
2021/1/11 15:00,0,0,0,0,0.6,98.4,95.3,77,1.7,77.1,2.4,77.4,77.9,0
2021/1/11 16:00,0,0,0,0,0,99.6,99,78.6,1.6,78.7,2.4,78.8,79.3,0
2021/1/11 17:00,0,0,0,0,0,99.9,99.6,75.9,1.4,76.4,2,78,79.4,0
2021/1/11 18:00,0,0,0,0,0,99.8,99.6,81.1,1.7,81.5,2.4,82.8,84,0
2021/1/11 19:00,0,0,0,0,0,99.9,99.9,79.8,0.8,79.8,1.2,79.9,80.4,0
2021/1/11 20:00,0,0,0,0,0,99.3,99.3,81,0.8,81.1,1.2,81.5,82.2,0
2021/1/11 21:00,0,0,0,0,0,77.1,77.1,84.7,0.8,84.8,1.2,85.1,85.6,0
2021/1/11 22:00,0,0,0,0,0,67.5,67.5,86.8,0.8,86.9,1.2,87.1,87.5,0
2021/1/11 23:00,0,0,0,0,0,55.6,54.4,88,0.7,88.5,1,90,91.1,0
2021/1/12 0:00,0,0,0,0,0,90.5,88.6,86.9,0.5,87.5,0.8,89.6,91.2,0
2021/1/12 1:00,0,0,0,0,0,99.8,99.4,86.2,1.6,87,2.3,89.9,92.4,0
2021/1/12 2:00,0,0,0,0,0,100,100,84.4,1.8,85.1,2.6,88,90.4,0
2021/1/12 3:00,0,0,0,0,0,100,100,83.6,2.5,84.1,3.6,85.9,87.5,0
2021/1/12 4:00,0,0,0,0,0,100,100,85.4,2.9,85.6,4.2,86.8,87.9,0
2021/1/12 5:00,0,0,0,0,0,100,100,86.3,3.4,86.4,4.9,86.7,87.1,0
2021/1/12 6:00,0,0,0,0,0,100,100,85,3.5,84.9,5,84.6,84.5,0
2021/1/12 7:00,0,0,0,0,0,100,100,80.2,4,80.1,5.8,80,80.2,0
2021/1/12 8:00,0,0,0,0,0,100,100,78.2,3.7,78.1,5.3,78,78.1,0
2021/1/12 9:00,0.1,38.7,0,0.02,0,100,100,76.8,3.6,76.7,5.2,76.7,76.8,0
2021/1/12 10:00,24.1,45658.2,0,6.057,0,100,100,76.1,3.5,76.1,5,76.3,76.8,0
2021/1/12 11:00,40.6,120089.9,0,14.576,0,100,100,75.5,3.1,75.5,4.4,75.7,76.2,0
2021/1/12 12:00,40.4,151759.1,0.1,15.688,0,100,100,76.4,3.1,76.4,4.5,76.3,76.5,0
2021/1/12 13:00,23.6,118795.8,0,9.991,0,100,100,80.3,3.6,80.4,5.1,80.9,81.5,0
2021/1/12 14:00,0,43924.1,0,2.84,0.2,100,100,79,3.3,79.1,4.8,79.5,80,0
2021/1/12 15:00,0,0,0,0,0,100,100,76.3,2.8,76.2,4.1,76,76,0
2021/1/12 16:00,0,0,0,0,0,100,100,76.6,2.8,76.5,4.1,76.4,76.5,0
2021/1/12 17:00,0,0,0,0,0,99.9,99.9,75.7,3,75.7,4.3,75.9,76.4,0
2021/1/12 18:00,0,0,0,0,0,99.9,99.9,71.2,3.3,71.1,4.7,70.8,70.9,0
2021/1/12 19:00,0,0,0,0,0,90.4,90.4,72.5,3.8,72.4,5.5,72.4,72.8,0
2021/1/12 20:00,0,0,0,0,0,86.4,86.4,72.9,4.7,72.7,6.8,72,72,0
2021/1/12 21:00,0,0,0,0,0,35.8,35.8,74.6,4.5,74.4,6.5,73.7,73.7,0
2021/1/12 22:00,0,0,0,0,0,47.7,47.7,75.6,4.2,75.3,6.1,74.4,74.2,0
2021/1/12 23:00,0,0,0,0,0,86.3,86.3,75.8,3.9,75.6,5.5,75.2,75.4,0
2021/1/13 0:00,0,0,0,0,0,50.7,50.7,77.9,3.8,77.7,5.5,77.4,77.6,0
2021/1/13 1:00,0,0,0,0,0,88.4,88.4,73.7,2.9,73.4,4.1,72.6,72.6,0
2021/1/13 2:00,0,0,0,0,0,97.4,97.4,73.4,3.3,73.2,4.8,72.8,73.1,0
2021/1/13 3:00,0,0,0,0,0,94.7,94.7,73,3.4,72.8,4.8,72.3,72.8,0
2021/1/13 4:00,0,0,0,0,0,21,21,78,3.6,77.7,5.1,77,77.2,0
2021/1/13 5:00,0,0,0,0,0,4.7,4.7,79.6,3.4,79.2,4.9,78.3,78.3,0
2021/1/13 6:00,0,0,0,0,0,4.5,4.5,81.4,2.8,80.8,4,79.4,79,0
2021/1/13 7:00,0,0,0,0,0,5.1,5.1,81.3,1.3,80.8,1.8,78.7,77.3,0
2021/1/13 8:00,0,0,0,0,0,7.5,7.5,79,1.4,78.2,2.1,75.8,75.3,0
2021/1/13 9:00,1.1,321.6,0.4,0.809,16.5,9.3,9.3,76.8,2.1,75.9,3,72.9,72.6,0.101475
2021/1/13 10:00,25.4,49674.9,17.8,19.064,57.4,5.5,5.5,75.8,2,75.2,2.9,73.2,73.2,0.235862505
2021/1/13 11:00,42.5,126071,32.8,48.758,57,29.1,17.8,81.6,2.1,81.3,3,80.1,79.6,0.275687505
2021/1/13 12:00,42.5,159021.8,31.6,60.444,54.8,26.2,20.6,82.4,1.9,82.2,2.7,81.4,81,0.825724995
2021/1/13 13:00,25.2,125513.1,16.2,47.118,53.2,11.4,11.4,82.1,1.7,81.8,2.4,80.5,80.1,0.553624995
2021/1/13 14:00,0.9,48884.7,0.3,17.473,54.7,9.3,9,84.5,1.4,84,2,81.7,80.5,0.000475005
2021/1/13 15:00,0,250.3,0,0.296,8.4,30,30,88.7,1.5,88.2,2.1,86,84,0
2021/1/13 16:00,0,0,0,0,0,31.3,31.3,90.9,1.3,90.5,1.8,88.7,86.9,0
2021/1/13 17:00,0,0,0,0,0,34.1,34.1,90.4,1.1,90.8,1.6,91,90.2,0
2021/1/13 18:00,0,0,0,0,0,39.9,39.9,88.8,1.6,89.1,2.4,89.1,88.3,0
2021/1/13 19:00,0,0,0,0,0,33.8,33.8,90.5,1.6,89.9,2.3,87.5,85.8,0
2021/1/13 20:00,0,0,0,0,0,31.2,31.2,92.2,1.1,91.3,1.5,88.2,86,0
2021/1/13 21:00,0,0,0,0,0,36.2,36.2,92.6,1.1,92.2,1.5,90.3,88.9,0
2021/1/13 22:00,0,0,0,0,0,37.3,37.3,91.5,1.1,91.3,1.6,90.1,89.2,0
2021/1/13 23:00,0,0,0,0,0,34.4,34.4,91.2,1.2,90.8,1.8,89.1,87.9,0
2021/1/14 0:00,0,0,0,0,0,35.3,35.3,91.8,1.2,91.2,1.8,88.8,87.3,0
2021/1/14 1:00,0,0,0,0,0,44.7,44.7,92.3,1,93,1.4,94.9,95.8,0
2021/1/14 2:00,0,0,0,0,0,48.5,48.5,93.2,1.4,93.5,2,94.3,94.5,0
2021/1/14 3:00,0,0,0,0,0,50.1,50.1,93.8,1.4,93.6,2.1,92.7,92.1,0
2021/1/14 4:00,0,0,0,0,0,46.9,46.9,93.8,1.3,93.4,1.8,92.1,91.3,0
2021/1/14 5:00,0,0,0,0,0,44.8,44.8,93.5,1.3,93.2,1.8,92.1,91.4,0
2021/1/14 6:00,0,0,0,0,0,45.9,45.1,93.8,1.3,93.5,1.9,92.2,91.4,0
2021/1/14 7:00,0,0,0,0,0,45.2,45.2,94.8,1.3,94.3,1.8,92.3,91.1,0
2021/1/14 8:00,0,0,0,0,0,48.1,48.1,90.6,1.3,90.2,1.8,88.6,87.6,0.000204555
2021/1/14 9:00,2.2,619.3,0.9,1.522,10.3,48.3,48.3,87.2,1.3,86.8,1.8,85.3,84.3,0.5927124899999999
2021/1/14 10:00,26.9,53945,13.1,18.359,30.7,48.8,48.8,86.6,1.2,86.3,1.7,85.1,84.2,1.42919997
2021/1/14 11:00,44.6,132486,22.5,43.231,30.6,49,49,86.1,1.2,86,1.7,85.3,84.8,1.769312505
2021/1/14 12:00,44.6,166763.2,20.3,51.492,30.6,49,49,85.8,1.1,85.7,1.6,85.3,85,1.52809998
2021/1/14 13:00,27,132687.1,10,40.022,30,51.1,50.6,86.7,1.1,86.9,1.5,87.8,88.4,0.65451249
2021/1/14 14:00,2.3,54226.1,0.5,15.935,27.6,62.4,58.2,87.8,1.2,87.8,1.7,87.9,87.9,0.0027749999999999997
2021/1/14 15:00,0,644.4,0,1.01,7.1,57.6,55.2,89.6,1.1,89.5,1.6,89.3,89.1,0
2021/1/14 16:00,0,0,0,0,0,82.1,66.5,92,1,91.8,1.4,90.9,90.4,0
2021/1/14 17:00,0,0,0,0,0,85.9,68,91.7,1.1,91.6,1.6,91,90.5,0
2021/1/14 18:00,0,0,0,0,0,89,67.1,92.9,1.3,92.7,1.9,91.3,90.2,0
2021/1/14 19:00,0,0,0,0,0,88.7,68.4,92.6,1.3,92.3,1.9,91,90,0
2021/1/14 20:00,0,0,0,0,0,81.3,64.8,92.1,1.2,91.8,1.7,90.1,88.8,0
2021/1/14 21:00,0,0,0,0,0,76.2,62.3,92.3,1.2,92.3,1.7,91.4,90.4,0
2021/1/14 22:00,0,0,0,0,0,74.3,61.2,92.2,1.4,92.2,1.9,91.2,90.2,0
2021/1/14 23:00,0,0,0,0,0,78.6,63.7,91.5,1.4,91.3,2,89.9,88.7,0
2021/1/15 0:00,0,0,0,0,0,70.2,59.7,91.2,1.4,90.7,2,88.3,86.5,0
2021/1/15 1:00,0,0,0,0,0,84.2,73.6,90.9,1.2,91.1,1.7,90.6,89.8,0
2021/1/15 2:00,0,0,0,0,0,92.8,76.5,91.3,1.3,91.2,1.9,89.8,88.3,0
2021/1/15 3:00,0,0,0,0,0,91.7,80.8,90.4,1.3,90.2,1.9,88.3,86.8,0
2021/1/15 4:00,0,0,0,0,0,86.7,81.1,89.4,1.3,89.2,1.9,87.5,86,0
2021/1/15 5:00,0,0,0,0,0,84.8,80.4,89.4,1.3,89.1,1.8,87.4,85.8,0
2021/1/15 6:00,0,0,0,0,0,84.6,75.1,90.7,1.4,90.3,2,88.1,86.2,0
2021/1/15 7:00,0,0,0,0,0,61.4,57.8,92.3,1.3,92.6,1.9,92.1,90.9,0
2021/1/15 8:00,0,0,0,0,0,53.9,51.7,89,1.2,89.2,1.8,88.1,86.6,0.000136365
2021/1/15 9:00,3.3,931.7,1.2,2.179,11,63.7,56.8,86.2,1.3,86,1.9,83.5,81.1,0.291949995
2021/1/15 10:00,28.4,58481,12.2,18.497,23.3,73.5,67.3,85.8,1.4,85.1,2.1,81.3,78.3,0.1482
2021/1/15 11:00,46.8,139353.7,17.2,42.072,13.2,83.5,80.7,85,1.3,83.9,1.9,79.3,76.3,0.18615
2021/1/15 12:00,46.9,174997.6,12.4,50.089,2.6,96.3,96,84.4,1.2,83.1,1.7,78.4,75.6,0.099012495
2021/1/15 13:00,28.8,140337,4.7,38.972,3.2,99.1,96.9,84.7,1.1,84.6,1.6,83.9,83.3,0.0073999949999999995
2021/1/15 14:00,3.8,59835,0.3,16.376,9.6,96.4,90.1,85.9,1.2,85.1,1.8,82,80.2,0
2021/1/15 15:00,0,1050.5,0,1.739,0.6,97.6,97,88,1.1,86.7,1.6,82.7,80.4,0
2021/1/15 16:00,0,0,0,0,0,98.3,98.3,90.7,1.2,89.3,1.8,84.6,81.9,0
2021/1/15 17:00,0,0,0,0,0,96.8,96.8,91.6,1.3,89.5,1.9,83,79.3,0
2021/1/15 18:00,0,0,0,0,0,66,66,94.8,1.3,92.2,1.8,83.9,79.3,0
2021/1/15 19:00,0,0,0,0,0,55.5,55.5,93.2,1.3,91.1,1.9,84.4,80.7,0
2021/1/15 20:00,0,0,0,0,0,55.2,55.2,93.4,1.4,91.3,2,84.5,80.7,0
2021/1/15 21:00,0,0,0,0,0,50,50,94.2,1.2,92.2,1.8,85.6,81.9,0
2021/1/15 22:00,0,0,0,0,0,48.1,48.1,93.9,1.1,92.3,1.6,86.8,83.7,0
2021/1/15 23:00,0,0,0,0,0,48.3,48.3,94,1,92.9,1.5,89.1,86.8,0
2021/1/16 0:00,0,0,0,0,0,47.8,47.8,93.7,1.1,93.4,1.5,91.9,90.8,0
2021/1/16 1:00,0,0,0,0,0,48.4,48.4,94.7,1.2,94.4,1.8,93.2,92.6,0
2021/1/16 2:00,0,0,0,0,0,48.5,48.5,94.5,1,94.2,1.5,93.2,92.6,0
2021/1/16 3:00,0,0,0,0,0,48.2,48.2,94.5,1,94.1,1.4,92.7,91.7,0
2021/1/16 4:00,0,0,0,0,0,46.5,46.5,94.5,1,94,1.5,91.7,90.3,0
2021/1/16 5:00,0,0,0,0,0,47.8,47.8,94.3,0.9,93.6,1.3,91.1,89.4,0
2021/1/16 6:00,0,0,0,0,0,47.7,47.7,94.3,1.1,93.9,1.5,92.1,90.8,0
2021/1/16 7:00,0,0,0,0,0,49.1,49.1,94.3,1.3,94,1.9,92.5,91.2,0
2021/1/16 8:00,0,0,0,0,0,48.4,48.4,91,1.2,90.6,1.8,88.9,87.2,0.0002625
2021/1/16 9:00,4.5,1258.7,2.4,3.307,13.8,42.3,42.3,87.6,1.2,87.3,1.7,85.6,83.3,1.0024375049999998
2021/1/16 10:00,30.1,63298,22.8,25.3,39.5,34.2,34.2,85.6,1.1,85.4,1.6,84.2,81.5,3.0315125999999997
2021/1/16 11:00,49.1,146692.2,43.2,57.869,41.7,30.5,30.5,82,1.2,81.9,1.7,81.1,78.1,4.47546255
2021/1/16 12:00,49.4,183738.7,43.6,71.624,42.3,29.5,29.5,75.9,1.4,76,2,76.3,73.8,3.96632505
2021/1/16 13:00,30.8,148480.7,24.4,57.775,54.9,8.5,8.5,74.3,1.9,74.1,2.8,73.5,71.3,2.0677250249999997
2021/1/16 14:00,5.2,65732.9,2.9,25.709,59.5,0.8,0.8,76.5,2.2,75.9,3.1,73.3,70.2,0.01352046
2021/1/16 15:00,0,1468.6,0,3.681,21,0.2,0.2,80.4,2.3,79.5,3.2,75.9,72.1,0
2021/1/16 16:00,0,0,0,0,0,0.2,0.2,84,2.2,83.2,3.1,79.2,75.3,0
2021/1/16 17:00,0,0,0,0,0,0,0,82.2,1.9,81.6,2.7,78.5,75.5,0
2021/1/16 18:00,0,0,0,0,0,0,0,84.1,2,83.4,2.8,79.8,76.5,0
2021/1/16 19:00,0,0,0,0,0,0,0,84.8,1.4,84.2,2,79.7,74.4,0
2021/1/16 20:00,0,0,0,0,0,0.9,0.9,86.5,1.3,86,1.9,80.9,74.9,0
2021/1/16 21:00,0,0,0,0,0,2.4,2.4,86.2,1.3,85.7,1.9,80.1,74,0
2021/1/16 22:00,0,0,0,0,0,2.9,2.9,81.3,1.2,81,1.7,76.7,71.9,0
2021/1/16 23:00,0,0,0,0,0,0.1,0.1,78.1,1.2,77.6,1.7,73.7,69.6,0
2021/1/17 0:00,0,0,0,0,0,0,0,77.8,1.4,76.8,2.1,72.1,68,0
2021/1/17 1:00,0,0,0,0,0,0.4,0.4,73.2,1.8,71.8,2.5,66.4,62.3,0
2021/1/17 2:00,0,0,0,0,0,0.4,0.4,72.7,1.8,71.2,2.7,65.5,61.1,0
2021/1/17 3:00,0,0,0,0,0,0,0,73.4,1.8,71.9,2.5,66.2,61.4,0
2021/1/17 4:00,0,0,0,0,0,0,0,75.7,1.7,74.1,2.4,68,62.7,0
2021/1/17 5:00,0,0,0,0,0,0,0,76.3,1.6,74.6,2.3,67.8,61.9,0
2021/1/17 6:00,0,0,0,0,0,0,0,75.5,1.5,74,2.1,68,62.3,0
2021/1/17 7:00,0,0,0,0,0,2.4,2.4,79.9,1.6,78,2.3,70.2,63,0
2021/1/17 8:00,0,0,0,0,0,2.7,2.7,76.1,1.5,74.4,2.2,67.1,60.3,0.011612504999999983
2021/1/17 9:00,5.7,1600.1,4.5,4.286,26.3,2.7,2.7,73.3,1.5,71.7,2.2,64.8,58.3,0.77270001
2021/1/17 10:00,31.9,68413.8,27.2,28.229,58.8,2,2,72.5,1.6,70.9,2.2,64.1,57.6,3.0096749999999997
2021/1/17 11:00,51.6,154519.2,46.8,61.946,60,0,0,69.3,1.4,67.8,2,61.5,55.3,3.830912475
2021/1/17 12:00,52,192998.7,46,75.557,59.9,16.5,8.3,66.5,1.2,65.2,1.8,59.7,53.9,0.58674999
2021/1/17 13:00,32.9,157134.9,25.6,60.934,58.9,21.3,11.5,68.4,1.3,67,1.8,61,55.3,0.2397375
2021/1/17 14:00,6.8,71944.9,4.1,28.301,59.3,21.4,11.4,68.4,1.3,66.9,1.9,60.9,55.3,0.016600005
2021/1/17 15:00,0,1898.2,0,4.92,22.7,16.6,9.1,73,1.4,71.6,2,65.5,59.8,0
2021/1/17 16:00,0,0,0,0,0,27.2,16.3,80.6,1.4,78.9,2,71.9,65.2,0
2021/1/17 17:00,0,0,0,0,0,51.2,34.7,83.4,1.4,81.8,2,75,68.2,0
2021/1/17 18:00,0,0,0,0,0,80.1,54.6,83.1,1.3,81.5,1.8,74.8,68.2,0
2021/1/17 19:00,0,0,0,0,0,98.7,89.2,78.4,1.3,77.2,1.8,71.7,66.1,0
2021/1/17 20:00,0,0,0,0,0,96.1,67.7,78.2,1.2,77.2,1.7,72.7,68.1,0
2021/1/17 21:00,0,0,0,0,0,96.9,70.5,77.3,1.1,76.5,1.5,72.5,68.4,0
2021/1/17 22:00,0,0,0,0,0,99.7,95.7,77.3,1.2,76.3,1.8,72.3,68.3,0
2021/1/17 23:00,0,0,0,0,0,100,100,76.6,1.2,75.5,1.7,71.2,67.2,0
2021/1/18 0:00,0,0,0,0,0,100,100,78.5,0.8,77.4,1.1,73,69.1,0
2021/1/18 1:00,0,0,0,0,0,99.8,99.2,81.8,1.1,81.1,1.5,78,74.8,0
2021/1/18 2:00,0,0,0,0,0,100,99.9,80.9,0.9,80.2,1.3,77.6,75,0
2021/1/18 3:00,0,0,0,0,0,100,100,79.3,0.9,78.9,1.3,76.9,75,0
2021/1/18 4:00,0,0,0,0,0,97.2,94.2,79.4,0.9,78.8,1.3,76.8,75.1,0
2021/1/18 5:00,0,0,0,0,0,84.3,72.1,78.5,0.8,78.3,1.1,77.4,76.3,0
2021/1/18 6:00,0,0,0,0,0,67.6,49.7,79.6,0.9,79.4,1.4,78.3,77.1,0
2021/1/18 7:00,0,0,0,0,0,77.2,55.7,85.8,1.3,85.5,1.8,84.2,82.9,0
2021/1/18 8:00,0,0,0,0,0,84,69.6,83.4,1.2,83.3,1.7,82.3,81,0.027962505
2021/1/18 9:00,7,1955.9,2.6,4.918,16.7,69.4,62.7,88.5,1.2,88.1,1.7,85.5,82.7,0.9104749950000001
2021/1/18 10:00,33.9,73848.6,20,27.502,32.5,58.3,53,87.6,1.3,87.2,1.8,84.7,81.7,3.15745005
2021/1/18 11:00,54.2,162851.5,37.5,58.481,36.5,77.8,69.2,87.5,1.5,87.1,2.1,84.6,81.6,3.476025
2021/1/18 12:00,54.7,202789.1,30,69.544,40.6,78.8,66.2,85.1,1.7,84.7,2.4,82.3,79.6,3.59481255
2021/1/18 13:00,35.1,166314.8,15.3,55.237,33.5,81,63.1,85.5,1.8,84.7,2.5,81.1,77.5,2.472062475
2021/1/18 14:00,8.4,78499.6,3.4,27.252,34,66.6,55.1,87.5,2.1,86.4,3,81.7,77.6,0.0594375
2021/1/18 15:00,0,3637.2,0,5.661,14.6,48.5,46.3,89.7,2.3,88.4,3.3,82.6,77.6,0
2021/1/18 16:00,0,0,0,0,0,41.5,39.6,91.2,2.3,89.8,3.3,84,78.8,0
2021/1/18 17:00,0,0,0,0,0,37.3,34,90.6,2.3,89.4,3.2,84,79.2,0
2021/1/18 18:00,0,0,0,0,0,23.4,23,89,2.2,88,3.1,83.4,79.5,0
2021/1/18 19:00,0,0,0,0,0,1.2,1.2,86.7,2.1,85.5,3.1,80.6,77.2,0
2021/1/18 20:00,0,0,0,0,0,0.8,0.8,85.1,1.7,84,2.5,79.7,76.9,0
2021/1/18 21:00,0,0,0,0,0,0.7,0.7,83.4,1.7,82.1,2.4,77.4,74,0
2021/1/18 22:00,0,0,0,0,0,0.1,0.1,86.1,1.6,84.6,2.3,78.7,74.1,0
2021/1/18 23:00,0,0,0,0,0,0.5,0.5,86.7,1.5,85.2,2.2,79,74.2,0
2021/1/19 0:00,0,0,0,0,0,5,3.9,82.8,1.4,81.8,1.9,77.7,74,0
2021/1/19 1:00,0,0,0,0,0,22.9,22.9,82,1.4,81.1,2,77.4,74.1,0
2021/1/19 2:00,0,0,0,0,0,16.6,16.6,82,1.4,81.3,2,78.3,75.9,0
2021/1/19 3:00,0,0,0,0,0,25.6,25.6,78.8,1.3,78.4,1.9,76.8,75.6,0
2021/1/19 4:00,0,0,0,0,0,0,0,78.8,1.5,78.6,2.2,77.4,76.5,0
2021/1/19 5:00,0,0,0,0,0,0,0,83.7,1.7,83,2.4,80,77.6,0
2021/1/19 6:00,0,0,0,0,0,9.8,9.8,84.5,1.6,83.8,2.3,80.7,78.2,0
2021/1/19 7:00,0,0,0,0,0,27.8,27.8,81,1.3,80.5,1.8,78.2,76,0
2021/1/19 8:00,0,0,0,0,0,27.8,27.8,78,1.4,77.8,2,76.2,74.6,0.029862494999999985
2021/1/19 9:00,8.3,3388.8,5.8,6.23,22.4,35.4,35.4,77.3,1.5,77.1,2.1,75.5,73.7,0.851387505
2021/1/19 10:00,35.9,79625.6,27.9,32.428,44.1,40,39.8,74.5,1.5,74.3,2.2,73.1,71.5,2.69746245
2021/1/19 11:00,56.9,171704.7,46.5,65.886,46.8,29.7,29.5,79.2,2.1,78.3,3.1,74.2,70.8,0.6063375
2021/1/19 12:00,57.6,213119.9,42.4,78.09,59.3,2.1,1.7,76.5,2.2,75.4,3.2,71.3,68.2,0.44041249499999996
2021/1/19 13:00,37.5,176033.7,21.7,62.657,43.4,28.2,28,71.4,2.1,70.6,3,67.8,65.9,0.18627499499999997
2021/1/19 14:00,10,85428.3,3.4,30.354,50.8,59.5,37.5,72.8,2.2,71.9,3.1,68.7,66.4,0.013149989999999999
2021/1/19 15:00,0,6161.7,0,6.1,26.8,86.8,47.2,74.9,2.3,74,3.3,70.9,68.7,0
2021/1/19 16:00,0,0,0,0,0,92.3,59,77.8,2.2,76.9,3.2,73.9,71.8,0
2021/1/19 17:00,0,0,0,0,0,96.8,77.6,77.4,2.3,76.6,3.3,73.7,71.7,0
2021/1/19 18:00,0,0,0,0,0,97.4,89.6,76.2,2.4,75.4,3.4,72.5,70.4,0
2021/1/19 19:00,0,0,0,0,0,30.2,28.9,76.4,2.5,75.5,3.5,72.5,70.3,0
2021/1/19 20:00,0,0,0,0,0,29.6,25,78.5,2,77.7,2.9,74.7,72.5,0
2021/1/19 21:00,0,0,0,0,0,86,76.3,77.5,1.8,76.7,2.6,73.7,71.6,0
2021/1/19 22:00,0,0,0,0,0,75.2,50.1,77.6,1.6,76.9,2.3,74.5,72.9,0
2021/1/19 23:00,0,0,0,0,0,71.7,51.3,78.4,1.5,77.6,2.1,74.8,73,0
2021/1/20 0:00,0,0,0,0,0,77.5,68.2,79.8,1.4,78.9,2.1,75.6,73.4,0
2021/1/20 1:00,0,0,0,0,0,99.2,95.5,78.9,1.7,78,2.4,74.8,72.8,0
2021/1/20 2:00,0,0,0,0,0,98.6,94.9,79.4,1.7,78.5,2.5,75.4,73.5,0
2021/1/20 3:00,0,0,0,0,0,91.8,87.6,78.8,1.8,78,2.5,75.2,73.5,0
2021/1/20 4:00,0,0,0,0,0,17.7,17.6,80.9,1.8,80.1,2.6,77.3,75.6,0
2021/1/20 5:00,0,0,0,0,0,14.2,8.1,81.5,1.9,80.6,2.7,77.5,75.5,0
2021/1/20 6:00,0,0,0,0,0,7.2,3.8,82.9,2,81.9,2.8,78.3,76,0
2021/1/20 7:00,0,0,0,0,0,16.1,15.8,82.3,2.1,81.4,3,78.1,76,0
2021/1/20 8:00,0,0,0,0,0,49.9,49.9,80.5,2.2,79.7,3.1,76.5,74.2,0.0027749999999999997
2021/1/20 9:00,9.7,5501.1,4.4,6.982,26.3,23.1,23.1,79.1,2.5,78.4,3.6,75.9,74.1,0.28454999999999997
2021/1/20 10:00,38.1,85770.4,22.6,32.523,41.5,31.1,31.1,78,2.5,77.4,3.7,74.9,73.1,0.76408749
2021/1/20 11:00,59.8,181093.5,29.4,60.604,20.7,65.7,65.7,75,2.5,74.4,3.6,72.3,70.8,0.3634875
2021/1/20 12:00,60.6,223999.7,28.8,70.026,24.9,89.5,74,71.6,2.8,71,4.1,68.9,67.4,0.39754999499999993
2021/1/20 13:00,40,186303.3,12.7,58.511,34.2,98.1,70.7,73.7,3,73,4.2,70.6,68.8,0.14451249
2021/1/20 14:00,11.6,92764.2,0.7,29.651,52.9,98.6,55.9,76,3.3,75.1,4.8,72.1,69.9,0.002462505
2021/1/20 15:00,0,8747.8,0,6.104,24.8,100,61.3,79.7,3.5,78.7,5,75.2,72.7,0
2021/1/20 16:00,0,0,0,0,0,99.6,76.8,82.5,3.7,81.4,5.3,77.3,74.4,0
2021/1/20 17:00,0,0,0,0,0,100,92.8,81.5,3.8,80.4,5.5,76.4,73.4,0
2021/1/20 18:00,0,0,0,0,0,100,99.8,78.8,3.9,77.7,5.6,74,71.3,0
2021/1/20 19:00,0,0,0,0,0,100,100,73.8,4.2,73,6,70.3,68.3,0
2021/1/20 20:00,0,0,0,0,0,100,100,73.9,4.4,73.2,6.3,70.8,69.2,0
2021/1/20 21:00,0,0,0,0,0,100,100,74.6,4.5,73.9,6.4,71.5,69.9,0
2021/1/20 22:00,0,0,0,0,0,100,99.2,73.2,4.4,72.4,6.4,69.9,68.1,0
2021/1/20 23:00,0,0,0,0,0,100,100,72.8,4.6,72,6.6,69.4,67.6,0
2021/1/21 0:00,0,0,0,0,0,100,99.8,72.5,4.6,71.7,6.5,68.9,66.9,0
2021/1/21 1:00,0,0,0,0,0,100,100,72.8,4.9,72.1,7.1,69.7,68.1,0
2021/1/21 2:00,0,0,0,0,0,100,100,71.4,4.8,70.7,6.8,68.4,66.8,0
2021/1/21 3:00,0,0,0,0,0,100,99.9,71.8,4.7,71.2,6.7,68.8,67.3,0
2021/1/21 4:00,0,0,0,0,0,100,99.6,74.1,5,73.4,7.1,71.1,69.5,0
2021/1/21 5:00,0,0,0,0,0,100,99.5,74.5,4.9,73.8,7,71.5,69.9,0
2021/1/21 6:00,0,0,0,0,0,100,99.4,76.5,4.9,75.9,7,73.8,72.4,0
2021/1/21 7:00,0,0,0,0,0,100,100,75.9,4.9,75.4,7,73.4,72.2,0
2021/1/21 8:00,0,0,0,0,0,100,96.8,72.4,4.7,71.8,6.8,69.8,68.4,0
2021/1/21 9:00,11.1,7691.5,0,3.006,4.2,100,96.2,70.7,4.6,69.9,6.6,66.8,64.7,0.06357499499999998
2021/1/21 10:00,40.5,92310.3,0,13.018,17.5,99.9,90.4,69.8,4.5,69,6.5,65.9,63.8,0.13182499499999997
2021/1/21 11:00,62.9,191030.9,2.8,31.026,30.1,98.2,79.5,70.4,4.3,69.5,6.1,66.3,64.1,0.3160875
2021/1/21 12:00,63.8,235435.9,4.1,46.983,22.8,99.1,84.4,71.6,4.2,70.6,6.1,66.9,64.4,0.156112485
2021/1/21 13:00,42.7,197133.4,1,42.897,19.2,100,84.3,73,4,71.9,5.8,68.1,65.5,0.015790904999999997
2021/1/21 14:00,13.3,100541.1,0.1,21.386,12.1,99.9,89.9,74.6,4,73.6,5.7,69.8,67.3,0
2021/1/21 15:00,0,11396.3,0,4.457,0.2,100,99.7,77.4,4.2,76.4,6,72.8,70.4,0
2021/1/21 16:00,0,0,0,0,0,100,100,78.1,4,77,5.8,73.2,70.8,0
2021/1/21 17:00,0,0,0,0,0,100,100,78.1,4,77.2,5.8,73.9,71.8,0
2021/1/21 18:00,0,0,0,0,0,100,100,76.6,4.1,75.8,5.9,72.9,71,0
2021/1/21 19:00,0,0,0,0,0,100,99.5,76.2,4,75.4,5.8,72.6,70.8,0
2021/1/21 20:00,0,0,0,0,0,100,99.9,76.7,3.8,75.9,5.5,73,71.3,0
2021/1/21 21:00,0,0,0,0,0,100,100,75.8,3.7,74.9,5.3,72,70.5,0
2021/1/21 22:00,0,0,0,0,0,100,100,74.4,3.1,73.5,4.5,70.3,68.5,0
2021/1/21 23:00,0,0,0,0,0,39.8,20.9,77.6,2.7,76.5,3.8,72.4,70,0
2021/1/22 0:00,0,0,0,0,0,57.4,57.4,77.6,2.5,76.3,3.7,72,69.5,0
2021/1/22 1:00,0,0,0,0,0,1.4,1.4,78.7,2.8,77.4,4.1,72.6,69.6,0
2021/1/22 2:00,0,0,0,0,0,0.6,0.6,82.3,2.8,80.9,4,75.9,72.6,0
2021/1/22 3:00,0,0,0,0,0,83.8,83.4,83.7,3.2,82.4,4.7,78.1,74.7,0
2021/1/22 4:00,0,0,0,0,0,100,99.9,84.3,3.4,83.3,4.9,79.7,76.3,0
2021/1/22 5:00,0,0,0,0,0,99.5,96.6,83.6,3.6,82.7,5.2,79.3,75.7,0
2021/1/22 6:00,0,0,0,0,0,98.6,96.9,83.5,3.4,82.5,4.9,78.5,74.8,0
2021/1/22 7:00,0,0,0,0,0,61.2,55.1,76.3,2.5,75.4,3.6,71.9,69.3,0
2021/1/22 8:00,0,0,0,0,0,93.5,66.3,68.7,3,67.7,4.3,64,61.7,0.0322875
2021/1/22 9:00,12.6,9960.3,2.3,7.234,30.5,83.4,52.6,65.9,3.5,65,5,61.8,60,0.8774249850000001
2021/1/22 10:00,43,99274.6,11,30.676,23.2,90.9,76.1,64.6,3.7,63.7,5.3,60.4,58.8,0.408625005
2021/1/22 11:00,66.1,201528.4,13.7,55.44,12.7,99.3,89.1,64.4,4,63.5,5.7,60.5,59.2,0.341162505
2021/1/22 12:00,67.2,247434.2,8.1,61.108,5.9,92.2,91.2,64.5,3.7,63.6,5.3,60.5,59,0.210087495
2021/1/22 13:00,45.6,208532,2.9,46.341,1,99.2,98.7,65.4,3.8,64.4,5.5,61.2,59.7,0.109287495
2021/1/22 14:00,15.1,108792.4,2.1,24.036,6.6,90.7,89.8,66.6,3.5,65.7,5.1,62.5,60.8,0.017362499999999982
2021/1/22 15:00,0,14109.1,0,6.805,30.4,23,21.6,71.1,3.3,70.1,4.8,66.8,64.9,0
2021/1/22 16:00,0,0,0,0,0,24.2,19.9,76.1,3.2,75,4.6,71.3,69.1,0
2021/1/22 17:00,0,0,0,0,0,20.8,13.9,81.1,3.2,79.9,4.5,75.7,73.1,0
2021/1/22 18:00,0,0,0,0,0,41.6,33.2,82.9,3.2,81.5,4.5,76.7,73.6,0
2021/1/22 19:00,0,0,0,0,0,21.5,21.5,82.5,2.8,81,4.1,75.7,72.3,0
2021/1/22 20:00,0,0,0,0,0,85.1,52.6,82.8,2.7,81.2,3.8,75.9,72.4,0
2021/1/22 21:00,0,0,0,0,0,100,95.7,83.8,2.7,82.4,3.9,77.7,74.5,0
2021/1/22 22:00,0,0,0,0,0,100,99.8,84.9,2.9,83.8,4.2,80,77.4,0
2021/1/22 23:00,0,0,0,0,0,100,100,86.3,2.6,85.2,3.7,81.6,79.2,0
2021/1/23 0:00,0,0,0,0,0,100,100,87.5,2.8,86.8,4,84.3,82.7,0
2021/1/23 1:00,0,0,0,0,0,99.9,94.4,92.4,2.8,91.9,4,90.1,88.9,0
2021/1/23 2:00,0,0,0,0,0,99.9,96.2,91.1,2.6,90.4,3.7,88.2,87,0
2021/1/23 3:00,0,0,0,0,0,99.4,97.3,88.5,2.4,88,3.5,86.6,85.8,0
2021/1/23 4:00,0,0,0,0,0,98.4,96.5,89.7,2.3,89.2,3.3,87.2,86,0
2021/1/23 5:00,0,0,0,0,0,100,98,90.7,1.9,90.2,2.7,88.6,87.6,0
2021/1/23 6:00,0,0,0,0,0,99.8,97.2,89.1,1.5,89,2.2,88.7,88.7,0
2021/1/23 7:00,0,0,0,0,0,99.7,99.6,92,1.2,92.1,1.7,92.4,92.7,0
2021/1/23 8:00,0,0,0,0,0,99.5,98.9,91.8,1.1,91.5,1.6,90.6,90,0
2021/1/23 9:00,14.1,12308.4,0.2,3.098,2.2,99.9,99.6,92.4,1.1,91.7,1.6,89.1,87.3,0.175437495
2021/1/23 10:00,45.6,106693.2,0.6,14.457,15.8,99.4,95.2,92.4,0.7,91.3,1,87.4,84.6,0.0561
2021/1/23 11:00,69.5,212596.1,2.9,28.683,20,97.8,92,91,0.7,89.5,1.1,84.4,80.7,0.019437495000000003
2021/1/23 12:00,70.7,259999.1,2.4,34.087,2.8,99.3,99.2,88.4,0.9,87,1.3,81.8,78.3,0.001024995
2021/1/23 13:00,48.6,220504.9,0.1,26.982,14.2,100,96.1,87.4,0.7,86.4,1,82.9,80.2,0
2021/1/23 14:00,17,117549.9,0.1,13.338,2.5,100,99.7,87,1,85.8,1.4,81.8,78.9,0
2021/1/23 15:00,0,17643.8,0,3.118,0.2,100,100,85.2,1.1,83.9,1.6,79.5,76.3,0
2021/1/23 16:00,0,0,0,0,0,99.8,99.1,85.4,1.5,84.7,2.1,82.3,80.5,0
2021/1/23 17:00,0,0,0,0,0,98.8,96,87.8,1.4,87.5,2,86.2,85.4,0
2021/1/23 18:00,0,0,0,0,0,98.9,98.7,88.3,1.1,87.5,1.6,84.9,83,0
2021/1/23 19:00,0,0,0,0,0,99.2,99.2,90.9,0.8,90.1,1.1,87,84.9,0
2021/1/23 20:00,0,0,0,0,0,99.7,99.7,92.9,0.7,91.9,1,88.2,85.6,0
2021/1/23 21:00,0,0,0,0,0,99.8,99.7,89.8,1,89,1.4,85.7,83.3,0
2021/1/23 22:00,0,0,0,0,0,99.8,99.6,88.3,1.3,86.9,1.8,81.9,78.2,0
2021/1/23 23:00,0,0,0,0,0,99.8,99.6,88.3,1.4,86.8,2,81.7,77.7,0
2021/1/24 0:00,0,0,0,0,0,99.9,99.7,87.6,1.5,86.3,2.2,81.3,77.5,0
2021/1/24 1:00,0,0,0,0,0,100,100,90.2,1.4,88.9,2,84.8,81.7,0
2021/1/24 2:00,0,0,0,0,0,100,100,89.6,1.3,88.3,1.9,84.1,80.9,0
2021/1/24 3:00,0,0,0,0,0,100,99.8,90.1,1.3,88.8,1.9,84.6,81.3,0
2021/1/24 4:00,0,0,0,0,0,100,99.9,90.7,1.4,89.3,2,84.9,81.6,0
2021/1/24 5:00,0,0,0,0,0,100,99.9,91.3,1.4,90.1,2,86.1,83.3,0
2021/1/24 6:00,0,0,0,0,0,100,99.9,92.4,1.6,91.5,2.3,88.4,86.1,0
2021/1/24 7:00,0,0,0,0,0,100,99.7,91.7,1.8,91.2,2.5,89.2,87.8,0
2021/1/24 8:00,0,0,0,0,0,100,99.8,89.7,1.8,89.1,2.6,86.8,85.1,0.016799999999999985
2021/1/24 9:00,15.7,14737.8,0.1,4.597,0,100,100,87.5,1.7,86.6,2.5,83.4,80.8,0.282550005
2021/1/24 10:00,48.5,114596.2,0.8,21.892,2.2,100,98.3,86.2,1.7,84.9,2.4,80.2,76.5,0.8158124999999999
2021/1/24 11:00,73,224242.2,0.9,42.907,2.7,99.9,97.7,85,1.8,83.4,2.6,77.5,72.7,2.00168748
2021/1/24 12:00,74.4,273133.5,11.1,58.187,6,99.8,94.9,85.1,1.6,83,2.3,75.6,69.9,2.193362475
2021/1/24 13:00,51.8,233056.3,21.3,63.038,29.2,70.2,60.8,88.6,1.3,86.6,1.9,79.7,74.4,1.5935124749999998
2021/1/24 14:00,18.9,126842.6,7.9,42.031,36.3,64.8,56.3,91.5,1.6,89.1,2.3,80.3,73.9,0.13422501
2021/1/24 15:00,0,21365.7,0,11.569,15,83.5,81.3,92,1.6,89.3,2.4,79.7,72.7,0
2021/1/24 16:00,0,0,0,0,0,75.4,75.4,93.5,1.7,90.8,2.4,80.8,72.8,0
2021/1/24 17:00,0,0,0,0,0,7.7,7.7,98.3,1.8,95.6,2.5,85.2,76.5,0
2021/1/24 18:00,0,0,0,0,0,32.6,32.6,98.4,1.9,95.7,2.7,85.2,76.2,0
2021/1/24 19:00,0,0,0,0,0,51.7,51.7,99.2,2,96.7,2.9,86.4,77.2,0
2021/1/24 20:00,0,0,0,0,0,49.8,49.8,98.8,1.8,96.3,2.6,85.9,76.6,0
2021/1/24 21:00,0,0,0,0,0,58.7,58.7,97.5,1.8,95,2.6,84.8,75.7,0
2021/1/24 22:00,0,0,0,0,0,53,53,97,1.7,94.6,2.4,84.4,75.2,0
2021/1/24 23:00,0,0,0,0,0,48.8,48.8,96.9,1.5,94.6,2.2,84.6,75.3,0
2021/1/25 0:00,0,0,0,0,0,47.8,47.8,97.2,1.5,94.9,2.1,84.9,75.5,0
2021/1/25 1:00,0,0,0,0,0,47.8,47.8,97.2,1.5,95.4,2.1,87.3,79.1,0
2021/1/25 2:00,0,0,0,0,0,47.7,47.7,97,1.4,95.3,2,87.6,79.7,0
2021/1/25 3:00,0,0,0,0,0,47.9,47.9,97.5,1.3,95.9,1.9,88.1,79.8,0
2021/1/25 4:00,0,0,0,0,0,47.9,47.9,96.9,1.3,95.5,1.9,88,79.7,0
2021/1/25 5:00,0,0,0,0,0,48.1,48.1,96.7,1.3,95.3,1.9,87.7,79.2,0
2021/1/25 6:00,0,0,0,0,0,48.3,48.3,96.6,1.2,95.5,1.8,88.2,79.7,0
2021/1/25 7:00,0,0,0,0,0,48,48,94,1.3,92.8,1.8,86.1,78.4,0
2021/1/25 8:00,0,0,0,0,0,48,48,90.1,1.2,89,1.8,82.5,74.9,0.2622375
2021/1/25 9:00,17.4,17970.2,7.6,11.149,23.9,48.1,48.1,87.8,1.1,86.8,1.6,80.4,72.9,3.13054995
2021/1/25 10:00,51.4,123013.1,23.9,37.599,31,48.4,48.4,86.8,0.9,85.6,1.4,79.3,72,4.75216245
2021/1/25 11:00,76.7,236473.4,33.5,60.627,30.1,49.9,49.9,85.2,0.9,83.9,1.3,77.6,70.9,5.80185
2021/1/25 12:00,78.2,286838.8,36.2,74.617,29.3,51.1,51.1,83.4,0.8,82.1,1.2,76,69.8,5.328562499999999
2021/1/25 13:00,55.1,246188.4,32,74.156,48.1,19.8,19.8,83.1,1,82.2,1.4,78.6,74.9,3.544850025
2021/1/25 14:00,21,136696.3,12.4,47.565,52,13.3,13.3,81.6,1.1,80.9,1.6,77.1,73.5,0.18927499499999997
2021/1/25 15:00,0,25194.1,0,13.849,44.8,6.8,6.7,83.5,1.1,82.8,1.6,78.7,74.6,0
2021/1/25 16:00,0,0,0,0,0,21,19.1,90.8,1.1,90.1,1.6,85.3,79.9,0
2021/1/25 17:00,0,0,0,0,0,70.4,60.3,93.9,1.2,93.5,1.8,88.8,82.8,0
2021/1/25 18:00,0,0,0,0,0,90.6,82.2,93.3,1.3,92.9,1.8,88.5,82.4,0
2021/1/25 19:00,0,0,0,0,0,87.2,78.2,93.1,1.4,92.9,2,89,83.1,0
2021/1/25 20:00,0,0,0,0,0,90.3,89,91.4,1.2,91,1.8,87.1,81.6,0
2021/1/25 21:00,0,0,0,0,0,90.7,90.5,90,1.3,89.4,1.8,85.4,80.3,0
2021/1/25 22:00,0,0,0,0,0,93.6,93.1,89.5,1.3,88.9,1.8,85,80.4,0
2021/1/25 23:00,0,0,0,0,0,88.9,83,89,1.4,88.7,2,86.2,82.9,0
2021/1/26 0:00,0,0,0,0,0,86.3,70.2,91.1,1.5,91.3,2.1,90.3,88,0
2021/1/26 1:00,0,0,0,0,0,92.9,90.8,87.5,1.7,87.5,2.4,87.3,87,0
2021/1/26 2:00,0,0,0,0,0,23.4,19,92.8,1.7,92.8,2.5,91.9,90.5,0
2021/1/26 3:00,0,0,0,0,0,30.7,27.2,96.3,1.7,96.5,2.5,94.9,92.2,0
2021/1/26 4:00,0,0,0,0,0,50.7,49.7,96.6,1.9,97.1,2.7,95.8,92.6,0
2021/1/26 5:00,0,0,0,0,0,48.5,48.5,96.6,1.9,97.3,2.7,96.1,92.6,0
2021/1/26 6:00,0,0,0,0,0,48.3,48.2,96.1,1.9,96.8,2.7,96,92.6,0
2021/1/26 7:00,0,0,0,0,0,48,48,93.4,2,94,2.8,93.3,90.7,0
2021/1/26 8:00,0,0,0,0,0,47.7,47.7,90,1.9,90.5,2.8,89.6,86.8,0.32064999
2021/1/26 9:00,19.2,21353,11.8,13.57,26.1,48.5,47.6,87.7,1.9,88.1,2.7,86.6,83.5,3.0269999999999997
2021/1/26 10:00,54.6,131971.6,35.1,48.742,32.5,48.1,47.1,85.3,1.9,85.4,2.7,83.6,80.5,4.840512449999999
2021/1/26 11:00,80.6,249294.5,41.4,77.213,33.5,49,49,80.7,2,80.4,2.9,78.5,76.1,4.43416245
2021/1/26 12:00,82.2,301115.2,23.3,74.073,30.8,65.4,65.4,74.6,2.1,74.4,3,73.1,72,0.9160624949999998
2021/1/26 13:00,58.6,259901.6,7.4,52.894,16.6,78.6,78.1,75.1,2.6,74.8,3.7,73.7,72.9,0.5385375299999999
2021/1/26 14:00,23.1,147132.5,3.6,30.817,8.1,87.5,87.3,74.5,2.1,74.4,3.1,73.7,73.2,0.0013874999999999998
2021/1/26 15:00,0,29149.1,0,9.956,4.7,92,92,80.1,2.2,79.9,3.2,79,78.1,0
2021/1/26 16:00,0,0,0,0,0,25,24.8,86.3,2.5,86.2,3.6,85.5,84.8,0
2021/1/26 17:00,0,0,0,0,0,71.8,71.3,87.4,2.5,87.4,3.6,87.3,87.1,0
2021/1/26 18:00,0,0,0,0,0,51,50.3,87.6,2.4,87.6,3.4,87.6,87.8,0
2021/1/26 19:00,0,0,0,0,0,97.9,97.8,88.6,2.4,88.4,3.4,87.8,87.3,0
2021/1/26 20:00,0,0,0,0,0,98.4,98.3,88.5,2.4,87.9,3.4,85.5,83.3,0
2021/1/26 21:00,0,0,0,0,0,97.8,97.8,88.4,2.5,87.6,3.5,84.2,81,0
2021/1/26 22:00,0,0,0,0,0,97.4,97.4,88.4,2.4,87.5,3.4,83.6,80.1,0
2021/1/26 23:00,0,0,0,0,0,95.4,95.4,88.6,2.2,87.6,3.1,83.7,80.1,0
2021/1/27 0:00,0,0,0,0,0,87.8,87.8,90.9,2.1,90.2,3,86.8,83.6,0
2021/1/27 1:00,0,0,0,0,0,90.6,90.6,89.4,2,88.7,2.9,85.8,82.9,0
2021/1/27 2:00,0,0,0,0,0,82.8,82.8,90,1.9,89.3,2.8,86.3,83.1,0
2021/1/27 3:00,0,0,0,0,0,50.4,50.4,93,1.9,92.3,2.7,88.7,84.8,0
2021/1/27 4:00,0,0,0,0,0,43.4,43.4,95.6,1.9,95,2.7,91.4,87.2,0
2021/1/27 5:00,0,0,0,0,0,48.7,48.7,96,1.9,95.7,2.7,92.4,87.8,0
2021/1/27 6:00,0,0,0,0,0,48.1,48.1,96.7,2.1,96.9,3,94.3,89.5,0
2021/1/27 7:00,0,0,0,0,0,45.2,45.2,95,2.4,94.9,3.5,91.9,86.8,0
2021/1/27 8:00,0,0,0,0,0,45.3,45.3,91.2,2.4,91.5,3.5,89.2,84.4,0.2895375
2021/1/27 9:00,21.1,24861.1,13.7,14.878,28.5,45.3,45.3,88,2.3,88.4,3.4,86.4,82,2.830149975
2021/1/27 10:00,57.9,141497.8,42,53.066,33.2,44.7,44.7,85,2.2,85.2,3.1,83.3,79.6,4.548012450000001
2021/1/27 11:00,84.6,262708.7,64.2,91.517,41.4,30.9,30.9,81.4,2.1,81.3,3,79.6,76.7,5.3817624
2021/1/27 12:00,86.3,315961.4,62.8,107.202,52,14.7,14.7,76.6,1.8,76.4,2.7,74.6,72.1,2.6509499999999995
2021/1/27 13:00,62.3,274194.7,36,92.981,12.2,81.7,80.9,75.5,1.9,74.7,2.8,71,66.9,1.7237250149999999
2021/1/27 14:00,25.4,158168.4,9.3,55.131,6.9,90.3,89.5,77,2,76.2,2.8,72.1,67.8,0.140912505
2021/1/27 15:00,0,33898,0,16.022,16.3,72,71.1,80.8,2.1,80.1,3,76.1,71.7,0
2021/1/27 16:00,0,0,0,0,0,98,92.4,83.7,2.4,83.2,3.4,79.7,75.6,0
2021/1/27 17:00,0,0,0,0,0,99.4,97.2,82.3,2.5,81.9,3.6,79.2,75.9,0
2021/1/27 18:00,0,0,0,0,0,100,99.8,78.4,2.8,78,4,75.8,73.4,0
2021/1/27 19:00,0,0,0,0,0,100,99.7,77.3,2.9,76.9,4.1,75.1,73.4,0
2021/1/27 20:00,0,0,0,0,0,99.9,98.9,76.3,2.7,76.1,3.9,75.2,74.7,0
2021/1/27 21:00,0,0,0,0,0,99.8,98.9,78.2,2.6,78.2,3.8,78.2,78.6,0
2021/1/27 22:00,0,0,0,0,0,99.6,98.6,80,2.3,80,3.3,79.9,80.2,0
2021/1/27 23:00,0,0,0,0,0,98.4,97.5,82.9,2,82.8,2.9,82.6,82.7,0
2021/1/28 0:00,0,0,0,0,0,83.6,81.9,87.8,2,87.5,2.9,86.4,85.5,0
2021/1/28 1:00,0,0,0,0,0,52.5,36,88.3,2.4,87.7,3.5,85.5,83.7,0
2021/1/28 2:00,0,0,0,0,0,43.9,29,91.7,2.4,90.9,3.5,87.5,84.4,0
2021/1/28 3:00,0,0,0,0,0,33.9,21.2,92.2,2.3,91.1,3.3,86.9,83.1,0
2021/1/28 4:00,0,0,0,0,0,10.4,8.1,93.2,2.1,92.2,3,88.2,84.3,0
2021/1/28 5:00,0,0,0,0,0,0.6,0.6,95,1.9,93.9,2.8,89.1,84.4,0
2021/1/28 6:00,0,0,0,0,0,29.7,29.7,94.9,2,94,2.9,89.1,83.8,0
2021/1/28 7:00,0,0,0,0,0,50.1,49.4,91.9,2.1,91.1,3,86.8,82.1,0
2021/1/28 8:00,0,0,0,0,0,45.6,45.6,88.6,2,87.8,2.8,83.4,78.3,0.18502501500000001
2021/1/28 9:00,23.2,28510.9,16.8,17.284,33.8,38.6,38.6,86.5,1.8,85.8,2.5,81.1,75.5,1.0156249949999998
2021/1/28 10:00,61.4,151614.7,54.3,61.1,44.6,25.7,25.7,82.8,1.6,81.7,2.2,76.1,70.2,3.5572500000000002
2021/1/28 11:00,88.8,276717.7,80.6,103.701,58.5,2.5,2.5,77.7,1.3,76.2,1.8,69.9,64,5.286424950000001
2021/1/28 12:00,90.6,331374.8,77.5,119.735,59.8,0.3,0.3,73.6,1.1,71.9,1.6,65.1,59.1,5.2596126
2021/1/28 13:00,66.1,289064.9,52.1,104.852,41.4,53.1,42.1,70.5,1.4,68.6,1.9,61.6,55.7,1.7412375
2021/1/28 14:00,27.9,169817,17.8,64.187,5.4,97.1,94,69.8,1.3,67.9,1.9,60.7,55,0.16063750499999999
2021/1/28 15:00,0,40653.2,0,19.186,2.5,99.6,97.6,70.1,1.3,68,1.9,60.4,54.5,0
2021/1/28 16:00,0,0,0,0,0,99.6,98.2,71.5,1.2,69.6,1.7,62.7,57.4,0
2021/1/28 17:00,0,0,0,0,0,98.6,96.4,70.1,1.2,68.5,1.7,62.9,58.3,0
2021/1/28 18:00,0,0,0,0,0,99.4,95.3,72.2,1.3,70.7,1.8,65.2,60.6,0
2021/1/28 19:00,0,0,0,0,0,99.7,98.6,68.5,1.5,67,2.2,61.1,56.2,0
2021/1/28 20:00,0,0,0,0,0,98.2,97.4,69,1.3,67.7,1.9,62.5,58.3,0
2021/1/28 21:00,0,0,0,0,0,99.7,99.3,68.5,1.8,67,2.5,61.4,56.9,0
2021/1/28 22:00,0,0,0,0,0,100,99.8,69,1.8,67.8,2.6,63.2,59.5,0
2021/1/28 23:00,0,0,0,0,0,100,99.7,66,1.6,64.7,2.4,59.8,55.7,0
2021/1/29 0:00,0,0,0,0,0,99.9,98.7,63.6,1.7,62.2,2.5,57.2,53.1,0
2021/1/29 1:00,0,0,0,0,0,100,98.7,69.5,1.9,68.5,2.8,64.9,61.8,0
2021/1/29 2:00,0,0,0,0,0,100,98.9,68.9,2,67.6,2.8,62.7,58.7,0
2021/1/29 3:00,0,0,0,0,0,100,99.8,67.4,2,65.9,2.9,60.4,55.8,0
2021/1/29 4:00,0,0,0,0,0,100,99.8,66.3,2.1,64.9,3.1,59.6,55.2,0
2021/1/29 5:00,0,0,0,0,0,100,99,67.7,1.7,66.4,2.5,61.3,57.1,0
2021/1/29 6:00,0,0,0,0,0,99.9,97.8,69.7,1.5,68.3,2.1,63,58.5,0
2021/1/29 7:00,0,0,0,0,0,95.8,65.4,69,2.1,67.5,2.9,61.7,56.8,0
2021/1/29 8:00,0,0,0,0,0,96.3,55.6,71.5,1.8,69.9,2.6,63.7,58.2,0.006800009999999985
2021/1/29 9:00,25.3,32324.1,6.3,15.536,35.2,98.6,79.8,72.5,1.7,70.6,2.4,63.4,57.1,0.13046249999999998
2021/1/29 10:00,65.1,162342.4,12,45.05,13.8,99.8,95.9,69.7,1.5,67.9,2.2,61.1,55.2,0.39128749500000004
2021/1/29 11:00,93.1,291321.3,8.7,59.577,3.5,100,99.6,65.8,1.4,64.2,2.1,58.1,53.1,0.38502501
2021/1/29 12:00,95.1,347351.4,4.4,54.591,3.1,100,99.6,63,1.3,61.6,1.9,56.5,52.3,0.539100015
2021/1/29 13:00,70.1,304507.8,3.1,43.88,1.8,100,99.2,69.3,1.3,68.3,1.9,64.7,61.8,0.17624999999999996
2021/1/29 14:00,30.5,182086.8,0.4,28.807,1.6,100,99.1,70,1.3,69.1,1.9,65.9,63.4,0.054387495
2021/1/29 15:00,0,47660.1,0,9.456,4.9,99.9,99.2,70.4,1.5,69.5,2.1,66.3,63.7,0
2021/1/29 16:00,0,0,0,0,0,99.9,99.3,71.1,1.4,70,2,66.1,63.1,0
2021/1/29 17:00,0,0,0,0,0,99.6,95.7,74,1.5,73.1,2.2,69.9,67.4,0
2021/1/29 18:00,0,0,0,0,0,99.3,95.2,78.5,1.8,77.8,2.6,74.6,72.1,0
2021/1/29 19:00,0,0,0,0,0,99.2,92.2,82.9,2.3,82,3.3,78.2,74.8,0
2021/1/29 20:00,0,0,0,0,0,99.7,98.5,82.3,2.3,81.4,3.4,77.3,73.5,0
2021/1/29 21:00,0,0,0,0,0,99,95.2,81.2,2.6,80.5,3.8,77.4,74.6,0
2021/1/29 22:00,0,0,0,0,0,80.5,74.7,80.9,2.7,80.7,3.9,79.6,78.8,0
2021/1/29 23:00,0,0,0,0,0,76.1,70,82.5,2.6,82.5,3.7,82.6,82.9,0
2021/1/30 0:00,0,0,0,0,0,85,76.5,85.5,2.6,85.5,3.7,85.3,85.2,0
2021/1/30 1:00,0,0,0,0,0,81,73.4,87.1,2.2,87.3,3.2,88.2,88.9,0
2021/1/30 2:00,0,0,0,0,0,61.6,57.4,90.2,2.2,90.1,3.2,90,89.9,0
2021/1/30 3:00,0,0,0,0,0,84.6,79,90.7,2.5,90.8,3.6,91.2,91.6,0
2021/1/30 4:00,0,0,0,0,0,72.2,70.4,91.4,2.9,91.6,4.1,92.2,93,0
2021/1/30 5:00,0,0,0,0,0,70.8,70.2,91.2,3,91.4,4.3,92.2,93,0
2021/1/30 6:00,0,0,0,0,0,56.5,56.5,91.8,2.6,91.9,3.8,92.5,93.2,0
2021/1/30 7:00,0,0,0,0,0,70.7,70.7,89.2,2.5,89.2,3.6,89,89.1,0
2021/1/30 8:00,0,0,0,0,0,69.9,69.7,88.9,2.1,88.7,3.1,88,87.4,0
2021/1/30 9:00,27.7,37928.1,10.3,15.382,27.4,72.1,72.1,88.1,1.8,87.8,2.6,86.9,86.1,0
2021/1/30 10:00,68.9,173697.8,30.6,51.44,19.4,79.3,79.3,86.8,1.5,86.6,2.2,85.6,84.8,0.004937505
2021/1/30 11:00,97.6,306517.9,43.3,84.65,8.7,89.4,89.4,84.7,1.5,84.5,2.1,83.8,83.3,0.0820125
2021/1/30 12:00,99.7,363886.3,33.9,92.337,11.8,84.2,84.1,81.9,1.7,81.8,2.4,81.5,81.4,0.1164
2021/1/30 13:00,74.3,320517.6,21.8,76.539,30.2,75.8,73.8,81.4,1.7,81.7,2.4,83.2,84.7,0
2021/1/30 14:00,33.3,194982.8,8.9,48.399,34.8,70.2,68.2,83.1,1.7,83.2,2.4,84,84.9,0
2021/1/30 15:00,0,54950.8,0,15.604,28.9,76.7,75.5,85.8,1.9,85.8,2.7,86.1,86.5,0
2021/1/30 16:00,0,0,0,0,1.3,84.4,83.7,88.7,2,88.7,2.9,88.8,89,0
2021/1/30 17:00,0,0,0,0,0,73.8,73.7,91.6,2.3,91.7,3.4,92.3,93.1,0
2021/1/30 18:00,0,0,0,0,0,78.3,78.3,93.2,2.4,93.3,3.4,93.8,94.2,0
2021/1/30 19:00,0,0,0,0,0,74.9,74.9,91,2.1,91.1,3,91.3,91.6,0
2021/1/30 20:00,0,0,0,0,0,79.6,79.5,91.1,2.1,91.3,3,92.1,92.9,0
2021/1/30 21:00,0,0,0,0,0,73.4,73.2,93.3,2.1,93.4,3.1,94.1,94.7,0
2021/1/30 22:00,0,0,0,0,0,62.5,61.6,93.5,2.3,93.5,3.2,93.6,93.8,0
2021/1/30 23:00,0,0,0,0,0,60.6,59.6,92.4,2.2,92.1,3.1,90.8,89.9,0
2021/1/31 0:00,0,0,0,0,0,60.6,60.5,91,2,90.5,2.9,88.4,86.7,0
2021/1/31 1:00,0,0,0,0,0,37.1,37.1,92.2,1.8,91.8,2.6,90.3,89.3,0
2021/1/31 2:00,0,0,0,0,0,41.1,41.1,92.5,2.2,91.6,3.2,88.4,85.9,0
2021/1/31 3:00,0,0,0,0,0,60.2,60.2,93.7,2.3,93.1,3.3,90.8,88.9,0
2021/1/31 4:00,0,0,0,0,0,90.8,90.6,93.8,2.2,93.8,3.2,93.2,92.5,0
2021/1/31 5:00,0,0,0,0,0,82,80.9,93.5,2,93.3,2.9,92.5,91.6,0
2021/1/31 6:00,0,0,0,0,0,65.2,61.4,94.2,1.9,93.8,2.7,92.1,90.7,0
2021/1/31 7:00,0,0,0,0,0,84.6,83.1,90.1,1.9,89.9,2.7,89.3,89,0
2021/1/31 8:00,0,0,0,0,0.3,96.1,95.6,88.1,1.9,88.1,2.8,88,87.9,0
2021/1/31 9:00,30.2,44481.6,4.7,12.821,6.7,96.7,95.7,85.4,1.9,85.6,2.8,86.2,86.8,0
2021/1/31 10:00,72.9,185694.3,16.1,42.893,11.3,94.6,93.2,84,2,84.3,2.9,85.4,86.5,0.000137505
2021/1/31 11:00,102.3,322304.5,30.5,73.706,22,86.2,82.3,81.3,2,81.7,2.9,83,84.4,0.5794750049999999
2021/1/31 12:00,104.5,380973.3,47.9,95.487,32.7,74.6,69.6,79,2.1,79.2,3.1,80.2,81.3,1.7121374999999999
2021/1/31 13:00,78.6,337087.2,48.2,98.068,38.4,59.8,51.9,80.5,2.2,80.6,3.1,81.2,82,0.07907498999999998
2021/1/31 14:00,36.3,208506,18.8,67.863,31.8,62,57.9,83.1,2,83.2,2.9,83.6,84.1,0.06875001
2021/1/31 15:00,0,62556.7,0,21.65,28.8,81,77.8,86.3,2,86.4,2.8,86.9,87.5,0
2021/1/31 16:00,0,0,0,0,2.5,87,85.2,89.9,2.2,90,3.1,90.4,90.8,0
2021/1/31 17:00,0,0,0,0,0,76.1,74.1,92.2,2.3,92.2,3.3,91.9,91.8,0
2021/1/31 18:00,0,0,0,0,0,83.5,82.7,91.4,2.2,91.2,3.2,90.3,89.7,0
2021/1/31 19:00,0,0,0,0,0,13.6,13.6,95.4,2.3,94.9,3.3,93.1,91.6,0
2021/1/31 20:00,0,0,0,0,0,5.3,5.3,97.2,2.3,96.6,3.3,94.1,92.1,0
2021/1/31 21:00,0,0,0,0,0,28.5,28.5,96.5,2.2,95.8,3.1,93,90.6,0
2021/1/31 22:00,0,0,0,0,0,26.4,26.4,96.1,2.1,95.3,3,92.1,89.5,0
2021/1/31 23:00,0,0,0,0,0,30,30,96.3,2,95.5,2.8,92.2,89.3,0
2021/2/1 0:00,0,0,0,0,0,33.7,33.7,96.1,1.8,95.3,2.6,91.9,88.8,0
2021/2/1 1:00,0,0,0,0,0,26.5,26.5,96.6,1.9,95.7,2.7,91.5,87.8,0
2021/2/1 2:00,0,0,0,0,0,49.5,49.5,96.6,2,95.7,2.9,91.2,86.9,0
2021/2/1 3:00,0,0,0,0,0,49.1,49.1,96,2,95,2.8,89.9,85,0
2021/2/1 4:00,0,0,0,0,0,47.3,47.3,95.7,1.9,94.4,2.7,88.3,82.4,0
2021/2/1 5:00,0,0,0,0,0,45.7,45.7,96.4,1.9,95.1,2.8,88.2,81.5,0
2021/2/1 6:00,0,0,0,0,0,51.2,51.2,96.1,1.8,94.9,2.5,88.2,81.1,0
2021/2/1 7:00,0,0,0,0,0,60.1,60.1,92.5,2,91.1,2.9,84.4,77.7,0
2021/2/1 8:00,0,0,0,0,2.1,65.9,65.9,88.4,1.8,86.8,2.6,79.8,72.8,0.160774995
2021/2/1 9:00,32.8,51337.2,16.5,20.443,21.4,66.1,66.1,86.7,1.6,85.1,2.3,77.9,70.8,1.0504874849999999
2021/2/1 10:00,77.1,198341.9,47.1,67.223,22.9,62.1,62.1,84.4,1.3,82.6,1.9,75.2,68,1.737324975
2021/2/1 11:00,107.1,338676.4,71.8,109.199,29.8,52,52,80.6,1.1,78.7,1.6,71.3,64.6,2.305175025
2021/2/1 12:00,109.4,398605,52.7,117.67,35.3,53.1,53.1,76.5,1.1,74.7,1.6,67.5,61.2,3.480225
2021/2/1 13:00,83.1,354208.6,34,95.912,33.3,59.9,59.9,75,0.9,72.9,1.4,65.1,58.5,2.52132495
2021/2/1 14:00,39.5,222654.3,16.6,61.948,28.7,70.2,70.2,73.9,1,71.9,1.5,64.7,58.6,0.9298875000000001
2021/2/1 15:00,1.4,70900.5,0.2,21.895,25.7,79.7,79.7,73,1.3,71.1,1.9,64.2,58.5,0.0018449999999999999
2021/2/1 16:00,0,391.3,0,0.609,0.8,96.4,96.4,77.2,1.4,75.2,2,67.9,61.7,0
2021/2/1 17:00,0,0,0,0,0,92.9,92.9,84.8,1.8,82.6,2.5,74.2,66.8,0
2021/2/1 18:00,0,0,0,0,0,76.8,76.8,89,1.8,86.9,2.6,78.1,69.9,0
2021/2/1 19:00,0,0,0,0,0,44.6,44.6,91.9,1.6,89.6,2.2,79.9,70.4,0
2021/2/1 20:00,0,0,0,0,0,60,60,90.7,1.3,88.4,1.8,78.7,69.3,0
2021/2/1 21:00,0,0,0,0,0,74.4,74.4,90.7,1.2,88.5,1.8,78.8,69.1,0
2021/2/1 22:00,0,0,0,0,0,79.3,79.3,90.1,1.3,88,1.8,78.7,69.1,0
2021/2/1 23:00,0,0,0,0,0,79.8,79.8,89.3,1.2,87.3,1.8,78.3,68.9,0
2021/2/2 0:00,0,0,0,0,0,27.6,27.6,91.3,1.2,89.5,1.7,80.7,71.3,0
2021/2/2 1:00,0,0,0,0,0,83.6,81,85.4,1.3,83.7,1.8,76.1,68,0
2021/2/2 2:00,0,0,0,0,0,64.7,49,85.3,1.2,83.7,1.7,76.3,68.4,0
2021/2/2 3:00,0,0,0,0,0,95.4,86.9,84.5,1.2,83.1,1.7,76.4,68.9,0
2021/2/2 4:00,0,0,0,0,0,98.7,94.1,86.4,1.2,85.1,1.7,78.6,71.1,0
2021/2/2 5:00,0,0,0,0,0,97.1,92.4,87.8,1.2,86.7,1.8,80.6,73,0
2021/2/2 6:00,0,0,0,0,0,97.6,92.3,87.7,1.2,86.7,1.7,81.1,74,0
2021/2/2 7:00,0,0,0,0,0,97.3,89,86.3,1.2,85.7,1.7,81.6,75.6,0.000171435
2021/2/2 8:00,0,0,0,0,1.6,98,94.2,84.5,1.2,84,1.7,80,74,0.44194998
2021/2/2 9:00,35.7,58525.5,11.6,21.253,9.1,97.6,94.9,84.8,1.2,84.3,1.7,80.2,74,2.1629625
2021/2/2 10:00,81.4,211647.4,41.1,66.912,15.8,95.9,91.2,83.9,1.1,83.3,1.5,79.3,73.3,3.853449975
2021/2/2 11:00,112,355628,58.5,106.905,27.7,91.5,84,81.6,1,80.9,1.5,76.7,71.2,4.3744626
2021/2/2 12:00,114.4,416773.4,46.5,120.302,19.3,95.2,89.3,80.3,1.1,79.4,1.6,75,69.6,3.840587475
2021/2/2 13:00,87.8,371872.2,32.5,106.655,6.6,97.6,96,83,1.2,82.7,1.7,80.3,77.1,2.1677374499999997
2021/2/2 14:00,42.8,237422.6,17.2,73.998,11.8,96.8,93,82.4,1.1,82,1.6,79,75.3,0.32922501000000004
2021/2/2 15:00,3.5,79810.2,0.7,28.235,19.7,93.4,86.7,82.8,1.1,82.4,1.6,79.3,75.3,0.001022715
2021/2/2 16:00,0,967.3,0,1.837,5,85.6,79.8,84.2,1.1,83.9,1.6,81,77.1,0
2021/2/2 17:00,0,0,0,0,0,77.2,74.3,86.1,1.1,86,1.6,83.8,80,0
2021/2/2 18:00,0,0,0,0,0,72.2,72,85.8,1.1,85.8,1.6,83.8,79.9,0
2021/2/2 19:00,0,0,0,0,0,60,60,86.7,1.2,87.2,1.7,86.2,82.6,0
2021/2/2 20:00,0,0,0,0,0,58,56.4,86.8,1.3,87.4,1.9,86.8,83,0
2021/2/2 21:00,0,0,0,0,0,51.5,50,88.5,1.4,89.1,2,88.2,84.1,0
2021/2/2 22:00,0,0,0,0,0,48.5,48.2,89.4,1.3,90,1.9,89,84.8,0
2021/2/2 23:00,0,0,0,0,0,48.2,48.2,90,1.3,90.7,1.8,90.1,86.2,0
2021/2/3 0:00,0,0,0,0,0,48.8,48.8,89.8,1.3,90.7,1.9,90.5,86.9,0
2021/2/3 1:00,0,0,0,0,0,64.7,64.7,90.8,1.3,92,1.9,93.5,91.4,0
2021/2/3 2:00,0,0,0,0,0,64.5,64.5,90.9,1.3,92.4,1.8,94.7,92.7,0
2021/2/3 3:00,0,0,0,0,0,64.6,64.6,91.4,1.3,92.7,1.8,94.4,92.5,0
2021/2/3 4:00,0,0,0,0,0,64.7,64.7,91,1.4,92.4,2,94.4,92.5,0
2021/2/3 5:00,0,0,0,0,0,59.2,59.2,90.9,1.5,92.3,2.1,94.4,92.7,0
2021/2/3 6:00,0,0,0,0,0,54.2,54.2,91.3,1.5,92.7,2.2,94.8,93.1,0
2021/2/3 7:00,0,0,0,0,0,55.7,55.7,88.5,1.5,90,2.1,92.6,91.8,0.000342855
2021/2/3 8:00,0,0,0,0,5.2,57.2,57.2,84.5,1.5,86,2.2,88.6,88,0.6372749999999999
2021/2/3 9:00,38.7,66077.2,16.7,23.181,25.9,56.9,56.9,82.7,1.6,84,2.2,85.8,84.7,2.667737475
2021/2/3 10:00,86,225614.6,43.9,71.084,31,48.3,48.3,79.7,1.7,80.5,2.4,81.6,80.3,3.8633499749999998
2021/2/3 11:00,117.2,373152.1,80.7,116.254,35.1,41.5,41.5,74.3,1.9,74.6,2.7,74.6,73.6,4.42585005
2021/2/3 12:00,119.6,435469.2,99.8,142.598,46.9,21.9,21.9,71.3,2.4,70.9,3.4,69.4,68.3,4.2201625499999995
2021/2/3 13:00,92.6,390067.9,81,135.305,58.4,2.6,2.6,68.4,2.6,67.9,3.8,66.6,66,3.1611999749999997
2021/2/3 14:00,46.3,252803.3,38,93.666,59.4,1,1,67.5,2.9,67.1,4.2,65.5,64.8,1.3673125050000001
2021/2/3 15:00,5.5,89147.8,3,36.477,59.1,1.9,1.7,70.4,3.1,69.9,4.4,68.1,66.9,0.006649994999999985
2021/2/3 16:00,0,1550.1,0,3.868,15.5,4.3,3.6,76,3.2,75.6,4.5,73.7,72,0
2021/2/3 17:00,0,0,0,0,0,5.4,5.4,81.8,3.2,81.5,4.6,79.9,77.7,0
2021/2/3 18:00,0,0,0,0,0,8,8,83.9,3.4,83.5,4.8,82.1,79.8,0
2021/2/3 19:00,0,0,0,0,0,9.3,9.3,84,3.1,83.6,4.5,82,79.1,0
2021/2/3 20:00,0,0,0,0,0,12.5,12.5,84.2,3.1,83.7,4.5,81.8,79.1,0
2021/2/3 21:00,0,0,0,0,0,16.3,16.3,84.9,3,84.3,4.3,82,79.4,0
2021/2/3 22:00,0,0,0,0,0,28.5,28.5,86.1,2.7,85.3,3.9,82.7,79.9,0
2021/2/3 23:00,0,0,0,0,0,44.4,44.4,86.7,2.5,85.8,3.6,82.7,80,0
2021/2/4 0:00,0,0,0,0,0,43.2,43.2,87,2.5,86.1,3.6,83.3,80.8,0
2021/2/4 1:00,0,0,0,0,0,44.5,44.5,87,2.2,86.4,3.1,84.4,82.6,0
2021/2/4 2:00,0,0,0,0,0,45.4,45.4,86.8,2.2,86.4,3.2,84.9,83.3,0
2021/2/4 3:00,0,0,0,0,0,47,47,87.5,2.1,86.9,3.1,84.9,83.2,0
2021/2/4 4:00,0,0,0,0,0,46.8,46.8,87.9,2,87.5,2.8,85.7,84.1,0
2021/2/4 5:00,0,0,0,0,0,46.3,46.3,87.9,1.8,87.7,2.6,86.4,85.2,0
2021/2/4 6:00,0,0,0,0,0,44.1,44.1,87.9,1.5,87.7,2.1,86,84.6,0
2021/2/4 7:00,0,0,0,0,0,42.6,42.6,85.3,1.2,85.6,1.8,85.6,85.2,0.000375
2021/2/4 8:00,1.4,396.9,0.6,1.028,8.9,40.9,40.9,83.8,1.3,83.8,1.9,83.1,82.2,0.76883751
2021/2/4 9:00,41.9,74421.1,27.3,29.055,35.3,41.2,41.2,83.4,1.3,83,1.9,81,79.6,2.9843625
2021/2/4 10:00,90.6,240244,66.2,83.278,34.9,41.8,41.8,81.6,1.3,81.2,1.8,79.5,78.4,4.08805005
2021/2/4 11:00,122.4,391240.6,91.9,126.232,33,45,45,78.6,1.2,78.4,1.7,77.3,76.6,4.455900000000001
2021/2/4 12:00,125,454682.4,77.3,138.364,33.2,44.6,44.6,77.3,1.1,77,1.6,75.8,75.1,4.152187499999999
2021/2/4 13:00,97.6,408784.5,52.9,120.206,32.1,46.6,46.6,78.1,1,78.5,1.5,79.7,80.3,3.105362475
2021/2/4 14:00,50.1,268786.5,29,83.725,31.8,47,47,80.1,1.1,80.1,1.6,79.9,79.7,1.355012505
2021/2/4 15:00,7.6,98956.4,3.3,36.28,33,47.4,46.2,83.4,1.2,82.9,1.7,81,79.8,0.017575004999999998
2021/2/4 16:00,0,2139.5,0,5.379,10.6,64.5,56.4,85.1,1.2,84.5,1.8,82.3,80.9,0
2021/2/4 17:00,0,0,0,0,0,67.9,59.2,87.7,1.2,86.7,1.7,83.3,81.3,0
2021/2/4 18:00,0,0,0,0,0,46.9,45.4,88.6,1.1,87.5,1.6,83.7,81.4,0
2021/2/4 19:00,0,0,0,0,0,52.2,46.8,89.1,1.2,87.5,1.8,81.7,78.3,0
2021/2/4 20:00,0,0,0,0,0,41.3,39.9,89.3,1.2,88.2,1.8,84,81.3,0
2021/2/4 21:00,0,0,0,0,0,58,50.9,89.7,1.5,88.7,2.1,84.6,82,0
2021/2/4 22:00,0,0,0,0,0,68.3,58.2,90.1,1.5,89.1,2.1,84.7,81.9,0
2021/2/4 23:00,0,0,0,0,0,51.8,50.3,91.2,1.4,90.1,2,85.7,82.8,0
2021/2/5 0:00,0,0,0,0,0,49.8,49.1,90.7,1.3,90.2,1.9,87.3,85,0
2021/2/5 1:00,0,0,0,0,0,59.4,54,88.6,1.1,90.4,1.6,94,94.8,0
2021/2/5 2:00,0,0,0,0,0,65.4,57.5,89.6,1.2,91.2,1.7,94.1,94.6,0
2021/2/5 3:00,0,0,0,0,0,68.7,59.7,90.6,1.3,91.9,1.8,94.2,94.4,0
2021/2/5 4:00,0,0,0,0,0,58,54.4,91.6,1.4,92.6,2,94.2,94,0
2021/2/5 5:00,0,0,0,0,0,49.3,49.3,92.8,1.4,93.6,2,94.5,93.8,0
2021/2/5 6:00,0,0,0,0,0,48.5,48.5,92.4,1.4,93,2,92.8,91.6,0
2021/2/5 7:00,0,0,0,0,0,48.4,48.4,89,1.4,90.6,2,93.1,93.1,0.00016874999999999998
2021/2/5 8:00,3.4,960.4,1.4,2.343,9.3,48.2,48.2,85.3,1.4,87,2.1,89.9,90,0.170862495
2021/2/5 9:00,45.4,83363,24.4,29.493,31,48.3,48.3,84,1.3,85.5,1.9,88.3,88.5,2.2192125
2021/2/5 10:00,95.5,255533.6,48.8,76.963,30.9,48.4,48.4,80.6,1.2,82,1.8,85.1,86,4.20964995
2021/2/5 11:00,127.8,409884.3,67.7,112.966,30.6,49,49,77.1,1.1,78.4,1.6,81.6,83,4.062075
2021/2/5 12:00,130.5,474402.5,71.3,129.342,30.7,53.4,53.4,77.4,1,78.2,1.5,80.1,80.9,3.5139375
2021/2/5 13:00,102.7,428009.9,54.4,121.489,32,62.9,59.8,78.3,1,79.1,1.4,81.1,82,2.3432125499999996
2021/2/5 14:00,54,285360.7,27.5,86.939,33.3,60.7,57.1,78.4,1.2,78.7,1.8,79.1,79.1,0.70228749
2021/2/5 15:00,9.8,109278.7,4.2,38.321,46.2,54.8,43.7,79.3,1.2,78.8,1.8,76.7,75.3,0.01194546
2021/2/5 16:00,0,3030.6,0,6.683,16.8,70.5,56.6,83.2,1.2,82.3,1.8,78.6,76.3,0
2021/2/5 17:00,0,0,0,0,0,61.7,54.3,87.5,1.3,86.5,1.8,82.6,80.2,0
2021/2/5 18:00,0,0,0,0,0,71.2,69.3,87.2,1.3,86.2,1.8,82,79.2,0
2021/2/5 19:00,0,0,0,0,0,94.7,93.7,88.8,1.2,86.9,1.8,80.6,77,0
2021/2/5 20:00,0,0,0,0,0,94.7,90,89.3,1.2,86.6,1.7,78.2,73.5,0
2021/2/5 21:00,0,0,0,0,0,70.6,62.9,92.5,1.1,90.2,1.6,82.8,78.7,0
2021/2/5 22:00,0,0,0,0,0,58.7,53.4,92.4,1.1,90.4,1.5,83.4,79.4,0
2021/2/5 23:00,0,0,0,0,0,50.6,49.7,91.9,1.1,90.7,1.5,85.9,82.7,0
2021/2/6 0:00,0,0,0,0,0,48.9,48.9,92.5,1.1,91.3,1.5,86.6,83.6,0
2021/2/6 1:00,0,0,0,0,0,49.4,49.4,91.6,1.1,92.5,1.5,93.9,93.9,0
2021/2/6 2:00,0,0,0,0,0,51.8,51.8,91.5,1.1,92.8,1.6,95.4,95.8,0
2021/2/6 3:00,0,0,0,0,0,51.9,51.9,93.2,1.3,94.1,1.9,95.6,95.6,0
2021/2/6 4:00,0,0,0,0,0,49.9,49.9,94.1,1.5,94.7,2.1,95.1,94.5,0
2021/2/6 5:00,0,0,0,0,0,48.9,48.9,94.7,1.4,94.9,2.1,93.9,92.5,0
2021/2/6 6:00,0,0,0,0,0,48.7,48.7,94.7,1.4,94.9,2,93.9,92.4,0
2021/2/6 7:00,0,0,0,0,0,48.9,48.9,91.1,1.4,92.4,2,93.8,93.2,0
2021/2/6 8:00,5.5,1534.7,2.2,3.862,10.8,48.8,48.8,87.7,1.4,88.8,2,89.6,88.5,0.672075
2021/2/6 9:00,49,92789.1,25.4,33.504,30.5,49.2,49.2,85.3,1.4,86.2,2,86.5,85.4,2.1673125
2021/2/6 10:00,100.5,271479.1,55.2,83.49,30.8,48.7,48.7,81.5,1.2,82.2,1.8,83,82.6,3.3262999499999997
2021/2/6 11:00,133.4,429072.9,71.3,120.388,30.7,48.8,48.8,77.7,1.1,78.5,1.5,79.9,80.2,3.7217750249999995
2021/2/6 12:00,136.1,494617.8,56.6,128.969,31.1,48.1,48.1,76.7,0.9,76.8,1.3,76.7,76.4,3.55502505
2021/2/6 13:00,107.9,447731.5,45.8,115.129,30.8,49,48.8,76.3,0.8,76.4,1.2,76.5,76.5,2.37495
2021/2/6 14:00,58.1,302512.5,23.8,81.788,18.7,70.1,70.1,77.5,1,77.1,1.5,75.6,74.6,0.18595000499999997
2021/2/6 15:00,11.9,120154.1,2,34.171,5.2,92.2,92.2,77.4,1,76.6,1.5,73.9,72.3,0.0001875
2021/2/6 16:00,0,6374.5,0,5.083,0.8,98.5,98.5,78.5,0.9,77.6,1.3,74.5,72.7,0
2021/2/6 17:00,0,0,0,0,0,99.7,99.7,80.5,0.9,78.9,1.2,73.6,70.7,0
2021/2/6 18:00,0,0,0,0,0,99.9,99.9,81.4,1,79.6,1.4,73.6,70.2,0
2021/2/6 19:00,0,0,0,0,0,48.4,48.4,89.3,0.9,86.9,1.3,79.3,75,0
2021/2/6 20:00,0,0,0,0,0,46.2,46.2,90.3,1.2,88.2,1.7,81.1,77,0
2021/2/6 21:00,0,0,0,0,0,57.1,57.1,91.3,1.2,89.3,1.7,82.2,77.9,0
2021/2/6 22:00,0,0,0,0,0,59.8,59.8,92,1,90.4,1.4,84,80,0
2021/2/6 23:00,0,0,0,0,0,60.4,60.4,91.8,1,90.7,1.5,85.9,82.7,0
2021/2/7 0:00,0,0,0,0,0,67,67,91.2,1.1,90.3,1.6,86.5,83.8,0
2021/2/7 1:00,0,0,0,0,0,51.3,51.3,94,1.2,94.7,1.8,95.2,94.6,0
2021/2/7 2:00,0,0,0,0,0,52.7,52.7,93.5,1.2,94.1,1.8,94.5,93.8,0
2021/2/7 3:00,0,0,0,0,0,56.8,56.8,93.1,1.3,93.5,1.8,93.3,92.3,0
2021/2/7 4:00,0,0,0,0,0,53.8,53.8,93.6,1.3,93.8,1.8,92.7,91.1,0
2021/2/7 5:00,0,0,0,0,0,50.3,50.3,93.8,1.4,93.6,2,91.5,89.4,0
2021/2/7 6:00,0,0,0,0,0,48.2,48.2,93.1,1.3,92.6,1.9,89.6,87.1,0
2021/2/7 7:00,0,0,0,0,0,78.6,78.6,88.8,1.4,88.1,1.9,84.7,82.1,8.333999999999998e-05
2021/2/7 8:00,7.6,2119.4,1.9,4.842,5.7,88,88,86.5,1.3,86,1.9,83.1,80.8,0.102724995
2021/2/7 9:00,52.8,102745.3,10.9,29.502,9.8,91.7,91.7,84.8,1.4,84.3,1.9,81.9,80.2,0.524775
2021/2/7 10:00,105.7,288073.8,33.9,71.748,17.8,84.9,84.9,82.4,1.3,81.8,1.9,79.6,78.1,0.82641252
2021/2/7 11:00,139,448795.3,71.3,117.339,31.2,65.9,65.9,79.8,1.1,79.3,1.6,77.4,76.2,4.87783755
2021/2/7 12:00,141.8,515316.4,70.7,140.455,34.9,46.5,46.5,75.7,0.8,75.4,1.2,74.5,74,2.607537525
2021/2/7 13:00,113.3,467936,55.7,128.301,33.7,44.3,44.3,78.3,0.9,77.5,1.2,74.5,72.8,1.0853999999999997
2021/2/7 14:00,62.3,320227.4,33.7,94.962,48.8,18.7,18.7,72.3,0.8,72.2,1.1,71.7,71.4,0.285662505
2021/2/7 15:00,14.1,131617,6.6,45.806,50.6,15.6,15.6,77.6,1.3,77.2,1.8,76,75.2,0.04381251
2021/2/7 16:00,0,9757.1,0,8.941,28.2,2.7,2.7,77.8,1.2,77.6,1.7,76.6,75.9,0
2021/2/7 17:00,0,0,0,0,0,4.9,4.9,86.1,1.3,85.2,1.8,81.9,79.8,0
2021/2/7 18:00,0,0,0,0,0,10.6,10.6,89.5,1.4,87.9,2,82.4,79.2,0
2021/2/7 19:00,0,0,0,0,0,49,41.8,91.3,1.3,89.1,1.8,81.4,77,0
2021/2/7 20:00,0,0,0,0,0,52.5,45.4,91.9,1.5,89.5,2.2,81.2,76.3,0
2021/2/7 21:00,0,0,0,0,0,70.1,63.8,90.9,1.6,88.2,2.3,79,73.6,0
2021/2/7 22:00,0,0,0,0,0,78.6,73.8,91.3,1.8,87.5,2.6,75.5,69,0
2021/2/7 23:00,0,0,0,0,0,76.8,71.7,91.1,1.4,87.3,2,75.1,68.5,0
2021/2/8 0:00,0,0,0,0,0,79.1,74.8,90.3,1.5,86.9,2.2,75.8,69.7,0
2021/2/8 1:00,0,0,0,0,0,94.2,94.2,90.7,1.7,88.8,2.4,82.3,78.3,0
2021/2/8 2:00,0,0,0,0,0,93.2,93.2,90.5,1.5,88.3,2.1,80.7,76.3,0
2021/2/8 3:00,0,0,0,0,0,97.3,97.3,90.3,1.5,87.7,2.2,79.3,74.6,0
2021/2/8 4:00,0,0,0,0,0,95.7,95.7,90.7,1.3,88.1,1.9,79.8,75.3,0
2021/2/8 5:00,0,0,0,0,0,93.7,93.7,91.6,1.5,88.6,2.2,79.2,74.1,0
2021/2/8 6:00,0,0,0,0,0,88.8,88.8,92.1,1.4,88.7,2,78.2,72.5,0
2021/2/8 7:00,0,0,0,0,0,48.1,48.1,90,1.3,87.2,1.9,78.3,73.4,0
2021/2/8 8:00,9.7,2714.8,5.2,6.828,13.9,48.6,48.6,87.2,1.3,85.1,1.8,78,74,0.06011248499999999
2021/2/8 9:00,56.9,113277.9,36.7,42.948,30.7,48.8,48.8,85.2,1.2,83.2,1.8,76.9,73.3,0.24084999
2021/2/8 10:00,111,305308.9,78.4,100.775,30.4,49.3,49.3,82.2,0.9,80.7,1.3,75.5,72.6,1.49716251
2021/2/8 11:00,144.9,469039.8,102.6,144.728,31.6,47.3,47.3,79.5,0.8,78.7,1.1,76.1,74.6,2.6052125249999993
2021/2/8 12:00,147.7,536485.5,96.5,158.558,31.5,47.5,47.5,75.9,0.7,75.6,1,74.5,73.8,1.88262501
2021/2/8 13:00,118.8,488609.5,71,140.501,41.3,31.2,31.2,74.7,0.6,75.2,0.9,77,78,3.522412425
2021/2/8 14:00,66.8,338489.7,41.1,101.18,42.4,29.3,29.3,73.6,0.5,74.2,0.7,76.2,77.4,2.257662525
2021/2/8 15:00,16.4,143695.9,7.9,49.021,41,31.6,31.6,73.6,0.6,74.3,0.8,76.8,78.3,0.2422875
2021/2/8 16:00,0,13184,0,9.856,24.2,24.4,24.4,77.3,0.7,77.7,1,79,79.7,0
2021/2/8 17:00,0,0,0,0,0,10.7,10.7,88.7,1.1,87.9,1.6,85.1,83.4,0
2021/2/8 18:00,0,0,0,0,0,30.4,30.4,90.9,1.3,89.5,1.9,84.9,82.1,0
2021/2/8 19:00,0,0,0,0,0,36,36,92.6,1.2,92,1.8,89,86.9,0
2021/2/8 20:00,0,0,0,0,0,35,35,91.6,1.3,91.4,1.9,89.4,87.7,0
2021/2/8 21:00,0,0,0,0,0,44,44,91.9,1.6,91.5,2.3,89,87,0
2021/2/8 22:00,0,0,0,0,0,48.3,48.3,93.5,1.7,92.7,2.4,89.2,86.8,0
2021/2/8 23:00,0,0,0,0,0,48.6,48.6,92.8,1.6,92,2.3,88.7,86.4,0
2021/2/9 0:00,0,0,0,0,0,47.9,47.9,93.1,1.3,92.3,1.9,88.9,86.7,0
2021/2/9 1:00,0,0,0,0,0,47.9,47.9,92.8,1.4,92.8,2,92.3,91.7,0
2021/2/9 2:00,0,0,0,0,0,47.9,47.9,93.3,1.4,93.2,2,92.5,91.8,0
2021/2/9 3:00,0,0,0,0,0,48,48,93.2,1.5,92.9,2.2,91.3,90.2,0
2021/2/9 4:00,0,0,0,0,0,48.3,48.3,92.6,1.5,92.4,2.2,91.3,90.5,0
2021/2/9 5:00,0,0,0,0,0,48.3,48.3,91.9,1.5,91.9,2.1,91.6,91.3,0
2021/2/9 6:00,0,0,0,0,0,48.5,48.5,91.6,1.5,91.7,2.1,91.8,91.6,0
2021/2/9 7:00,0,0,0,0,0,50.1,49.8,87.3,1.8,87.4,2.6,87.3,87.2,0.00445908
2021/2/9 8:00,11.9,5829.3,6.1,8.403,15.4,55.2,54.9,84.2,1.9,84,2.7,83.1,82.5,1.493112495
2021/2/9 9:00,61.1,124430.7,34,45.908,31.1,58.8,54.9,81.3,1.6,81.2,2.3,81,80.6,3.146075025
2021/2/9 10:00,116.5,323174,64.1,100.498,31.2,72.7,66.3,77.6,1.6,77.8,2.4,78.5,78.6,3.9756999749999995
2021/2/9 11:00,150.8,489793.6,74.7,139.027,14.8,97.7,92.4,75.3,1.6,75.2,2.3,74.9,74.2,3.6148499999999997
2021/2/9 12:00,153.7,558112.1,43.5,140.465,5.9,98.1,95.2,71.3,1.4,71.4,2,71.7,71.1,1.5568125
2021/2/9 13:00,124.5,509737.9,11.3,103.165,1,100,99.9,69.8,1.4,69.8,2,70,68.7,2.815737525
2021/2/9 14:00,71.4,357282.7,2.3,58.094,1.3,99.9,99.6,68.9,1.6,68.5,2.3,67.4,65.3,2.429687475
2021/2/9 15:00,18.8,156412,0.4,25.278,1.3,99.8,98.9,67,2,66.3,2.9,63.7,61.5,0.427375005
2021/2/9 16:00,0,16662.4,0,5.918,0.2,100,99.7,71,2.4,70,3.5,66.7,65.6,0
2021/2/9 17:00,0,0,0,0,0,100,100,72.1,2.7,71.5,3.8,69.5,69.8,0
2021/2/9 18:00,0,0,0,0,0,99.9,99.6,73.9,2.6,73.6,3.8,72.4,73.7,0
2021/2/9 19:00,0,0,0,0,0,99.9,99.7,74,1.7,73.5,2.5,71.7,72.5,0
2021/2/9 20:00,0,0,0,0,0,99.6,98.5,77.2,1.4,76.7,2.1,75,76.1,0
2021/2/9 21:00,0,0,0,0,0,99.1,98.3,81.6,0.9,81.1,1.3,79.4,80.4,0
2021/2/9 22:00,0,0,0,0,0,99.2,99.2,85.1,1.3,84.9,1.9,83.9,84.8,0
2021/2/9 23:00,0,0,0,0,0,87.1,87.1,88.5,0.6,88.2,0.9,87.3,87.8,0
2021/2/10 0:00,0,0,0,0,0,57.6,57.6,92.7,1,92.1,1.4,90.4,90.1,0
2021/2/10 1:00,0,0,0,0,0,92.9,92.9,92.9,1.4,93.2,2,94.1,95.1,0
2021/2/10 2:00,0,0,0,0,0,85.9,85.9,95.1,2.2,95.5,3.1,96.7,97.6,0
2021/2/10 3:00,0,0,0,0,0,71.4,71.4,96.3,2.2,96.6,3.1,97.6,98.3,0
2021/2/10 4:00,0,0,0,0,0,64.8,64.8,97.8,2.1,98.2,3.1,99.4,100,0
2021/2/10 5:00,0,0,0,0,0,81.3,81.3,98.9,2,99.2,2.9,100,100,0
2021/2/10 6:00,0,0,0,0,0,77.4,77.4,99.8,2,99.9,2.9,100,100,0
2021/2/10 7:00,0,0,0,0,0,54.1,54.1,94,2.2,94.1,3.2,94.1,94.1,0
2021/2/10 8:00,14.1,9247.6,7.7,9.441,26.8,18.9,18.9,85.6,2.3,85.3,3.2,84.5,83.8,0.0845625
2021/2/10 9:00,65.5,136243.7,48.4,52.072,56.1,6.5,6.5,83.3,2.3,83,3.3,81.8,81.1,0.31385000999999996
2021/2/10 10:00,122.2,341657.1,95.9,116.883,55.6,7.4,7.4,80.5,2.3,80.3,3.3,79.7,79.4,0.23027498999999998
2021/2/10 11:00,156.9,511043.6,127.6,166.805,56.8,5.3,5.3,74.9,2.2,75.1,3.2,75.6,75.9,1.439875005
2021/2/10 12:00,159.8,580182.4,126.2,185.416,58.7,2.2,2.2,70.3,2.2,70.5,3.1,71,71.3,2.764725
2021/2/10 13:00,130.3,531306.4,103.8,171.575,58.4,2.6,2.6,68.3,2,68.4,2.8,68.4,68.5,2.6842374
2021/2/10 14:00,76.1,376589.1,65.2,130.391,59.6,0.6,0.6,68.1,2,67.4,2.9,65.3,64.1,1.642825005
2021/2/10 15:00,21.3,169778.6,15.9,66.91,60,0,0,71,2.3,69.7,3.2,65.5,63.1,0.250037505
2021/2/10 16:00,0,20727.9,0,15.231,37.7,0.9,0.9,74.6,2.3,73.6,3.4,70.1,68.2,0
2021/2/10 17:00,0,0,0,0,0,1.4,1.4,83.5,2,82,2.9,77.1,74.4,0
2021/2/10 18:00,0,0,0,0,0,3.9,3.9,89.7,1.6,87.1,2.3,78.8,74.2,0
2021/2/10 19:00,0,0,0,0,0,33.5,33.5,90.9,1.6,87.7,2.2,77.7,72.4,0
2021/2/10 20:00,0,0,0,0,0,41.9,41.9,91.3,1.5,88,2.1,77.9,72.4,0
2021/2/10 21:00,0,0,0,0,0,42.2,42.2,90.7,1.4,87.4,2,77.1,71.6,0
2021/2/10 22:00,0,0,0,0,0,42.3,42.3,91.1,1.4,88.1,2,78.5,73.3,0
2021/2/10 23:00,0,0,0,0,0,46.5,46.5,90.5,1.3,87.7,1.9,78.8,73.9,0
2021/2/11 0:00,0,0,0,0,0,47.5,47.5,91.1,1.2,88.5,1.7,80.1,75.6,0
2021/2/11 1:00,0,0,0,0,0,44.5,44.5,92.1,1.6,89.2,2.2,79.9,74.7,0
2021/2/11 2:00,0,0,0,0,0,47.9,47.9,91.7,1.5,88.3,2.1,77.4,71.5,0
2021/2/11 3:00,0,0,0,0,0,48,48,90.9,1.4,87.4,2,76.6,70.8,0
2021/2/11 4:00,0,0,0,0,0,47.9,47.9,90.2,1.3,87,1.9,76.6,71.1,0
2021/2/11 5:00,0,0,0,0,0,47.8,47.8,89.8,1.3,86.3,1.9,75.2,69.3,0
2021/2/11 6:00,0,0,0,0,0,47.9,47.9,89.9,1.4,85.7,1.9,73,66.4,0
2021/2/11 7:00,0,0,0,0,0,48.1,48.1,84.5,1.4,80.7,1.9,68.9,62.8,0.00685683
2021/2/11 8:00,16.4,12732.9,9.1,11.283,18.7,47.9,47.9,81.1,1.3,76.9,1.8,64.1,57.6,1.3722875250000002
2021/2/11 9:00,70.2,148751.5,45.6,55.803,31.3,48.7,48.4,79.3,1.3,74.3,1.8,59.7,52.6,2.6530875749999994
2021/2/11 10:00,128,360744.9,94.3,120.482,31,52.8,50.6,75.2,1.2,70.3,1.7,56.1,49.1,3.110699925
2021/2/11 11:00,163.1,532775.9,116.6,166.968,32.5,63.7,55.2,73.6,1,69.1,1.4,55.6,48.8,3.9340124250000006
2021/2/11 12:00,166.1,602682.7,115.6,183.334,32,78.7,70.8,71,1,66.4,1.5,52.5,45.5,3.8389875
2021/2/11 13:00,136.2,553299.9,112.1,175.878,30.1,72.8,62,69.3,1,64.6,1.4,50.9,44.1,3.218612475
2021/2/11 14:00,81.1,396391.3,71.4,138.989,58.9,38.9,20.5,68.4,1.1,62.6,1.6,46,38.2,1.972775025
2021/2/11 15:00,23.9,183801.5,17.9,72.559,58.4,56.5,30,66.9,1.2,60.5,1.8,42.8,34.7,0.34238751
2021/2/11 16:00,0,25424,0,17.119,30.2,60.9,45.5,71.2,1.4,63.1,2.1,41.6,32.2,0
2021/2/11 17:00,0,0,0,0,0,52.9,51.5,83.2,1.4,72.6,2.1,45.5,34.2,0
2021/2/11 18:00,0,0,0,0,0,81.7,81.6,86.5,1.9,74.4,2.7,44.6,32.8,0
2021/2/11 19:00,0,0,0,0,0,66.6,65.3,87.4,1.9,76.3,2.7,48.3,36.9,0
2021/2/11 20:00,0,0,0,0,0,98.2,94.2,85.3,2,74,2.8,45.8,34.6,0
2021/2/11 21:00,0,0,0,0,0,96.7,93.7,85.2,2.1,73.4,3.1,44.4,33,0
2021/2/11 22:00,0,0,0,0,0,73,70.2,86.5,2.1,74.3,3.1,44.6,33,0
2021/2/11 23:00,0,0,0,0,0,62,60.1,86.8,2,75,2.9,45.8,34.3,0
2021/2/12 0:00,0,0,0,0,0,61.1,60.8,86.8,2.1,75.8,3,48.2,37,0
2021/2/12 1:00,0,0,0,0,0,80.4,69.6,84.1,2.4,74.5,3.5,49.5,39,0
2021/2/12 2:00,0,0,0,0,0,63.9,61.2,82,2.5,74.4,3.5,53.6,44.4,0
2021/2/12 3:00,0,0,0,0,0,46.5,40.9,83.5,2.7,76.1,3.9,55.8,46.6,0
2021/2/12 4:00,0,0,0,0,0,65.3,51.6,83.2,2.7,74.9,3.9,52.7,43,0
2021/2/12 5:00,0,0,0,0,0,57.8,43.1,82.6,2.7,74.2,3.8,51.8,42.1,0
2021/2/12 6:00,0,0,0,0,0,52.9,35.8,82.2,2.6,74.2,3.8,52.5,42.9,0
2021/2/12 7:00,0,0,0,0,0,67.1,54,80.7,2.8,76.1,4,62,54.9,0.01185
2021/2/12 8:00,18.8,16292.9,12.5,13.849,22.5,74.4,59.1,78.2,2.7,73.2,3.9,58.4,51.1,1.652650005
2021/2/12 9:00,75,161982,56.2,63.786,37.6,76.2,56.8,74.3,2.6,68.8,3.7,53.1,45.6,2.6920249499999995
2021/2/12 10:00,133.9,380422.9,103.9,130.552,59.6,71.9,36.4,66.6,2.4,61.8,3.4,47.9,41.3,4.04128755
2021/2/12 11:00,169.4,554976.3,145.9,181.619,59.9,40.7,20.5,58.7,2.1,55.5,3.1,45.8,40.9,4.751275049999999
2021/2/12 12:00,172.4,625598.3,154.3,204.587,59.9,14.6,7.4,53.3,1.9,50.5,2.7,41.8,37.3,4.72844985
2021/2/12 13:00,142.2,575703.2,126.1,191.37,53.5,10.8,10.8,53.1,1.9,50.9,2.7,43.9,40.1,4.006987499999999
2021/2/12 14:00,86.2,416670.8,76.1,145.639,58.4,2.6,2.6,54.9,1.8,51.5,2.6,41,35.4,2.49853755
2021/2/12 15:00,26.7,198479.4,21.7,77.179,60,0,0,59.4,1.9,54.8,2.7,40.9,33.8,0.5156624999999999
2021/2/12 16:00,0,30249.3,0,19.327,45,0,0,68.8,2.1,62.4,3,44.2,35.3,0
2021/2/12 17:00,0,0,0,0,0,0.2,0.2,77.1,2.1,69.1,3,47,36.8,0
2021/2/12 18:00,0,0,0,0,0,0.2,0.2,81.7,2.1,72.4,3.1,47.2,36,0
2021/2/12 19:00,0,0,0,0,0,0.2,0.2,83,2.5,73.7,3.5,48.9,38,0
2021/2/12 20:00,0,0,0,0,0,0.2,0.2,83.7,2.5,73.8,3.6,47.7,36.5,0
2021/2/12 21:00,0,0,0,0,0,10.1,10.1,83,2.5,73.2,3.6,47.4,36.3,0
2021/2/12 22:00,0,0,0,0,0,7.3,7.3,79.6,2.3,70.7,3.3,46.7,36.1,0
2021/2/12 23:00,0,0,0,0,0,5.6,5.6,76.8,2.3,69,3.3,47.8,38.3,0
2021/2/13 0:00,0,0,0,0,0,12.1,12.1,73,2.4,66.6,3.4,48.6,40.2,0
2021/2/13 1:00,0,0,0,0,0,69.7,69.6,61.9,2.7,58.5,3.9,48.2,42.9,0
2021/2/13 2:00,0,0,0,0,0,49.4,49,60.4,2.7,58.2,3.8,51.4,47.8,0
2021/2/13 3:00,0,0,0,0,0,98.1,98.1,61.1,2.7,59.5,3.9,54.1,51.2,0
2021/2/13 4:00,0,0,0,0,0,100,100,62.5,3.1,61.1,4.5,56.5,54,0
2021/2/13 5:00,0,0,0,0,0,100,100,62.9,3.4,61.7,4.9,58,55.9,0
2021/2/13 6:00,0,0,0,0,0,100,100,62.2,4,61.4,5.7,58.4,56.7,0
2021/2/13 7:00,0,0,0,0,0,99.3,99.3,66,4.1,65.5,6,63.9,62.9,0.00230454
2021/2/13 8:00,21.4,20194.8,0.9,7.803,0,100,100,67.3,4.2,66.9,6,65.7,65,0.11451249
2021/2/13 9:00,80,175955.2,2.8,33.064,2.6,96.8,96.8,67.4,4.3,67.1,6.1,66.3,65.7,0.21585000000000001
2021/2/13 10:00,140,400675.4,5.5,62.893,2.1,96.8,96.8,67.4,4.2,67.2,6,66.8,66.6,0.399649995
2021/2/13 11:00,175.9,577630,9.9,84.883,1.5,98.3,98.3,67.4,4.8,67.2,6.9,66.6,66.2,0.49654999499999997
2021/2/13 12:00,178.9,648914.9,8.4,98.259,1.9,97.8,97.8,67.4,5,67.3,7.2,67,66.9,1.124224995
2021/2/13 13:00,148.3,598500.7,3.2,91.683,1.3,99.8,99.8,69.9,4.2,70,6,70.1,70.2,1.3029375
2021/2/13 14:00,91.4,437409.1,3.3,70.35,3,99.7,99.7,71.4,4,71.5,5.8,71.6,71.7,1.1921749949999998
2021/2/13 15:00,29.7,213805.2,3.2,42.259,13.7,88.3,88.3,72.7,3.9,72.7,5.6,73,73.1,0.21121249499999997
2021/2/13 16:00,0,35244.9,0,12.585,15.4,80.3,76.3,75.4,3.8,75.4,5.5,75.4,75.4,0
2021/2/13 17:00,0,0,0,0,0,85.4,80.8,77,3.6,76.9,5.2,76.6,76.4,0
2021/2/13 18:00,0,0,0,0,0,84.7,84.6,76.7,3.2,76.4,4.6,75.2,74.5,0
2021/2/13 19:00,0,0,0,0,0,92.7,92.7,84.3,3.1,84.7,4.4,86,86.6,0
2021/2/13 20:00,0,0,0,0,0,78.8,78.8,83.4,2.8,83.4,4.1,83.1,83,0
2021/2/13 21:00,0,0,0,0,0,61.4,61.4,81.4,2.7,81,3.9,79.7,79,0
2021/2/13 22:00,0,0,0,0,0,63.9,63.9,79.7,2.6,78.7,3.7,75.6,73.8,0
2021/2/13 23:00,0,0,0,0,0,62.3,62.3,78,2.5,76.7,3.6,72.4,69.9,0
2021/2/14 0:00,0,0,0,0,0,56.2,56.2,78.6,2.5,76.8,3.6,70.7,67.3,0
2021/2/14 1:00,0,0,0,0,0,66.8,66.8,78.2,2.7,77,3.9,72.9,70.6,0
2021/2/14 2:00,0,0,0,0,0,55,55,78.8,2.6,76.9,3.7,70.7,67.2,0
2021/2/14 3:00,0,0,0,0,0,42.7,42.7,80.6,2.4,77.8,3.5,68.7,63.8,0
2021/2/14 4:00,0,0,0,0,0,57.7,57.7,82.8,2.3,78.8,3.3,66.5,60.1,0
2021/2/14 5:00,0,0,0,0,0,63.8,63.8,84,2.1,78.9,3,63.9,56.3,0
2021/2/14 6:00,0,0,0,0,0,64.8,64.8,85.4,2,79.3,2.9,61.8,53.1,0
2021/2/14 7:00,0,0,0,0,0,1.3,1.3,85.1,2.1,78.1,3.1,58.2,48.7,0.042374999999999996
2021/2/14 8:00,24.1,25058.8,18,17.569,43.4,5.7,5.7,84.5,2.3,76.1,3.3,53.1,42.6,1.062049995
2021/2/14 9:00,85.2,190683.2,73.3,74.297,58.7,2.2,2.2,78.8,2.1,70.5,3.1,47.6,37.1,2.7556624499999995
2021/2/14 10:00,146.2,421486.2,128.5,145.844,59.5,0.9,0.9,72.1,1.9,65.7,2.7,47.4,38.7,6.2436875999999994
2021/2/14 11:00,182.4,600721.7,161.3,196.255,59.9,0.2,0.2,65.9,1.4,61.6,2,48.5,41.9,6.85767495
2021/2/14 12:00,185.4,672617.3,163.3,215.252,59.9,0.5,0.3,63.1,1,60.4,1.4,51.8,47.2,6.5149002
2021/2/14 13:00,154.6,621676.8,134.7,200.308,60,0,0,64.5,1,62.5,1.4,56.2,52.7,4.8131749500000005
2021/2/14 14:00,96.8,458587.6,82.7,154.068,59.9,0.2,0.2,69.2,1.3,66.8,1.8,59.3,55.2,2.46773745
2021/2/14 15:00,32.9,229766.5,26.5,85.23,60,0,0,75.2,1.7,72,2.5,62.3,57.1,0.7098249899999999
2021/2/14 16:00,0,40452.9,0,23.357,51,0,0,79.4,2,75.2,2.8,62.6,56,0
2021/2/14 17:00,0,0,0,0,0,0,0,82.8,1.8,77.3,2.6,60.5,51.9,0
2021/2/14 18:00,0,0,0,0,0,0.2,0.2,82.9,1.5,76.9,2.2,59.1,50.1,0
2021/2/14 19:00,0,0,0,0,0,0.2,0.2,77.4,1.4,72.3,2.1,57,49.2,0
2021/2/14 20:00,0,0,0,0,0,0.2,0.2,74.1,1.6,69.3,2.3,55.2,48,0
2021/2/14 21:00,0,0,0,0,0,0.2,0.2,73.8,2,68.7,2.8,53.8,46.4,0
2021/2/14 22:00,0,0,0,0,0,1.6,0.9,75.4,2.2,70,3.1,54.3,46.6,0
2021/2/14 23:00,0,0,0,0,0,1.4,0.8,73.6,2.4,68.3,3.4,52.9,45.3,0
2021/2/15 0:00,0,0,0,0,0,0.2,0.2,69.4,2.5,64.5,3.5,50,42.9,0
2021/2/15 1:00,0,0,0,0,0,0,0,64.6,2.4,61.5,3.5,52,46.8,0
2021/2/15 2:00,0,0,0,0,0,23.9,12,62.6,2.3,59.6,3.3,50.5,45.2,0
2021/2/15 3:00,0,0,0,0,0,97.9,49,61,2.4,58.2,3.5,49.7,44.6,0
2021/2/15 4:00,0,0,0,0,0,98.4,49.3,58.4,2.4,56.2,3.4,49.2,44.8,0
2021/2/15 5:00,0,0,0,0,0,99.2,49.7,58.2,2.3,56.3,3.3,50.2,46.5,0
2021/2/15 6:00,0,0,0,0,0,100,50,57.3,2.2,55.7,3.1,50.4,47.5,0.00225
2021/2/15 7:00,0,0,0,0,0,98.7,49.4,56.9,2.1,55.5,3,51.1,48.5,0.13168750499999998
2021/2/15 8:00,27.1,30087.4,6,16.593,48.9,100,50.1,58.6,2.1,56.9,2.9,51.6,48.5,0.835800015
2021/2/15 9:00,90.6,206170.7,15.7,61.112,54.3,100,54.8,56.7,1.8,55.3,2.6,50.6,47.7,0.99953751
2021/2/15 10:00,152.5,442838.1,11,104.514,50.8,100,57.7,55.9,1.6,54.6,2.2,50.3,47.3,1.310837505
2021/2/15 11:00,189.1,624236.2,11.2,127.338,46.9,100,60.9,57,1.2,55.8,1.7,51.9,48.3,1.7399750250000001
2021/2/15 12:00,192.1,696690.6,10.4,132.498,53,100,55.9,51.5,0.7,51.2,1.1,50.3,47.5,2.45558745
2021/2/15 13:00,161,645215.5,7.6,122.89,9.5,100,92.1,58.3,1.2,57.5,1.7,54.9,52.4,2.880462525
2021/2/15 14:00,102.3,480187.2,3,97.053,5.8,100,95.2,60.3,0.6,59.7,0.9,57.7,54.6,1.004687505
2021/2/15 15:00,36.3,246347.1,0.2,54.551,2.9,100,97.6,63,0.2,62.5,0.3,60.6,57.7,0.114175005
2021/2/15 16:00,0,48287.8,0,15.234,19.3,100,82.1,69.2,0.4,68.4,0.6,65.6,62.4,0
2021/2/15 17:00,0,0,0,0,0,100,74.2,76.8,0.8,75.9,1.2,72.7,68.9,0
2021/2/15 18:00,0,0,0,0,0,99.9,86.4,82.9,1.1,82,1.6,78.4,73.8,0
2021/2/15 19:00,0,0,0,0,0,98.9,55.6,88.7,1.1,87.6,1.6,83.6,78.4,0
2021/2/15 20:00,0,0,0,0,0,99.8,87.6,90.6,1.2,89.7,1.7,86.5,81.6,0
2021/2/15 21:00,0,0,0,0,0,100,84.5,92.2,0.9,91.6,1.2,89,85.1,0
2021/2/15 22:00,0,0,0,0,0,99.7,86.7,92.3,0.9,91.4,1.2,88.5,85.2,0
2021/2/15 23:00,0,0,0,0,0,99.5,87.1,91.4,0.9,90.4,1.3,87.1,84.4,0
2021/2/16 0:00,0,0,0,0,0,99.4,87.8,90.8,1.1,90.1,1.6,87.5,85.6,0
2021/2/16 1:00,0,0,0,0,0,99.9,97.6,87.6,1.1,87.1,1.6,85.1,80.4,0
2021/2/16 2:00,0,0,0,0,0,99.8,94.8,87.9,0.9,87.5,1.3,85.7,81.5,0
2021/2/16 3:00,0,0,0,0,0,99.7,94.8,90.6,1,90.2,1.4,88.3,84.7,0
2021/2/16 4:00,0,0,0,0,0,99.8,97.5,89.9,1.3,89.6,1.9,88.6,86.7,0
2021/2/16 5:00,0,0,0,0,0,99.9,98.1,89.9,1.7,89.5,2.4,88,86.8,0
2021/2/16 6:00,0,0,0,0,0,100,98.1,91.1,1.7,90.7,2.5,89.4,88.6,0
2021/2/16 7:00,0,0,0,0,0,99.9,97.9,90,1.8,89.7,2.6,88.4,87.3,0.10000000499999999
2021/2/16 8:00,30.2,35328.4,5.6,16.167,32.2,95.9,74.6,88.9,2.3,88.8,3.3,87.9,86.3,0.935912505
2021/2/16 9:00,96.1,222415.4,41.4,67.742,41.9,88.8,59.5,87.5,2.4,87.5,3.5,86.4,84.1,3.778325025
2021/2/16 10:00,159,464713.5,83.6,132.341,55,57.3,32.8,82.2,2.6,82,3.8,80.3,78.2,6.8974249499999996
2021/2/16 11:00,195.9,648157.6,125.6,181.679,58.9,23,12.4,73.9,2.8,73.6,4,71.5,69.5,7.6108251
2021/2/16 12:00,198.9,721119.4,155.7,209.478,59.5,1.7,1.3,64.9,2.8,64.3,4.1,62.1,60.6,7.458574949999999
2021/2/16 13:00,167.4,669101.1,140.8,204.571,59.9,0.1,0.1,60.5,3.7,59.9,5.3,58,57.1,6.3956500499999995
2021/2/16 14:00,108,502189.2,89.6,162.289,60,0,0,61.7,4,61.1,5.8,59.2,58.2,3.489999975
2021/2/16 15:00,39.9,263527.8,30.4,92.848,60,0,0,64.6,4,64,5.8,62.2,61.2,0.17346250500000002
2021/2/16 16:00,0,56962,0,26.565,57,0,0,68.9,4,68.4,5.7,66.5,65.4,0
2021/2/16 17:00,0,0,0,0,0,1.6,0.8,74.4,3.9,73.8,5.5,72.1,71.1,0
2021/2/16 18:00,0,0,0,0,0,98.5,49.8,75.2,3.8,74.7,5.4,73.1,72.3,0
2021/2/16 19:00,0,0,0,0,0,99.9,73.7,73.6,3.7,73.1,5.3,71.4,70.3,0
2021/2/16 20:00,0,0,0,0,0,99.7,75,71.1,3.7,70.6,5.4,69,68.2,0
2021/2/16 21:00,0,0,0,0,0,99.5,69.6,70.8,3.7,70.3,5.3,68.7,67.9,0
2021/2/16 22:00,0,0,0,0,0,99.3,54.6,70.4,3.8,69.8,5.4,68.1,67.1,0
2021/2/16 23:00,0,0,0,0,0,98.5,69.6,68.5,3.6,68,5.2,66.3,65.4,0
2021/2/17 0:00,0,0,0,0,0,97.5,50.4,68.9,3.4,68.4,4.9,66.7,65.7,0
2021/2/17 1:00,0,0,0,0,0,99,52.1,70.8,3.1,70.3,4.4,68.6,67.6,0
2021/2/17 2:00,0,0,0,0,0,99.6,72.9,69.8,3.1,69.2,4.4,67.4,66.3,0
2021/2/17 3:00,0,0,0,0,0,99.8,70.3,69.6,3.2,69,4.6,67,65.8,0
2021/2/17 4:00,0,0,0,0,0,99,70.5,68.7,3.2,68.1,4.6,66.2,65,0
2021/2/17 5:00,0,0,0,0,0,99.4,63,68.4,3.2,67.9,4.6,65.8,64.5,0
2021/2/17 6:00,0,0,0,0,0,99.5,67.8,67.1,3.2,66.5,4.5,64.4,63.2,0
2021/2/17 7:00,0,0,0,0,0,99.7,63.9,65.6,3.1,65.1,4.5,63.2,62,0.035512499999999995
2021/2/17 8:00,33.6,40832.1,5.5,19.044,51.3,99.4,54.2,63.1,3.1,62.7,4.5,60.9,59.9,0.44387499
2021/2/17 9:00,101.8,239409.1,27.8,70.352,45.1,99.4,62.1,61,3.2,60.5,4.6,58.8,57.9,0.6945749999999999
2021/2/17 10:00,165.5,487094.1,40,122.266,15.8,99.8,86.7,59.3,3.4,58.9,4.9,57.2,56.4,1.3976250000000001
2021/2/17 11:00,202.7,672470,34.6,147.485,23.4,99.9,80.5,58.1,3.7,57.6,5.3,56.2,55.6,1.4051874899999999
2021/2/17 12:00,205.7,745888.3,72.4,165.145,28.4,99.6,76.2,57.5,3.6,57,5.2,55.6,55,3.174375
2021/2/17 13:00,174,693317.4,71.1,169.373,54.7,99.2,54,57,3.9,56.5,5.6,55.2,54.7,0.93792498
2021/2/17 14:00,113.7,524574.7,18.1,128.879,35.9,99.2,69.7,57.6,3.6,57.2,5.1,55.6,54.9,0.274987515
2021/2/17 15:00,43.6,281287,2.7,67.336,16.5,99.7,86.1,58.8,3.4,58.3,4.9,56.7,55.9,0.48395001
2021/2/17 16:00,0,65977.1,0,19.213,8.5,98.9,92.4,60.5,3.2,60,4.6,58.2,57.2,0.0038699999999999997
2021/2/17 17:00,0,0,0,0,0,95.9,61.7,63.4,3.2,62.8,4.6,60.8,59.7,0
2021/2/17 18:00,0,0,0,0,0,89.7,49.2,65.8,3.3,65.1,4.7,63,61.7,0
2021/2/17 19:00,0,0,0,0,0,85.6,42.8,65.6,3,64.9,4.3,62.7,61.3,0
2021/2/17 20:00,0,0,0,0,0,66,33,66.2,2.9,65.6,4.2,63.5,62.2,0
2021/2/17 21:00,0,0,0,0,0,63.6,31.8,67.2,2.8,66.5,4.1,64.2,62.7,0
2021/2/17 22:00,0,0,0,0,0,39.6,19.8,68.3,2.8,67.7,4,65.6,64.4,0
2021/2/17 23:00,0,0,0,0,0,66.6,33.3,67.9,2.9,67.3,4.2,65.2,63.9,0
2021/2/18 0:00,0,0,0,0,0,92.2,55.4,67.5,2.7,66.7,3.9,64.2,62.4,0
2021/2/18 1:00,0,0,0,0,0,93.5,57.4,69.4,2.5,68.6,3.6,65.8,63.6,0
2021/2/18 2:00,0,0,0,0,0,99.4,88,67.7,2.3,67.1,3.2,64.8,63.2,0
2021/2/18 3:00,0,0,0,0,0,99.2,98.8,67.4,1.9,66.7,2.7,64.2,62.5,0
2021/2/18 4:00,0,0,0,0,0,100,99.6,66.9,1.7,66,2.4,62.9,60.6,0
2021/2/18 5:00,0,0,0,0,0,87.1,43.6,69.7,1.7,68.8,2.4,65.3,62.7,0
2021/2/18 6:00,0,0,0,0,0,0,0,70.1,1.8,69.1,2.5,65.8,63.3,0
2021/2/18 7:00,0,0,0,0,0,0,0,67.4,1.5,66.4,2.2,62.6,59.6,0.13460999999999998
2021/2/18 8:00,37.3,48647.3,31,26.44,58.9,1.3,0.7,66.9,1.7,65.9,2.4,62.3,59.6,2.97546819
2021/2/18 9:00,107.7,257138.8,93.2,94.678,59.5,1.1,1,66,2,65,2.8,61.3,58.6,2.737425
2021/2/18 10:00,172.2,509961.4,146.4,168.094,50.9,68.8,42,63.5,2.2,62.6,3.1,59.5,57.6,3.5127249750000002
2021/2/18 11:00,209.7,697157.2,128.9,207.1,46.8,99.8,60.9,58.7,2.3,58.1,3.3,55.9,54.6,3.05367495
2021/2/18 12:00,212.7,770981.8,123.3,214.037,37.1,100,69.1,57.8,2.9,57.2,4.1,55.2,54.1,4.2327876
2021/2/18 13:00,180.6,717848.5,133,205.961,50.3,97.7,57.2,58,3,57.5,4.3,55.8,54.9,2.2546125
2021/2/18 14:00,119.6,547324.9,43.3,153.681,13.4,100,88.9,60.8,3.1,60.3,4.5,58.5,57.5,2.4538125
2021/2/18 15:00,47.6,299601.4,0.3,69.357,3,100,97.5,63.4,2.9,62.8,4.2,60.7,59.3,0.1083375
2021/2/18 16:00,0,75361.1,0,14.844,50.2,100,58.2,65.7,2.1,65.1,3,62.7,61,0
2021/2/18 17:00,0,0,0,0,0.9,98.8,85,67.6,2.1,66.9,3.1,64.4,62.8,0
2021/2/18 18:00,0,0,0,0,0,96.1,92.1,67.1,2.5,66.4,3.7,64.1,62.4,0
2021/2/18 19:00,0,0,0,0,0,97.6,92.1,67.8,2.3,67.2,3.3,65.2,63.9,0
2021/2/18 20:00,0,0,0,0,0,81.5,76.2,71.2,2.2,70.6,3.2,68.3,66.8,0
2021/2/18 21:00,0,0,0,0,0,67.5,67.1,74.1,2.4,73.3,3.4,70.7,69,0
2021/2/18 22:00,0,0,0,0,0,53.2,27.5,76.5,2.3,75.7,3.3,72.6,70.6,0
2021/2/18 23:00,0,0,0,0,0,0.8,0.7,78.1,2.3,77.2,3.3,74.3,72.5,0
2021/2/19 0:00,0,0,0,0,0,0,0,78.3,2.4,77.5,3.4,74.8,73.1,0
2021/2/19 1:00,0,0,0,0,0,28.5,15.1,78.4,2.4,77.6,3.4,74.7,72.8,0
2021/2/19 2:00,0,0,0,0,0,70.2,36.7,79,2.5,78.1,3.6,74.7,72.5,0
2021/2/19 3:00,0,0,0,0,0,7.7,5.4,79.8,2.2,78.7,3.2,74.9,72.4,0
2021/2/19 4:00,0,0,0,0,0,52.9,27.6,78.3,2.4,77.3,3.4,74,71.9,0
2021/2/19 5:00,0,0,0,0,0,95.4,48.9,76,2.3,75.1,3.3,72.1,70.1,0
2021/2/19 6:00,0,0,0,0,0,93.1,48.2,72.8,2,71.9,2.8,68.9,66.8,0
2021/2/19 7:00,0,0,0,0,0.2,99.2,94.8,68.7,2,67.9,2.9,65.1,63.2,0
2021/2/19 8:00,41.1,57944.9,2.6,15.196,0.6,99.8,99.4,65.9,3.2,65.4,4.6,63.5,62.3,0.031849995
2021/2/19 9:00,113.7,275587.4,2,42.273,0.5,100,99.6,66.7,2.8,66.1,4,64.4,63.3,0.0272625
2021/2/19 10:00,179,533296.5,4.9,73.837,0.7,100,99.4,64.2,2.2,63.7,3.1,62,61,0
2021/2/19 11:00,216.7,722202.8,6,103.692,0,100,100,62.6,2.2,62.1,3.2,60.4,59.4,0
2021/2/19 12:00,219.7,796384.2,12.3,116.013,2.6,99.9,97.9,62.8,1.8,62.1,2.6,59.6,57.9,0.63501252
2021/2/19 13:00,187.3,742678.3,69.3,136.019,52.9,22.8,19.2,61.5,1.3,60.4,1.9,56.8,54.2,6.031962449999999
2021/2/19 14:00,125.6,570421.1,72,143.14,59,75.9,38.8,65.3,1.2,64,1.7,59.3,55.9,3.733962525
2021/2/19 15:00,51.8,318446.7,18.6,92.827,43.1,99.3,68.7,71.1,1.3,69.6,1.8,64.5,60.8,0.378812505
2021/2/19 16:00,0.1,85179.1,0,26.66,34.1,100,78.5,74.1,1.5,72.7,2.1,67.6,63.7,0
2021/2/19 17:00,0,39.8,0,0.035,5,100,72.4,79.9,1.4,78.3,2,72.3,67.5,0
2021/2/19 18:00,0,0,0,0,0,100,75.3,81.7,1.5,80,2.1,73.4,67.8,0
2021/2/19 19:00,0,0,0,0,0,100,61.6,85.6,1.6,83.5,2.3,76.1,70,0
2021/2/19 20:00,0,0,0,0,0,99.6,62.4,85.9,1.2,83.6,1.8,75.3,69,0
2021/2/19 21:00,0,0,0,0,0,100,56.4,86.9,1.4,84.7,2,76.4,69.8,0
2021/2/19 22:00,0,0,0,0,0,85.7,43.4,91,1.7,88.7,2.4,80.3,73.6,0
2021/2/19 23:00,0,0,0,0,0,67.3,33.6,93.9,1.7,91.6,2.5,83.1,76.4,0
2021/2/20 0:00,0,0,0,0,0,100,67,92.2,1.9,90,2.8,81.7,75.3,0
2021/2/20 1:00,0,0,0,0,0,100,83.2,89.5,1.8,87.7,2.6,80.6,75,0
2021/2/20 2:00,0,0,0,0,0,100,94.4,81.9,2,80.4,2.9,74.9,70.9,0
2021/2/20 3:00,0,0,0,0,0,100,100,76.8,2.1,75.5,3.1,71,67.8,0
2021/2/20 4:00,0,0,0,0,0,100,96.6,76,1.8,74.9,2.6,71,68.2,0
2021/2/20 5:00,0,0,0,0,0,100,100,76.8,2.3,76,3.3,73,71,0
2021/2/20 6:00,0,0,0,0,0,100,100,77.1,1.8,76.4,2.6,74,72.5,0
2021/2/20 7:00,0,0,0,0,0.2,100,98.4,77,1.9,76.5,2.8,74.6,73.4,0.008687489999999999
2021/2/20 8:00,45.2,67679.9,0.2,5.38,0,100,100,77.1,1.6,76.4,2.3,73.8,72,0.281125005
2021/2/20 9:00,119.9,294734.9,0,20.376,1.4,100,99,77.6,1.7,76.7,2.4,73.6,71.4,0.41896251
2021/2/20 10:00,185.9,557080.4,0.7,38.604,0,100,100,77.8,1.5,76.6,2.1,72.3,69.3,0.335025
2021/2/20 11:00,223.9,747590.5,0.8,48.77,0,100,100,78.1,1.3,77,1.9,73.1,70.3,0.43223749499999997
2021/2/20 12:00,226.8,822080,0,45.51,0.4,99.8,99.7,77.2,1.2,76.5,1.7,73.8,71.8,0.36622499999999997
2021/2/20 13:00,194.1,767791,0.4,40.395,1.3,100,99.1,77.8,1.3,77.1,1.9,74.4,72.6,0.6882624900000001
2021/2/20 14:00,131.7,593844.9,6,48.384,15.8,90.6,87.6,79.8,1,79.1,1.4,76.6,74.9,0.6689875200000001
2021/2/20 15:00,56.2,337798.1,2.6,39.47,0.7,99.9,99.9,75.8,0.4,75.6,0.6,74.7,73.8,0.083374995
2021/2/20 16:00,2.5,96029.5,0,11.374,0.4,99.9,99.9,80.9,0.7,80.2,1,77.6,75.6,0
2021/2/20 17:00,0,687.6,0,0.241,0.6,96.5,96.5,83.6,1.1,82.9,1.5,80.5,78.6,0
2021/2/20 18:00,0,0,0,0,0,92,92,89.4,0.8,88.5,1.1,85,82.1,0
2021/2/20 19:00,0,0,0,0,0,25.4,23.6,99.8,1,98.2,1.4,92.2,87.1,0
2021/2/20 20:00,0,0,0,0,0,61.1,39.5,100,1.1,99.7,1.5,93,87.2,0
2021/2/20 21:00,0,0,0,0,0,100,55.2,100,1.2,100,1.7,91.7,84.7,0
2021/2/20 22:00,0,0,0,0,0,99.7,73.1,100,1.1,99.3,1.6,91.4,84.6,0
2021/2/20 23:00,0,0,0,0,0,100,81.9,99.9,1.5,97.4,2.1,89.7,83.1,0
2021/2/21 0:00,0,0,0,0,0,100,60,97.3,2.1,95.3,3.1,88.1,81.5,0
2021/2/21 1:00,0,0,0,0,0,100,100,92.8,2,91,2.8,84,78.3,0
2021/2/21 2:00,0,0,0,0,0,100,100,95.6,2.2,93.5,3.2,86.2,81.2,0
2021/2/21 3:00,0,0,0,0,0,100,82.3,94.8,2.1,92.7,3.1,85.6,80.9,0
2021/2/21 4:00,0,0,0,0,0,100,99.6,92.1,1.9,90,2.8,82.9,78.5,0
2021/2/21 5:00,0,0,0,0,0,100,97.8,92.3,2.2,90.1,3.1,82.6,77.9,0
2021/2/21 6:00,0,0,0,0,0,100,70.4,81.6,2.4,80.7,3.4,77.2,74.6,0
2021/2/21 7:00,0,0,0,0,0.2,100,98.7,76.1,2,75.2,2.8,72,69.7,0.05945001
2021/2/21 8:00,49.6,77888.6,3.2,11.13,20.4,93.7,79.8,73.6,2,72.8,2.9,70.2,68.6,0.262249995
2021/2/21 9:00,126.2,314558.6,33.5,53.75,25.9,82.6,69.7,73.5,2.1,72.7,3,70,68.5,0.67032498
2021/2/21 10:00,193,581293.6,75.3,116.676,40.9,81.3,56.8,74.2,2.5,73.3,3.6,70,67.8,1.352012505
2021/2/21 11:00,231.1,773303.8,102.4,163.955,35.2,48.9,45.8,73.3,1.8,72.1,2.6,67.9,65,3.4671999749999998
2021/2/21 12:00,233.9,848053.5,90.1,172.203,58.1,37.9,22,71.9,1.6,70.6,2.3,66,62.7,7.7741001
2021/2/21 13:00,201,793170.6,91.9,161.605,54.3,50.4,30.8,78.2,1.5,77.2,2.2,73.5,70.8,5.947337549999999
2021/2/21 14:00,137.9,617578,92.5,151.404,54.4,19.2,14.5,81.7,1.8,80.6,2.7,76.2,72.8,2.8558250249999997
2021/2/21 15:00,60.7,357630.2,32,103.855,37.6,79.6,59.5,82.6,1.1,81.1,1.6,75.7,72,0.58640001
2021/2/21 16:00,4.8,107344.8,1.2,33.898,37.7,62.7,50.4,83.1,1.2,81.2,1.7,74.9,70.7,0.00864
2021/2/21 17:00,0,1337.9,0,2.146,12.7,18.5,11,87.7,1.2,85.6,1.8,78.1,72.9,0
2021/2/21 18:00,0,0,0,0,0,79.9,42.4,94.2,1.1,91.7,1.6,82.7,76.2,0
2021/2/21 19:00,0,0,0,0,0,65.2,32.6,90.7,0.9,89.2,1.4,82.8,76.8,0
2021/2/21 20:00,0,0,0,0,0,39.4,19.7,90.9,1.2,89.9,1.7,85.5,81,0
2021/2/21 21:00,0,0,0,0,0,62.8,31.7,92.2,1.3,91.1,1.9,86.5,82.1,0
2021/2/21 22:00,0,0,0,0,0,61.9,33.1,97.1,1.1,95.3,1.6,88.3,82.2,0
2021/2/21 23:00,0,0,0,0,0,46.7,23.3,100,1,98.2,1.4,90.3,83.4,0
2021/2/22 0:00,0,0,0,0,0,47.4,31.6,100,0.9,99.5,1.3,91.3,84.1,0
2021/2/22 1:00,0,0,0,0,0,58,38,100,1,100,1.4,92.1,84.5,0
2021/2/22 2:00,0,0,0,0,0,49.2,29.2,100,1.1,100,1.6,92.4,85,0
2021/2/22 3:00,0,0,0,0,0,41.5,26.4,100,1.1,100,1.6,92.6,85.6,0
2021/2/22 4:00,0,0,0,0,0,54.2,44.9,100,1,100,1.4,92.6,85.4,0
2021/2/22 5:00,0,0,0,0,0,94.2,68.8,100,1,100,1.4,93.1,85.5,0
2021/2/22 6:00,0,0,0,0,0,88.8,68.3,100,1,99.4,1.4,92.2,84.9,0
2021/2/22 7:00,0.3,91.3,0.1,0.231,6.5,81.2,69.8,94.5,1.2,93.7,1.7,86.9,79.6,0.117499995
2021/2/22 8:00,54.2,88697,29.3,32.837,9.8,99.5,93.8,91.9,1.2,91.4,1.7,86.3,80.1,0.420737505
2021/2/22 9:00,132.7,335034.3,43.4,94.983,19.6,99.5,88.2,93.2,1.7,93,2.5,88.8,82.8,0.87973752
2021/2/22 10:00,200.1,605917,49.6,143.85,7.9,99.1,93.6,90.4,1.6,90.3,2.3,86.5,81,0.7799624699999999
2021/2/22 11:00,238.4,799326,67.2,177.574,15.4,98.6,86.6,86.7,1.5,86.5,2.1,82.9,77.6,1.4734999949999998
2021/2/22 12:00,241.2,874289.1,37.5,174.438,9.1,99.4,92.1,84.3,1.5,84.1,2.2,80.1,75.1,2.39218755
2021/2/22 13:00,208,818801.2,17.3,138.611,6.1,99.6,94.8,84.3,1.7,83.7,2.5,79.2,74.5,1.387987485
2021/2/22 14:00,144.2,641602.3,8.9,96.045,0,100,100,80.7,1.7,79.8,2.4,75.4,71.7,0.456937485
2021/2/22 15:00,65.4,377917.7,0.1,49.206,0,100,100,79.5,2,78.6,2.8,75.5,73.1,0.034450005
2021/2/22 16:00,7.1,119165.1,0,14.916,0,100,100,84.1,2.1,83.2,3,79.9,77.6,0
2021/2/22 17:00,0,1990.4,0,1.482,0.4,100,98.6,89.8,2.4,89,3.4,86.2,83.9,0
2021/2/22 18:00,0,0,0,0,0,100,98.4,97,2.2,95.7,3.1,91,87.5,0
2021/2/22 19:00,0,0,0,0,0,100,98,96.3,2.1,95.1,3,90.7,87.6,0
2021/2/22 20:00,0,0,0,0,0,100,97,92.1,1.5,91.2,2.2,88,85.6,0
2021/2/22 21:00,0,0,0,0,0,100,98.7,89.1,1,88.5,1.5,86.2,84.3,0
2021/2/22 22:00,0,0,0,0,0,100,99.7,90.7,0.2,90,0.3,87.4,85.3,0
2021/2/22 23:00,0,0,0,0,0,100,100,97.7,1.1,96.8,1.6,93,90.1,0
2021/2/23 0:00,0,0,0,0,0,100,100,97.9,1.5,97.4,2.2,95.3,93.6,0
2021/2/23 1:00,0,0,0,0,0,100,100,95.7,1,95,1.5,92.4,90.7,0
2021/2/23 2:00,0,0,0,0,0,100,100,95.8,1.1,95.1,1.6,93.2,92.4,0
2021/2/23 3:00,0,0,0,0,0,100,100,95.3,1.2,94.6,1.8,93,92.6,0
2021/2/23 4:00,0,0,0,0,0,100,100,96.4,1.3,95.7,1.9,93.9,93.2,0
2021/2/23 5:00,0,0,0,0,0,97.3,97.3,99.2,1.3,98.4,1.9,95.9,94.5,0
2021/2/23 6:00,0,0,0,0,0,16.7,16.7,99.9,1.4,98.8,2,95.2,93.1,0.0006
2021/2/23 7:00,2.9,799.9,1.2,1.876,12.1,21.4,21.4,96,1.5,94.7,2.2,90.3,86.7,0.85106247
2021/2/23 8:00,59,100674.6,45.2,39.674,58,5.8,5.8,93.3,1.7,92,2.4,87.6,83.5,4.46761245
2021/2/23 9:00,139.3,356136.2,98.8,114.864,55.2,80.5,44.5,91.2,1.6,90.3,2.3,87,83.3,6.7088499
2021/2/23 10:00,207.3,630930.9,145.3,183.991,42.4,29.9,29.9,85.5,1.2,85,1.7,83.3,80.3,5.1193374
2021/2/23 11:00,245.8,825640.7,177.4,231.935,39.1,64.2,49.5,82.6,1,81.9,1.5,79.5,75.7,3.318
2021/2/23 12:00,248.5,900771,103.4,230.521,14.9,100,87.6,80.2,1.2,79.4,1.7,76.5,71.5,2.111387475
2021/2/23 13:00,215,844667.1,34.7,183.402,19.6,100,83.7,80.4,1.2,79.5,1.7,75.9,70.2,2.02273755
2021/2/23 14:00,150.6,665900,60.6,147.002,45.2,71.3,48,76,1.4,74.6,2.1,69.4,63.3,2.1248500499999996
2021/2/23 15:00,70.3,398635.5,42.6,110.433,58.9,91.5,46.7,73.7,1.6,71.9,2.2,65,58.6,0.325649985
2021/2/23 16:00,9.4,131526.1,4.8,47.78,44.3,46.8,36.5,70.5,1.9,68.9,2.8,62.6,57.3,0
2021/2/23 17:00,0,2645.3,0,6.457,18.9,100,50.3,70.4,2,69.2,2.9,63.1,57.9,0
2021/2/23 18:00,0,0,0,0,0,100,50,69.2,2.2,68,3.1,62.7,58.1,0
2021/2/23 19:00,0,0,0,0,0,100,94.4,63.5,2.2,62.5,3.1,58.6,55.3,0
2021/2/23 20:00,0,0,0,0,0,100,98.2,62,2.5,61,3.6,57.2,54.4,0
2021/2/23 21:00,0,0,0,0,0,100,99.9,64.7,3.2,63.7,4.7,59.7,56.5,0
2021/2/23 22:00,0,0,0,0,0,100,100,60.2,2.9,59.2,4.1,55.6,53,0
2021/2/23 23:00,0,0,0,0,0,99.8,95.7,56.8,3,55.9,4.3,52.6,50.6,0
2021/2/24 0:00,0,0,0,0,0,100,99.9,60.3,3,59.3,4.3,56,54.1,0
2021/2/24 1:00,0,0,0,0,0,100,100,63.9,3.1,62.9,4.5,59.4,57.2,0
2021/2/24 2:00,0,0,0,0,0,100,100,67.9,3.2,67.1,4.6,64.2,62.4,0
2021/2/24 3:00,0,0,0,0,0,100,100,73.6,3,72.6,4.3,69.4,67,0
2021/2/24 4:00,0,0,0,0,0,100,100,80.5,2.2,79.3,3.1,75.1,72,0
2021/2/24 5:00,0,0,0,0,0,100,100,83.9,1.8,82.7,2.7,78.3,75,0
2021/2/24 6:00,0,0,0,0,0,100,100,84.4,1.6,83.2,2.3,78.7,75.3,0
2021/2/24 7:00,5.4,1514.7,0,2.006,0,100,100,92.6,1.9,90.9,2.7,84.9,80.4,0.2428875
2021/2/24 8:00,64,113265.2,0,13.435,0.5,99.6,99.5,91.1,1.9,89.2,2.8,82.4,77.4,0.9483124950000001
2021/2/24 9:00,146,377837.9,2.7,28.63,1.9,97.3,97.3,87.8,1.5,85.8,2.2,78.7,73.5,2.5917000749999994
2021/2/24 10:00,214.5,656316.1,26.1,64.486,15,92.8,92.7,80.8,1,79.6,1.4,75.3,71.9,4.35769995
2021/2/24 11:00,253.2,852231.3,87.1,139.095,23.9,67.4,67.4,79,1.4,78.3,2,75.7,73.7,5.6752249500000005
2021/2/24 12:00,255.9,927483.7,168.5,215.281,58,5.8,5.8,71.9,1.8,71.4,2.5,69.6,68.4,7.2067749
2021/2/24 13:00,222.1,870752.8,183.5,241.628,59.7,0.5,0.5,63.6,1.9,62.7,2.7,59.5,57.8,3.24256245
2021/2/24 14:00,157.1,690453.5,126.7,205.106,59.9,12.5,6.3,60.3,1.2,59.7,1.7,57.7,56.5,2.27961255
2021/2/24 15:00,75.3,419758.7,57.7,132.59,60,8.8,4.4,70.3,1.4,68.7,2,63.1,59.6,0.621975
2021/2/24 16:00,11.8,144455.8,7.3,53.851,60,30.1,15,75.7,1.3,73.7,1.8,66.8,62.1,0.030312509999999997
2021/2/24 17:00,0,3956.5,0,8.21,18.2,54.4,40.3,83.6,1,81.7,1.4,74.3,68.4,0
2021/2/24 18:00,0,0,0,0,0,80.2,60.1,89.4,1.1,87.3,1.6,78.9,71.7,0
2021/2/24 19:00,0,0,0,0,0,61.9,51.1,91.2,1.5,89.1,2.2,79.8,71.3,0
2021/2/24 20:00,0,0,0,0,0,98.4,97.2,89.3,1.4,87.2,2,78.5,70.7,0
2021/2/24 21:00,0,0,0,0,0,98.5,93.4,87.7,0.6,85.9,0.9,78.6,71.8,0
2021/2/24 22:00,0,0,0,0,0,99.1,98.8,87.7,0.5,86.2,0.7,79.9,74.2,0
2021/2/24 23:00,0,0,0,0,0,69.9,66.4,90.7,0.4,89.2,0.6,83.1,77.8,0
2021/2/25 0:00,0,0,0,0,0,66.2,61,92.5,0.2,91.5,0.3,87.1,82.8,0
2021/2/25 1:00,0,0,0,0,0,71.9,71.9,95.2,1.7,94.4,2.4,89.6,84.6,0
2021/2/25 2:00,0,0,0,0,0,79.4,72,94.3,1.3,93.4,1.9,88.6,83.6,0
2021/2/25 3:00,0,0,0,0,0,68.5,63,96.7,1.1,95.8,1.6,90.5,85,0
2021/2/25 4:00,0,0,0,0,0,62.9,62.2,98.6,1,97.3,1.5,90.7,84.3,0
2021/2/25 5:00,0,0,0,0,0,51,51,100,0.8,99.2,1.1,90.9,83.3,0
2021/2/25 6:00,0,0,0,0,0,60.7,56.9,99.3,0.7,97.1,1,89.3,82.2,0.0013714349999999849
2021/2/25 7:00,8,2235.4,3.4,5.428,13.6,75.4,58.7,97,1.1,95.6,1.6,88.6,81.8,1.024774995
2021/2/25 8:00,69.3,126525.3,30.1,42.888,35.6,87.4,70,93.6,1.3,92.2,1.8,86.1,80.1,1.93718745
2021/2/25 9:00,152.8,400112.3,48.4,102.794,17.5,93.5,83.4,91.3,0.9,89.9,1.3,83.6,77.4,2.0615625
2021/2/25 10:00,221.9,682053.1,57.3,145.355,12.5,93.8,87.4,87.5,0.5,85.9,0.7,79.7,73.8,3.4842375000000003
2021/2/25 11:00,260.7,879081.2,71.6,173.749,23.1,96.7,82.6,87.7,0.4,86.1,0.6,79.4,73.2,4.928762399999999
2021/2/25 12:00,263.3,954411.8,54,179.576,28.3,98,78.5,84.6,0.8,83.3,1.2,78.1,73.4,2.5301875499999995
2021/2/25 13:00,229.2,897042.7,70.4,166.081,37.9,67.4,56.4,87.6,1,86,1.4,79.8,74.1,4.2862875
2021/2/25 14:00,163.7,715245.6,85,153.379,31.4,57.2,54.9,86.5,0.6,85,0.9,79,73.8,0.8797875
2021/2/25 15:00,80.5,441262.9,29.9,106.563,14.1,91.9,84.4,89.4,0.6,87.5,0.9,80.4,74.5,0.073512495
2021/2/25 16:00,14.2,157974.6,1.5,37.261,0.9,99.8,99.2,91.3,0.5,89.3,0.8,82.1,76.4,0.007769999999999999
2021/2/25 17:00,0,7620,0,3.844,0.5,99.9,99.2,92.4,0.7,90.5,1,83.4,78,0
2021/2/25 18:00,0,0,0,0,0,99.8,98.3,95.3,1,93.4,1.5,86.8,81.6,0
2021/2/25 19:00,0,0,0,0,0,96.8,82,91,1.3,89.1,1.9,81.6,75.2,0
2021/2/25 20:00,0,0,0,0,0,97.1,87.5,93.2,1.2,91,1.8,82.7,75.4,0
2021/2/25 21:00,0,0,0,0,0,100,99.7,92.4,1.5,90.3,2.2,82.1,74.9,0
2021/2/25 22:00,0,0,0,0,0,100,99.9,90.3,1.8,89.1,2.6,84.3,80,0
2021/2/25 23:00,0,0,0,0,0,99.2,97.8,94,1.9,93.1,2.8,90,87.9,0
2021/2/26 0:00,0,0,0,0,0,98.1,98,90.5,3,90.6,4.3,91.2,91.8,0
2021/2/26 1:00,0,0,0,0,0,98.4,98.4,96.1,2.5,96.1,3.6,96,96.4,0
2021/2/26 2:00,0,0,0,0,0,99.6,99.6,96.8,2.5,96.6,3.6,96.1,96.2,0
2021/2/26 3:00,0,0,0,0,0,99.8,99.7,97,2.5,96.8,3.6,96.3,96.4,0
2021/2/26 4:00,0,0,0,0,0,99.8,99.8,97.1,2.9,96.9,4.1,96.5,96.5,0
2021/2/26 5:00,0,0,0,0,0,99.9,99.9,96,3.7,95.8,5.4,95.3,95.6,0
2021/2/26 6:00,0,0,0,0,0,100,100,91.7,5.4,91.7,7.7,92.2,93.1,0
2021/2/26 7:00,10.6,2962.7,0.3,2.095,0.4,99.4,99.4,92.4,4.9,92.4,7,93,94.1,0.024525
2021/2/26 8:00,74.7,140504.5,4.8,15.916,0.1,100,100,93.8,4.7,93.4,6.7,92.9,93.3,1.2528999899999997
2021/2/26 9:00,159.8,422931.9,10.2,38.772,7.6,98.2,98.2,92.3,4.3,91.9,6.1,91.2,93.2,1.9904124750000003
2021/2/26 10:00,229.4,708122.5,16.8,61.285,11.4,90.9,90.9,86.7,4.3,86.5,6.1,85.6,86.2,5.9341124999999995
2021/2/26 11:00,268.3,906174,20,88.609,3.5,97.7,97.7,86.1,3.8,85.9,5.5,85.2,88.9,2.66237505
2021/2/26 12:00,270.8,981539.9,12.2,100.068,8.5,92.1,92.1,85.8,4.1,85.6,5.8,85,86.6,3.000525075
2021/2/26 13:00,236.4,923521.6,19.2,86.688,4.4,97.6,97.6,84.5,3.6,84.3,5.2,83.8,84.1,3.6338625
2021/2/26 14:00,170.3,740259.3,45.6,88.537,38.4,82.1,70,83.1,3.4,82.8,4.9,81.7,81.3,2.933612475
2021/2/26 15:00,85.8,463124.2,43.4,91.485,40.4,41.2,41.2,80.3,3.3,80,4.7,78.6,78,1.4262375
2021/2/26 16:00,16.6,172094.9,7.7,51.096,47.9,23,22.7,81.3,2.7,80.6,3.9,78.4,77.1,0.005522729999999984
2021/2/26 17:00,0,11308,0,9.253,19.8,46.7,38.9,87.4,2.2,86.4,3.1,83.2,81.4,0
2021/2/26 18:00,0,0,0,0,0,55.3,54.6,93.8,2.2,92.8,3.1,89.8,88,0
2021/2/26 19:00,0,0,0,0,0,52.6,46,95.5,2,94.5,2.8,91.4,89.6,0
2021/2/26 20:00,0,0,0,0,0,61.8,61.8,97,1.9,95.9,2.7,92.3,90.3,0
2021/2/26 21:00,0,0,0,0,0,90,90,96.7,1.7,95.5,2.4,91.7,89.5,0
2021/2/26 22:00,0,0,0,0,0,86.6,84,96.8,1.7,95.6,2.4,91.7,89.4,0
2021/2/26 23:00,0,0,0,0,0,91.3,87.4,94.8,1.8,93.6,2.6,89.5,87.2,0
2021/2/27 0:00,0,0,0,0,0,100,100,92.8,1.8,91.6,2.6,87.6,85.3,0
2021/2/27 1:00,0,0,0,0,0,100,100,92.4,2,91.3,2.9,87.9,86,0
2021/2/27 2:00,0,0,0,0,0,100,100,93.8,2,92.7,2.8,88.9,86.7,0
2021/2/27 3:00,0,0,0,0,0,100,99.9,94.2,1.9,92.9,2.7,88.5,86,0
2021/2/27 4:00,0,0,0,0,0,100,100,94.5,1.6,93,2.4,88,85.1,0
2021/2/27 5:00,0,0,0,0,0,100,100,94.2,1.4,92.5,2,87,83.9,0
2021/2/27 6:00,0,0,0,0,0,100,100,92,1.2,90.4,1.8,85.2,82.2,0
2021/2/27 7:00,13.2,5924.5,0,1.969,0.5,100,99.3,95,1.6,92.9,2.4,86.2,82.5,0.026337509999999998
2021/2/27 8:00,80.4,155241.5,2.3,15.197,2.1,99.7,99.1,94.8,1.7,92.6,2.4,85.4,81.3,0.216075
2021/2/27 9:00,166.9,446269.2,6.6,40.072,1.1,100,99.8,92.7,1.8,90.7,2.5,84.3,80.6,0.29053749
2021/2/27 10:00,236.9,734505.1,2.7,51.61,0,100,100,90.1,2,88.5,2.8,83.2,80.2,0.42482498999999996
2021/2/27 11:00,275.9,933493.2,1.7,48.504,6,99,99,84.2,3.4,83.1,4.9,79.5,77.5,2.0051625
2021/2/27 12:00,278.3,1008852.5,2.8,53.649,0.9,98.6,98.6,82.2,3.5,81.4,5,78.8,77.3,2.3457
2021/2/27 13:00,243.7,950174.2,16.9,68.234,8.1,91,91,81.7,3.3,81.2,4.8,79.8,78.9,0.64966251
2021/2/27 14:00,177,765477.9,28.9,81.302,6.3,94.5,94.5,79.3,3.8,78.9,5.4,77.3,76.4,0.50521248
2021/2/27 15:00,91.3,485319.2,9.6,63.503,1.6,98.9,98.8,78.1,4.3,77.8,6.2,76.5,75.7,0.142537485
2021/2/27 16:00,19.2,186821.4,0.1,22.757,0.4,100,100,80.3,4.3,80.1,6.1,79.3,78.9,0
2021/2/27 17:00,0,15029.2,0,2.232,0,100,100,85,4.6,84.6,6.7,83.4,82.7,0
2021/2/27 18:00,0,0,0,0,0,100,100,90.2,5,89.5,7.1,87.4,86.2,0
2021/2/27 19:00,0,0,0,0,0,100,100,93.3,4.4,92.4,6.3,89.5,87.8,0
2021/2/27 20:00,0,0,0,0,0,100,100,94.1,5.1,93.4,7.3,90.8,89.4,0
2021/2/27 21:00,0,0,0,0,0,100,100,90.6,6,90.2,8.7,89.1,88.5,0
2021/2/27 22:00,0,0,0,0,0,100,100,89.9,5.7,89.6,8.1,88.4,87.7,0
2021/2/27 23:00,0,0,0,0,0,100,100,91.1,5.5,91,7.8,90.5,90.3,0
2021/2/28 0:00,0,0,0,0,0,100,100,91.6,4.7,91.5,6.7,91.1,90.9,0
2021/2/28 1:00,0,0,0,0,0,100,100,92.7,3.4,92.6,4.9,92.5,92.4,0
2021/2/28 2:00,0,0,0,0,0,100,100,91.5,2.9,91.3,4.2,90.7,90.4,0
2021/2/28 3:00,0,0,0,0,0,98.5,98.5,89.3,3.3,89.1,4.7,88.3,87.9,0
2021/2/28 4:00,0,0,0,0,0,82.9,82.7,86.7,3.5,86.4,5,85.4,84.8,0
2021/2/28 5:00,0,0,0,0,0,88,86.2,85.8,3.5,85.5,5.1,84.4,83.8,0
2021/2/28 6:00,0,0,0,0,0,91.4,90.4,82.6,3.5,82.3,5,81.4,80.8,0
2021/2/28 7:00,15.9,10046.7,0.1,2.378,0.3,99.2,99.2,82.9,3.2,82.7,4.5,82,81.5,0.020899994999999998
2021/2/28 8:00,86.2,170764.6,2.1,16.159,2.6,97,96.3,79.5,3.1,79.3,4.5,78.4,77.9,0.128175
2021/2/28 9:00,174,470097,22.1,51.89,12.5,80.1,79.6,75.8,3.4,75.6,4.8,74.9,74.5,0.7719000000000001
2021/2/28 10:00,244.5,761181.9,57.1,101.363,17.9,70.4,70.4,72.7,3.1,72.6,4.4,72.1,71.8,1.308724995
2021/2/28 11:00,283.6,961022.6,66.8,130.17,9.5,84.6,84.6,70.2,2.9,70,4.2,69.6,69.3,6.8406876
2021/2/28 12:00,285.8,1036334.5,81,148.346,16.4,77.9,75.2,68.5,2.7,68.1,3.9,66.7,65.9,4.5126
2021/2/28 13:00,251,976985.7,102.1,176.144,35.7,48.7,44.6,66,3,65.7,4.2,64.6,64,4.5348501
2021/2/28 14:00,183.8,790885,88.9,169.728,38.2,36.9,36.6,67.8,2.1,67.2,3,64.8,63.4,4.443225
2021/2/28 15:00,96.8,507825.2,35,114.524,44.7,95.7,60.6,70.3,1.9,69.1,2.7,65.2,62.9,0.905037525
2021/2/28 16:00,21.9,202150.6,2.9,49.113,45.3,99.4,62,71.7,1.8,70.1,2.6,64.9,62,0.0320625
2021/2/28 17:00,0,18793.9,0,9.604,23.8,100,65,75.5,1.8,73.9,2.7,68.5,65.5,0
2021/2/28 18:00,0,0,0,0,0,99.8,70.8,75.1,2,73.8,2.9,69.5,67,0
2021/2/28 19:00,0,0,0,0,0,93,58.5,77.3,2,75.9,2.9,71.2,68.5,0
2021/2/28 20:00,0,0,0,0,0,88.6,57.6,79.4,1.9,77.7,2.7,72,68.8,0
2021/2/28 21:00,0,0,0,0,0,99.8,69,80.4,1.8,78.6,2.6,73,69.9,0
2021/2/28 22:00,0,0,0,0,0,99.2,82,79.2,2,77.5,2.8,71.8,68.6,0
2021/2/28 23:00,0,0,0,0,0,99.5,94,75.5,1.9,73.9,2.8,68.7,65.7,0
2021/3/1 0:00,0,0,0,0,0,98.7,87.8,72,2.5,70.5,3.6,65.5,62.7,0
2021/3/1 1:00,0,0,0,0,0,100,99.8,62.1,3.6,61.4,5.2,59.2,58,0
2021/3/1 2:00,0,0,0,0,0,100,99.4,63.2,4.1,62.6,6,60.9,60.3,0
2021/3/1 3:00,0,0,0,0,0,100,100,67.3,4.6,67,6.6,65.9,65.7,0
2021/3/1 4:00,0,0,0,0,0,100,100,74.4,4.2,74,6,72.7,72.5,0
2021/3/1 5:00,0,0,0,0,0,100,100,83,5.1,82.7,7.3,81.6,81.5,0
2021/3/1 6:00,0,0,0,0,0,100,100,85.8,5.1,85.4,7.4,84.3,84.1,0
2021/3/1 7:00,18.8,14224.7,0,3.294,0.2,100,100,84.6,4.8,84.3,6.9,83.4,83.4,0.02506251
2021/3/1 8:00,92.2,187090.8,0,11.762,0,100,100,94.1,4.6,93.4,6.5,91,90.2,0.032687505
2021/3/1 9:00,181.3,494387.9,0,21.229,0,100,100,95.2,3.6,94.8,5.1,93.4,92.9,0.236237505
2021/3/1 10:00,252.1,788133.7,0,29.038,0,100,100,94.7,3.4,94.3,4.9,92.8,92.2,0.43906250999999996
2021/3/1 11:00,291.3,988745.9,0,32.427,0,100,100,95.3,3.2,95,4.5,94,93.8,0.82648749
2021/3/1 12:00,293.5,1063970.9,0,30.682,0,100,100,96.6,2.1,96.5,3,96.3,96.3,0.344112495
2021/3/1 13:00,258.3,1003941.1,0,25.686,0,100,100,96,1.2,96.1,1.7,96.3,96.5,0.130174995
2021/3/1 14:00,190.6,816464.7,0,18,0,100,100,100,1.1,100,1.6,100,100,0.052987485
2021/3/1 15:00,102.5,530620,0,10.222,0,100,100,99.6,0.1,99.4,0.2,98.5,98.2,0.002099985
2021/3/1 16:00,24.7,218071.7,0,4.283,0,100,100,99.3,0.9,99.2,1.2,98.8,98.7,0
2021/3/1 17:00,0,22939,0,0.908,0,100,100,100,0.9,100,1.4,99.8,99.6,0
2021/3/1 18:00,0,0,0,0,0,100,100,100,1.1,100,1.6,100,100,0
2021/3/1 19:00,0,0,0,0,0,100,100,96.7,2.4,96.7,3.4,97,97.2,0
2021/3/1 20:00,0,0,0,0,0,99.6,99.6,97.6,2.4,97.4,3.5,96.8,96.5,0
2021/3/1 21:00,0,0,0,0,0,86.4,86.4,97.2,2.6,97,3.7,96.3,95.9,0
2021/3/1 22:00,0,0,0,0,0,94.5,94.5,97.5,2.9,97.4,4.2,96.8,96.5,0
2021/3/1 23:00,0,0,0,0,0,90.9,90.9,96.1,3,95.9,4.3,95.2,94.7,0
2021/3/2 0:00,0,0,0,0,0,93.3,93.3,95.3,2.9,95,4.2,93.7,93,0
2021/3/2 1:00,0,0,0,0,0,87.2,79.1,95.2,2.2,94.7,3.2,93.3,92.4,0
2021/3/2 2:00,0,0,0,0,0,52,41.4,97.5,2.1,96.9,3.1,95.1,94,0
2021/3/2 3:00,0,0,0,0,0,44.3,38.8,98.2,1.9,97.5,2.7,95.4,94.2,0
2021/3/2 4:00,0,0,0,0,0,50.3,49.8,98,1.7,97.3,2.5,94.9,93.6,0
2021/3/2 5:00,0,0,0,0,0,68.8,65,97.8,1.7,96.7,2.4,93.2,91.3,0
2021/3/2 6:00,0,0,0,0,0,83,69.7,94.7,1.9,93.4,2.7,89.2,86.7,0.008127285
2021/3/2 7:00,21.8,18472.4,7.4,11.374,17.3,74.6,65.1,90,2.2,88.4,3.2,82.9,79.8,1.074975
2021/3/2 8:00,98.4,204224.7,40.5,56.359,33.3,50.8,50.6,85.1,2.3,83.8,3.3,79.6,77.2,0.9708
2021/3/2 9:00,188.6,519115,95.8,127.703,42.2,31.9,31.9,80.2,2.2,79.5,3.1,77.1,75.6,3.5223750000000003
2021/3/2 10:00,259.8,815341.9,150.7,196.902,43.3,40.5,40.5,74.8,2.3,74.6,3.4,73.9,73.5,5.8188249
2021/3/2 11:00,299.1,1016647.1,178.8,245.198,43.8,43.9,43.9,68.3,2.6,68.2,3.8,67.6,67.2,2.4832749749999996
2021/3/2 12:00,301.1,1091746.7,116.7,239.175,29,70.5,70.5,62.9,3.1,62.6,4.5,61.6,61,2.4037499999999996
2021/3/2 13:00,265.7,1031025.9,62.2,186.332,28.4,71.3,71.3,65,2.3,64.7,3.3,63.3,62.6,0.9227625
2021/3/2 14:00,197.4,842201,57.9,140.768,25.8,62.6,62.6,65.8,1.7,65.1,2.5,62.8,61.4,0.45173749499999993
2021/3/2 15:00,108.3,553682.4,26.3,97.578,10.8,85.5,85.5,70.5,1.2,69.2,1.8,64.6,62,0.104449995
2021/3/2 16:00,27.7,234568.2,5,43.723,20.3,77.4,77.4,73.7,1.1,72.1,1.5,66.8,63.7,0
2021/3/2 17:00,0,27990.3,0,8.743,13,85.1,85.1,76,1.2,74.8,1.7,70.8,68.5,0
2021/3/2 18:00,0,0,0,0,0,97.7,97.7,81.4,1.6,80.9,2.3,79.1,78.1,0
2021/3/2 19:00,0,0,0,0,0,98.7,98.7,86.6,1.5,86.6,2.2,86.5,86.4,0
2021/3/2 20:00,0,0,0,0,0,99.8,99.8,89,1.5,89,2.1,89,89.1,0
2021/3/2 21:00,0,0,0,0,0,98.9,98.9,90.8,1.8,90.8,2.6,90.7,90.6,0
2021/3/2 22:00,0,0,0,0,0,98,98,90.3,2.2,90.1,3.1,89.6,89.3,0
2021/3/2 23:00,0,0,0,0,0,99.7,99.7,91.4,2,91.3,2.9,90.7,90.4,0
2021/3/3 0:00,0,0,0,0,0,99.9,99.9,92.4,2.4,92.4,3.5,92.3,92.3,0
2021/3/3 1:00,0,0,0,0,0,99.9,99.9,93.7,3.1,93.4,4.5,92.5,92,0
2021/3/3 2:00,0,0,0,0,0,100,100,93.7,3.4,93.4,4.9,92.2,91.8,0
2021/3/3 3:00,0,0,0,0,0,100,100,95.6,3.5,95,5,93.1,92.4,0
2021/3/3 4:00,0,0,0,0,0,100,100,95.3,3.4,94.7,4.9,92.8,92.2,0
2021/3/3 5:00,0,0,0,0,0,99.9,99.9,95.1,3.8,94.6,5.5,92.7,92.2,0
2021/3/3 6:00,0,0,0,0,0,93.7,93.5,94,4.2,93.4,6,91.6,96.7,0
2021/3/3 7:00,25,23123.2,0.2,1.886,0.8,100,100,94.9,4,94.4,5.8,92.7,95.9,0.09597499500000001
2021/3/3 8:00,104.8,222159.6,0.3,7.529,0,100,100,96.6,3.6,96.6,5.2,96.5,96.2,0.234124995
2021/3/3 9:00,196,544251.9,0,16.023,0,100,100,99.3,3.5,99.5,5.1,100,100,0.354075
2021/3/3 10:00,267.6,842787.7,0,28.308,0,100,100,100,4.5,100,6.4,100,100,0.3304875
2021/3/3 11:00,306.9,1044710.2,0.1,38.137,0,100,100,99.5,4,99.5,5.7,99.5,99.3,0.871975005
2021/3/3 12:00,308.8,1119647.1,0,43.278,0.2,100,100,94,3.7,93.8,5.3,93.2,92.9,0.48939999
2021/3/3 13:00,273.1,1058225.8,27.1,71.417,15.6,79.1,79.1,76.7,4.2,76.2,6,74.6,73.9,0.389125005
2021/3/3 14:00,204.4,868078.7,53.5,111.344,29.3,63.8,63.8,81.4,4.8,81.3,6.9,80.8,80.8,0.6857624999999999
2021/3/3 15:00,114.2,576991.3,29.9,102.527,17.7,80.3,80.3,82.7,4.7,82.5,6.7,81.9,81.4,1.113550005
2021/3/3 16:00,30.9,251618.4,6.7,51.202,31.2,67.1,67.1,77.7,4.7,77.5,6.7,76.6,76.6,0.026875005
2021/3/3 17:00,0,33181.6,0,11.673,11.5,81.3,81.3,85.9,3.9,85.9,5.6,85.8,86,0
2021/3/3 18:00,0,0,0,0,0,90,90,87.9,3.7,87.8,5.3,87.8,88.3,0
2021/3/3 19:00,0,0,0,0,0,80.9,80.9,82,3.7,82,5.3,81.9,82.4,0
2021/3/3 20:00,0,0,0,0,0,75.7,75.7,86,4.2,85.9,6,85.7,86.1,0
2021/3/3 21:00,0,0,0,0,0,69.3,69.3,88.5,4,88.5,5.8,88.6,89,0
2021/3/3 22:00,0,0,0,0,0,63.5,63.5,88.7,3,88.6,4.3,88.3,88.5,0
2021/3/3 23:00,0,0,0,0,0,66.1,66.1,86.6,3.2,86.6,4.6,86.4,86.6,0
2021/3/4 0:00,0,0,0,0,0,62.5,62.5,82.8,2.6,82.6,3.8,82,82,0
2021/3/4 1:00,0,0,0,0,0,84.5,84.5,79.8,3.1,79.7,4.5,79.5,79.6,0
2021/3/4 2:00,0,0,0,0,0,54.8,54.8,78.2,3.3,78,4.8,77,76.8,0
2021/3/4 3:00,0,0,0,0,0,29,29,75.8,2.9,75.2,4.1,73.2,72.1,0
2021/3/4 4:00,0,0,0,0,0,58.9,58.9,80.9,2.9,80.3,4.2,78.4,78.2,0
2021/3/4 5:00,0,0,0,0,0,88.2,88.2,85.2,2.8,85.1,4,84.5,85.1,0
2021/3/4 6:00,0,0,0,0,0,82.2,82.2,85.4,3,85.3,4.3,84.9,85.6,0
2021/3/4 7:00,28.4,28898.6,0.9,6.312,0.5,99.4,99.4,80.4,2.3,80.3,3.3,79.8,79.8,0.0004875
2021/3/4 8:00,111.3,240878.4,0.9,23.296,0.8,99.1,99.1,82.2,2.3,82.1,3.2,82,82.2,0.09049999499999999
2021/3/4 9:00,203.5,569772.4,8.7,45.51,3.6,97,97,85.3,2.5,85.3,3.7,85.3,85.6,0.6015999900000001
2021/3/4 10:00,275.4,870452.9,16.7,64.633,8.8,93.1,93.1,83.3,2.9,83.2,4.2,82.9,83.1,1.5520125
2021/3/4 11:00,314.7,1072919.5,21.5,88.624,11.6,87.5,87.5,83.3,3.4,83.2,4.9,82.5,82.5,2.4440874750000003
2021/3/4 12:00,316.5,1147657.7,30.1,120.492,25.6,70.1,70.1,81.3,3.2,81.2,4.6,80.8,80.6,0.74368752
2021/3/4 13:00,280.5,1085526.5,45.7,140.911,27.4,76,76,81.2,4.3,81.2,6.1,80.9,81.3,3.4796625750000003
2021/3/4 14:00,211.3,894082.6,59.2,143.72,25.1,74.9,74.9,77.4,4.4,77.2,6.3,76.4,76.4,4.08452505
2021/3/4 15:00,120.1,600526.8,38.6,115.947,26.3,65,65,77.8,4.1,77.5,5.8,76.3,76.6,0.85735002
2021/3/4 16:00,34.3,269197.6,8.9,58.974,22.2,83,83,79.3,4.2,79,6.1,77.8,78.1,0.03183
2021/3/4 17:00,0,38558,0,13.812,23.7,61.7,61.7,85.9,3.7,85.8,5.3,85.5,85.5,0
2021/3/4 18:00,0,0,0,0,0,74,71.6,89.9,2.9,89.7,4.1,89.1,88.7,0
2021/3/4 19:00,0,0,0,0,0,85.8,82.7,87.8,3.5,87.6,5,86.8,87.2,0
2021/3/4 20:00,0,0,0,0,0,68.7,68.5,89.5,3,89.4,4.3,88.7,88.9,0
2021/3/4 21:00,0,0,0,0,0,74.4,74.4,86.1,3,85.9,4.3,85.2,85.4,0
2021/3/4 22:00,0,0,0,0,0,86.8,82.4,88.8,2.8,88.6,4,88,88.2,0
2021/3/4 23:00,0,0,0,0,0,69.3,69.2,93.5,2.5,93,3.5,91.4,90.8,0
2021/3/5 0:00,0,0,0,0,0,81.6,80.8,89.3,2.2,89,3.1,88.1,88,0
2021/3/5 1:00,0,0,0,0,0,96.4,96.3,88.6,2.4,88.4,3.4,87.6,87.4,0
2021/3/5 2:00,0,0,0,0,0,90.6,89.1,88,2.3,87.9,3.3,87.1,87.2,0
2021/3/5 3:00,0,0,0,0,0,96,84.5,89.9,2.1,89.8,3,89.2,89.3,0
2021/3/5 4:00,0,0,0,0,0,99.6,91.1,88.7,2.5,88.5,3.6,87.6,87.6,0
2021/3/5 5:00,0,0,0,0,0,99.7,92.4,90,2.6,89.7,3.7,88.8,88.6,0
2021/3/5 6:00,0,0,0,0,0,99.5,89.5,90.9,2.4,90.7,3.5,90.1,89.9,0
2021/3/5 7:00,32.1,34889.2,3.4,12.441,9.3,99,95,89.2,2.5,89.1,3.6,89,89.1,0
2021/3/5 8:00,117.9,260356.2,14.9,50.015,14.8,98.5,93.2,86.1,2.3,86.1,3.3,85.9,86,0
2021/3/5 9:00,211.1,595650.8,40.4,103.737,11.1,89.4,88.2,79.8,2.1,79.7,3.1,79.2,79.2,0.108837495
2021/3/5 10:00,283.2,898319,64.2,159.573,25.8,68,68,74.7,2.4,74.6,3.4,74.1,74.1,0.49248749999999997
2021/3/5 11:00,322.6,1101259.2,82.5,198.867,26.1,80.1,80.1,73.3,2.5,73.1,3.6,72.3,72.7,1.3470625049999998
2021/3/5 12:00,324.2,1175763.9,52.5,191.268,2,99.8,99.8,75.8,2.8,75.6,4.1,74.8,75.3,1.401649995
2021/3/5 13:00,288,1112914,9.9,132.389,0.4,100,100,75.3,2.5,75.1,3.6,74.1,74.5,0.8272375049999999
2021/3/5 14:00,218.3,920198,2,72.383,1.2,99.9,99.9,76.9,3.4,76.6,4.8,75.4,76,0.4557
2021/3/5 15:00,126.2,624269.4,1.9,46.582,0.2,100,100,79.5,2.9,79.2,4.1,78.2,78.8,0.19761249
2021/3/5 16:00,37.9,287278.5,0.3,27.327,0,100,100,81.8,3.3,81.6,4.8,80.8,81.2,0
2021/3/5 17:00,0,44160.2,0,6.549,0,100,100,86.4,3.6,86.2,5.1,85.7,86.1,0
2021/3/5 18:00,0,0,0,0,0,100,100,89.6,3.7,89.5,5.3,89.2,89.4,0
2021/3/5 19:00,0,0,0,0,0,100,100,91.6,3.8,91.5,5.5,91.2,91.4,0
2021/3/5 20:00,0,0,0,0,0,100,100,93.2,4.1,93.2,5.8,93.2,93.5,0
2021/3/5 21:00,0,0,0,0,0,100,100,95.2,3.8,95.1,5.5,95.2,95.6,0
2021/3/5 22:00,0,0,0,0,0,100,100,95.5,4.2,95.5,6,95.6,95.9,0
2021/3/5 23:00,0,0,0,0,0,100,100,95.4,4.4,95.4,6.3,95.4,95.6,0
2021/3/6 0:00,0,0,0,0,0,100,100,93.5,4.8,93.4,6.9,93.2,93.2,0
2021/3/6 1:00,0,0,0,0,0,100,100,85.3,4.5,85.1,6.5,85,85.6,0
2021/3/6 2:00,0,0,0,0,0,100,100,86.6,4.6,86.5,6.6,86.7,87.3,0
2021/3/6 3:00,0,0,0,0,0,100,100,88.6,4.8,88.6,6.9,88.9,89.5,0
2021/3/6 4:00,0,0,0,0,0,100,100,88.8,5.1,88.8,7.3,89,89.6,0
2021/3/6 5:00,0,0,0,0,0,100,100,90.6,4.8,90.7,7,91,91.7,0
2021/3/6 6:00,0,0,0,0,0,100,100,87.1,5.7,87.2,8.2,87.8,88.8,0
2021/3/6 7:00,36.1,41162.8,0,2.525,0,100,100,87.5,5.7,87.4,8.1,87.3,87.8,0.02505
2021/3/6 8:00,124.7,280562,0,11.16,0,100,100,83.1,5.8,83,8.4,83,83.4,0.375587505
2021/3/6 9:00,218.7,621862.1,0,20.259,0,100,100,95.1,5,95,7.2,94.9,95.2,0.197575005
2021/3/6 10:00,291.1,926368.2,0,24.108,0,100,100,96.6,5,96.6,7.2,96.7,97.1,0.2781
2021/3/6 11:00,330.5,1129714,0,27.624,0,100,100,90.6,6.2,90.6,8.9,90.7,91.4,0.65713749
2021/3/6 12:00,332,1203951.5,0,35.608,0,100,100,78.1,7,77.9,10.1,77.5,77.8,0.73569999
2021/3/6 13:00,295.5,1140374.7,3.3,63.615,10.4,100,92.7,77,6.9,76.7,9.9,76,76.1,0.65165001
2021/3/6 14:00,225.4,946410.4,15.6,88.379,6.2,96.1,94.3,71.8,6.8,71.6,9.8,71,71.2,1.6600000050000001
2021/3/6 15:00,132.3,648200,12.6,69.1,6.3,93.5,93.5,74.7,6,74.6,8.7,74.8,75.6,0.49627044000000003
2021/3/6 16:00,41.6,305832.6,5.4,35.052,9.7,88.4,88.4,73.9,6,73.8,8.6,73.6,74.1,0.07103749499999998
2021/3/6 17:00,0,50790.8,0,11.183,13.4,82.7,82.7,76.2,6.7,76.1,9.6,76.1,76.9,0
2021/3/6 18:00,0,0,0,0,0,86.2,86.2,80.7,6.5,80.7,9.3,81.2,82.4,0
2021/3/6 19:00,0,0,0,0,0,86.1,86.1,81.6,7.2,81.7,10.3,82.4,83.7,0
2021/3/6 20:00,0,0,0,0,0,83.5,83.5,78.2,5.8,78.2,8.3,78.7,79.8,0
2021/3/6 21:00,0,0,0,0,0,91.7,91.7,74,5.9,73.9,8.4,74,74.8,0
2021/3/6 22:00,0,0,0,0,0,77.8,77.8,71.1,6.1,71,8.7,71.1,71.8,0
2021/3/6 23:00,0,0,0,0,0,94.3,94.3,65.5,7.2,65.4,10.4,65.3,65.7,0
2021/3/7 0:00,0,0,0,0,0,96.5,96.5,74.8,7.1,74.8,10.2,75.3,76.3,0
2021/3/7 1:00,0,0,0,0,0,86.6,86.6,71.5,6.1,71.6,8.7,72.1,73.2,0
2021/3/7 2:00,0,0,0,0,0,35.1,35.1,66.3,4.9,66.1,7,65.6,65.8,0
2021/3/7 3:00,0,0,0,0,0,38,38,60.7,3.1,60.1,4.4,57.8,56.3,0
2021/3/7 4:00,0,0,0,0,0,97.8,97.8,61.8,2.6,61.1,3.7,58.1,55.7,0
2021/3/7 5:00,0,0,0,0,0,99,99,68.3,3,68,4.3,67.9,68.3,0
2021/3/7 6:00,0,0,0,0,0,28.9,28.9,72.8,2.1,72.6,3,72.3,72.8,0
2021/3/7 7:00,40.3,47779.9,13.1,19.016,5.5,93.4,93.4,77.2,1.9,76.8,2.7,75.9,76.7,0.12572500500000003
2021/3/7 8:00,131.5,301460.7,28.6,63.496,10.1,87.2,87.2,70.6,1.7,70.3,2.4,69.3,69.7,0.9703750050000001
2021/3/7 9:00,226.4,648381.6,129.9,150.28,36.5,46.5,46.5,63.5,1.1,63.1,1.6,61.7,61.6,5.80882515
2021/3/7 10:00,299,954582.8,256.8,267.916,59.6,0.6,0.6,57,1.4,56.6,2,55.2,54.4,7.093399949999999
2021/3/7 11:00,338.4,1158268.6,291,341.485,58.5,2.6,2.6,53.2,2.1,52.6,3,50.3,50.1,4.45165005
2021/3/7 12:00,339.7,1232206.5,161.5,303.912,43.4,27.7,27.7,53.1,2.9,52.4,4.2,49.7,48.9,6.3379875
2021/3/7 13:00,303,1167895,65,210.795,19.7,75.1,75.1,57.3,3.8,56.8,5.5,55.2,55.2,6.15762495
2021/3/7 14:00,232.4,972705.6,62.3,163.719,5.5,94.7,94.7,52.5,3.8,51.8,5.5,49.3,48.6,0.32804999999999995
2021/3/7 15:00,138.5,672300.7,24,117.141,5.6,92.1,92.1,66.5,4,65.9,5.8,64.1,64,0.03735
2021/3/7 16:00,45.6,324830.7,8.6,54.759,33,69.5,69.2,77.4,3.5,77.1,5,76,76.5,0
2021/3/7 17:00,0,59958,0,15.084,36.7,61.9,57.7,84.8,2.9,84.6,4.2,83.9,84,0
2021/3/7 18:00,0,0,0,0,0,82.3,75.5,88.7,2.5,88.6,3.5,88.1,88,0
2021/3/7 19:00,0,0,0,0,0,97.4,91.2,83.8,1.9,83.8,2.8,83.5,83.4,0
2021/3/7 20:00,0,0,0,0,0,96.4,93.4,86.3,2.2,86.2,3.2,86,86.1,0
2021/3/7 21:00,0,0,0,0,0,85.4,76.1,87.7,2,87.4,2.9,86.5,86.1,0
2021/3/7 22:00,0,0,0,0,0,79.8,66.9,89.2,1.8,88.5,2.6,86.5,85.5,0
2021/3/7 23:00,0,0,0,0,0,70.9,52.3,91.2,1.8,90.5,2.5,88.4,87.1,0
